INFO-FLOW: Workspace /nfs/ihfs/home_metis/akraus/HW3-dir/hw/hls_fit/solution2 opened at Thu Feb 27 22:08:12 CST 2025
Execute     ap_set_clock -name default -period 10 -default=false 
INFO: [SYN 201-201] Setting up clock 'default' with a period of 10ns.
Execute     set_part xcvu11p-flga2577-1-e 
Execute       create_platform xcvu11p-flga2577-1-e -board  
DBG:HLSDevice: Trying to load device library: /opt/metis/el8/contrib/amdtools/xilinx-2023.1/Vitis_HLS/2023.1/lib/lnx64.o/libxv_hlsvwrap.so
DBG:HLSDevice: first parts/arch.xml in RDI_DATADIR: /opt/metis/el8/contrib/amdtools/xilinx-2023.1/Vivado/2023.1/data/parts/arch.xml
DBG:HLSDevice: init success
INFO: [HLS 200-1611] Setting target device to 'xcvu11p-flga2577-1-e'
Command       create_platform done; 2.58 sec.
Execute       source /opt/metis/el8/contrib/amdtools/xilinx-2023.1/Vitis_HLS/2023.1/common/technology/xilinx/common/xilinx.gen 
Execute         source /opt/metis/el8/contrib/amdtools/xilinx-2023.1/Vitis_HLS/2023.1/common/technology/xilinx/interface/plb46.gen 
Execute         source /opt/metis/el8/contrib/amdtools/xilinx-2023.1/Vitis_HLS/2023.1/common/technology/xilinx/interface/axi4.gen 
Execute         source /opt/metis/el8/contrib/amdtools/xilinx-2023.1/Vitis_HLS/2023.1/common/technology/xilinx/interface/nativeAXI4.gen 
Execute           source /opt/metis/el8/contrib/amdtools/xilinx-2023.1/Vitis_HLS/2023.1/common/technology/xilinx/interface/saxilite.gen 
Execute         source /opt/metis/el8/contrib/amdtools/xilinx-2023.1/Vitis_HLS/2023.1/common/technology/xilinx/scripts/xilinxcoregen.gen 
Execute         source /opt/metis/el8/contrib/amdtools/xilinx-2023.1/Vitis_HLS/2023.1/common/technology/xilinx/interface/XilEDKCoreGen.gen 
Execute         source /opt/metis/el8/contrib/amdtools/xilinx-2023.1/Vitis_HLS/2023.1/common/technology/xilinx/ip/dds_compiler.gen 
Execute         source /opt/metis/el8/contrib/amdtools/xilinx-2023.1/Vitis_HLS/2023.1/common/technology/xilinx/ip/util.gen 
Execute         source /opt/metis/el8/contrib/amdtools/xilinx-2023.1/Vitis_HLS/2023.1/common/technology/xilinx/ip/xfft.gen 
Execute         source /opt/metis/el8/contrib/amdtools/xilinx-2023.1/Vitis_HLS/2023.1/common/technology/xilinx/ip/xfir.gen 
Execute         source /opt/metis/el8/contrib/amdtools/xilinx-2023.1/Vitis_HLS/2023.1/common/technology/xilinx/DSP48/dsp48.gen 
Execute       ap_part_info -name xcvu11p-flga2577-1-e -data info 
Execute       config_compile -quiet -complex-mul-dsp=0 
Command     set_part done; 2.67 sec.
Execute     send_msg_by_id INFO @200-1505@%s%s  vitis 
INFO: [HLS 200-1505] Using flow_target 'vitis'
Execute     send_msg_by_id INFO @200-1464@%s config_interface -default_interface=kernel 
INFO: [HLS 200-1464] Running solution command: config_interface -default_interface=kernel
Execute     config_interface -default_interface=kernel 
Execute     send_msg_by_id INFO @200-1464@%s config_interface -m_axi_alignment_byte_size=64 
INFO: [HLS 200-1464] Running solution command: config_interface -m_axi_alignment_byte_size=64
Execute     config_interface -m_axi_alignment_byte_size=64 
Execute     send_msg_by_id INFO @200-1464@%s config_interface -m_axi_latency=64 
INFO: [HLS 200-1464] Running solution command: config_interface -m_axi_latency=64
Execute     config_interface -m_axi_latency=64 
Execute     send_msg_by_id INFO @200-1464@%s config_interface -m_axi_max_widen_bitwidth=512 
INFO: [HLS 200-1464] Running solution command: config_interface -m_axi_max_widen_bitwidth=512
Execute     config_interface -m_axi_max_widen_bitwidth=512 
Execute     send_msg_by_id INFO @200-1464@%s config_rtl -register_reset_num=3 
INFO: [HLS 200-1464] Running solution command: config_rtl -register_reset_num=3
Execute     config_rtl -register_reset_num=3 
Command   open_solution done; 2.75 sec.
Execute   set_part xcvu11p-flga2577-1-e 
INFO: [HLS 200-1510] Running: set_part xcvu11p-flga2577-1-e 
Execute     create_platform xcvu11p-flga2577-1-e -board  
Execute     source /opt/metis/el8/contrib/amdtools/xilinx-2023.1/Vitis_HLS/2023.1/common/technology/xilinx/common/xilinx.gen 
Execute       source /opt/metis/el8/contrib/amdtools/xilinx-2023.1/Vitis_HLS/2023.1/common/technology/xilinx/interface/plb46.gen 
Execute       source /opt/metis/el8/contrib/amdtools/xilinx-2023.1/Vitis_HLS/2023.1/common/technology/xilinx/interface/axi4.gen 
Execute       source /opt/metis/el8/contrib/amdtools/xilinx-2023.1/Vitis_HLS/2023.1/common/technology/xilinx/interface/nativeAXI4.gen 
Execute         source /opt/metis/el8/contrib/amdtools/xilinx-2023.1/Vitis_HLS/2023.1/common/technology/xilinx/interface/saxilite.gen 
Execute       source /opt/metis/el8/contrib/amdtools/xilinx-2023.1/Vitis_HLS/2023.1/common/technology/xilinx/scripts/xilinxcoregen.gen 
Execute       source /opt/metis/el8/contrib/amdtools/xilinx-2023.1/Vitis_HLS/2023.1/common/technology/xilinx/interface/XilEDKCoreGen.gen 
Execute       source /opt/metis/el8/contrib/amdtools/xilinx-2023.1/Vitis_HLS/2023.1/common/technology/xilinx/ip/dds_compiler.gen 
Execute       source /opt/metis/el8/contrib/amdtools/xilinx-2023.1/Vitis_HLS/2023.1/common/technology/xilinx/ip/util.gen 
Execute       source /opt/metis/el8/contrib/amdtools/xilinx-2023.1/Vitis_HLS/2023.1/common/technology/xilinx/ip/xfft.gen 
Execute       source /opt/metis/el8/contrib/amdtools/xilinx-2023.1/Vitis_HLS/2023.1/common/technology/xilinx/ip/xfir.gen 
Execute       source /opt/metis/el8/contrib/amdtools/xilinx-2023.1/Vitis_HLS/2023.1/common/technology/xilinx/DSP48/dsp48.gen 
Execute     ap_part_info -name xcvu11p-flga2577-1-e -data info 
Execute     config_compile -quiet -complex-mul-dsp=0 
Execute   create_clock -period 10 -name default 
INFO: [HLS 200-1510] Running: create_clock -period 10 -name default 
Execute   config_interface -m_axi_alignment_byte_size 64 -m_axi_latency 64 -m_axi_max_widen_bitwidth 512 
INFO: [HLS 200-1510] Running: config_interface -m_axi_alignment_byte_size 64 -m_axi_latency 64 -m_axi_max_widen_bitwidth 512 
Execute   config_rtl -register_reset_num 3 
INFO: [HLS 200-1510] Running: config_rtl -register_reset_num 3 
Execute   source ./hls_fit/solution2/directives.tcl 
INFO: [HLS 200-1510] Running: source ./hls_fit/solution2/directives.tcl
Execute     set_directive_top -name fit fit 
INFO: [HLS 200-1510] Running: set_directive_top -name fit fit 
Execute   csynth_design 
INFO: [HLS 200-1510] Running: csynth_design 
INFO-FLOW: Running SLX 'csynth' proc: ::SLX::run_csynth
Execute     elaborate -effort=medium -skip_syncheck=0 -keep_printf=0 -skip_cdt=0 -skip_transform=0 -ng=0 -g=0 -opt_fp=0 -from_csynth_design=1 
INFO: [HLS 200-111] Finished File checks and directory preparation: CPU user time: 0.06 seconds. CPU system time: 0 seconds. Elapsed time: 0.06 seconds; current allocated memory: 2.313 GB.
Execute       set_directive_top fit -name=fit 
Execute       source /opt/metis/el8/contrib/amdtools/xilinx-2023.1/Vitis_HLS/2023.1/tps/tcl/tcllib1.11.1/yaml/huddle.tcl 
Execute       source /opt/metis/el8/contrib/amdtools/xilinx-2023.1/Vitis_HLS/2023.1/tps/tcl/tcllib1.11.1/yaml/json2huddle.tcl 
Execute         source /opt/metis/el8/contrib/amdtools/xilinx-2023.1/Vitis_HLS/2023.1/tps/tcl/tcllib1.11.1/try/try.tcl 
INFO: [HLS 200-10] Analyzing design file 'main.cpp' ... 
INFO-FLOW: Compiling one TU...
INFO-FLOW: Handling main.cpp as C++
Execute       ap_part_info -name xcvu11p-flga2577-1-e -data info 
INFO-FLOW: Running: GCC PP 39
INFO-FLOW: Source preprocessing
INFO-FLOW: run_clang exec: /opt/metis/el8/contrib/amdtools/xilinx-2023.1/Vitis_HLS/2023.1/lnx64/tools/clang-3.9-csynth/bin/clang main.cpp -foptimization-record-file=/nfs/ihfs/home_metis/akraus/HW3-dir/hw/hls_fit/solution2/.autopilot/db/main.cpp.clang.diag.yml -mllvm -pass-remarks-missed=reflow|pasta|unroll -mllvm -pass-remarks=reflow|pasta|unroll|inline -fno-limit-debug-info -gcc-toolchain /opt/metis/el8/contrib/amdtools/xilinx-2023.1/Vitis_HLS/2023.1/tps/lnx64/gcc-8.3.0 -fhls -fno-exceptions -insert-hls-directive=/nfs/ihfs/home_metis/akraus/HW3-dir/hw/hls_fit/solution2/.autopilot/db/all.directive.json -E -fno-math-errno -c -emit-llvm -mllvm -disable-llvm-optzns -Werror=implicit-function-declaration -Werror=implicit-hls-streams -Werror=return-type -Wpragmas -Wunused-parameter -Wdump-hls-pragmas -Wno-error=dump-hls-pragmas -fno-threadsafe-statics -fno-use-cxa-atexit -std=gnu++14 -target fpga64-xilinx-linux-gnu -fno-threadsafe-statics -fno-use-cxa-atexit -D__VITIS_HLS__ -DAESL_SYN -D__SYNTHESIS__ -D__HLS_SYN__ -I /opt/metis/el8/contrib/amdtools/xilinx-2023.1/Vitis_HLS/2023.1/common/technology/autopilot -I /opt/metis/el8/contrib/amdtools/xilinx-2023.1/Vitis_HLS/2023.1/common/technology/autopilot/ap_sysc -include etc/autopilot_ssdm_op.h -D__DSP48E2__ -I /usr/include/x86_64-linux-gnu -o /nfs/ihfs/home_metis/akraus/HW3-dir/hw/hls_fit/solution2/.autopilot/db/main.pp.0.cpp -hls-platform-db-name=/opt/metis/el8/contrib/amdtools/xilinx-2023.1/Vitis_HLS/2023.1/common/technology/xilinx/common/platform.db -hls-platform-name=virtexuplus_slow -device-resource-info=BRAM_4032.000000_DSP_9216.000000_FF_2592000.000000_LUT_1296000.000000_SLICE_162000.000000_SLR_3.000000_URAM_960.000000 -device-name-info=xcvu11p-flga2577-1-e > /nfs/ihfs/home_metis/akraus/HW3-dir/hw/hls_fit/solution2/.autopilot/db/main.cpp.clang.out.log 2> /nfs/ihfs/home_metis/akraus/HW3-dir/hw/hls_fit/solution2/.autopilot/db/main.cpp.clang.err.log
INFO-FLOW: Done: GCC PP 39 time: 0.1 seconds per iteration
INFO-FLOW: Source syntax check for synthesis
INFO-FLOW: run_clang exec: /opt/metis/el8/contrib/amdtools/xilinx-2023.1/Vitis_HLS/2023.1/lnx64/tools/clang-3.9-csynth/bin/clang -foptimization-record-file=/nfs/ihfs/home_metis/akraus/HW3-dir/hw/hls_fit/solution2/.autopilot/db/clang.diag.yml -mllvm -pass-remarks-missed=reflow|pasta|unroll -mllvm -pass-remarks=reflow|pasta|unroll|inline -fsyntax-only -fhls -target fpga64-xilinx-linux-gnu /nfs/ihfs/home_metis/akraus/HW3-dir/hw/hls_fit/solution2/.autopilot/db/main.pp.0.cpp -hls-platform-db-name=/opt/metis/el8/contrib/amdtools/xilinx-2023.1/Vitis_HLS/2023.1/common/technology/xilinx/common/platform.db -hls-platform-name=virtexuplus_slow -device-resource-info=BRAM_4032.000000_DSP_9216.000000_FF_2592000.000000_LUT_1296000.000000_SLICE_162000.000000_SLR_3.000000_URAM_960.000000 -device-name-info=xcvu11p-flga2577-1-e > /nfs/ihfs/home_metis/akraus/HW3-dir/hw/hls_fit/solution2/.autopilot/db/clang.out.log 2> /nfs/ihfs/home_metis/akraus/HW3-dir/hw/hls_fit/solution2/.autopilot/db/clang.err.log
Execute       clang_tidy xilinx-systemc-detector -desc systemc-detector /nfs/ihfs/home_metis/akraus/HW3-dir/hw/hls_fit/solution2/.autopilot/db/main.pp.0.cpp std=gnu++14 -target fpga  -directive=/nfs/ihfs/home_metis/akraus/HW3-dir/hw/hls_fit/solution2/.autopilot/db/.systemc_flag 
INFO-FLOW: exec /opt/metis/el8/contrib/amdtools/xilinx-2023.1/Vitis_HLS/2023.1/lnx64/tools/clang-3.9-csynth/bin/clang-tidy -header-filter=.* --checks=-*,xilinx-systemc-detector -import-directive=/nfs/ihfs/home_metis/akraus/HW3-dir/hw/hls_fit/solution2/.autopilot/db/.systemc_flag -fix-errors /nfs/ihfs/home_metis/akraus/HW3-dir/hw/hls_fit/solution2/.autopilot/db/main.pp.0.cpp -- -std=gnu++14 -target fpga -fhls -ferror-limit=0
INFO-FLOW: Running: clang-tidy CDT preprocess 39
Execute       clang_tidy xilinx-directive2pragma -desc directive2pragma /nfs/ihfs/home_metis/akraus/HW3-dir/hw/hls_fit/solution2/.autopilot/db/main.pp.0.cpp std=gnu++14 -target fpga  -directive=/nfs/ihfs/home_metis/akraus/HW3-dir/hw/hls_fit/solution2/.autopilot/db/all.directive.json 
INFO-FLOW: exec /opt/metis/el8/contrib/amdtools/xilinx-2023.1/Vitis_HLS/2023.1/lnx64/tools/clang-3.9-csynth/bin/clang-tidy -header-filter=.* --checks=-*,xilinx-directive2pragma -import-directive=/nfs/ihfs/home_metis/akraus/HW3-dir/hw/hls_fit/solution2/.autopilot/db/all.directive.json -fix-errors /nfs/ihfs/home_metis/akraus/HW3-dir/hw/hls_fit/solution2/.autopilot/db/main.pp.0.cpp -- -std=gnu++14 -target fpga -fhls -ferror-limit=0
INFO-FLOW: Done: clang-tidy CDT preprocess 39 time: 0.1 seconds per iteration
INFO-FLOW: Calling xilinx-label-all-loops ... 
INFO-FLOW: Calling xilinx-aggregate-on-hls-vector ... 
Execute       clang_tidy -errorcheck -desc loop-label xilinx-label-all-loops,xilinx-aggregate-on-hls-vector,,xilinx-warn-mayneed-no-ctor-attribute /nfs/ihfs/home_metis/akraus/HW3-dir/hw/hls_fit/solution2/.autopilot/db/main.pp.0.cpp std=gnu++14 -target fpga  
INFO-FLOW: run_clang exec: /opt/metis/el8/contrib/amdtools/xilinx-2023.1/Vitis_HLS/2023.1/lnx64/tools/clang-3.9-csynth/bin/clang-tidy -export-fixes=/nfs/ihfs/home_metis/akraus/HW3-dir/hw/hls_fit/solution2/.autopilot/db/main.pp.0.cpp.clang-tidy.loop-label.diag.yml -header-filter=.* --checks=-*,xilinx-label-all-loops,xilinx-aggregate-on-hls-vector,,xilinx-warn-mayneed-no-ctor-attribute -fix-errors /nfs/ihfs/home_metis/akraus/HW3-dir/hw/hls_fit/solution2/.autopilot/db/main.pp.0.cpp -- -std=gnu++14 -target fpga -fhls -ferror-limit=0 > /nfs/ihfs/home_metis/akraus/HW3-dir/hw/hls_fit/solution2/.autopilot/db/main.pp.0.cpp.clang-tidy.loop-label.out.log 2> /nfs/ihfs/home_metis/akraus/HW3-dir/hw/hls_fit/solution2/.autopilot/db/main.pp.0.cpp.clang-tidy.loop-label.err.log
Execute         source /opt/metis/el8/contrib/amdtools/xilinx-2023.1/Vitis_HLS/2023.1/tps/tcl/tcllib1.11.1/yaml/yaml.tcl 
INFO-FLOW: run_clang exec: /opt/metis/el8/contrib/amdtools/xilinx-2023.1/Vitis_HLS/2023.1/lnx64/tools/clang-3.9-csynth/bin/xilinx-dataflow-lawyer -export-fixes=/nfs/ihfs/home_metis/akraus/HW3-dir/hw/hls_fit/solution2/.autopilot/db/main.pp.0.cpp.xilinx-dataflow-lawyer.diag.yml /nfs/ihfs/home_metis/akraus/HW3-dir/hw/hls_fit/solution2/.autopilot/db/main.pp.0.cpp -- -std=gnu++14 -target fpga -fhls -ferror-limit=0 -fstrict-dataflow > /nfs/ihfs/home_metis/akraus/HW3-dir/hw/hls_fit/solution2/.autopilot/db/main.pp.0.cpp.xilinx-dataflow-lawyer.out.log 2> /nfs/ihfs/home_metis/akraus/HW3-dir/hw/hls_fit/solution2/.autopilot/db/main.pp.0.cpp.xilinx-dataflow-lawyer.err.log
Execute       ap_part_info -name xcvu11p-flga2577-1-e -data info 
INFO-FLOW: compiling source code to llvm bc
INFO-FLOW: run_clang exec: /opt/metis/el8/contrib/amdtools/xilinx-2023.1/Vitis_HLS/2023.1/lnx64/tools/clang-3.9-csynth/bin/clang -foptimization-record-file=/nfs/ihfs/home_metis/akraus/HW3-dir/hw/hls_fit/solution2/.autopilot/db/main.pp.0.cpp.clang.diag.yml -mllvm -pass-remarks-missed=reflow|pasta|unroll -mllvm -pass-remarks=reflow|pasta|unroll|inline -fno-limit-debug-info -fhls -flto -fno-exceptions -Wno-error=c++11-narrowing /nfs/ihfs/home_metis/akraus/HW3-dir/hw/hls_fit/solution2/.autopilot/db/main.pp.0.cpp -fno-math-errno -c -emit-llvm -mllvm -disable-llvm-optzns -Werror=implicit-function-declaration -Werror=implicit-hls-streams -Werror=return-type -Wpragmas -Wunused-parameter -Wdump-hls-pragmas -Wno-error=dump-hls-pragmas -fno-threadsafe-statics -fno-use-cxa-atexit -std=gnu++14 -target fpga64-xilinx-linux-gnu -D__VITIS_HLS__ -DAESL_SYN -D__SYNTHESIS__ -D__HLS_SYN__ -I /opt/metis/el8/contrib/amdtools/xilinx-2023.1/Vitis_HLS/2023.1/common/technology/autopilot -I /opt/metis/el8/contrib/amdtools/xilinx-2023.1/Vitis_HLS/2023.1/common/technology/autopilot/ap_sysc -include etc/autopilot_ssdm_op.h -D__DSP48E2__ -g -o /nfs/ihfs/home_metis/akraus/HW3-dir/hw/hls_fit/solution2/.autopilot/db/main.bc -hls-platform-db-name=/opt/metis/el8/contrib/amdtools/xilinx-2023.1/Vitis_HLS/2023.1/common/technology/xilinx/common/platform.db -hls-platform-name=virtexuplus_slow -device-resource-info=BRAM_4032.000000_DSP_9216.000000_FF_2592000.000000_LUT_1296000.000000_SLICE_162000.000000_SLR_3.000000_URAM_960.000000 -device-name-info=xcvu11p-flga2577-1-e > /nfs/ihfs/home_metis/akraus/HW3-dir/hw/hls_fit/solution2/.autopilot/db/main.pp.0.cpp.clang.out.log 2> /nfs/ihfs/home_metis/akraus/HW3-dir/hw/hls_fit/solution2/.autopilot/db/main.pp.0.cpp.clang.err.log
INFO: [HLS 200-111] Finished Source Code Analysis and Preprocessing: CPU user time: 0.28 seconds. CPU system time: 0.26 seconds. Elapsed time: 0.58 seconds; current allocated memory: 2.314 GB.
INFO-FLOW: Linking Debug ...
INFO-FLOW: Linking dut bc code.
Execute       run_link_or_opt -out /nfs/ihfs/home_metis/akraus/HW3-dir/hw/hls_fit/solution2/.autopilot/db/a.g.ld.0.bc -args  "/nfs/ihfs/home_metis/akraus/HW3-dir/hw/hls_fit/solution2/.autopilot/db/main.g.bc"  
INFO-FLOW: run_clang exec: /opt/metis/el8/contrib/amdtools/xilinx-2023.1/Vitis_HLS/2023.1/lnx64/tools/clang-3.9-csynth/bin/llvm-link /nfs/ihfs/home_metis/akraus/HW3-dir/hw/hls_fit/solution2/.autopilot/db/main.g.bc -o /nfs/ihfs/home_metis/akraus/HW3-dir/hw/hls_fit/solution2/.autopilot/db/a.g.ld.0.bc > /nfs/ihfs/home_metis/akraus/HW3-dir/hw/hls_fit/solution2/.autopilot/db/a.g.ld.0.bc.llvm-link.out.log 2> /nfs/ihfs/home_metis/akraus/HW3-dir/hw/hls_fit/solution2/.autopilot/db/a.g.ld.0.bc.llvm-link.err.log
INFO-FLOW: 
Execute       run_link_or_opt -opt -out /nfs/ihfs/home_metis/akraus/HW3-dir/hw/hls_fit/solution2/.autopilot/db/a.g.ld.1.lower.bc -args /nfs/ihfs/home_metis/akraus/HW3-dir/hw/hls_fit/solution2/.autopilot/db/a.g.ld.0.bc -reflow-lower-math-intrinsics 
INFO-FLOW: run_clang exec: /opt/metis/el8/contrib/amdtools/xilinx-2023.1/Vitis_HLS/2023.1/lnx64/tools/clang-3.9-csynth/bin/opt -pass-remarks-missed=reflow|pasta|unroll -pass-remarks=reflow|pasta|unroll|inline -pass-remarks-output=/nfs/ihfs/home_metis/akraus/HW3-dir/hw/hls_fit/solution2/.autopilot/db/a.g.ld.1.lower.bc.opt.diag.yml /nfs/ihfs/home_metis/akraus/HW3-dir/hw/hls_fit/solution2/.autopilot/db/a.g.ld.0.bc -reflow-lower-math-intrinsics -o /nfs/ihfs/home_metis/akraus/HW3-dir/hw/hls_fit/solution2/.autopilot/db/a.g.ld.1.lower.bc > /nfs/ihfs/home_metis/akraus/HW3-dir/hw/hls_fit/solution2/.autopilot/db/a.g.ld.1.lower.bc.opt.out.log 2> /nfs/ihfs/home_metis/akraus/HW3-dir/hw/hls_fit/solution2/.autopilot/db/a.g.ld.1.lower.bc.opt.err.log
INFO-FLOW: 
INFO-FLOW: Running: gen_design_size_report post-opt
INFO-FLOW: Done: gen_design_size_report post-opt time: 0 seconds per iteration
INFO-FLOW: Linking math bc lib
Execute       run_link_or_opt -out /nfs/ihfs/home_metis/akraus/HW3-dir/hw/hls_fit/solution2/.autopilot/db/a.g.ld.2.m1.bc -args /nfs/ihfs/home_metis/akraus/HW3-dir/hw/hls_fit/solution2/.autopilot/db/a.g.ld.1.lower.bc -only-needed /opt/metis/el8/contrib/amdtools/xilinx-2023.1/Vitis_HLS/2023.1/lnx64/lib/libhlsm_39.bc /opt/metis/el8/contrib/amdtools/xilinx-2023.1/Vitis_HLS/2023.1/lnx64/lib/libhlsmc++_39.bc 
INFO-FLOW: run_clang exec: /opt/metis/el8/contrib/amdtools/xilinx-2023.1/Vitis_HLS/2023.1/lnx64/tools/clang-3.9-csynth/bin/llvm-link /nfs/ihfs/home_metis/akraus/HW3-dir/hw/hls_fit/solution2/.autopilot/db/a.g.ld.1.lower.bc -only-needed /opt/metis/el8/contrib/amdtools/xilinx-2023.1/Vitis_HLS/2023.1/lnx64/lib/libhlsm_39.bc /opt/metis/el8/contrib/amdtools/xilinx-2023.1/Vitis_HLS/2023.1/lnx64/lib/libhlsmc++_39.bc -o /nfs/ihfs/home_metis/akraus/HW3-dir/hw/hls_fit/solution2/.autopilot/db/a.g.ld.2.m1.bc > /nfs/ihfs/home_metis/akraus/HW3-dir/hw/hls_fit/solution2/.autopilot/db/a.g.ld.2.m1.bc.llvm-link.out.log 2> /nfs/ihfs/home_metis/akraus/HW3-dir/hw/hls_fit/solution2/.autopilot/db/a.g.ld.2.m1.bc.llvm-link.err.log
INFO-FLOW: 
Command       run_link_or_opt done; 1.03 sec.
Execute       run_link_or_opt -opt -out /nfs/ihfs/home_metis/akraus/HW3-dir/hw/hls_fit/solution2/.autopilot/db/a.g.ld.3.fpc.bc -args /nfs/ihfs/home_metis/akraus/HW3-dir/hw/hls_fit/solution2/.autopilot/db/a.g.ld.2.m1.bc -reflow-globaldce -hls-top-function-name=fit -reflow-float-conversion 
INFO-FLOW: run_clang exec: /opt/metis/el8/contrib/amdtools/xilinx-2023.1/Vitis_HLS/2023.1/lnx64/tools/clang-3.9-csynth/bin/opt -pass-remarks-missed=reflow|pasta|unroll -pass-remarks=reflow|pasta|unroll|inline -pass-remarks-output=/nfs/ihfs/home_metis/akraus/HW3-dir/hw/hls_fit/solution2/.autopilot/db/a.g.ld.3.fpc.bc.opt.diag.yml /nfs/ihfs/home_metis/akraus/HW3-dir/hw/hls_fit/solution2/.autopilot/db/a.g.ld.2.m1.bc -reflow-globaldce -hls-top-function-name=fit -reflow-float-conversion -o /nfs/ihfs/home_metis/akraus/HW3-dir/hw/hls_fit/solution2/.autopilot/db/a.g.ld.3.fpc.bc > /nfs/ihfs/home_metis/akraus/HW3-dir/hw/hls_fit/solution2/.autopilot/db/a.g.ld.3.fpc.bc.opt.out.log 2> /nfs/ihfs/home_metis/akraus/HW3-dir/hw/hls_fit/solution2/.autopilot/db/a.g.ld.3.fpc.bc.opt.err.log
INFO-FLOW: 
INFO-FLOW: Running: gen_design_size_report post-opt
INFO-FLOW: Done: gen_design_size_report post-opt time: 0 seconds per iteration
Command       run_link_or_opt done; 0.46 sec.
Execute       run_link_or_opt -out /nfs/ihfs/home_metis/akraus/HW3-dir/hw/hls_fit/solution2/.autopilot/db/a.g.ld.4.m2.bc -args /nfs/ihfs/home_metis/akraus/HW3-dir/hw/hls_fit/solution2/.autopilot/db/a.g.ld.3.fpc.bc -only-needed /opt/metis/el8/contrib/amdtools/xilinx-2023.1/Vitis_HLS/2023.1/lnx64/lib/libfloatconversion_39.bc 
INFO-FLOW: run_clang exec: /opt/metis/el8/contrib/amdtools/xilinx-2023.1/Vitis_HLS/2023.1/lnx64/tools/clang-3.9-csynth/bin/llvm-link /nfs/ihfs/home_metis/akraus/HW3-dir/hw/hls_fit/solution2/.autopilot/db/a.g.ld.3.fpc.bc -only-needed /opt/metis/el8/contrib/amdtools/xilinx-2023.1/Vitis_HLS/2023.1/lnx64/lib/libfloatconversion_39.bc -o /nfs/ihfs/home_metis/akraus/HW3-dir/hw/hls_fit/solution2/.autopilot/db/a.g.ld.4.m2.bc > /nfs/ihfs/home_metis/akraus/HW3-dir/hw/hls_fit/solution2/.autopilot/db/a.g.ld.4.m2.bc.llvm-link.out.log 2> /nfs/ihfs/home_metis/akraus/HW3-dir/hw/hls_fit/solution2/.autopilot/db/a.g.ld.4.m2.bc.llvm-link.err.log
INFO-FLOW: 
Execute       run_link_or_opt -opt -out /nfs/ihfs/home_metis/akraus/HW3-dir/hw/hls_fit/solution2/.autopilot/db/a.g.ld.5.gdce.bc -args /nfs/ihfs/home_metis/akraus/HW3-dir/hw/hls_fit/solution2/.autopilot/db/a.g.ld.4.m2.bc -reflow-globaldce -hls-top-function-name=fit 
INFO-FLOW: run_clang exec: /opt/metis/el8/contrib/amdtools/xilinx-2023.1/Vitis_HLS/2023.1/lnx64/tools/clang-3.9-csynth/bin/opt -pass-remarks-missed=reflow|pasta|unroll -pass-remarks=reflow|pasta|unroll|inline -pass-remarks-output=/nfs/ihfs/home_metis/akraus/HW3-dir/hw/hls_fit/solution2/.autopilot/db/a.g.ld.5.gdce.bc.opt.diag.yml /nfs/ihfs/home_metis/akraus/HW3-dir/hw/hls_fit/solution2/.autopilot/db/a.g.ld.4.m2.bc -reflow-globaldce -hls-top-function-name=fit -o /nfs/ihfs/home_metis/akraus/HW3-dir/hw/hls_fit/solution2/.autopilot/db/a.g.ld.5.gdce.bc > /nfs/ihfs/home_metis/akraus/HW3-dir/hw/hls_fit/solution2/.autopilot/db/a.g.ld.5.gdce.bc.opt.out.log 2> /nfs/ihfs/home_metis/akraus/HW3-dir/hw/hls_fit/solution2/.autopilot/db/a.g.ld.5.gdce.bc.opt.err.log
INFO-FLOW: 
INFO-FLOW: Running: gen_design_size_report post-opt
INFO-FLOW: Done: gen_design_size_report post-opt time: 0 seconds per iteration
Execute       send_msg_by_id INFO @200-777@%s Vitis 
INFO: [HLS 200-777] Using interface defaults for 'Vitis' flow target.
Execute       is_m_axi_addr64 
INFO-FLOW: Doing LTO.
INFO-FLOW: run_clang (background poll_ms 5000) exec: /opt/metis/el8/contrib/amdtools/xilinx-2023.1/Vitis_HLS/2023.1/lnx64/tools/clang-3.9-csynth/bin/clang -foptimization-record-file=/nfs/ihfs/home_metis/akraus/HW3-dir/hw/hls_fit/solution2/.autopilot/db/a.g.ld.0.bc.clang.reflow.diag.yml -mllvm -pass-remarks-missed=reflow|pasta|unroll -mllvm -pass-remarks=reflow|pasta|unroll|inline -fhls -mllvm -hls-top-function-name=fit -mllvm -hls-db-dir -mllvm /nfs/ihfs/home_metis/akraus/HW3-dir/hw/hls_fit/solution2/.autopilot/db -emit-llvm -c -target fpga64-xilinx-none -mllvm -xcl-xmlinfo=/nfs/ihfs/home_metis/akraus/HW3-dir/hw/hls_fit/solution2/.autopilot/db/../../../kernel.xml -mllvm -top-io-mapping-info=/nfs/ihfs/home_metis/akraus/HW3-dir/hw/hls_fit/solution2/.autopilot/db/top-io-fe.xml -mllvm -hls-bitcode-version=3.1 -mllvm -reflow-enable-slave-interface-default-setting=true -mllvm -gen-kernel-xml=true -mllvm -default-maxi-offset=slave -mllvm -maxi-latency=64 -mllvm -hls-maxi-data-size-in-bits=8 -mllvm -hls-maxi-max-data-size-in-bits=1024 -mllvm -hls-max-widen-size-in-bits=512 -mllvm -xcl-kernel-max-mem-ports=0 -mllvm -maxi-read-trans=16 -mllvm -maxi-write-trans=16 -mllvm -maxi-read-burst-len=16 -mllvm -maxi-write-burst-len=16 -mllvm -reflow-enable-saxi-64bits=0 -mllvm -reflow-basic-block-instr-threshold=200000 -mllvm -reflow-auto-pipeline-threshold=64 -mllvm -reflow-enable-maxi-auto-id-channel=0 -mllvm -enable-fp-thr=0 -mllvm -reflow-bdd-simplify-threshold=1024 -mllvm -reflow-fanout-threshold=16 -mllvm -assume-maxi-align=64 -mllvm -reflow-pipeline-style-llvm-setting=2 -mllvm -reflow-enable-dataflow-strict-mode-checking=1 -ftime-report -mllvm -time-passes -mllvm -reflow-auto-array-partition-mode=default -mllvm -reflow-enable-auto-array-partition=true -mllvm -reflow-enable-auto-parallel-performance-driven=true -mllvm -reflow-enable-partition-for-automation=true -mllvm -reflow-aggregate-bitwidth-threshold=4096 -mllvm -reflow-reserved-saxilite-registers=1024 -mllvm -reflow-assume-no-address-wrap=true -mllvm -reflow-enable-occurrence-inference=true -mllvm -hls -mllvm -disable-inlined-alloca-merging=true -mllvm -enable-reflow-vitis-flow-setting=true -mllvm -default-clock-period=10 -x ir /nfs/ihfs/home_metis/akraus/HW3-dir/hw/hls_fit/solution2/.autopilot/db/a.g.ld.5.gdce.bc -o /nfs/ihfs/home_metis/akraus/HW3-dir/hw/hls_fit/solution2/.autopilot/db/a.g.lto.bc -hls-platform-db-name=/opt/metis/el8/contrib/amdtools/xilinx-2023.1/Vitis_HLS/2023.1/common/technology/xilinx/common/platform.db -hls-platform-name=virtexuplus_slow -device-resource-info=BRAM_4032.000000_DSP_9216.000000_FF_2592000.000000_LUT_1296000.000000_SLICE_162000.000000_SLR_3.000000_URAM_960.000000 -device-name-info=xcvu11p-flga2577-1-e 2> /nfs/ihfs/home_metis/akraus/HW3-dir/hw/hls_fit/solution2/.autopilot/db/a.g.ld.0.bc.clang.reflow.err.log
Execute       send_msg_by_id INFO @200-1995@%s%s%s 287 Compile/Link /nfs/ihfs/home_metis/akraus/HW3-dir/hw/hls_fit/solution2/syn/report/csynth_design_size.rpt 
INFO: [HLS 200-1995] There were 287 instructions in the design after the 'Compile/Link' phase of compilation. See the Design Size Report for more details: /nfs/ihfs/home_metis/akraus/HW3-dir/hw/hls_fit/solution2/syn/report/csynth_design_size.rpt
Execute       send_msg_by_id INFO @200-1995@%s%s%s 248 Unroll/Inline /nfs/ihfs/home_metis/akraus/HW3-dir/hw/hls_fit/solution2/syn/report/csynth_design_size.rpt 
INFO: [HLS 200-1995] There were 248 instructions in the design after the 'Unroll/Inline' phase of compilation. See the Design Size Report for more details: /nfs/ihfs/home_metis/akraus/HW3-dir/hw/hls_fit/solution2/syn/report/csynth_design_size.rpt
Execute       send_msg_by_id INFO @200-1995@%s%s%s 205 Performance/Pipeline /nfs/ihfs/home_metis/akraus/HW3-dir/hw/hls_fit/solution2/syn/report/csynth_design_size.rpt 
INFO: [HLS 200-1995] There were 205 instructions in the design after the 'Performance/Pipeline' phase of compilation. See the Design Size Report for more details: /nfs/ihfs/home_metis/akraus/HW3-dir/hw/hls_fit/solution2/syn/report/csynth_design_size.rpt
Execute       send_msg_by_id INFO @200-1995@%s%s%s 221 Optimizations /nfs/ihfs/home_metis/akraus/HW3-dir/hw/hls_fit/solution2/syn/report/csynth_design_size.rpt 
INFO: [HLS 200-1995] There were 221 instructions in the design after the 'Optimizations' phase of compilation. See the Design Size Report for more details: /nfs/ihfs/home_metis/akraus/HW3-dir/hw/hls_fit/solution2/syn/report/csynth_design_size.rpt
INFO: [HLS 214-291] Loop 'VITIS_LOOP_152_1' is marked as complete unroll implied by the pipeline pragma (main.cpp:152:20)
INFO: [HLS 214-291] Loop 'VITIS_LOOP_55_1' is marked as complete unroll implied by the pipeline pragma (main.cpp:55:19)
INFO: [HLS 214-291] Loop 'VITIS_LOOP_103_1' is marked as complete unroll implied by the pipeline pragma (main.cpp:103:20)
INFO: [HLS 214-291] Loop 'VITIS_LOOP_210_1' is marked as complete unroll implied by the pipeline pragma (main.cpp:210:20)
INFO: [HLS 214-291] Loop 'VITIS_LOOP_28_1' is marked as complete unroll implied by the pipeline pragma (main.cpp:28:19)
INFO: [HLS 214-178] Inlining function 'hls::print(char const*, double)' into 'calc_chi_squared' (main.cpp:125:0)
INFO: [HLS 214-178] Inlining function 'hls::print(char const*, double)' into 'fit' (main.cpp:246:0)
INFO: [HLS 214-115] Multiple burst reads of variable length and bit width 64 in loop 'VITIS_LOOP_103_1'(main.cpp:103:20) has been inferred on bundle 'gmem'. These burst requests might be further partitioned into multiple requests during RTL generation, based on max_read_burst_length or max_write_burst_length settings. (main.cpp:103:20)
INFO-FLOW: DBG:PUTS: copy_raw_kernel_xml ap_link_39: copying raw kernel.xml: /nfs/ihfs/home_metis/akraus/HW3-dir/hw/hls_fit/solution2/.autopilot/db/../../../kernel.xml -> /nfs/ihfs/home_metis/akraus/HW3-dir/hw/hls_fit/solution2/.autopilot/db/kernel.internal.xml
INFO: [HLS 200-111] Finished Compiling Optimization and Transform: CPU user time: 1.8 seconds. CPU system time: 0.31 seconds. Elapsed time: 6.93 seconds; current allocated memory: 2.317 GB.
INFO: [HLS 200-111] Finished Checking Pragmas: CPU user time: 0 seconds. CPU system time: 0 seconds. Elapsed time: 0 seconds; current allocated memory: 2.317 GB.
Execute       opt_and_import_c a -opt_level=2 -skip_syncheck=0 -ng=0 -keep_printf=0 
Execute         cleanup_all_models 
INFO: [HLS 200-10] Starting code transformations ...
INFO-FLOW: Running Standard Transforms...
Execute         transform -hls -share-std-xform -demangle-name -inline-byval-memcpy -always-inline -promote-dbg-pointer -interface-preproc -mem2reg -scalarrepl -mem2reg -keep-read-access -instcombine -dce -promote-dbg-pointer -bitop-raise -loop-simplify -indvarspre -indvars -loop-simplify -xunroll -constprop -instcombine -simplifycfg -indvars -simplifycfg -dce -globaldce -basicaa -simplifycfg -mem2reg -globalopt -global-constprop -deadargelim -instcombine -simplifycfg -scalarrepl -instcombine -reassociate -licm -simplifycfg -loop-simplify -indvars -instcombine -simplifycfg -mem2reg -loop-simplify -indvars -instcombine -gvn -gvn -instcombine -adce -break-crit-edges -simplifycfg -loop-delete -global-array-opt -dce -dse -adce -find-syn-modules -top fit -deadargelim -mem2reg -instcombine -dce -presyn-prepare -auto-rom-infer -interface-preproc -syn-check -check-rec-only -find-region -simplifycfg -func-extr -function-inline -globaldce -mem2reg -instcombine -dce -gvn -globaldce -adce -adse -constprop -instcombine -bit-constprop -instcombine -dce -simplifycfg -bitop-raise -simplifycfg -dce -loop-delete -reassociate -globalopt -global-privatize -mem2reg -dce -global-constprop -pointer-simplify -constprop -dce -auto-shift-reg-idiom -promote-dbg-pointer -norm-name /nfs/ihfs/home_metis/akraus/HW3-dir/hw/hls_fit/solution2/.autopilot/db/a.g.0.bc -o /nfs/ihfs/home_metis/akraus/HW3-dir/hw/hls_fit/solution2/.autopilot/db/a.g.1.bc -f -phase std-opt 
INFO: [HLS 200-111] Finished Standard Transforms: CPU user time: 0.02 seconds. CPU system time: 0 seconds. Elapsed time: 0.02 seconds; current allocated memory: 2.317 GB.
INFO: [HLS 200-10] Checking synthesizability ...
INFO-FLOW: Checking Synthesizability 1/2..
Execute         transform -hls -syn-check -check-rec-only -scalarrepl -norm-name -dce -mem2reg -instcombine -directive-preproc -mem2reg -dse -dce -auto-rom-infer -dce -pag -array-normalize -instcombine -dce -array-seg-normalize -instcombine -dce -data-pack -instcombine -dce -inst-simplify -array-flatten -instcombine -dce -array-burst -dce -deadargelim -promote-global-argument -simplifycfg -mem2reg -globaldce -dce -deadargelim -dce -instcombine -function-inline -globaldce -dce -doublePtrSimplify -doublePtrElim -dce -doublePtrSimplify -promote-dbg-pointer -dce -scalarrepl -dse -adse -instcombine -ptrLegalization -simplifycfg -dce -instcombine -pointer-simplify -ptrArgReplace -dce -instcombine -resolve-double-ptr -scalarrepl -norm-name -dce -mem2reg -instcombine -ptrLegalization -simplifycfg -deadargelim -instcombine -dce -inst-simplify -directive-preproc -mem2reg -dse -dce -globaldce /nfs/ihfs/home_metis/akraus/HW3-dir/hw/hls_fit/solution2/.autopilot/db/a.g.1.bc -o /nfs/ihfs/home_metis/akraus/HW3-dir/hw/hls_fit/solution2/.autopilot/db/a.g.2.prechk.bc -f 
INFO-FLOW: Checking Synthesizability 2/2..
Execute         transform -syn-check /nfs/ihfs/home_metis/akraus/HW3-dir/hw/hls_fit/solution2/.autopilot/db/a.g.2.prechk.bc -o /nfs/ihfs/home_metis/akraus/HW3-dir/hw/hls_fit/solution2/.autopilot/db/a.g.2.bc -f -phase syn-check 
WARNING: [SYNCHK 200-77] The top function 'fit' (main.cpp:246) has no outputs. Possible cause(s) are: (1) Output parameters are passed by value; (2) intended outputs (parameters or global variables) are never written; (3) there are infinite loops.
INFO: [SYNCHK 200-10] 0 error(s), 1 warning(s).
INFO: [HLS 200-111] Finished Checking Synthesizability: CPU user time: 0.01 seconds. CPU system time: 0 seconds. Elapsed time: 0.02 seconds; current allocated memory: 2.317 GB.
INFO-FLOW: Compiler optimizing ...
INFO-FLOW: Share syncheck's 1.bc for syn flow: copy /nfs/ihfs/home_metis/akraus/HW3-dir/hw/hls_fit/solution2/.autopilot/db/a.g.1.bc to /nfs/ihfs/home_metis/akraus/HW3-dir/hw/hls_fit/solution2/.autopilot/db/a.o.1.bc
INFO-FLOW: Presyn 1...
Execute         transform -hls -tmp /nfs/ihfs/home_metis/akraus/HW3-dir/hw/hls_fit/solution2/.autopilot/db -interface-port-rename -directive-preproc -mem2reg -dse -dce -scalarrepl -norm-name -deadargelim -mem2reg -instcombine -dce -simplifycfg -auto-rom-infer -dce -resource-proc -clib-intrinsic-prepare -dce -func-buffer -dce -pag -array-normalize -func-legal -instcombine -gvn -constprop -dce -simplifycfg -mem2reg -globaldce -resolve-double-ptr -dce -deadargelim -dce -instcombine -ptrArgReplace -mem2reg -dce -array-seg-normalize -deadargelim -instcombine -dce -directive-preproc -mem2reg -dse -dce -pointer-simplify -dce -port-alignment -dce -interface-preproc -data-pack -instcombine -dce -basicaa -aggr-aa -aggrmodref-aa -aggr-aa -gvn -gvn -basicaa -aggr-aa -aggrmodref-aa -aggr-aa -dse -adse -adce -loop-simplify -indvars -instcombine -gvn -loop-simplify -mem2reg -dce -find-region -instcombine -auto-loop-pipeline -inst-simplify -interface-preproc -cfgopt -instcombine -indvars -auto-loop-unroll -loop-simplify -loop-bound -xunroll -constprop -instcombine -simplifycfg -indvars -simplifycfg -dce -globaldce -clean-region -attach-range -gvn -inst-simplify -constprop -simplifycfg -dce -pointer-simplify -dce -globalopt -constprop -dce -array-promote -scalar-auto-dep-elim -constprop -dce -ptrArgReplace -mem2reg -simplifycfg -dce -instcombine -dce -array-transform-check -array-reshape -instcombine -simplifycfg -dce -ptrArgReplace -deadargelim -mem2reg -instcombine -simplifycfg -dce -indvars -loop-simplify -loop-bound -xunroll -constprop -instcombine -simplifycfg -indvars -simplifycfg -dce -globaldce -basicaa -aggr-aa -aggrmodref-aa -aggr-aa -dse -duplicate-dataflow-processes -globaldce -instcombine -array-partition -prepare-dynamic-array-partition -instcombine -simplifycfg -dce -ptrArgReplace -global-constprop -deadargelim -mem2reg -func-legal -dce -global-constprop -deadargelim -mem2reg -simplifycfg -dce -merge-param -deadargelim -globalopt -constprop -dce -array-promote -scalar-auto-dep-elim -constprop -dce -ptrArgReplace -mem2reg -simplifycfg -dce -mem-intrinsic-preproc -dce -global-internalize -global-privatize -mem2reg -globaldce -promote-global-argument -ptrArgReplace -mem2reg -dce -globalopt -mergereturn -simplify-global-access -mem2reg -dce -pointer-simplify -dce -functionattrs -basicaa -aggr-aa -aggrmodref-aa -aggr-aa -gvn -gvn -basicaa -aggr-aa -aggrmodref-aa -aggr-aa -dse -adse -adce -dce -norm-name -basicaa -aggr-aa -aggrmodref-aa -aggr-aa -accesses-merge -function-inline -complex-op-raise -inst-simplify -globaldce -func-legal -dce -loop-bound -arraycheck -bitwidthmin2 -bitwidthmin2 -on-by-dataflow -loop-delete -instcombine -simplifycfg -globaldce -dce -gvn -deadargelim -dce -loop-simplify -clean-region -simplifycfg -propagate-stable-arguments -loop-stream -instcombine -simplifycfg -dce -globaldce -duplicate-dataflow-processes -stream-intrinsic-preproc -dce -check-ap-stream -loop-simplify -eliminate-keepreads -extract-dataflow-in-loop -loop-simplify -dce -gvn -deadargelim -dse -duplicate-dataflow-processes -check-dataflow-syntax -legalize-stream-variable -globaldce -legalize-global -extract-subproc -dce -dead-channel-elimination -canonicalize-gep -globaldce -dce -gvn -hls-dead-arg-elim -deadargelim -directive-preproc -canonicalize-dataflow -dce -globaldce -scalar-preprocessing -scalar-propagation2 -deadargelim -globaldce -mem2reg -check-dataflow-channels -function-stream -dce -globaldce -prop-fifo-spec -internal-stream-gen -canonicalize-gep -globaldce -dce -gvn -deadargelim -mergereturn -indvars -loop-simplify -instcombine -array-stream -array-seg-normalize -array-partition -func-legal -instcombine -simplifycfg -dce -bundle-memfifo-ops -deadargelim -directive-preproc -mem2reg -dse -dce -group-axi-access -licm -simplifycfg -dce -loop-delete -hls-display -norm-name /nfs/ihfs/home_metis/akraus/HW3-dir/hw/hls_fit/solution2/.autopilot/db/a.o.1.bc -o /nfs/ihfs/home_metis/akraus/HW3-dir/hw/hls_fit/solution2/.autopilot/db/a.o.1.tmp.bc -f 
INFO: [XFORM 203-502] Unrolling all loops for pipelining in function 'calc_ovr_sig_sqrd_x.1' (main.cpp:51:2).
INFO: [XFORM 203-502] Unrolling all loops for pipelining in function 'calc_ovr_sig_sqrd.1' (main.cpp:100:2).
INFO: [XFORM 203-502] Unrolling all loops for pipelining in function 'calc_distance.1' (main.cpp:201:2).
INFO: [XFORM 203-502] Unrolling all loops for pipelining in function 'calc_chi_squared.1' (main.cpp:30:2).
INFO: [XFORM 203-502] Unrolling all loops for pipelining in function 'add_nums.1' (main.cpp:27:19).
WARNING: [HLS 200-936] Cannot unroll loop 'VITIS_LOOP_55_1' (main.cpp:55) in function 'calc_ovr_sig_sqrd_x.1': cannot completely unroll a loop with a variable trip count.
WARNING: [HLS 200-936] Cannot unroll loop 'VITIS_LOOP_103_1' (main.cpp:103) in function 'calc_ovr_sig_sqrd.1': cannot completely unroll a loop with a variable trip count.
WARNING: [HLS 200-936] Cannot unroll loop 'VITIS_LOOP_210_1' (main.cpp:210) in function 'calc_distance.1': cannot completely unroll a loop with a variable trip count.
WARNING: [HLS 200-936] Cannot unroll loop 'VITIS_LOOP_152_1' (main.cpp:152) in function 'calc_chi_squared.1': cannot completely unroll a loop with a variable trip count.
WARNING: [HLS 200-936] Cannot unroll loop 'VITIS_LOOP_28_1' (main.cpp:28) in function 'add_nums.1': cannot completely unroll a loop with a variable trip count.
INFO-FLOW: Presyn 2...
Execute         transform -hls -keep-callgraph -scalarrepl -mem2reg -port-alignment -attach-range -dce -pipe-mux-gen -indvars -loop-bound -inst-simplify -instcombine -dce -merge-array-access -mem2reg -dce -clean-region -mergereturn -if-conv -instcombine -dce -constprop -basicaa -aggr-aa -aggrmodref-aa -aggr-aa -gvn -gvn -basicaa -aggr-aa -aggrmodref-aa -aggr-aa -dse -adse -adce -scalarrepl -mem2reg -global-constprop -deadargelim -deadargelim -instcombine -dce -simplifycfg -ptrArgReplace -mem2reg -function-inline -globaldce -mem2reg -instcombine -dce -expr-balance -instcombine -dce -bitwidthmin2 -bitwidthmin2 -interface-preproc -directive-preproc -inst-rectify -instcombine -dce -functionattrs -constprop -instcombine -bit-constprop -simplify-global-access -globalopt -globaldce -inst-simplify -instcombine -elimdeaddata -dce -loop-delete -simplifycfg -loop-simplify -barrier -norm-name /nfs/ihfs/home_metis/akraus/HW3-dir/hw/hls_fit/solution2/.autopilot/db/a.o.1.tmp.bc -o /nfs/ihfs/home_metis/akraus/HW3-dir/hw/hls_fit/solution2/.autopilot/db/a.o.2.bc -f -phase presyn 
INFO: [HLS 200-111] Finished Loop, function and other optimizations: CPU user time: 0.06 seconds. CPU system time: 0.01 seconds. Elapsed time: 0.08 seconds; current allocated memory: 2.339 GB.
INFO-FLOW: Building ssdm...
Execute         transform -hls -auto-function-inline -globaldce -ptrArgReplace -mem2reg -dce -reset-lda -loop-simplify -indvars -aggr-aa -licm -loop-dep -loop-bound -licm -loop-simplify -loop-sink-hoist -flattenloopnest -array-flatten -gvn -instcombine -dce -array-map -dce -func-legal -gvn -adce -instcombine -cfgopt -simplifycfg-lite -loop-simplify -array-burst -promote-global-argument -dce -array-seg-normalize -basicaa -aggrmodref-aa -globalsmodref-aa -aggr-aa -gvn -gvn -basicaa -aggrmodref-aa -globalsmodref-aa -aggr-aa -dse -adse -adce -licm -inst-simplify -dce -globaldce -instcombine -array-stream -eliminate-keepreads -instcombine -dce -deadargelim -doublePtrSimplify -doublePtrElim -dce -doublePtrSimplify -promote-dbg-pointer -dce -scalarrepl -mem2reg -norm-name -mem2reg -instcombine -dse -adse -adce -ptrLegalization -dce -auto-rom-infer -array-flatten -dce -instcombine -check-doubleptr -loop-rot -constprop -cfgopt -simplifycfg-lite -loop-simplify -indvars -pointer-simplify -dce -loop-bound -loop-simplify -loop-preproc -constprop -global-constprop -gvn -mem2reg -instcombine -dce -loop-bound -loop-merge -dce -deadargelim -dce -canonicalize-dataflow -dce -deadargelim -globaldce -mem2reg -bram-byte-enable -load-elim -read-loop-dep -loop-simplify -loop-extract-inner -directive-preproc -bitwidthmin2 -bitwidthmin2 -read-loop-dep -interface-preproc -directive-preproc -interface-gen -bram-byte-enable-spec-prop -deadargelim -inst-simplify -dce -gvn -mem2reg -instcombine -dce -adse -loop-bound -instcombine -cfgopt -simplifycfg-lite -loop-simplify -clean-region -io-protocol -find-region -mem2reg -bitop-raise -complex-op-raise -inst-simplify -inst-rectify -instcombine -adce -deadargelim -float-op-raise -loop-simplify -phi-opt -bitop-raise -cfgopt -simplifycfg-lite -strip-dead-prototypes -interface-lower -bitop-lower -intrinsic-lower -auto-function-inline -basicaa -aggrmodref-aa -globalsmodref-aa -aggr-aa -inst-simplify -simplifycfg-lite -loop-simplify -mergereturn -inst-simplify -inst-rectify -globaldce -dce -load-elim -bitop-lower -float-op-raise -fma-raise -loop-rewind -pointer-simplify -dce -cfgopt -dce -loop-bound -loop-dep -read-loop-dep -dce -dyn-mem-reuse -dce -recurrence-min -dce -share-scalar-alloca -deadargelim -dce -check-stream -norm-name -legalize -validate-dataflow -inst-clarity -bitwidth -dce -dump-loop-dep-to-ir -check-all-ssdm -dump-complexity-metric -cdfg-build /nfs/ihfs/home_metis/akraus/HW3-dir/hw/hls_fit/solution2/.autopilot/db/a.o.2.bc -o /nfs/ihfs/home_metis/akraus/HW3-dir/hw/hls_fit/solution2/.autopilot/db/a.o.3.bc -f -phase build-ssdm 
Execute           auto_get_db
INFO: [HLS 200-111] Finished Architecture Synthesis: CPU user time: 0.05 seconds. CPU system time: 0 seconds. Elapsed time: 0.07 seconds; current allocated memory: 2.377 GB.
INFO-FLOW: Finish building internal data model.
Command       opt_and_import_c done; 0.19 sec.
Command     elaborate done; 7.7 sec.
Execute     ap_eval exec zip -j /nfs/ihfs/home_metis/akraus/HW3-dir/hw/hls_fit/solution2/.autopilot/db/dut.hcp $dbDir/a.o.3.bc $dbDir/${topname}.rtl_wrap.cfg.tcl $dbDir/apatb_${topname}.cpp $dbDir/apatb_${topname}_util.cpp $dbDir/apatb_${topname}_ir.ll $dbDir/mapper_${topname}.cpp $dbDir/top-io-fe.xml $dbDir/kernel.internal.xml $workdir/../hls.app 
Execute     autosyn -from_csynth_design=1 
INFO: [HLS 200-10] Starting hardware synthesis ...
INFO-FLOW: Synthesizing C/C++ design ...
INFO: [HLS 200-10] Synthesizing 'fit' ...
Execute       ap_set_top_model fit 
WARNING: [SYN 201-103] Legalizing function name 'add_nums.1' to 'add_nums_1'.
WARNING: [SYN 201-103] Legalizing function name 'calc_distance.1' to 'calc_distance_1'.
WARNING: [SYN 201-103] Legalizing function name 'calc_ovr_sig_sqrd.1' to 'calc_ovr_sig_sqrd_1'.
WARNING: [SYN 201-103] Legalizing function name 'calc_ovr_sig_sqrd_x.1' to 'calc_ovr_sig_sqrd_x_1'.
WARNING: [SYN 201-103] Legalizing function name 'calc_chi_squared.1' to 'calc_chi_squared_1'.
Execute       get_model_list fit -filter all-wo-channel -topdown 
Execute       preproc_iomode -model fit 
Execute       preproc_iomode -model calc_chi_squared.1 
Execute       preproc_iomode -model calc_ovr_sig_sqrd_x.1 
Execute       preproc_iomode -model calc_ovr_sig_sqrd.1 
Execute       preproc_iomode -model calc_distance.1 
Execute       preproc_iomode -model add_nums.1 
Execute       get_model_list fit -filter all-wo-channel 
INFO-FLOW: Model list for configure: add_nums.1 calc_distance.1 calc_ovr_sig_sqrd.1 calc_ovr_sig_sqrd_x.1 calc_chi_squared.1 fit
INFO-FLOW: Configuring Module : add_nums.1 ...
Execute       set_default_model add_nums.1 
Execute       apply_spec_resource_limit add_nums.1 
INFO-FLOW: Configuring Module : calc_distance.1 ...
Execute       set_default_model calc_distance.1 
Execute       apply_spec_resource_limit calc_distance.1 
INFO-FLOW: Configuring Module : calc_ovr_sig_sqrd.1 ...
Execute       set_default_model calc_ovr_sig_sqrd.1 
Execute       apply_spec_resource_limit calc_ovr_sig_sqrd.1 
INFO-FLOW: Configuring Module : calc_ovr_sig_sqrd_x.1 ...
Execute       set_default_model calc_ovr_sig_sqrd_x.1 
Execute       apply_spec_resource_limit calc_ovr_sig_sqrd_x.1 
INFO-FLOW: Configuring Module : calc_chi_squared.1 ...
Execute       set_default_model calc_chi_squared.1 
Execute       apply_spec_resource_limit calc_chi_squared.1 
INFO-FLOW: Configuring Module : fit ...
Execute       set_default_model fit 
Execute       apply_spec_resource_limit fit 
INFO-FLOW: Model list for preprocess: add_nums.1 calc_distance.1 calc_ovr_sig_sqrd.1 calc_ovr_sig_sqrd_x.1 calc_chi_squared.1 fit
INFO-FLOW: Preprocessing Module: add_nums.1 ...
Execute       set_default_model add_nums.1 
Execute       cdfg_preprocess -model add_nums.1 
Execute       rtl_gen_preprocess add_nums.1 
INFO-FLOW: Preprocessing Module: calc_distance.1 ...
Execute       set_default_model calc_distance.1 
Execute       cdfg_preprocess -model calc_distance.1 
Execute       rtl_gen_preprocess calc_distance.1 
INFO-FLOW: Preprocessing Module: calc_ovr_sig_sqrd.1 ...
Execute       set_default_model calc_ovr_sig_sqrd.1 
Execute       cdfg_preprocess -model calc_ovr_sig_sqrd.1 
Execute       rtl_gen_preprocess calc_ovr_sig_sqrd.1 
INFO-FLOW: Preprocessing Module: calc_ovr_sig_sqrd_x.1 ...
Execute       set_default_model calc_ovr_sig_sqrd_x.1 
Execute       cdfg_preprocess -model calc_ovr_sig_sqrd_x.1 
Execute       rtl_gen_preprocess calc_ovr_sig_sqrd_x.1 
INFO-FLOW: Preprocessing Module: calc_chi_squared.1 ...
Execute       set_default_model calc_chi_squared.1 
Execute       cdfg_preprocess -model calc_chi_squared.1 
Execute       rtl_gen_preprocess calc_chi_squared.1 
INFO-FLOW: Preprocessing Module: fit ...
Execute       set_default_model fit 
Execute       cdfg_preprocess -model fit 
Execute       rtl_gen_preprocess fit 
INFO-FLOW: Model list for synthesis: add_nums.1 calc_distance.1 calc_ovr_sig_sqrd.1 calc_ovr_sig_sqrd_x.1 calc_chi_squared.1 fit
INFO: [HLS 200-10] ----------------------------------------------------------------
INFO: [HLS 200-42] -- Implementing module 'add_nums_1' 
INFO: [HLS 200-10] ----------------------------------------------------------------
Execute       set_default_model add_nums.1 
Execute       schedule -model add_nums.1 
INFO: [SCHED 204-11] Starting scheduling ...
WARNING: [SCHED 204-65] Unable to satisfy pipeline directive for function 'add_nums.1': contains subloop(s) that are not unrolled.
WARNING: [SCHED 204-65] Unable to satisfy pipeline directive for function 'add_nums.1': contains subloop(s) that are not unrolled.
INFO: [SCHED 204-11] Finished scheduling.
Command       schedule done; 0.38 sec.
INFO: [HLS 200-111] Finished Scheduling: CPU user time: 0.38 seconds. CPU system time: 0.02 seconds. Elapsed time: 0.43 seconds; current allocated memory: 2.379 GB.
Execute       syn_report -verbosereport -o /nfs/ihfs/home_metis/akraus/HW3-dir/hw/hls_fit/solution2/.autopilot/db/add_nums_1.verbose.sched.rpt 
Execute         list_part -family xcvu11p-flga2577-1-e 
Execute           ap_family_info -name xcvu11p-flga2577-1-e -data names 
Execute           ap_part_info -quiet -name xcvu11p-flga2577-1-e -data family 
Command       syn_report done; 0.42 sec.
Execute       db_write -o /nfs/ihfs/home_metis/akraus/HW3-dir/hw/hls_fit/solution2/.autopilot/db/add_nums_1.sched.adb -f 
INFO-FLOW: Finish scheduling add_nums.1.
Execute       set_default_model add_nums.1 
Execute       bind -model add_nums.1 
INFO: [BIND 205-100] Starting micro-architecture generation ...
INFO: [BIND 205-101] Performing variable lifetime analysis.
INFO: [BIND 205-101] Exploring resource sharing.
INFO: [BIND 205-101] Binding ...
INFO: [BIND 205-100] Finished micro-architecture generation.
Command       bind done; 0.25 sec.
INFO: [HLS 200-111] Finished Binding: CPU user time: 0.66 seconds. CPU system time: 0 seconds. Elapsed time: 0.67 seconds; current allocated memory: 2.379 GB.
Execute       syn_report -verbosereport -o /nfs/ihfs/home_metis/akraus/HW3-dir/hw/hls_fit/solution2/.autopilot/db/add_nums_1.verbose.bind.rpt 
Execute         list_part -family xcvu11p-flga2577-1-e 
Execute           ap_family_info -name xcvu11p-flga2577-1-e -data names 
Execute           ap_part_info -quiet -name xcvu11p-flga2577-1-e -data family 
Execute       db_write -o /nfs/ihfs/home_metis/akraus/HW3-dir/hw/hls_fit/solution2/.autopilot/db/add_nums_1.bind.adb -f 
INFO-FLOW: Finish binding add_nums.1.
INFO: [HLS 200-10] ----------------------------------------------------------------
INFO: [HLS 200-42] -- Implementing module 'calc_distance_1' 
INFO: [HLS 200-10] ----------------------------------------------------------------
Execute       set_default_model calc_distance.1 
Execute       schedule -model calc_distance.1 
INFO: [SCHED 204-11] Starting scheduling ...
WARNING: [SCHED 204-65] Unable to satisfy pipeline directive for function 'calc_distance.1': contains subloop(s) that are not unrolled.
WARNING: [SCHED 204-65] Unable to satisfy pipeline directive for function 'calc_distance.1': contains subloop(s) that are not unrolled.
INFO: [SCHED 204-11] Finished scheduling.
Command       schedule done; 0.58 sec.
INFO: [HLS 200-111] Finished Scheduling: CPU user time: 0.66 seconds. CPU system time: 0.01 seconds. Elapsed time: 0.68 seconds; current allocated memory: 2.380 GB.
Execute       syn_report -verbosereport -o /nfs/ihfs/home_metis/akraus/HW3-dir/hw/hls_fit/solution2/.autopilot/db/calc_distance_1.verbose.sched.rpt 
Execute         list_part -family xcvu11p-flga2577-1-e 
Execute           ap_family_info -name xcvu11p-flga2577-1-e -data names 
Execute           ap_part_info -quiet -name xcvu11p-flga2577-1-e -data family 
Command       syn_report done; 0.5 sec.
Execute       db_write -o /nfs/ihfs/home_metis/akraus/HW3-dir/hw/hls_fit/solution2/.autopilot/db/calc_distance_1.sched.adb -f 
INFO-FLOW: Finish scheduling calc_distance.1.
Execute       set_default_model calc_distance.1 
Execute       bind -model calc_distance.1 
INFO: [BIND 205-100] Starting micro-architecture generation ...
INFO: [BIND 205-101] Performing variable lifetime analysis.
INFO: [BIND 205-101] Exploring resource sharing.
INFO: [BIND 205-101] Binding ...
INFO: [BIND 205-100] Finished micro-architecture generation.
Command       bind done; 0.3 sec.
INFO: [HLS 200-111] Finished Binding: CPU user time: 0.78 seconds. CPU system time: 0 seconds. Elapsed time: 0.8 seconds; current allocated memory: 2.380 GB.
Execute       syn_report -verbosereport -o /nfs/ihfs/home_metis/akraus/HW3-dir/hw/hls_fit/solution2/.autopilot/db/calc_distance_1.verbose.bind.rpt 
Execute         list_part -family xcvu11p-flga2577-1-e 
Execute           ap_family_info -name xcvu11p-flga2577-1-e -data names 
Execute           ap_part_info -quiet -name xcvu11p-flga2577-1-e -data family 
Command       syn_report done; 0.11 sec.
Execute       db_write -o /nfs/ihfs/home_metis/akraus/HW3-dir/hw/hls_fit/solution2/.autopilot/db/calc_distance_1.bind.adb -f 
INFO-FLOW: Finish binding calc_distance.1.
INFO: [HLS 200-10] ----------------------------------------------------------------
INFO: [HLS 200-42] -- Implementing module 'calc_ovr_sig_sqrd_1' 
INFO: [HLS 200-10] ----------------------------------------------------------------
Execute       set_default_model calc_ovr_sig_sqrd.1 
Execute       schedule -model calc_ovr_sig_sqrd.1 
INFO: [SCHED 204-11] Starting scheduling ...
WARNING: [SCHED 204-65] Unable to satisfy pipeline directive for function 'calc_ovr_sig_sqrd.1': contains subloop(s) that are not unrolled.
WARNING: [SCHED 204-65] Unable to satisfy pipeline directive for function 'calc_ovr_sig_sqrd.1': contains subloop(s) that are not unrolled.
INFO: [SCHED 204-11] Finished scheduling.
Command       schedule done; 0.6 sec.
INFO: [HLS 200-111] Finished Scheduling: CPU user time: 0.7 seconds. CPU system time: 0 seconds. Elapsed time: 0.72 seconds; current allocated memory: 2.381 GB.
Execute       syn_report -verbosereport -o /nfs/ihfs/home_metis/akraus/HW3-dir/hw/hls_fit/solution2/.autopilot/db/calc_ovr_sig_sqrd_1.verbose.sched.rpt 
Execute         list_part -family xcvu11p-flga2577-1-e 
Execute           ap_family_info -name xcvu11p-flga2577-1-e -data names 
Execute           ap_part_info -quiet -name xcvu11p-flga2577-1-e -data family 
Command       syn_report done; 0.51 sec.
Execute       db_write -o /nfs/ihfs/home_metis/akraus/HW3-dir/hw/hls_fit/solution2/.autopilot/db/calc_ovr_sig_sqrd_1.sched.adb -f 
INFO-FLOW: Finish scheduling calc_ovr_sig_sqrd.1.
Execute       set_default_model calc_ovr_sig_sqrd.1 
Execute       bind -model calc_ovr_sig_sqrd.1 
INFO: [BIND 205-100] Starting micro-architecture generation ...
INFO: [BIND 205-101] Performing variable lifetime analysis.
INFO: [BIND 205-101] Exploring resource sharing.
INFO: [BIND 205-101] Binding ...
INFO: [BIND 205-100] Finished micro-architecture generation.
Command       bind done; 0.31 sec.
INFO: [HLS 200-111] Finished Binding: CPU user time: 0.82 seconds. CPU system time: 0 seconds. Elapsed time: 0.83 seconds; current allocated memory: 2.381 GB.
Execute       syn_report -verbosereport -o /nfs/ihfs/home_metis/akraus/HW3-dir/hw/hls_fit/solution2/.autopilot/db/calc_ovr_sig_sqrd_1.verbose.bind.rpt 
Execute         list_part -family xcvu11p-flga2577-1-e 
Execute           ap_family_info -name xcvu11p-flga2577-1-e -data names 
Execute           ap_part_info -quiet -name xcvu11p-flga2577-1-e -data family 
Command       syn_report done; 0.11 sec.
Execute       db_write -o /nfs/ihfs/home_metis/akraus/HW3-dir/hw/hls_fit/solution2/.autopilot/db/calc_ovr_sig_sqrd_1.bind.adb -f 
INFO-FLOW: Finish binding calc_ovr_sig_sqrd.1.
INFO: [HLS 200-10] ----------------------------------------------------------------
INFO: [HLS 200-42] -- Implementing module 'calc_ovr_sig_sqrd_x_1' 
INFO: [HLS 200-10] ----------------------------------------------------------------
Execute       set_default_model calc_ovr_sig_sqrd_x.1 
Execute       schedule -model calc_ovr_sig_sqrd_x.1 
INFO: [SCHED 204-11] Starting scheduling ...
WARNING: [SCHED 204-65] Unable to satisfy pipeline directive for function 'calc_ovr_sig_sqrd_x.1': contains subloop(s) that are not unrolled.
WARNING: [SCHED 204-65] Unable to satisfy pipeline directive for function 'calc_ovr_sig_sqrd_x.1': contains subloop(s) that are not unrolled.
INFO: [SCHED 204-11] Finished scheduling.
Command       schedule done; 0.61 sec.
INFO: [HLS 200-111] Finished Scheduling: CPU user time: 0.71 seconds. CPU system time: 0 seconds. Elapsed time: 0.73 seconds; current allocated memory: 2.382 GB.
Execute       syn_report -verbosereport -o /nfs/ihfs/home_metis/akraus/HW3-dir/hw/hls_fit/solution2/.autopilot/db/calc_ovr_sig_sqrd_x_1.verbose.sched.rpt 
Execute         list_part -family xcvu11p-flga2577-1-e 
Execute           ap_family_info -name xcvu11p-flga2577-1-e -data names 
Execute           ap_part_info -quiet -name xcvu11p-flga2577-1-e -data family 
Command       syn_report done; 0.53 sec.
Execute       db_write -o /nfs/ihfs/home_metis/akraus/HW3-dir/hw/hls_fit/solution2/.autopilot/db/calc_ovr_sig_sqrd_x_1.sched.adb -f 
INFO-FLOW: Finish scheduling calc_ovr_sig_sqrd_x.1.
Execute       set_default_model calc_ovr_sig_sqrd_x.1 
Execute       bind -model calc_ovr_sig_sqrd_x.1 
INFO: [BIND 205-100] Starting micro-architecture generation ...
INFO: [BIND 205-101] Performing variable lifetime analysis.
INFO: [BIND 205-101] Exploring resource sharing.
INFO: [BIND 205-101] Binding ...
INFO: [BIND 205-100] Finished micro-architecture generation.
Command       bind done; 0.32 sec.
INFO: [HLS 200-111] Finished Binding: CPU user time: 0.85 seconds. CPU system time: 0 seconds. Elapsed time: 0.86 seconds; current allocated memory: 2.382 GB.
Execute       syn_report -verbosereport -o /nfs/ihfs/home_metis/akraus/HW3-dir/hw/hls_fit/solution2/.autopilot/db/calc_ovr_sig_sqrd_x_1.verbose.bind.rpt 
Execute         list_part -family xcvu11p-flga2577-1-e 
Execute           ap_family_info -name xcvu11p-flga2577-1-e -data names 
Execute           ap_part_info -quiet -name xcvu11p-flga2577-1-e -data family 
Command       syn_report done; 0.12 sec.
Execute       db_write -o /nfs/ihfs/home_metis/akraus/HW3-dir/hw/hls_fit/solution2/.autopilot/db/calc_ovr_sig_sqrd_x_1.bind.adb -f 
INFO-FLOW: Finish binding calc_ovr_sig_sqrd_x.1.
INFO: [HLS 200-10] ----------------------------------------------------------------
INFO: [HLS 200-42] -- Implementing module 'calc_chi_squared_1' 
INFO: [HLS 200-10] ----------------------------------------------------------------
Execute       set_default_model calc_chi_squared.1 
Execute       schedule -model calc_chi_squared.1 
INFO: [SCHED 204-11] Starting scheduling ...
WARNING: [SCHED 204-65] Unable to satisfy pipeline directive for function 'calc_chi_squared.1': contains subloop(s) that are not unrolled.
WARNING: [SCHED 204-65] Unable to satisfy pipeline directive for function 'calc_chi_squared.1': contains subloop(s) that are not unrolled.
INFO: [SCHED 204-11] Finished scheduling.
Command       schedule done; 0.79 sec.
INFO: [HLS 200-111] Finished Scheduling: CPU user time: 0.91 seconds. CPU system time: 0 seconds. Elapsed time: 0.92 seconds; current allocated memory: 2.383 GB.
Execute       syn_report -verbosereport -o /nfs/ihfs/home_metis/akraus/HW3-dir/hw/hls_fit/solution2/.autopilot/db/calc_chi_squared_1.verbose.sched.rpt 
Execute         list_part -family xcvu11p-flga2577-1-e 
Execute           ap_family_info -name xcvu11p-flga2577-1-e -data names 
Execute           ap_part_info -quiet -name xcvu11p-flga2577-1-e -data family 
Command       syn_report done; 0.76 sec.
Execute       db_write -o /nfs/ihfs/home_metis/akraus/HW3-dir/hw/hls_fit/solution2/.autopilot/db/calc_chi_squared_1.sched.adb -f 
INFO-FLOW: Finish scheduling calc_chi_squared.1.
Execute       set_default_model calc_chi_squared.1 
Execute       bind -model calc_chi_squared.1 
INFO: [BIND 205-100] Starting micro-architecture generation ...
INFO: [BIND 205-101] Performing variable lifetime analysis.
INFO: [BIND 205-101] Exploring resource sharing.
INFO: [BIND 205-101] Binding ...
INFO: [BIND 205-100] Finished micro-architecture generation.
Command       bind done; 0.46 sec.
INFO: [HLS 200-111] Finished Binding: CPU user time: 1.22 seconds. CPU system time: 0 seconds. Elapsed time: 1.23 seconds; current allocated memory: 2.384 GB.
Execute       syn_report -verbosereport -o /nfs/ihfs/home_metis/akraus/HW3-dir/hw/hls_fit/solution2/.autopilot/db/calc_chi_squared_1.verbose.bind.rpt 
Execute         list_part -family xcvu11p-flga2577-1-e 
Execute           ap_family_info -name xcvu11p-flga2577-1-e -data names 
Execute           ap_part_info -quiet -name xcvu11p-flga2577-1-e -data family 
Command       syn_report done; 0.17 sec.
Execute       db_write -o /nfs/ihfs/home_metis/akraus/HW3-dir/hw/hls_fit/solution2/.autopilot/db/calc_chi_squared_1.bind.adb -f 
INFO-FLOW: Finish binding calc_chi_squared.1.
INFO: [HLS 200-10] ----------------------------------------------------------------
INFO: [HLS 200-42] -- Implementing module 'fit' 
INFO: [HLS 200-10] ----------------------------------------------------------------
Execute       set_default_model fit 
Execute       schedule -model fit 
INFO: [SCHED 204-11] Starting scheduling ...
INFO: [SCHED 204-11] Finished scheduling.
Command       schedule done; 0.17 sec.
INFO: [HLS 200-111] Finished Scheduling: CPU user time: 0.34 seconds. CPU system time: 0 seconds. Elapsed time: 0.36 seconds; current allocated memory: 2.385 GB.
Execute       syn_report -verbosereport -o /nfs/ihfs/home_metis/akraus/HW3-dir/hw/hls_fit/solution2/.autopilot/db/fit.verbose.sched.rpt 
Execute         list_part -family xcvu11p-flga2577-1-e 
Execute           ap_family_info -name xcvu11p-flga2577-1-e -data names 
Execute           ap_part_info -quiet -name xcvu11p-flga2577-1-e -data family 
Command       syn_report done; 0.11 sec.
Execute       db_write -o /nfs/ihfs/home_metis/akraus/HW3-dir/hw/hls_fit/solution2/.autopilot/db/fit.sched.adb -f 
INFO-FLOW: Finish scheduling fit.
Execute       set_default_model fit 
Execute       bind -model fit 
INFO: [BIND 205-100] Starting micro-architecture generation ...
INFO: [BIND 205-101] Performing variable lifetime analysis.
INFO: [BIND 205-101] Exploring resource sharing.
INFO: [BIND 205-101] Binding ...
INFO: [BIND 205-100] Finished micro-architecture generation.
INFO: [HLS 200-111] Finished Binding: CPU user time: 0.19 seconds. CPU system time: 0 seconds. Elapsed time: 0.19 seconds; current allocated memory: 2.385 GB.
Execute       syn_report -verbosereport -o /nfs/ihfs/home_metis/akraus/HW3-dir/hw/hls_fit/solution2/.autopilot/db/fit.verbose.bind.rpt 
Execute         list_part -family xcvu11p-flga2577-1-e 
Execute           ap_family_info -name xcvu11p-flga2577-1-e -data names 
Execute           ap_part_info -quiet -name xcvu11p-flga2577-1-e -data family 
Execute       db_write -o /nfs/ihfs/home_metis/akraus/HW3-dir/hw/hls_fit/solution2/.autopilot/db/fit.bind.adb -f 
INFO-FLOW: Finish binding fit.
Execute       get_model_list fit -filter all-wo-channel 
INFO-FLOW: Preprocessing for RTLGen ...
Execute       rtl_gen_preprocess add_nums.1 
Execute       rtl_gen_preprocess calc_distance.1 
Execute       rtl_gen_preprocess calc_ovr_sig_sqrd.1 
Execute       rtl_gen_preprocess calc_ovr_sig_sqrd_x.1 
Execute       rtl_gen_preprocess calc_chi_squared.1 
Execute       rtl_gen_preprocess fit 
INFO-FLOW: Model list for RTL generation: add_nums.1 calc_distance.1 calc_ovr_sig_sqrd.1 calc_ovr_sig_sqrd_x.1 calc_chi_squared.1 fit
INFO: [HLS 200-10] ----------------------------------------------------------------
INFO: [HLS 200-10] -- Generating RTL for module 'add_nums_1' 
INFO: [HLS 200-10] ----------------------------------------------------------------
Execute       create_rtl_model add_nums.1 -top_prefix fit_ -sub_prefix fit_ -mg_file /nfs/ihfs/home_metis/akraus/HW3-dir/hw/hls_fit/solution2/.autopilot/db/add_nums_1.compgen.tcl 
INFO: [RTGEN 206-100] Generating core module 'mul_64s_64s_64_1_1': 1 instance(s).
INFO: [RTGEN 206-100] Finished creating RTL model for 'add_nums_1'.
INFO: [HLS 200-111] Finished Creating RTL model: CPU user time: 0.05 seconds. CPU system time: 0.01 seconds. Elapsed time: 0.07 seconds; current allocated memory: 2.386 GB.
Execute       source /nfs/ihfs/home_metis/akraus/HW3-dir/hw/hls_fit/solution2/.autopilot/db/fit.rtl_wrap.cfg.tcl 
Execute       gen_rtl add_nums.1 -style xilinx -f -lang vhdl -o /nfs/ihfs/home_metis/akraus/HW3-dir/hw/hls_fit/solution2/syn/vhdl/fit_add_nums_1 
Execute       gen_rtl add_nums.1 -style xilinx -f -lang vlog -o /nfs/ihfs/home_metis/akraus/HW3-dir/hw/hls_fit/solution2/syn/verilog/fit_add_nums_1 
Execute       syn_report -csynth -model add_nums.1 -o /nfs/ihfs/home_metis/akraus/HW3-dir/hw/hls_fit/solution2/syn/report/add_nums_1_csynth.rpt 
Execute         list_part -family xcvu11p-flga2577-1-e 
Execute           ap_family_info -name xcvu11p-flga2577-1-e -data names 
Execute           ap_part_info -quiet -name xcvu11p-flga2577-1-e -data family 
Execute       syn_report -rtlxml -model add_nums.1 -o /nfs/ihfs/home_metis/akraus/HW3-dir/hw/hls_fit/solution2/syn/report/add_nums_1_csynth.xml 
Execute         list_part -family xcvu11p-flga2577-1-e 
Execute           ap_family_info -name xcvu11p-flga2577-1-e -data names 
Execute           ap_part_info -quiet -name xcvu11p-flga2577-1-e -data family 
Execute       syn_report -verbosereport -model add_nums.1 -o /nfs/ihfs/home_metis/akraus/HW3-dir/hw/hls_fit/solution2/.autopilot/db/add_nums_1.verbose.rpt 
Execute         list_part -family xcvu11p-flga2577-1-e 
Execute           ap_family_info -name xcvu11p-flga2577-1-e -data names 
Execute           ap_part_info -quiet -name xcvu11p-flga2577-1-e -data family 
Execute       db_write -model add_nums.1 -f -o /nfs/ihfs/home_metis/akraus/HW3-dir/hw/hls_fit/solution2/.autopilot/db/add_nums_1.adb 
Execute       db_write -model add_nums.1 -bindview -o /nfs/ihfs/home_metis/akraus/HW3-dir/hw/hls_fit/solution2/.autopilot/db/design.bindinfo.xml 
Execute       gen_tb_info add_nums.1 -p /nfs/ihfs/home_metis/akraus/HW3-dir/hw/hls_fit/solution2/.autopilot/db -o /nfs/ihfs/home_metis/akraus/HW3-dir/hw/hls_fit/solution2/.autopilot/db/add_nums_1 
INFO: [HLS 200-10] ----------------------------------------------------------------
INFO: [HLS 200-10] -- Generating RTL for module 'calc_distance_1' 
INFO: [HLS 200-10] ----------------------------------------------------------------
Execute       create_rtl_model calc_distance.1 -top_prefix fit_ -sub_prefix fit_ -mg_file /nfs/ihfs/home_metis/akraus/HW3-dir/hw/hls_fit/solution2/.autopilot/db/calc_distance_1.compgen.tcl 
INFO: [RTGEN 206-100] Generating core module 'dadddsub_64ns_64ns_64_4_full_dsp_1': 1 instance(s).
INFO: [RTGEN 206-100] Generating core module 'dmul_64ns_64ns_64_4_max_dsp_1': 1 instance(s).
INFO: [RTGEN 206-100] Generating core module 'sitodp_64ns_64_2_no_dsp_1': 1 instance(s).
INFO: [RTGEN 206-100] Finished creating RTL model for 'calc_distance_1'.
INFO: [HLS 200-111] Finished Creating RTL model: CPU user time: 0.16 seconds. CPU system time: 0.01 seconds. Elapsed time: 0.18 seconds; current allocated memory: 2.389 GB.
Execute       source /nfs/ihfs/home_metis/akraus/HW3-dir/hw/hls_fit/solution2/.autopilot/db/fit.rtl_wrap.cfg.tcl 
Execute       gen_rtl calc_distance.1 -style xilinx -f -lang vhdl -o /nfs/ihfs/home_metis/akraus/HW3-dir/hw/hls_fit/solution2/syn/vhdl/fit_calc_distance_1 
Execute       gen_rtl calc_distance.1 -style xilinx -f -lang vlog -o /nfs/ihfs/home_metis/akraus/HW3-dir/hw/hls_fit/solution2/syn/verilog/fit_calc_distance_1 
Execute       syn_report -csynth -model calc_distance.1 -o /nfs/ihfs/home_metis/akraus/HW3-dir/hw/hls_fit/solution2/syn/report/calc_distance_1_csynth.rpt 
Execute         list_part -family xcvu11p-flga2577-1-e 
Execute           ap_family_info -name xcvu11p-flga2577-1-e -data names 
Execute           ap_part_info -quiet -name xcvu11p-flga2577-1-e -data family 
Execute       syn_report -rtlxml -model calc_distance.1 -o /nfs/ihfs/home_metis/akraus/HW3-dir/hw/hls_fit/solution2/syn/report/calc_distance_1_csynth.xml 
Execute         list_part -family xcvu11p-flga2577-1-e 
Execute           ap_family_info -name xcvu11p-flga2577-1-e -data names 
Execute           ap_part_info -quiet -name xcvu11p-flga2577-1-e -data family 
Execute       syn_report -verbosereport -model calc_distance.1 -o /nfs/ihfs/home_metis/akraus/HW3-dir/hw/hls_fit/solution2/.autopilot/db/calc_distance_1.verbose.rpt 
Execute         list_part -family xcvu11p-flga2577-1-e 
Execute           ap_family_info -name xcvu11p-flga2577-1-e -data names 
Execute           ap_part_info -quiet -name xcvu11p-flga2577-1-e -data family 
Command       syn_report done; 0.11 sec.
Execute       db_write -model calc_distance.1 -f -o /nfs/ihfs/home_metis/akraus/HW3-dir/hw/hls_fit/solution2/.autopilot/db/calc_distance_1.adb 
Execute       db_write -model calc_distance.1 -bindview -o /nfs/ihfs/home_metis/akraus/HW3-dir/hw/hls_fit/solution2/.autopilot/db/design.bindinfo.xml 
Execute       gen_tb_info calc_distance.1 -p /nfs/ihfs/home_metis/akraus/HW3-dir/hw/hls_fit/solution2/.autopilot/db -o /nfs/ihfs/home_metis/akraus/HW3-dir/hw/hls_fit/solution2/.autopilot/db/calc_distance_1 
INFO: [HLS 200-10] ----------------------------------------------------------------
INFO: [HLS 200-10] -- Generating RTL for module 'calc_ovr_sig_sqrd_1' 
INFO: [HLS 200-10] ----------------------------------------------------------------
Execute       create_rtl_model calc_ovr_sig_sqrd.1 -top_prefix fit_ -sub_prefix fit_ -mg_file /nfs/ihfs/home_metis/akraus/HW3-dir/hw/hls_fit/solution2/.autopilot/db/calc_ovr_sig_sqrd_1.compgen.tcl 
INFO: [RTGEN 206-100] Generating core module 'dadd_64ns_64ns_64_4_full_dsp_1': 1 instance(s).
INFO: [RTGEN 206-100] Generating core module 'ddiv_64ns_64ns_64_13_no_dsp_1': 1 instance(s).
INFO: [RTGEN 206-100] Generating core module 'dmul_64ns_64ns_64_4_max_dsp_1': 1 instance(s).
INFO: [RTGEN 206-100] Generating core module 'sitodp_64ns_64_2_no_dsp_1': 1 instance(s).
INFO: [RTGEN 206-100] Finished creating RTL model for 'calc_ovr_sig_sqrd_1'.
INFO: [HLS 200-111] Finished Creating RTL model: CPU user time: 0.17 seconds. CPU system time: 0 seconds. Elapsed time: 0.2 seconds; current allocated memory: 2.392 GB.
Execute       source /nfs/ihfs/home_metis/akraus/HW3-dir/hw/hls_fit/solution2/.autopilot/db/fit.rtl_wrap.cfg.tcl 
Execute       gen_rtl calc_ovr_sig_sqrd.1 -style xilinx -f -lang vhdl -o /nfs/ihfs/home_metis/akraus/HW3-dir/hw/hls_fit/solution2/syn/vhdl/fit_calc_ovr_sig_sqrd_1 
Execute       gen_rtl calc_ovr_sig_sqrd.1 -style xilinx -f -lang vlog -o /nfs/ihfs/home_metis/akraus/HW3-dir/hw/hls_fit/solution2/syn/verilog/fit_calc_ovr_sig_sqrd_1 
Execute       syn_report -csynth -model calc_ovr_sig_sqrd.1 -o /nfs/ihfs/home_metis/akraus/HW3-dir/hw/hls_fit/solution2/syn/report/calc_ovr_sig_sqrd_1_csynth.rpt 
Execute         list_part -family xcvu11p-flga2577-1-e 
Execute           ap_family_info -name xcvu11p-flga2577-1-e -data names 
Execute           ap_part_info -quiet -name xcvu11p-flga2577-1-e -data family 
Execute       syn_report -rtlxml -model calc_ovr_sig_sqrd.1 -o /nfs/ihfs/home_metis/akraus/HW3-dir/hw/hls_fit/solution2/syn/report/calc_ovr_sig_sqrd_1_csynth.xml 
Execute         list_part -family xcvu11p-flga2577-1-e 
Execute           ap_family_info -name xcvu11p-flga2577-1-e -data names 
Execute           ap_part_info -quiet -name xcvu11p-flga2577-1-e -data family 
Execute       syn_report -verbosereport -model calc_ovr_sig_sqrd.1 -o /nfs/ihfs/home_metis/akraus/HW3-dir/hw/hls_fit/solution2/.autopilot/db/calc_ovr_sig_sqrd_1.verbose.rpt 
Execute         list_part -family xcvu11p-flga2577-1-e 
Execute           ap_family_info -name xcvu11p-flga2577-1-e -data names 
Execute           ap_part_info -quiet -name xcvu11p-flga2577-1-e -data family 
Command       syn_report done; 0.11 sec.
Execute       db_write -model calc_ovr_sig_sqrd.1 -f -o /nfs/ihfs/home_metis/akraus/HW3-dir/hw/hls_fit/solution2/.autopilot/db/calc_ovr_sig_sqrd_1.adb 
Execute       db_write -model calc_ovr_sig_sqrd.1 -bindview -o /nfs/ihfs/home_metis/akraus/HW3-dir/hw/hls_fit/solution2/.autopilot/db/design.bindinfo.xml 
Execute       gen_tb_info calc_ovr_sig_sqrd.1 -p /nfs/ihfs/home_metis/akraus/HW3-dir/hw/hls_fit/solution2/.autopilot/db -o /nfs/ihfs/home_metis/akraus/HW3-dir/hw/hls_fit/solution2/.autopilot/db/calc_ovr_sig_sqrd_1 
INFO: [HLS 200-10] ----------------------------------------------------------------
INFO: [HLS 200-10] -- Generating RTL for module 'calc_ovr_sig_sqrd_x_1' 
INFO: [HLS 200-10] ----------------------------------------------------------------
Execute       create_rtl_model calc_ovr_sig_sqrd_x.1 -top_prefix fit_ -sub_prefix fit_ -mg_file /nfs/ihfs/home_metis/akraus/HW3-dir/hw/hls_fit/solution2/.autopilot/db/calc_ovr_sig_sqrd_x_1.compgen.tcl 
INFO: [RTGEN 206-100] Generating core module 'dadd_64ns_64ns_64_4_full_dsp_1': 1 instance(s).
INFO: [RTGEN 206-100] Generating core module 'ddiv_64ns_64ns_64_13_no_dsp_1': 1 instance(s).
INFO: [RTGEN 206-100] Generating core module 'dmul_64ns_64ns_64_4_max_dsp_1': 1 instance(s).
INFO: [RTGEN 206-100] Generating core module 'sitodp_64ns_64_2_no_dsp_1': 1 instance(s).
INFO: [RTGEN 206-100] Finished creating RTL model for 'calc_ovr_sig_sqrd_x_1'.
INFO: [HLS 200-111] Finished Creating RTL model: CPU user time: 0.16 seconds. CPU system time: 0 seconds. Elapsed time: 0.18 seconds; current allocated memory: 2.394 GB.
Execute       source /nfs/ihfs/home_metis/akraus/HW3-dir/hw/hls_fit/solution2/.autopilot/db/fit.rtl_wrap.cfg.tcl 
Execute       gen_rtl calc_ovr_sig_sqrd_x.1 -style xilinx -f -lang vhdl -o /nfs/ihfs/home_metis/akraus/HW3-dir/hw/hls_fit/solution2/syn/vhdl/fit_calc_ovr_sig_sqrd_x_1 
Execute       gen_rtl calc_ovr_sig_sqrd_x.1 -style xilinx -f -lang vlog -o /nfs/ihfs/home_metis/akraus/HW3-dir/hw/hls_fit/solution2/syn/verilog/fit_calc_ovr_sig_sqrd_x_1 
Execute       syn_report -csynth -model calc_ovr_sig_sqrd_x.1 -o /nfs/ihfs/home_metis/akraus/HW3-dir/hw/hls_fit/solution2/syn/report/calc_ovr_sig_sqrd_x_1_csynth.rpt 
Execute         list_part -family xcvu11p-flga2577-1-e 
Execute           ap_family_info -name xcvu11p-flga2577-1-e -data names 
Execute           ap_part_info -quiet -name xcvu11p-flga2577-1-e -data family 
Execute       syn_report -rtlxml -model calc_ovr_sig_sqrd_x.1 -o /nfs/ihfs/home_metis/akraus/HW3-dir/hw/hls_fit/solution2/syn/report/calc_ovr_sig_sqrd_x_1_csynth.xml 
Execute         list_part -family xcvu11p-flga2577-1-e 
Execute           ap_family_info -name xcvu11p-flga2577-1-e -data names 
Execute           ap_part_info -quiet -name xcvu11p-flga2577-1-e -data family 
Execute       syn_report -verbosereport -model calc_ovr_sig_sqrd_x.1 -o /nfs/ihfs/home_metis/akraus/HW3-dir/hw/hls_fit/solution2/.autopilot/db/calc_ovr_sig_sqrd_x_1.verbose.rpt 
Execute         list_part -family xcvu11p-flga2577-1-e 
Execute           ap_family_info -name xcvu11p-flga2577-1-e -data names 
Execute           ap_part_info -quiet -name xcvu11p-flga2577-1-e -data family 
Command       syn_report done; 0.13 sec.
Execute       db_write -model calc_ovr_sig_sqrd_x.1 -f -o /nfs/ihfs/home_metis/akraus/HW3-dir/hw/hls_fit/solution2/.autopilot/db/calc_ovr_sig_sqrd_x_1.adb 
Execute       db_write -model calc_ovr_sig_sqrd_x.1 -bindview -o /nfs/ihfs/home_metis/akraus/HW3-dir/hw/hls_fit/solution2/.autopilot/db/design.bindinfo.xml 
Execute       gen_tb_info calc_ovr_sig_sqrd_x.1 -p /nfs/ihfs/home_metis/akraus/HW3-dir/hw/hls_fit/solution2/.autopilot/db -o /nfs/ihfs/home_metis/akraus/HW3-dir/hw/hls_fit/solution2/.autopilot/db/calc_ovr_sig_sqrd_x_1 
INFO: [HLS 200-10] ----------------------------------------------------------------
INFO: [HLS 200-10] -- Generating RTL for module 'calc_chi_squared_1' 
INFO: [HLS 200-10] ----------------------------------------------------------------
Execute       create_rtl_model calc_chi_squared.1 -top_prefix fit_ -sub_prefix fit_ -mg_file /nfs/ihfs/home_metis/akraus/HW3-dir/hw/hls_fit/solution2/.autopilot/db/calc_chi_squared_1.compgen.tcl 
INFO: [RTGEN 206-100] Generating core module 'dadd_64ns_64ns_64_4_full_dsp_1': 1 instance(s).
INFO: [RTGEN 206-100] Generating core module 'dadddsub_64ns_64ns_64_4_full_dsp_1': 1 instance(s).
INFO: [RTGEN 206-100] Generating core module 'ddiv_64ns_64ns_64_13_no_dsp_1': 3 instance(s).
INFO: [RTGEN 206-100] Generating core module 'dmul_64ns_64ns_64_4_max_dsp_1': 2 instance(s).
INFO: [RTGEN 206-100] Generating core module 'printdouble': 2 instance(s).
INFO: [RTGEN 206-100] Generating core module 'sitodp_64ns_64_2_no_dsp_1': 1 instance(s).
INFO: [RTGEN 206-100] Finished creating RTL model for 'calc_chi_squared_1'.
INFO: [HLS 200-111] Finished Creating RTL model: CPU user time: 0.2 seconds. CPU system time: 0.01 seconds. Elapsed time: 0.23 seconds; current allocated memory: 2.399 GB.
Execute       source /nfs/ihfs/home_metis/akraus/HW3-dir/hw/hls_fit/solution2/.autopilot/db/fit.rtl_wrap.cfg.tcl 
Execute       gen_rtl calc_chi_squared.1 -style xilinx -f -lang vhdl -o /nfs/ihfs/home_metis/akraus/HW3-dir/hw/hls_fit/solution2/syn/vhdl/fit_calc_chi_squared_1 
Execute       gen_rtl calc_chi_squared.1 -style xilinx -f -lang vlog -o /nfs/ihfs/home_metis/akraus/HW3-dir/hw/hls_fit/solution2/syn/verilog/fit_calc_chi_squared_1 
Execute       syn_report -csynth -model calc_chi_squared.1 -o /nfs/ihfs/home_metis/akraus/HW3-dir/hw/hls_fit/solution2/syn/report/calc_chi_squared_1_csynth.rpt 
Execute         list_part -family xcvu11p-flga2577-1-e 
Execute           ap_family_info -name xcvu11p-flga2577-1-e -data names 
Execute           ap_part_info -quiet -name xcvu11p-flga2577-1-e -data family 
Execute       syn_report -rtlxml -model calc_chi_squared.1 -o /nfs/ihfs/home_metis/akraus/HW3-dir/hw/hls_fit/solution2/syn/report/calc_chi_squared_1_csynth.xml 
Execute         list_part -family xcvu11p-flga2577-1-e 
Execute           ap_family_info -name xcvu11p-flga2577-1-e -data names 
Execute           ap_part_info -quiet -name xcvu11p-flga2577-1-e -data family 
Execute       syn_report -verbosereport -model calc_chi_squared.1 -o /nfs/ihfs/home_metis/akraus/HW3-dir/hw/hls_fit/solution2/.autopilot/db/calc_chi_squared_1.verbose.rpt 
Execute         list_part -family xcvu11p-flga2577-1-e 
Execute           ap_family_info -name xcvu11p-flga2577-1-e -data names 
Execute           ap_part_info -quiet -name xcvu11p-flga2577-1-e -data family 
Command       syn_report done; 0.18 sec.
Execute       db_write -model calc_chi_squared.1 -f -o /nfs/ihfs/home_metis/akraus/HW3-dir/hw/hls_fit/solution2/.autopilot/db/calc_chi_squared_1.adb 
Execute       db_write -model calc_chi_squared.1 -bindview -o /nfs/ihfs/home_metis/akraus/HW3-dir/hw/hls_fit/solution2/.autopilot/db/design.bindinfo.xml 
Execute       gen_tb_info calc_chi_squared.1 -p /nfs/ihfs/home_metis/akraus/HW3-dir/hw/hls_fit/solution2/.autopilot/db -o /nfs/ihfs/home_metis/akraus/HW3-dir/hw/hls_fit/solution2/.autopilot/db/calc_chi_squared_1 
INFO: [HLS 200-10] ----------------------------------------------------------------
INFO: [HLS 200-10] -- Generating RTL for module 'fit' 
INFO: [HLS 200-10] ----------------------------------------------------------------
Execute       create_rtl_model fit -top_prefix  -sub_prefix fit_ -mg_file /nfs/ihfs/home_metis/akraus/HW3-dir/hw/hls_fit/solution2/.autopilot/db/fit.compgen.tcl 
WARNING: [RTGEN 206-101] Design contains AXI ports. Reset is fixed to synchronous and active low.
INFO: [RTGEN 206-500] Setting interface mode on port 'fit/gmem' to 'm_axi'.
INFO: [RTGEN 206-500] Setting interface mode on port 'fit/arrx' to 's_axilite & ap_none'.
INFO: [RTGEN 206-500] Setting interface mode on port 'fit/arry' to 's_axilite & ap_none'.
INFO: [RTGEN 206-500] Setting interface mode on port 'fit/arrsigs' to 's_axilite & ap_none'.
INFO: [RTGEN 206-500] Setting interface mode on port 'fit/size' to 's_axilite & ap_none'.
INFO: [RTGEN 206-500] Setting interface mode on function 'fit' to 's_axilite & ap_ctrl_chain'.
INFO: [RTGEN 206-100] Bundling port 'arrx', 'arry', 'arrsigs', 'size' and 'return' to AXI-Lite port control.
INFO: [RTGEN 206-100] Generating core module 'dadddsub_64ns_64ns_64_4_full_dsp_1': 1 instance(s).
INFO: [RTGEN 206-100] Generating core module 'ddiv_64ns_64ns_64_13_no_dsp_1': 2 instance(s).
INFO: [RTGEN 206-100] Generating core module 'dmul_64ns_64ns_64_4_max_dsp_1': 1 instance(s).
INFO: [RTGEN 206-100] Generating core module 'mul_64s_32s_64_1_1': 2 instance(s).
INFO: [RTGEN 206-100] Generating core module 'mul_64s_64s_64_1_1': 4 instance(s).
INFO: [RTGEN 206-100] Generating core module 'printdouble': 4 instance(s).
INFO: [RTGEN 206-100] Generating core module 'sitodp_64ns_64_2_no_dsp_1': 3 instance(s).
INFO: [RTGEN 206-100] Finished creating RTL model for 'fit'.
INFO: [HLS 200-111] Finished Creating RTL model: CPU user time: 0.29 seconds. CPU system time: 0.01 seconds. Elapsed time: 0.36 seconds; current allocated memory: 2.403 GB.
Execute       source /nfs/ihfs/home_metis/akraus/HW3-dir/hw/hls_fit/solution2/.autopilot/db/fit.rtl_wrap.cfg.tcl 
Execute       gen_rtl fit -istop -style xilinx -f -lang vhdl -o /nfs/ihfs/home_metis/akraus/HW3-dir/hw/hls_fit/solution2/syn/vhdl/fit 
Execute       gen_rtl fit -istop -style xilinx -f -lang vlog -o /nfs/ihfs/home_metis/akraus/HW3-dir/hw/hls_fit/solution2/syn/verilog/fit 
Execute       syn_report -csynth -model fit -o /nfs/ihfs/home_metis/akraus/HW3-dir/hw/hls_fit/solution2/syn/report/fit_csynth.rpt 
Execute         list_part -family xcvu11p-flga2577-1-e 
Execute           ap_family_info -name xcvu11p-flga2577-1-e -data names 
Execute           ap_part_info -quiet -name xcvu11p-flga2577-1-e -data family 
Execute       syn_report -rtlxml -model fit -o /nfs/ihfs/home_metis/akraus/HW3-dir/hw/hls_fit/solution2/syn/report/fit_csynth.xml 
Execute         list_part -family xcvu11p-flga2577-1-e 
Execute           ap_family_info -name xcvu11p-flga2577-1-e -data names 
Execute           ap_part_info -quiet -name xcvu11p-flga2577-1-e -data family 
Execute       syn_report -verbosereport -model fit -o /nfs/ihfs/home_metis/akraus/HW3-dir/hw/hls_fit/solution2/.autopilot/db/fit.verbose.rpt 
Execute         list_part -family xcvu11p-flga2577-1-e 
Execute           ap_family_info -name xcvu11p-flga2577-1-e -data names 
Execute           ap_part_info -quiet -name xcvu11p-flga2577-1-e -data family 
Execute       db_write -model fit -f -o /nfs/ihfs/home_metis/akraus/HW3-dir/hw/hls_fit/solution2/.autopilot/db/fit.adb 
Execute       db_write -model fit -bindview -o /nfs/ihfs/home_metis/akraus/HW3-dir/hw/hls_fit/solution2/.autopilot/db/design.bindinfo.xml 
Execute       gen_tb_info fit -p /nfs/ihfs/home_metis/akraus/HW3-dir/hw/hls_fit/solution2/.autopilot/db -o /nfs/ihfs/home_metis/akraus/HW3-dir/hw/hls_fit/solution2/.autopilot/db/fit 
Execute       export_constraint_db -f -tool general -o /nfs/ihfs/home_metis/akraus/HW3-dir/hw/hls_fit/solution2/.autopilot/db/fit.constraint.tcl 
Execute       syn_report -designview -model fit -o /nfs/ihfs/home_metis/akraus/HW3-dir/hw/hls_fit/solution2/.autopilot/db/fit.design.xml 
Execute       syn_report -csynthDesign -model fit -o /nfs/ihfs/home_metis/akraus/HW3-dir/hw/hls_fit/solution2/syn/report/csynth.rpt -MHOut /nfs/ihfs/home_metis/akraus/HW3-dir/hw/hls_fit/solution2/.autopilot/db/kernel_module_hierarchy.tcl 
Execute         list_part -family xcvu11p-flga2577-1-e 
Execute           ap_family_info -name xcvu11p-flga2577-1-e -data names 
Execute           ap_part_info -quiet -name xcvu11p-flga2577-1-e -data family 
Execute       syn_report -wcfg -model fit -o /nfs/ihfs/home_metis/akraus/HW3-dir/hw/hls_fit/solution2/.autopilot/db/fit_dataflow_ana.wcfg 
Execute       syn_report -protoinst -model fit -o /nfs/ihfs/home_metis/akraus/HW3-dir/hw/hls_fit/solution2/.autopilot/db/fit.protoinst 
Execute       sc_get_clocks fit 
Execute       sc_get_portdomain fit 
INFO-FLOW: Model list for RTL component generation: add_nums.1 calc_distance.1 calc_ovr_sig_sqrd.1 calc_ovr_sig_sqrd_x.1 calc_chi_squared.1 fit
INFO-FLOW: Handling components in module [add_nums_1] ... 
Execute       source /nfs/ihfs/home_metis/akraus/HW3-dir/hw/hls_fit/solution2/.autopilot/db/add_nums_1.compgen.tcl 
INFO-FLOW: Found component fit_mul_64s_64s_64_1_1.
INFO-FLOW: Append model fit_mul_64s_64s_64_1_1
INFO-FLOW: Handling components in module [calc_distance_1] ... 
Execute       source /nfs/ihfs/home_metis/akraus/HW3-dir/hw/hls_fit/solution2/.autopilot/db/calc_distance_1.compgen.tcl 
INFO-FLOW: Handling components in module [calc_ovr_sig_sqrd_1] ... 
Execute       source /nfs/ihfs/home_metis/akraus/HW3-dir/hw/hls_fit/solution2/.autopilot/db/calc_ovr_sig_sqrd_1.compgen.tcl 
INFO-FLOW: Handling components in module [calc_ovr_sig_sqrd_x_1] ... 
Execute       source /nfs/ihfs/home_metis/akraus/HW3-dir/hw/hls_fit/solution2/.autopilot/db/calc_ovr_sig_sqrd_x_1.compgen.tcl 
INFO-FLOW: Handling components in module [calc_chi_squared_1] ... 
Execute       source /nfs/ihfs/home_metis/akraus/HW3-dir/hw/hls_fit/solution2/.autopilot/db/calc_chi_squared_1.compgen.tcl 
INFO-FLOW: Found component fit_dadd_64ns_64ns_64_4_full_dsp_1.
INFO-FLOW: Append model fit_dadd_64ns_64ns_64_4_full_dsp_1
INFO-FLOW: Found component fit_ddiv_64ns_64ns_64_13_no_dsp_1.
INFO-FLOW: Append model fit_ddiv_64ns_64ns_64_13_no_dsp_1
INFO-FLOW: Found component fit_printdouble.
INFO-FLOW: Append model fit_printdouble
INFO-FLOW: Handling components in module [fit] ... 
Execute       source /nfs/ihfs/home_metis/akraus/HW3-dir/hw/hls_fit/solution2/.autopilot/db/fit.compgen.tcl 
INFO-FLOW: Found component fit_ddiv_64ns_64ns_64_13_no_dsp_1.
INFO-FLOW: Append model fit_ddiv_64ns_64ns_64_13_no_dsp_1
INFO-FLOW: Found component fit_ddiv_64ns_64ns_64_13_no_dsp_1.
INFO-FLOW: Append model fit_ddiv_64ns_64ns_64_13_no_dsp_1
INFO-FLOW: Found component fit_sitodp_64ns_64_2_no_dsp_1.
INFO-FLOW: Append model fit_sitodp_64ns_64_2_no_dsp_1
INFO-FLOW: Found component fit_mul_64s_32s_64_1_1.
INFO-FLOW: Append model fit_mul_64s_32s_64_1_1
INFO-FLOW: Found component fit_dadddsub_64ns_64ns_64_4_full_dsp_1.
INFO-FLOW: Append model fit_dadddsub_64ns_64ns_64_4_full_dsp_1
INFO-FLOW: Found component fit_dmul_64ns_64ns_64_4_max_dsp_1.
INFO-FLOW: Append model fit_dmul_64ns_64ns_64_4_max_dsp_1
INFO-FLOW: Found component fit_gmem_m_axi.
INFO-FLOW: Append model fit_gmem_m_axi
INFO-FLOW: Found component fit_control_s_axi.
INFO-FLOW: Append model fit_control_s_axi
INFO-FLOW: Append model add_nums_1
INFO-FLOW: Append model calc_distance_1
INFO-FLOW: Append model calc_ovr_sig_sqrd_1
INFO-FLOW: Append model calc_ovr_sig_sqrd_x_1
INFO-FLOW: Append model calc_chi_squared_1
INFO-FLOW: Append model fit
INFO-FLOW: Generating RTL model list ...
INFO-FLOW: All models in this session: fit_mul_64s_64s_64_1_1 fit_dadd_64ns_64ns_64_4_full_dsp_1 fit_ddiv_64ns_64ns_64_13_no_dsp_1 fit_printdouble fit_ddiv_64ns_64ns_64_13_no_dsp_1 fit_ddiv_64ns_64ns_64_13_no_dsp_1 fit_sitodp_64ns_64_2_no_dsp_1 fit_mul_64s_32s_64_1_1 fit_dadddsub_64ns_64ns_64_4_full_dsp_1 fit_dmul_64ns_64ns_64_4_max_dsp_1 fit_gmem_m_axi fit_control_s_axi add_nums_1 calc_distance_1 calc_ovr_sig_sqrd_1 calc_ovr_sig_sqrd_x_1 calc_chi_squared_1 fit
INFO-FLOW: Generating /nfs/ihfs/home_metis/akraus/HW3-dir/hw/hls_fit/solution2/.autopilot/db/autopilot.rtl.models.txt file...
INFO-FLOW: To file: write model fit_mul_64s_64s_64_1_1
INFO-FLOW: To file: write model fit_dadd_64ns_64ns_64_4_full_dsp_1
INFO-FLOW: To file: write model fit_ddiv_64ns_64ns_64_13_no_dsp_1
INFO-FLOW: To file: write model fit_printdouble
INFO-FLOW: To file: write model fit_ddiv_64ns_64ns_64_13_no_dsp_1
INFO-FLOW: To file: write model fit_ddiv_64ns_64ns_64_13_no_dsp_1
INFO-FLOW: To file: write model fit_sitodp_64ns_64_2_no_dsp_1
INFO-FLOW: To file: write model fit_mul_64s_32s_64_1_1
INFO-FLOW: To file: write model fit_dadddsub_64ns_64ns_64_4_full_dsp_1
INFO-FLOW: To file: write model fit_dmul_64ns_64ns_64_4_max_dsp_1
INFO-FLOW: To file: write model fit_gmem_m_axi
INFO-FLOW: To file: write model fit_control_s_axi
INFO-FLOW: To file: write model add_nums_1
INFO-FLOW: To file: write model calc_distance_1
INFO-FLOW: To file: write model calc_ovr_sig_sqrd_1
INFO-FLOW: To file: write model calc_ovr_sig_sqrd_x_1
INFO-FLOW: To file: write model calc_chi_squared_1
INFO-FLOW: To file: write model fit
INFO-FLOW: Generating /nfs/ihfs/home_metis/akraus/HW3-dir/hw/hls_fit/solution2/.autopilot/db/autopilot.rtl.models.tcl file...
INFO-FLOW: Finished generating RTL model list.


INFO-FLOW: RTL Generation done.
INFO-FLOW: CAS Generation done.
INFO-FLOW: CBC Generation done.
INFO-FLOW: DBG:PROC: ::AESL_AUTOMG::auto_generate_csynth_design
INFO-FLOW: DBG:PUTS: read_platform_lib /nfs/ihfs/home_metis/akraus/HW3-dir/hw/hls_fit/solution2/.autopilot/db/global.setting.tcl
Execute       source /opt/metis/el8/contrib/amdtools/xilinx-2023.1/Vitis_HLS/2023.1/common/technology/generic/autopilot/common.gen 
Execute         source /opt/metis/el8/contrib/amdtools/xilinx-2023.1/Vitis_HLS/2023.1/common/technology/generic/autopilot/APCoreGen.gen 
Execute       source /opt/metis/el8/contrib/amdtools/xilinx-2023.1/Vitis_HLS/2023.1/common/technology/generic/autopilot/op.gen 
Execute       source /opt/metis/el8/contrib/amdtools/xilinx-2023.1/Vitis_HLS/2023.1/common/technology/generic/autopilot/op_simcore.gen 
Execute       source /opt/metis/el8/contrib/amdtools/xilinx-2023.1/Vitis_HLS/2023.1/common/technology/generic/autopilot/interface.gen 
Execute       source /nfs/ihfs/home_metis/akraus/HW3-dir/hw/hls_fit/solution2/.autopilot/db/global.setting.tcl 
Execute       source /opt/metis/el8/contrib/amdtools/xilinx-2023.1/Vitis_HLS/2023.1/common/technology/xilinx/common/xilinx.gen 
Execute         source /opt/metis/el8/contrib/amdtools/xilinx-2023.1/Vitis_HLS/2023.1/common/technology/xilinx/interface/plb46.gen 
Execute         source /opt/metis/el8/contrib/amdtools/xilinx-2023.1/Vitis_HLS/2023.1/common/technology/xilinx/interface/axi4.gen 
Execute         source /opt/metis/el8/contrib/amdtools/xilinx-2023.1/Vitis_HLS/2023.1/common/technology/xilinx/interface/nativeAXI4.gen 
Execute           source /opt/metis/el8/contrib/amdtools/xilinx-2023.1/Vitis_HLS/2023.1/common/technology/xilinx/interface/saxilite.gen 
Execute         source /opt/metis/el8/contrib/amdtools/xilinx-2023.1/Vitis_HLS/2023.1/common/technology/xilinx/scripts/xilinxcoregen.gen 
Execute         source /opt/metis/el8/contrib/amdtools/xilinx-2023.1/Vitis_HLS/2023.1/common/technology/xilinx/interface/XilEDKCoreGen.gen 
Execute         source /opt/metis/el8/contrib/amdtools/xilinx-2023.1/Vitis_HLS/2023.1/common/technology/xilinx/ip/dds_compiler.gen 
Execute         source /opt/metis/el8/contrib/amdtools/xilinx-2023.1/Vitis_HLS/2023.1/common/technology/xilinx/ip/util.gen 
Execute         source /opt/metis/el8/contrib/amdtools/xilinx-2023.1/Vitis_HLS/2023.1/common/technology/xilinx/ip/xfft.gen 
Execute         source /opt/metis/el8/contrib/amdtools/xilinx-2023.1/Vitis_HLS/2023.1/common/technology/xilinx/ip/xfir.gen 
Execute         source /opt/metis/el8/contrib/amdtools/xilinx-2023.1/Vitis_HLS/2023.1/common/technology/xilinx/DSP48/dsp48.gen 
INFO-FLOW: DBG:PUTS:   using AESL_AUTOCG::g_clock_period=10.000 (was NA)
INFO-FLOW: DBG:PROC: ::AESL_AUTOMG::generate_ip_cores gen_sim_model='1' gen_fp_models='0' gen_for_export='0' dstSCDir='' dstVhdlDir='/nfs/ihfs/home_metis/akraus/HW3-dir/hw/hls_fit/solution2/.autopilot/db/vhdl' dstVlogDir='/nfs/ihfs/home_metis/akraus/HW3-dir/hw/hls_fit/solution2/.autopilot/db/vlog' tclDir='/nfs/ihfs/home_metis/akraus/HW3-dir/hw/hls_fit/solution2/.autopilot/db' modelList='fit_mul_64s_64s_64_1_1
fit_dadd_64ns_64ns_64_4_full_dsp_1
fit_ddiv_64ns_64ns_64_13_no_dsp_1
fit_printdouble
fit_ddiv_64ns_64ns_64_13_no_dsp_1
fit_ddiv_64ns_64ns_64_13_no_dsp_1
fit_sitodp_64ns_64_2_no_dsp_1
fit_mul_64s_32s_64_1_1
fit_dadddsub_64ns_64ns_64_4_full_dsp_1
fit_dmul_64ns_64ns_64_4_max_dsp_1
fit_gmem_m_axi
fit_control_s_axi
add_nums_1
calc_distance_1
calc_ovr_sig_sqrd_1
calc_ovr_sig_sqrd_x_1
calc_chi_squared_1
fit
' expOnly='0'
Execute       source /nfs/ihfs/home_metis/akraus/HW3-dir/hw/hls_fit/solution2/.autopilot/db/global.setting.tcl 
Execute       ap_part_info -name xcvu11p-flga2577-1-e -data names -quiet 
Execute       ap_part_info -name xcvu11p-flga2577-1-e -data info -quiet 
Execute       source /nfs/ihfs/home_metis/akraus/HW3-dir/hw/hls_fit/solution2/.autopilot/db/global.setting.tcl 
Execute       source /nfs/ihfs/home_metis/akraus/HW3-dir/hw/hls_fit/solution2/.autopilot/db/global.setting.tcl 
Execute       source /nfs/ihfs/home_metis/akraus/HW3-dir/hw/hls_fit/solution2/.autopilot/db/add_nums_1.compgen.tcl 
Execute       source /nfs/ihfs/home_metis/akraus/HW3-dir/hw/hls_fit/solution2/.autopilot/db/calc_distance_1.compgen.tcl 
Execute       source /nfs/ihfs/home_metis/akraus/HW3-dir/hw/hls_fit/solution2/.autopilot/db/calc_ovr_sig_sqrd_1.compgen.tcl 
Execute       source /nfs/ihfs/home_metis/akraus/HW3-dir/hw/hls_fit/solution2/.autopilot/db/calc_ovr_sig_sqrd_x_1.compgen.tcl 
Execute       source /nfs/ihfs/home_metis/akraus/HW3-dir/hw/hls_fit/solution2/.autopilot/db/calc_chi_squared_1.compgen.tcl 
Execute       source /nfs/ihfs/home_metis/akraus/HW3-dir/hw/hls_fit/solution2/.autopilot/db/fit.compgen.tcl 
Execute         source ./control.slave.tcl 
INFO: [HLS 200-111] Finished Generating all RTL models: CPU user time: 0.27 seconds. CPU system time: 0.02 seconds. Elapsed time: 0.42 seconds; current allocated memory: 2.407 GB.
INFO-FLOW: DBG:PROC: ::HLSREPORTS::create_csynth_xml bind_info_var='bind_info' RtlSubPrefix='fit_' outfile=''
INFO-FLOW: Running: create_csynth_xml read xml data
INFO-FLOW: Done: create_csynth_xml read xml data time: 0 seconds per iteration
INFO-FLOW: Running: create_csynth_xml bind info
INFO-FLOW: Done: create_csynth_xml bind info time: 0 seconds per iteration
INFO-FLOW: Running: create_csynth_xml config info
INFO-FLOW: Done: create_csynth_xml config info time: 0.1 seconds per iteration
INFO-FLOW: Running: create_csynth_xml write xml
INFO-FLOW: Done: create_csynth_xml write xml time: 0 seconds per iteration
INFO-FLOW: DBG:PUTS:      create_csynth_xml wrote csynth_xml=/nfs/ihfs/home_metis/akraus/HW3-dir/hw/hls_fit/solution2/syn/report/csynth.xml
INFO-FLOW: DBG:PROC: ::AP::DESIGN_DATA::generate_json generate_bd_files='0' generate_xo_files='0' modelList='fit_mul_64s_64s_64_1_1
fit_dadd_64ns_64ns_64_4_full_dsp_1
fit_ddiv_64ns_64ns_64_13_no_dsp_1
fit_printdouble
fit_ddiv_64ns_64ns_64_13_no_dsp_1
fit_ddiv_64ns_64ns_64_13_no_dsp_1
fit_sitodp_64ns_64_2_no_dsp_1
fit_mul_64s_32s_64_1_1
fit_dadddsub_64ns_64ns_64_4_full_dsp_1
fit_dmul_64ns_64ns_64_4_max_dsp_1
fit_gmem_m_axi
fit_control_s_axi
add_nums_1
calc_distance_1
calc_ovr_sig_sqrd_1
calc_ovr_sig_sqrd_x_1
calc_chi_squared_1
fit
' rtl_lang='both' bootstrap_tcl='false' outdir='' outfilename=''
Execute       source /nfs/ihfs/home_metis/akraus/HW3-dir/hw/hls_fit/solution2/.autopilot/db/global.setting.tcl 
Execute       source /nfs/ihfs/home_metis/akraus/HW3-dir/hw/hls_fit/solution2/.autopilot/db/global.setting.tcl 
Execute       source /nfs/ihfs/home_metis/akraus/HW3-dir/hw/hls_fit/solution2/.autopilot/db/top-io-be.tcl 
Execute       source /nfs/ihfs/home_metis/akraus/HW3-dir/hw/hls_fit/solution2/.autopilot/db/fit.tbgen.tcl 
Execute       source /nfs/ihfs/home_metis/akraus/HW3-dir/hw/hls_fit/solution2/.autopilot/db/fit.compgen.dataonly.tcl 
Execute       source /nfs/ihfs/home_metis/akraus/HW3-dir/hw/hls_fit/solution2/.autopilot/db/fit.compgen.dataonly.tcl 
Execute       source /nfs/ihfs/home_metis/akraus/HW3-dir/hw/hls_fit/solution2/.autopilot/db/fit.rtl_wrap.cfg.tcl 
Execute       source /nfs/ihfs/home_metis/akraus/HW3-dir/hw/hls_fit/solution2/.autopilot/db/fit.compgen.dataonly.tcl 
Execute       source /nfs/ihfs/home_metis/akraus/HW3-dir/hw/hls_fit/solution2/.autopilot/db/add_nums_1.tbgen.tcl 
Execute       source /nfs/ihfs/home_metis/akraus/HW3-dir/hw/hls_fit/solution2/.autopilot/db/calc_distance_1.tbgen.tcl 
Execute       source /nfs/ihfs/home_metis/akraus/HW3-dir/hw/hls_fit/solution2/.autopilot/db/calc_ovr_sig_sqrd_1.tbgen.tcl 
Execute       source /nfs/ihfs/home_metis/akraus/HW3-dir/hw/hls_fit/solution2/.autopilot/db/calc_ovr_sig_sqrd_x_1.tbgen.tcl 
Execute       source /nfs/ihfs/home_metis/akraus/HW3-dir/hw/hls_fit/solution2/.autopilot/db/calc_chi_squared_1.tbgen.tcl 
Execute       source /nfs/ihfs/home_metis/akraus/HW3-dir/hw/hls_fit/solution2/.autopilot/db/fit.tbgen.tcl 
Execute       source /nfs/ihfs/home_metis/akraus/HW3-dir/hw/hls_fit/solution2/.autopilot/db/global.setting.tcl 
Execute       ap_part_info -name xcvu11p-flga2577-1-e -data names -quiet 
Execute       ap_part_info -name xcvu11p-flga2577-1-e -data info -quiet 
Execute       source /nfs/ihfs/home_metis/akraus/HW3-dir/hw/hls_fit/solution2/.autopilot/db/fit.constraint.tcl 
Execute       sc_get_clocks fit 
Execute       source /nfs/ihfs/home_metis/akraus/HW3-dir/hw/hls_fit/solution2/.autopilot/db/global.setting.tcl 
Execute       source /nfs/ihfs/home_metis/akraus/HW3-dir/hw/hls_fit/solution2/impl/misc/fit_dadd_64ns_64ns_64_4_full_dsp_1_ip.tcl 
Execute       source /nfs/ihfs/home_metis/akraus/HW3-dir/hw/hls_fit/solution2/impl/misc/fit_dadddsub_64ns_64ns_64_4_full_dsp_1_ip.tcl 
Execute       source /nfs/ihfs/home_metis/akraus/HW3-dir/hw/hls_fit/solution2/impl/misc/fit_ddiv_64ns_64ns_64_13_no_dsp_1_ip.tcl 
Execute       source /nfs/ihfs/home_metis/akraus/HW3-dir/hw/hls_fit/solution2/impl/misc/fit_dmul_64ns_64ns_64_4_max_dsp_1_ip.tcl 
Execute       source /nfs/ihfs/home_metis/akraus/HW3-dir/hw/hls_fit/solution2/impl/misc/fit_sitodp_64ns_64_2_no_dsp_1_ip.tcl 
INFO-FLOW: DBG:PROC: ::HLSREPORTS::add_csynth_report_sections bind_info_dict='adapter_nodes {{BINDTYPE adapter DISPLAY {bind_adapter axilite} ID {} IMPL {} LATENCY {} OPTYPE {} PRAGMA yes RTLNAME control_s_axi_U SOURCE {} VARIABLE {} MODULE fit LOOP {} BUNDLEDNAME control DSP 0 BRAM 0 URAM 0} {BINDTYPE adapter DISPLAY {bind_adapter axi_master} ID {} IMPL {} LATENCY {} OPTYPE {} PRAGMA yes RTLNAME gmem_m_axi_U SOURCE {} VARIABLE {} MODULE fit LOOP {} BUNDLEDNAME gmem DSP 0 BRAM 8 URAM 0}} report_dict {TOPINST fit MODULE2INSTS {fit fit add_nums_1 grp_add_nums_1_fu_92 calc_distance_1 grp_calc_distance_1_fu_104 calc_chi_squared_1 grp_calc_chi_squared_1_fu_115 calc_ovr_sig_sqrd_1 grp_calc_ovr_sig_sqrd_1_fu_158 calc_ovr_sig_sqrd_x_1 grp_calc_ovr_sig_sqrd_x_1_fu_167} INST2MODULE {fit fit grp_add_nums_1_fu_92 add_nums_1 grp_calc_distance_1_fu_104 calc_distance_1 grp_calc_chi_squared_1_fu_115 calc_chi_squared_1 grp_calc_ovr_sig_sqrd_1_fu_158 calc_ovr_sig_sqrd_1 grp_calc_ovr_sig_sqrd_x_1_fu_167 calc_ovr_sig_sqrd_x_1} INSTDATA {fit {DEPTH 1 CHILDREN {grp_add_nums_1_fu_92 grp_calc_distance_1_fu_104 grp_calc_chi_squared_1_fu_115}} grp_add_nums_1_fu_92 {DEPTH 2 CHILDREN {}} grp_calc_distance_1_fu_104 {DEPTH 2 CHILDREN {}} grp_calc_chi_squared_1_fu_115 {DEPTH 2 CHILDREN {grp_calc_ovr_sig_sqrd_1_fu_158 grp_calc_ovr_sig_sqrd_x_1_fu_167}} grp_calc_ovr_sig_sqrd_1_fu_158 {DEPTH 3 CHILDREN {}} grp_calc_ovr_sig_sqrd_x_1_fu_167 {DEPTH 3 CHILDREN {}}} MODULEDATA {add_nums_1 {BINDINFO {{BINDTYPE op ID {} IMPL fabric LATENCY 0 OPTYPE add PRAGMA {} RTLNAME add_ln28_fu_263_p2 SOURCE main.cpp:28 VARIABLE add_ln28 LOOP VITIS_LOOP_28_1 BUNDLEDNAME {} DSP 0 BRAM 0 URAM 0 DISPNAME {bind_op add}} {BINDTYPE op ID {} IMPL fabric LATENCY 0 OPTYPE add PRAGMA {} RTLNAME add_ln30_fu_269_p2 SOURCE main.cpp:30 VARIABLE add_ln30 LOOP VITIS_LOOP_28_1 BUNDLEDNAME {} DSP 0 BRAM 0 URAM 0 DISPNAME {bind_op add}} {BINDTYPE op ID {} IMPL fabric LATENCY 0 OPTYPE add PRAGMA {} RTLNAME add_ln30_1_fu_304_p2 SOURCE main.cpp:30 VARIABLE add_ln30_1 LOOP VITIS_LOOP_28_1 BUNDLEDNAME {} DSP 0 BRAM 0 URAM 0 DISPNAME {bind_op add}} {BINDTYPE op ID {} IMPL fabric LATENCY 0 OPTYPE add PRAGMA {} RTLNAME add_ln31_fu_274_p2 SOURCE main.cpp:31 VARIABLE add_ln31 LOOP VITIS_LOOP_28_1 BUNDLEDNAME {} DSP 0 BRAM 0 URAM 0 DISPNAME {bind_op add}} {BINDTYPE op ID {} IMPL fabric LATENCY 0 OPTYPE add PRAGMA {} RTLNAME add_ln31_1_fu_313_p2 SOURCE main.cpp:31 VARIABLE add_ln31_1 LOOP VITIS_LOOP_28_1 BUNDLEDNAME {} DSP 0 BRAM 0 URAM 0 DISPNAME {bind_op add}} {BINDTYPE op ID {} IMPL auto LATENCY 0 OPTYPE mul PRAGMA {} RTLNAME mul_64s_64s_64_1_1_U1 SOURCE main.cpp:32 VARIABLE mul_ln32 LOOP VITIS_LOOP_28_1 BUNDLEDNAME {} DSP 10 BRAM 0 URAM 0 DISPNAME {bind_op mul}} {BINDTYPE op ID {} IMPL fabric LATENCY 0 OPTYPE add PRAGMA {} RTLNAME add_ln32_fu_332_p2 SOURCE main.cpp:32 VARIABLE add_ln32 LOOP VITIS_LOOP_28_1 BUNDLEDNAME {} DSP 0 BRAM 0 URAM 0 DISPNAME {bind_op add}} {BINDTYPE op ID {} IMPL auto LATENCY 0 OPTYPE mul PRAGMA {} RTLNAME mul_64s_64s_64_1_1_U1 SOURCE main.cpp:33 VARIABLE mul_ln33 LOOP VITIS_LOOP_28_1 BUNDLEDNAME {} DSP 10 BRAM 0 URAM 0 DISPNAME {bind_op mul}} {BINDTYPE op ID {} IMPL fabric LATENCY 0 OPTYPE add PRAGMA {} RTLNAME add_ln33_fu_317_p2 SOURCE main.cpp:33 VARIABLE add_ln33 LOOP VITIS_LOOP_28_1 BUNDLEDNAME {} DSP 0 BRAM 0 URAM 0 DISPNAME {bind_op add}}} AREA {DSP 10 BRAM 0 URAM 0}} calc_distance_1 {BINDINFO {{BINDTYPE op ID {} IMPL fabric LATENCY 0 OPTYPE add PRAGMA {} RTLNAME add_ln210_fu_203_p2 SOURCE main.cpp:210 VARIABLE add_ln210 LOOP VITIS_LOOP_210_1 BUNDLEDNAME {} DSP 0 BRAM 0 URAM 0 DISPNAME {bind_op add}} {BINDTYPE op ID {} IMPL fabric LATENCY 0 OPTYPE add PRAGMA {} RTLNAME add_ln212_fu_209_p2 SOURCE main.cpp:212 VARIABLE add_ln212 LOOP VITIS_LOOP_210_1 BUNDLEDNAME {} DSP 0 BRAM 0 URAM 0 DISPNAME {bind_op add}} {BINDTYPE op ID {} IMPL fabric LATENCY 0 OPTYPE add PRAGMA {} RTLNAME add_ln213_fu_214_p2 SOURCE main.cpp:213 VARIABLE add_ln213 LOOP VITIS_LOOP_210_1 BUNDLEDNAME {} DSP 0 BRAM 0 URAM 0 DISPNAME {bind_op add}}} AREA {DSP 0 BRAM 0 URAM 0}} calc_ovr_sig_sqrd_1 {BINDINFO {{BINDTYPE op ID {} IMPL fabric LATENCY 0 OPTYPE add PRAGMA {} RTLNAME add_ln103_fu_170_p2 SOURCE main.cpp:103 VARIABLE add_ln103 LOOP VITIS_LOOP_103_1 BUNDLEDNAME {} DSP 0 BRAM 0 URAM 0 DISPNAME {bind_op add}}} AREA {DSP 0 BRAM 0 URAM 0}} calc_ovr_sig_sqrd_x_1 {BINDINFO {{BINDTYPE op ID {} IMPL fabric LATENCY 0 OPTYPE add PRAGMA {} RTLNAME add_ln55_fu_192_p2 SOURCE main.cpp:55 VARIABLE add_ln55 LOOP VITIS_LOOP_55_1 BUNDLEDNAME {} DSP 0 BRAM 0 URAM 0 DISPNAME {bind_op add}} {BINDTYPE op ID {} IMPL fabric LATENCY 0 OPTYPE add PRAGMA {} RTLNAME add_ln57_fu_198_p2 SOURCE main.cpp:57 VARIABLE add_ln57 LOOP VITIS_LOOP_55_1 BUNDLEDNAME {} DSP 0 BRAM 0 URAM 0 DISPNAME {bind_op add}} {BINDTYPE op ID {} IMPL fabric LATENCY 12 OPTYPE ddiv PRAGMA {} RTLNAME ddiv_64ns_64ns_64_13_no_dsp_1_U25 SOURCE main.cpp:58 VARIABLE overSig LOOP VITIS_LOOP_55_1 BUNDLEDNAME {} DSP 0 BRAM 0 URAM 0 DISPNAME {bind_op ddiv}} {BINDTYPE op ID {} IMPL fabric LATENCY 0 OPTYPE add PRAGMA {} RTLNAME add_ln59_fu_203_p2 SOURCE main.cpp:59 VARIABLE add_ln59 LOOP VITIS_LOOP_55_1 BUNDLEDNAME {} DSP 0 BRAM 0 URAM 0 DISPNAME {bind_op add}}} AREA {DSP 0 BRAM 0 URAM 0}} calc_chi_squared_1 {BINDINFO {{BINDTYPE op ID {} IMPL fabric LATENCY 12 OPTYPE ddiv PRAGMA {} RTLNAME ddiv_64ns_64ns_64_13_no_dsp_1_U37 SOURCE main.cpp:146 VARIABLE SxoS LOOP {} BUNDLEDNAME {} DSP 0 BRAM 0 URAM 0 DISPNAME {bind_op ddiv}} {BINDTYPE op ID {} IMPL fabric LATENCY 0 OPTYPE add PRAGMA {} RTLNAME add_ln152_fu_349_p2 SOURCE main.cpp:152 VARIABLE add_ln152 LOOP VITIS_LOOP_152_1 BUNDLEDNAME {} DSP 0 BRAM 0 URAM 0 DISPNAME {bind_op add}} {BINDTYPE op ID {} IMPL fabric LATENCY 0 OPTYPE add PRAGMA {} RTLNAME add_ln154_fu_355_p2 SOURCE main.cpp:154 VARIABLE add_ln154 LOOP VITIS_LOOP_152_1 BUNDLEDNAME {} DSP 0 BRAM 0 URAM 0 DISPNAME {bind_op add}} {BINDTYPE op ID {} IMPL fabric LATENCY 0 OPTYPE add PRAGMA {} RTLNAME add_ln155_fu_360_p2 SOURCE main.cpp:155 VARIABLE add_ln155 LOOP VITIS_LOOP_152_1 BUNDLEDNAME {} DSP 0 BRAM 0 URAM 0 DISPNAME {bind_op add}} {BINDTYPE op ID {} IMPL fabric LATENCY 0 OPTYPE add PRAGMA {} RTLNAME add_ln156_fu_365_p2 SOURCE main.cpp:156 VARIABLE add_ln156 LOOP VITIS_LOOP_152_1 BUNDLEDNAME {} DSP 0 BRAM 0 URAM 0 DISPNAME {bind_op add}} {BINDTYPE op ID {} IMPL maxdsp LATENCY 3 OPTYPE dmul PRAGMA {} RTLNAME dmul_64ns_64ns_64_4_max_dsp_1_U34 SOURCE main.cpp:166 VARIABLE tempOverSig LOOP VITIS_LOOP_152_1 BUNDLEDNAME {} DSP 8 BRAM 0 URAM 0 DISPNAME {bind_op dmul}} {BINDTYPE op ID {} IMPL maxdsp LATENCY 3 OPTYPE dmul PRAGMA {} RTLNAME dmul_64ns_64ns_64_4_max_dsp_1_U34 SOURCE main.cpp:167 VARIABLE tempOverSigSquared LOOP VITIS_LOOP_152_1 BUNDLEDNAME {} DSP 8 BRAM 0 URAM 0 DISPNAME {bind_op dmul}} {BINDTYPE op ID {} IMPL fulldsp LATENCY 3 OPTYPE dadd PRAGMA {} RTLNAME dadd_64ns_64ns_64_4_full_dsp_1_U32 SOURCE main.cpp:169 VARIABLE term2_1 LOOP VITIS_LOOP_152_1 BUNDLEDNAME {} DSP 3 BRAM 0 URAM 0 DISPNAME {bind_op dadd}} {BINDTYPE op ID {} IMPL maxdsp LATENCY 3 OPTYPE dmul PRAGMA {} RTLNAME dmul_64ns_64ns_64_4_max_dsp_1_U34 SOURCE main.cpp:183 VARIABLE gof LOOP {} BUNDLEDNAME {} DSP 8 BRAM 0 URAM 0 DISPNAME {bind_op dmul}}} AREA {DSP 11 BRAM 0 URAM 0}} fit {BINDINFO {{BINDTYPE op ID {} IMPL auto LATENCY 0 OPTYPE mul PRAGMA {} RTLNAME mul_64s_64s_64_1_1_U58 SOURCE main.cpp:262 VARIABLE sx2 LOOP {} BUNDLEDNAME {} DSP 10 BRAM 0 URAM 0 DISPNAME {bind_op mul}} {BINDTYPE op ID {} IMPL auto LATENCY 0 OPTYPE mul PRAGMA {} RTLNAME mul_64s_64s_64_1_1_U59 SOURCE main.cpp:264 VARIABLE mul_ln264 LOOP {} BUNDLEDNAME {} DSP 10 BRAM 0 URAM 0 DISPNAME {bind_op mul}} {BINDTYPE op ID {} IMPL auto LATENCY 0 OPTYPE mul PRAGMA {} RTLNAME mul_64s_64s_64_1_1_U60 SOURCE main.cpp:264 VARIABLE mul_ln264_1 LOOP {} BUNDLEDNAME {} DSP 10 BRAM 0 URAM 0 DISPNAME {bind_op mul}} {BINDTYPE op ID {} IMPL fabric LATENCY 0 OPTYPE sub PRAGMA {} RTLNAME ddiv_64ns_64ns_64_13_no_dsp_1_U51 SOURCE main.cpp:264 VARIABLE a1 LOOP {} BUNDLEDNAME {} DSP 0 BRAM 0 URAM 0 DISPNAME {bind_op sub}} {BINDTYPE op ID {} IMPL auto LATENCY 0 OPTYPE mul PRAGMA {} RTLNAME mul_64s_32s_64_1_1_U56 SOURCE main.cpp:265 VARIABLE mul_ln265 LOOP {} BUNDLEDNAME {} DSP 7 BRAM 0 URAM 0 DISPNAME {bind_op mul}} {BINDTYPE op ID {} IMPL fabric LATENCY 0 OPTYPE sub PRAGMA {} RTLNAME grp_fu_140_p0 SOURCE main.cpp:265 VARIABLE a2 LOOP {} BUNDLEDNAME {} DSP 0 BRAM 0 URAM 0 DISPNAME {bind_op sub}} {BINDTYPE op ID {} IMPL fabric LATENCY 12 OPTYPE ddiv PRAGMA {} RTLNAME sitodp_64ns_64_2_no_dsp_1_U53 SOURCE main.cpp:266 VARIABLE a LOOP {} BUNDLEDNAME {} DSP 0 BRAM 0 URAM 0 DISPNAME {bind_op ddiv}} {BINDTYPE op ID {} IMPL auto LATENCY 0 OPTYPE mul PRAGMA {} RTLNAME mul_64s_32s_64_1_1_U57 SOURCE main.cpp:269 VARIABLE mul_ln269 LOOP {} BUNDLEDNAME {} DSP 7 BRAM 0 URAM 0 DISPNAME {bind_op mul}} {BINDTYPE op ID {} IMPL auto LATENCY 0 OPTYPE mul PRAGMA {} RTLNAME mul_64s_64s_64_1_1_U61 SOURCE main.cpp:269 VARIABLE mul_ln269_1 LOOP {} BUNDLEDNAME {} DSP 10 BRAM 0 URAM 0 DISPNAME {bind_op mul}} {BINDTYPE op ID {} IMPL fabric LATENCY 0 OPTYPE sub PRAGMA {} RTLNAME sitodp_64ns_64_2_no_dsp_1_U53 SOURCE main.cpp:269 VARIABLE b1 LOOP {} BUNDLEDNAME {} DSP 0 BRAM 0 URAM 0 DISPNAME {bind_op sub}} {BINDTYPE op ID {} IMPL fabric LATENCY 12 OPTYPE ddiv PRAGMA {} RTLNAME dmul_64ns_64ns_64_4_max_dsp_1_U67 SOURCE main.cpp:271 VARIABLE b LOOP {} BUNDLEDNAME {} DSP 0 BRAM 0 URAM 0 DISPNAME {bind_op ddiv}}} AREA {DSP 86 BRAM 8 URAM 0}}}}'
INFO-FLOW: DBG:PUTS:      update_csynth_reports json2rpt_hw_sw_interfaces
Execute       send_msg_by_id INFO @200-1603@%s  and missed bursts 
INFO: [HLS 200-1603] Design has inferred MAXI bursts and missed bursts, see Vitis HLS GUI synthesis summary report for detailed information.
INFO-FLOW: Running: gen_csynth_sec_pragma
INFO-FLOW: Done: gen_csynth_sec_pragma time: 0 seconds per iteration
INFO-FLOW: DBG:PUTS:      update_csynth_reports wrote xml
INFO-FLOW: DBG:PUTS:      update_csynth_reports appended to csynth rpt file
INFO: [HLS 200-111] Finished Updating report files: CPU user time: 0.48 seconds. CPU system time: 0.03 seconds. Elapsed time: 0.53 seconds; current allocated memory: 2.420 GB.
INFO: [VHDL 208-304] Generating VHDL RTL for fit.
INFO: [VLOG 209-307] Generating Verilog RTL for fit.
Execute       syn_report -model fit -printsummary 
INFO: [HLS 200-790] **** Loop Constraint Status: All loop constraints were satisfied.
INFO: [HLS 200-789] **** Estimated Fmax: 136.99 MHz
Command     autosyn done; 10.6 sec.
Command   csynth_design done; 18.4 sec.
INFO: [HLS 200-111] Finished Command csynth_design CPU user time: 12.29 seconds. CPU system time: 0.7 seconds. Elapsed time: 18.4 seconds; current allocated memory: 108.988 MB.
Command ap_source done; 21.27 sec.
Execute cleanup_all 
INFO-FLOW: Workspace /nfs/ihfs/home_metis/akraus/HW3-dir/hw/hls_fit/solution2 opened at Thu Feb 27 22:13:47 CST 2025
Execute     ap_set_clock -name default -period 10 -default=false 
INFO: [SYN 201-201] Setting up clock 'default' with a period of 10ns.
Execute     set_part xcvu11p-flga2577-1-e 
Execute       create_platform xcvu11p-flga2577-1-e -board  
DBG:HLSDevice: Trying to load device library: /opt/metis/el8/contrib/amdtools/xilinx-2023.1/Vitis_HLS/2023.1/lib/lnx64.o/libxv_hlsvwrap.so
DBG:HLSDevice: first parts/arch.xml in RDI_DATADIR: /opt/metis/el8/contrib/amdtools/xilinx-2023.1/Vivado/2023.1/data/parts/arch.xml
DBG:HLSDevice: init success
INFO: [HLS 200-1611] Setting target device to 'xcvu11p-flga2577-1-e'
Command       create_platform done; 2.6 sec.
Execute       source /opt/metis/el8/contrib/amdtools/xilinx-2023.1/Vitis_HLS/2023.1/common/technology/xilinx/common/xilinx.gen 
Execute         source /opt/metis/el8/contrib/amdtools/xilinx-2023.1/Vitis_HLS/2023.1/common/technology/xilinx/interface/plb46.gen 
Execute         source /opt/metis/el8/contrib/amdtools/xilinx-2023.1/Vitis_HLS/2023.1/common/technology/xilinx/interface/axi4.gen 
Execute         source /opt/metis/el8/contrib/amdtools/xilinx-2023.1/Vitis_HLS/2023.1/common/technology/xilinx/interface/nativeAXI4.gen 
Execute           source /opt/metis/el8/contrib/amdtools/xilinx-2023.1/Vitis_HLS/2023.1/common/technology/xilinx/interface/saxilite.gen 
Execute         source /opt/metis/el8/contrib/amdtools/xilinx-2023.1/Vitis_HLS/2023.1/common/technology/xilinx/scripts/xilinxcoregen.gen 
Execute         source /opt/metis/el8/contrib/amdtools/xilinx-2023.1/Vitis_HLS/2023.1/common/technology/xilinx/interface/XilEDKCoreGen.gen 
Execute         source /opt/metis/el8/contrib/amdtools/xilinx-2023.1/Vitis_HLS/2023.1/common/technology/xilinx/ip/dds_compiler.gen 
Execute         source /opt/metis/el8/contrib/amdtools/xilinx-2023.1/Vitis_HLS/2023.1/common/technology/xilinx/ip/util.gen 
Execute         source /opt/metis/el8/contrib/amdtools/xilinx-2023.1/Vitis_HLS/2023.1/common/technology/xilinx/ip/xfft.gen 
Execute         source /opt/metis/el8/contrib/amdtools/xilinx-2023.1/Vitis_HLS/2023.1/common/technology/xilinx/ip/xfir.gen 
Execute         source /opt/metis/el8/contrib/amdtools/xilinx-2023.1/Vitis_HLS/2023.1/common/technology/xilinx/DSP48/dsp48.gen 
Execute       ap_part_info -name xcvu11p-flga2577-1-e -data info 
Execute       config_compile -quiet -complex-mul-dsp=0 
Command     set_part done; 2.69 sec.
Execute     send_msg_by_id INFO @200-1505@%s%s  vitis 
INFO: [HLS 200-1505] Using flow_target 'vitis'
Execute     send_msg_by_id INFO @200-1464@%s config_interface -default_interface=kernel 
INFO: [HLS 200-1464] Running solution command: config_interface -default_interface=kernel
Execute     config_interface -default_interface=kernel 
Execute     send_msg_by_id INFO @200-1464@%s config_interface -m_axi_alignment_byte_size=64 
INFO: [HLS 200-1464] Running solution command: config_interface -m_axi_alignment_byte_size=64
Execute     config_interface -m_axi_alignment_byte_size=64 
Execute     send_msg_by_id INFO @200-1464@%s config_interface -m_axi_latency=64 
INFO: [HLS 200-1464] Running solution command: config_interface -m_axi_latency=64
Execute     config_interface -m_axi_latency=64 
Execute     send_msg_by_id INFO @200-1464@%s config_interface -m_axi_max_widen_bitwidth=512 
INFO: [HLS 200-1464] Running solution command: config_interface -m_axi_max_widen_bitwidth=512
Execute     config_interface -m_axi_max_widen_bitwidth=512 
Execute     send_msg_by_id INFO @200-1464@%s config_rtl -register_reset_num=3 
INFO: [HLS 200-1464] Running solution command: config_rtl -register_reset_num=3
Execute     config_rtl -register_reset_num=3 
Command   open_solution done; 2.77 sec.
Execute   set_part xcvu11p-flga2577-1-e 
INFO: [HLS 200-1510] Running: set_part xcvu11p-flga2577-1-e 
Execute     create_platform xcvu11p-flga2577-1-e -board  
Execute     source /opt/metis/el8/contrib/amdtools/xilinx-2023.1/Vitis_HLS/2023.1/common/technology/xilinx/common/xilinx.gen 
Execute       source /opt/metis/el8/contrib/amdtools/xilinx-2023.1/Vitis_HLS/2023.1/common/technology/xilinx/interface/plb46.gen 
Execute       source /opt/metis/el8/contrib/amdtools/xilinx-2023.1/Vitis_HLS/2023.1/common/technology/xilinx/interface/axi4.gen 
Execute       source /opt/metis/el8/contrib/amdtools/xilinx-2023.1/Vitis_HLS/2023.1/common/technology/xilinx/interface/nativeAXI4.gen 
Execute         source /opt/metis/el8/contrib/amdtools/xilinx-2023.1/Vitis_HLS/2023.1/common/technology/xilinx/interface/saxilite.gen 
Execute       source /opt/metis/el8/contrib/amdtools/xilinx-2023.1/Vitis_HLS/2023.1/common/technology/xilinx/scripts/xilinxcoregen.gen 
Execute       source /opt/metis/el8/contrib/amdtools/xilinx-2023.1/Vitis_HLS/2023.1/common/technology/xilinx/interface/XilEDKCoreGen.gen 
Execute       source /opt/metis/el8/contrib/amdtools/xilinx-2023.1/Vitis_HLS/2023.1/common/technology/xilinx/ip/dds_compiler.gen 
Execute       source /opt/metis/el8/contrib/amdtools/xilinx-2023.1/Vitis_HLS/2023.1/common/technology/xilinx/ip/util.gen 
Execute       source /opt/metis/el8/contrib/amdtools/xilinx-2023.1/Vitis_HLS/2023.1/common/technology/xilinx/ip/xfft.gen 
Execute       source /opt/metis/el8/contrib/amdtools/xilinx-2023.1/Vitis_HLS/2023.1/common/technology/xilinx/ip/xfir.gen 
Execute       source /opt/metis/el8/contrib/amdtools/xilinx-2023.1/Vitis_HLS/2023.1/common/technology/xilinx/DSP48/dsp48.gen 
Execute     ap_part_info -name xcvu11p-flga2577-1-e -data info 
Execute     config_compile -quiet -complex-mul-dsp=0 
Execute   create_clock -period 10 -name default 
INFO: [HLS 200-1510] Running: create_clock -period 10 -name default 
Execute   config_interface -m_axi_alignment_byte_size 64 -m_axi_latency 64 -m_axi_max_widen_bitwidth 512 
INFO: [HLS 200-1510] Running: config_interface -m_axi_alignment_byte_size 64 -m_axi_latency 64 -m_axi_max_widen_bitwidth 512 
Execute   config_rtl -register_reset_num 3 
INFO: [HLS 200-1510] Running: config_rtl -register_reset_num 3 
Execute   source ./hls_fit/solution2/directives.tcl 
INFO: [HLS 200-1510] Running: source ./hls_fit/solution2/directives.tcl
Execute     set_directive_top -name fit fit 
INFO: [HLS 200-1510] Running: set_directive_top -name fit fit 
Execute   csim_design -quiet 
INFO: [HLS 200-1510] Running: csim_design -quiet 
INFO-FLOW: Running SLX 'csim' proc: ::SLX::run_csim
Execute     source /nfs/ihfs/home_metis/akraus/HW3-dir/hw/hls_fit/solution2/.autopilot/db/global.setting.tcl 
INFO: [SIM 211-2] *************** CSIM start ***************
INFO: [SIM 211-4] CSIM will launch GCC as the compiler.
Execute     source csim/.lst_opt.tcl 
Execute     send_msg_by_id INFO @200-2036@%s debug 
INFO: [HLS 200-2036] Building debug C Simulation binaries
Execute     ap_part_info -name xcvu11p-flga2577-1-e -data info 
Execute     source run_sim.tcl 
INFO: [SIM 211-1] CSim done with 0 errors.
INFO: [SIM 211-3] *************** CSIM finish ***************
Command   csim_design done; 0.78 sec.
INFO: [HLS 200-111] Finished Command csim_design CPU user time: 0.45 seconds. CPU system time: 0.3 seconds. Elapsed time: 0.78 seconds; current allocated memory: 0.000 MB.
Command ap_source done; 3.66 sec.
Execute cleanup_all 
