

================================================================
== Vitis HLS Report for 'calc_distance_1'
================================================================
* Date:           Thu Feb 27 22:08:32 2025

* Version:        2023.1 (Build 3854077 on May  4 2023)
* Project:        hls_fit
* Solution:       solution2 (Vitis Kernel Flow Target)
* Product family: virtexuplus
* Target device:  xcvu11p-flga2577-1-e


================================================================
== Performance Estimates
================================================================
+ Timing: 
    * Summary: 
    +--------+----------+----------+------------+
    |  Clock |  Target  | Estimated| Uncertainty|
    +--------+----------+----------+------------+
    |ap_clk  |  10.00 ns|  7.300 ns|     2.70 ns|
    +--------+----------+----------+------------+

+ Latency: 
    * Summary: 
    +---------+---------+----------+----------+-----+-----+---------+
    |  Latency (cycles) |  Latency (absolute) |  Interval | Pipeline|
    |   min   |   max   |    min   |    max   | min | max |   Type  |
    +---------+---------+----------+----------+-----+-----+---------+
    |        ?|        ?|         ?|         ?|    ?|    ?|       no|
    +---------+---------+----------+----------+-----+-----+---------+

    + Detail: 
        * Instance: 
        N/A

        * Loop: 
        +--------------------+---------+---------+----------+-----------+-----------+------+----------+
        |                    |  Latency (cycles) | Iteration|  Initiation Interval  | Trip |          |
        |      Loop Name     |   min   |   max   |  Latency |  achieved |   target  | Count| Pipelined|
        +--------------------+---------+---------+----------+-----------+-----------+------+----------+
        |- VITIS_LOOP_210_1  |        ?|        ?|        92|          -|          -|     ?|        no|
        +--------------------+---------+---------+----------+-----------+-----------+------+----------+



================================================================
== Utilization Estimates
================================================================
* Summary: 
+---------------------+---------+------+---------+---------+-----+
|         Name        | BRAM_18K|  DSP |    FF   |   LUT   | URAM|
+---------------------+---------+------+---------+---------+-----+
|DSP                  |        -|     -|        -|        -|    -|
|Expression           |        -|     -|        0|      215|    -|
|FIFO                 |        -|     -|        -|        -|    -|
|Instance             |        -|     -|        -|        -|    -|
|Memory               |        -|     -|        -|        -|    -|
|Multiplexer          |        -|     -|        -|      608|    -|
|Register             |        -|     -|      820|        -|    -|
+---------------------+---------+------+---------+---------+-----+
|Total                |        0|     0|      820|      823|    0|
+---------------------+---------+------+---------+---------+-----+
|Available SLR        |     1344|  3072|   864000|   432000|  320|
+---------------------+---------+------+---------+---------+-----+
|Utilization SLR (%)  |        0|     0|       ~0|       ~0|    0|
+---------------------+---------+------+---------+---------+-----+
|Available            |     4032|  9216|  2592000|  1296000|  960|
+---------------------+---------+------+---------+---------+-----+
|Utilization (%)      |        0|     0|       ~0|       ~0|    0|
+---------------------+---------+------+---------+---------+-----+

+ Detail: 
    * Instance: 
    N/A

    * DSP: 
    N/A

    * Memory: 
    N/A

    * FIFO: 
    N/A

    * Expression: 
    +----------------------+----------+----+---+----+------------+------------+
    |     Variable Name    | Operation| DSP| FF| LUT| Bitwidth P0| Bitwidth P1|
    +----------------------+----------+----+---+----+------------+------------+
    |add_ln210_fu_203_p2   |         +|   0|  0|  38|          31|           1|
    |add_ln212_fu_209_p2   |         +|   0|  0|  69|          62|          62|
    |add_ln213_fu_214_p2   |         +|   0|  0|  69|          62|          62|
    |icmp_ln210_fu_198_p2  |      icmp|   0|  0|  39|          32|          32|
    +----------------------+----------+----+---+----+------------+------------+
    |Total                 |          |   0|  0| 215|         187|         157|
    +----------------------+----------+----+---+----+------------+------------+

    * Multiplexer: 
    +-------------------+-----+-----------+-----+-----------+
    |        Name       | LUT | Input Size| Bits| Total Bits|
    +-------------------+-----+-----------+-----+-----------+
    |ap_NS_fsm          |  468|         94|    1|         94|
    |f_fu_60            |    9|          2|   64|        128|
    |gmem_blk_n_AR      |    9|          2|    1|          2|
    |gmem_blk_n_R       |    9|          2|    1|          2|
    |grp_fu_122_opcode  |   14|          3|    2|          6|
    |grp_fu_122_p0      |   20|          4|   64|        256|
    |grp_fu_122_p1      |   14|          3|   64|        192|
    |grp_fu_126_p0      |   14|          3|   64|        192|
    |grp_fu_126_p1      |   14|          3|   64|        192|
    |grp_fu_130_p0      |   14|          3|   64|        192|
    |i_fu_64            |    9|          2|   31|         62|
    |m_axi_gmem_ARADDR  |   14|          3|   64|        192|
    +-------------------+-----+-----------+-----+-----------+
    |Total              |  608|        124|  484|       1510|
    +-------------------+-----+-----------+-----+-----------+

    * Register: 
    +--------------------------+----+----+-----+-----------+
    |           Name           | FF | LUT| Bits| Const Bits|
    +--------------------------+----+----+-----+-----------+
    |add_ln212_reg_291         |  62|   0|   62|          0|
    |add_ln213_reg_296         |  62|   0|   62|          0|
    |ap_CS_fsm                 |  93|   0|   93|          0|
    |f_fu_60                   |  64|   0|   64|          0|
    |gmem_addr_2_read_reg_318  |  64|   0|   64|          0|
    |gmem_addr_read_reg_313    |  64|   0|   64|          0|
    |i_fu_64                   |  31|   0|   31|          0|
    |reg_137                   |  64|   0|   64|          0|
    |reg_142                   |  64|   0|   64|          0|
    |sext_ln210_1_reg_283      |  62|   0|   62|          0|
    |sext_ln210_reg_278        |  62|   0|   62|          0|
    |x_reg_323                 |  64|   0|   64|          0|
    |y_reg_328                 |  64|   0|   64|          0|
    +--------------------------+----+----+-----+-----------+
    |Total                     | 820|   0|  820|          0|
    +--------------------------+----+----+-----+-----------+



================================================================
== Interface
================================================================
* Summary: 
+---------------------+-----+-----+------------+-----------------+--------------+
|      RTL Ports      | Dir | Bits|  Protocol  |  Source Object  |    C Type    |
+---------------------+-----+-----+------------+-----------------+--------------+
|ap_clk               |   in|    1|  ap_ctrl_hs|  calc_distance.1|  return value|
|ap_rst               |   in|    1|  ap_ctrl_hs|  calc_distance.1|  return value|
|ap_start             |   in|    1|  ap_ctrl_hs|  calc_distance.1|  return value|
|ap_done              |  out|    1|  ap_ctrl_hs|  calc_distance.1|  return value|
|ap_idle              |  out|    1|  ap_ctrl_hs|  calc_distance.1|  return value|
|ap_ready             |  out|    1|  ap_ctrl_hs|  calc_distance.1|  return value|
|ap_return            |  out|   64|  ap_ctrl_hs|  calc_distance.1|  return value|
|grp_fu_356_p_din0    |  out|   64|  ap_ctrl_hs|  calc_distance.1|  return value|
|grp_fu_356_p_din1    |  out|   64|  ap_ctrl_hs|  calc_distance.1|  return value|
|grp_fu_356_p_opcode  |  out|    2|  ap_ctrl_hs|  calc_distance.1|  return value|
|grp_fu_356_p_dout0   |   in|   64|  ap_ctrl_hs|  calc_distance.1|  return value|
|grp_fu_356_p_ce      |  out|    1|  ap_ctrl_hs|  calc_distance.1|  return value|
|grp_fu_360_p_din0    |  out|   64|  ap_ctrl_hs|  calc_distance.1|  return value|
|grp_fu_360_p_din1    |  out|   64|  ap_ctrl_hs|  calc_distance.1|  return value|
|grp_fu_360_p_dout0   |   in|   64|  ap_ctrl_hs|  calc_distance.1|  return value|
|grp_fu_360_p_ce      |  out|    1|  ap_ctrl_hs|  calc_distance.1|  return value|
|grp_fu_137_p_din0    |  out|   64|  ap_ctrl_hs|  calc_distance.1|  return value|
|grp_fu_137_p_dout0   |   in|   64|  ap_ctrl_hs|  calc_distance.1|  return value|
|grp_fu_137_p_ce      |  out|    1|  ap_ctrl_hs|  calc_distance.1|  return value|
|a                    |   in|   64|     ap_none|                a|        scalar|
|b                    |   in|   64|     ap_none|                b|        scalar|
|m_axi_gmem_AWVALID   |  out|    1|       m_axi|             gmem|       pointer|
|m_axi_gmem_AWREADY   |   in|    1|       m_axi|             gmem|       pointer|
|m_axi_gmem_AWADDR    |  out|   64|       m_axi|             gmem|       pointer|
|m_axi_gmem_AWID      |  out|    1|       m_axi|             gmem|       pointer|
|m_axi_gmem_AWLEN     |  out|   32|       m_axi|             gmem|       pointer|
|m_axi_gmem_AWSIZE    |  out|    3|       m_axi|             gmem|       pointer|
|m_axi_gmem_AWBURST   |  out|    2|       m_axi|             gmem|       pointer|
|m_axi_gmem_AWLOCK    |  out|    2|       m_axi|             gmem|       pointer|
|m_axi_gmem_AWCACHE   |  out|    4|       m_axi|             gmem|       pointer|
|m_axi_gmem_AWPROT    |  out|    3|       m_axi|             gmem|       pointer|
|m_axi_gmem_AWQOS     |  out|    4|       m_axi|             gmem|       pointer|
|m_axi_gmem_AWREGION  |  out|    4|       m_axi|             gmem|       pointer|
|m_axi_gmem_AWUSER    |  out|    1|       m_axi|             gmem|       pointer|
|m_axi_gmem_WVALID    |  out|    1|       m_axi|             gmem|       pointer|
|m_axi_gmem_WREADY    |   in|    1|       m_axi|             gmem|       pointer|
|m_axi_gmem_WDATA     |  out|   64|       m_axi|             gmem|       pointer|
|m_axi_gmem_WSTRB     |  out|    8|       m_axi|             gmem|       pointer|
|m_axi_gmem_WLAST     |  out|    1|       m_axi|             gmem|       pointer|
|m_axi_gmem_WID       |  out|    1|       m_axi|             gmem|       pointer|
|m_axi_gmem_WUSER     |  out|    1|       m_axi|             gmem|       pointer|
|m_axi_gmem_ARVALID   |  out|    1|       m_axi|             gmem|       pointer|
|m_axi_gmem_ARREADY   |   in|    1|       m_axi|             gmem|       pointer|
|m_axi_gmem_ARADDR    |  out|   64|       m_axi|             gmem|       pointer|
|m_axi_gmem_ARID      |  out|    1|       m_axi|             gmem|       pointer|
|m_axi_gmem_ARLEN     |  out|   32|       m_axi|             gmem|       pointer|
|m_axi_gmem_ARSIZE    |  out|    3|       m_axi|             gmem|       pointer|
|m_axi_gmem_ARBURST   |  out|    2|       m_axi|             gmem|       pointer|
|m_axi_gmem_ARLOCK    |  out|    2|       m_axi|             gmem|       pointer|
|m_axi_gmem_ARCACHE   |  out|    4|       m_axi|             gmem|       pointer|
|m_axi_gmem_ARPROT    |  out|    3|       m_axi|             gmem|       pointer|
|m_axi_gmem_ARQOS     |  out|    4|       m_axi|             gmem|       pointer|
|m_axi_gmem_ARREGION  |  out|    4|       m_axi|             gmem|       pointer|
|m_axi_gmem_ARUSER    |  out|    1|       m_axi|             gmem|       pointer|
|m_axi_gmem_RVALID    |   in|    1|       m_axi|             gmem|       pointer|
|m_axi_gmem_RREADY    |  out|    1|       m_axi|             gmem|       pointer|
|m_axi_gmem_RDATA     |   in|   64|       m_axi|             gmem|       pointer|
|m_axi_gmem_RLAST     |   in|    1|       m_axi|             gmem|       pointer|
|m_axi_gmem_RID       |   in|    1|       m_axi|             gmem|       pointer|
|m_axi_gmem_RFIFONUM  |   in|    9|       m_axi|             gmem|       pointer|
|m_axi_gmem_RUSER     |   in|    1|       m_axi|             gmem|       pointer|
|m_axi_gmem_RRESP     |   in|    2|       m_axi|             gmem|       pointer|
|m_axi_gmem_BVALID    |   in|    1|       m_axi|             gmem|       pointer|
|m_axi_gmem_BREADY    |  out|    1|       m_axi|             gmem|       pointer|
|m_axi_gmem_BRESP     |   in|    2|       m_axi|             gmem|       pointer|
|m_axi_gmem_BID       |   in|    1|       m_axi|             gmem|       pointer|
|m_axi_gmem_BUSER     |   in|    1|       m_axi|             gmem|       pointer|
|arrx                 |   in|   64|     ap_none|             arrx|        scalar|
|arry                 |   in|   64|     ap_none|             arry|        scalar|
|size                 |   in|   32|     ap_none|             size|        scalar|
+---------------------+-----+-----+------------+-----------------+--------------+

============================================================
+ Verbose Summary: Synthesis Manager
============================================================
InlineROM: 1
ExposeGlobal: 0
============================================================
+ Verbose Summary: CDFG Model
============================================================
IsTopModel: 0
ResetActiveHigh: 1
IsCombinational: 2
IsDatapathOnly: 2
HasWiredReturn: 1
HasMFsm: 0
HasVarLatency: 1
IsPipeline: 0
IsRtlPipelined: 0
IsInstanceOverlapped: 0
IsDontTouch: 0
HasImplIP: 0
IsGatedGlobalClock: 0


============================================================
+ Verbose Summary: Schedule
============================================================
* Number of FSM states : 93
* Pipeline : 0
* Dataflow Pipeline: 0

* FSM state transitions: 
1 --> 2 
2 --> 3 
3 --> 4 
4 --> 5 
5 --> 6 
6 --> 7 
7 --> 8 
8 --> 9 
9 --> 10 
10 --> 11 
11 --> 12 
12 --> 13 
13 --> 14 
14 --> 15 
15 --> 16 
16 --> 17 
17 --> 18 
18 --> 19 
19 --> 20 
20 --> 21 
21 --> 22 
22 --> 23 
23 --> 24 
24 --> 25 
25 --> 26 
26 --> 27 
27 --> 28 
28 --> 29 
29 --> 30 
30 --> 31 
31 --> 32 
32 --> 33 
33 --> 34 
34 --> 35 
35 --> 36 
36 --> 37 
37 --> 38 
38 --> 39 
39 --> 40 
40 --> 41 
41 --> 42 
42 --> 43 
43 --> 44 
44 --> 45 
45 --> 46 
46 --> 47 
47 --> 48 
48 --> 49 
49 --> 50 
50 --> 51 
51 --> 52 
52 --> 53 
53 --> 54 
54 --> 55 
55 --> 56 
56 --> 57 
57 --> 58 
58 --> 59 
59 --> 60 
60 --> 61 
61 --> 62 
62 --> 63 
63 --> 64 
64 --> 65 
65 --> 66 
66 --> 67 
67 --> 68 
68 --> 69 
69 --> 70 
70 --> 71 
71 --> 72 
72 --> 73 
73 --> 74 
74 --> 75 
75 --> 76 
76 --> 77 
77 --> 78 
78 --> 79 
79 --> 80 
80 --> 81 
81 --> 82 
82 --> 83 
83 --> 84 
84 --> 85 
85 --> 86 
86 --> 87 
87 --> 88 
88 --> 89 
89 --> 90 
90 --> 91 
91 --> 92 
92 --> 93 
93 --> 2 

* FSM state operations: 

State 1 <SV = 0> <Delay = 0.46>
ST_1 : Operation 94 [1/1] (0.00ns)   --->   "%f = alloca i32 1"   --->   Operation 94 'alloca' 'f' <Predicate = true> <Delay = 0.00>
ST_1 : Operation 95 [1/1] (0.00ns)   --->   "%i = alloca i32 1"   --->   Operation 95 'alloca' 'i' <Predicate = true> <Delay = 0.00>
ST_1 : Operation 96 [1/1] (0.00ns)   --->   "%specinterface_ln0 = specinterface void @_ssdm_op_SpecInterface, i64 %gmem, void @empty_3, i32 0, i32 0, void @empty_4, i32 64, i32 0, void @empty_5, void @empty_6, void @empty_4, i32 16, i32 16, i32 16, i32 16, void @empty_4, void @empty_4, i32 4294967295, i32 0"   --->   Operation 96 'specinterface' 'specinterface_ln0' <Predicate = true> <Delay = 0.00>
ST_1 : Operation 97 [1/1] (0.00ns)   --->   "%specpipeline_ln209 = specpipeline void @_ssdm_op_SpecPipeline, i32 1, i32 0, i32 0, i32 0, void @empty_4" [main.cpp:209]   --->   Operation 97 'specpipeline' 'specpipeline_ln209' <Predicate = true> <Delay = 0.00>
ST_1 : Operation 98 [1/1] (0.00ns)   --->   "%size_read = read i32 @_ssdm_op_Read.ap_auto.i32, i32 %size" [main.cpp:200]   --->   Operation 98 'read' 'size_read' <Predicate = true> <Delay = 0.00>
ST_1 : Operation 99 [1/1] (0.00ns)   --->   "%arry_read = read i64 @_ssdm_op_Read.ap_auto.i64, i64 %arry" [main.cpp:200]   --->   Operation 99 'read' 'arry_read' <Predicate = true> <Delay = 0.00>
ST_1 : Operation 100 [1/1] (0.00ns)   --->   "%arrx_read = read i64 @_ssdm_op_Read.ap_auto.i64, i64 %arrx" [main.cpp:200]   --->   Operation 100 'read' 'arrx_read' <Predicate = true> <Delay = 0.00>
ST_1 : Operation 101 [1/1] (0.00ns)   --->   "%b_read = read i64 @_ssdm_op_Read.ap_auto.double, i64 %b" [main.cpp:200]   --->   Operation 101 'read' 'b_read' <Predicate = true> <Delay = 0.00>
ST_1 : Operation 102 [1/1] (0.00ns)   --->   "%a_read = read i64 @_ssdm_op_Read.ap_auto.double, i64 %a" [main.cpp:200]   --->   Operation 102 'read' 'a_read' <Predicate = true> <Delay = 0.00>
ST_1 : Operation 103 [1/1] (0.00ns)   --->   "%trunc_ln = partselect i61 @_ssdm_op_PartSelect.i61.i64.i32.i32, i64 %arrx_read, i32 3, i32 63" [main.cpp:210]   --->   Operation 103 'partselect' 'trunc_ln' <Predicate = true> <Delay = 0.00>
ST_1 : Operation 104 [1/1] (0.00ns)   --->   "%sext_ln210 = sext i61 %trunc_ln" [main.cpp:210]   --->   Operation 104 'sext' 'sext_ln210' <Predicate = true> <Delay = 0.00>
ST_1 : Operation 105 [1/1] (0.00ns)   --->   "%trunc_ln210_1 = partselect i61 @_ssdm_op_PartSelect.i61.i64.i32.i32, i64 %arry_read, i32 3, i32 63" [main.cpp:210]   --->   Operation 105 'partselect' 'trunc_ln210_1' <Predicate = true> <Delay = 0.00>
ST_1 : Operation 106 [1/1] (0.00ns)   --->   "%sext_ln210_1 = sext i61 %trunc_ln210_1" [main.cpp:210]   --->   Operation 106 'sext' 'sext_ln210_1' <Predicate = true> <Delay = 0.00>
ST_1 : Operation 107 [1/1] (0.46ns)   --->   "%store_ln210 = store i31 0, i31 %i" [main.cpp:210]   --->   Operation 107 'store' 'store_ln210' <Predicate = true> <Delay = 0.46>
ST_1 : Operation 108 [1/1] (0.46ns)   --->   "%store_ln210 = store i64 0, i64 %f" [main.cpp:210]   --->   Operation 108 'store' 'store_ln210' <Predicate = true> <Delay = 0.46>
ST_1 : Operation 109 [1/1] (0.00ns)   --->   "%br_ln210 = br void %for.inc" [main.cpp:210]   --->   Operation 109 'br' 'br_ln210' <Predicate = true> <Delay = 0.00>

State 2 <SV = 1> <Delay = 1.60>
ST_2 : Operation 110 [1/1] (0.00ns)   --->   "%i_3 = load i31 %i" [main.cpp:210]   --->   Operation 110 'load' 'i_3' <Predicate = true> <Delay = 0.00>
ST_2 : Operation 111 [1/1] (0.00ns)   --->   "%zext_ln210 = zext i31 %i_3" [main.cpp:210]   --->   Operation 111 'zext' 'zext_ln210' <Predicate = true> <Delay = 0.00>
ST_2 : Operation 112 [1/1] (0.00ns)   --->   "%zext_ln210_1 = zext i31 %i_3" [main.cpp:210]   --->   Operation 112 'zext' 'zext_ln210_1' <Predicate = true> <Delay = 0.00>
ST_2 : Operation 113 [1/1] (1.14ns)   --->   "%icmp_ln210 = icmp_slt  i32 %zext_ln210_1, i32 %size_read" [main.cpp:210]   --->   Operation 113 'icmp' 'icmp_ln210' <Predicate = true> <Delay = 1.14> <CoreInst = "Cmp">   --->   Core 9 'Cmp' <Latency = 0> <II = 1> <Delay = 1.14> <FuncUnit> <Opcode : 'icmp'> <InPorts = 2> <OutPorts = 1>
ST_2 : Operation 114 [1/1] (1.14ns)   --->   "%add_ln210 = add i31 %i_3, i31 1" [main.cpp:210]   --->   Operation 114 'add' 'add_ln210' <Predicate = true> <Delay = 1.14> <CoreInst = "Adder">   --->   Core 1 'Adder' <Latency = 0> <II = 1> <Delay = 1.14> <FuncUnit> <Opcode : 'add' 'sub'> <InPorts = 2> <OutPorts = 1>
ST_2 : Operation 115 [1/1] (0.00ns)   --->   "%br_ln210 = br i1 %icmp_ln210, void %for.end.loopexit, void %for.inc.split" [main.cpp:210]   --->   Operation 115 'br' 'br_ln210' <Predicate = true> <Delay = 0.00>
ST_2 : Operation 116 [1/1] (1.35ns)   --->   "%add_ln212 = add i62 %zext_ln210, i62 %sext_ln210" [main.cpp:212]   --->   Operation 116 'add' 'add_ln212' <Predicate = (icmp_ln210)> <Delay = 1.35> <CoreInst = "Adder">   --->   Core 1 'Adder' <Latency = 0> <II = 1> <Delay = 1.35> <FuncUnit> <Opcode : 'add' 'sub'> <InPorts = 2> <OutPorts = 1>
ST_2 : Operation 117 [1/1] (1.35ns)   --->   "%add_ln213 = add i62 %zext_ln210, i62 %sext_ln210_1" [main.cpp:213]   --->   Operation 117 'add' 'add_ln213' <Predicate = (icmp_ln210)> <Delay = 1.35> <CoreInst = "Adder">   --->   Core 1 'Adder' <Latency = 0> <II = 1> <Delay = 1.35> <FuncUnit> <Opcode : 'add' 'sub'> <InPorts = 2> <OutPorts = 1>
ST_2 : Operation 118 [1/1] (0.46ns)   --->   "%store_ln210 = store i31 %add_ln210, i31 %i" [main.cpp:210]   --->   Operation 118 'store' 'store_ln210' <Predicate = (icmp_ln210)> <Delay = 0.46>
ST_2 : Operation 119 [1/1] (0.00ns)   --->   "%f_load_1 = load i64 %f" [main.cpp:230]   --->   Operation 119 'load' 'f_load_1' <Predicate = (!icmp_ln210)> <Delay = 0.00>
ST_2 : Operation 120 [1/1] (0.00ns)   --->   "%ret_ln230 = ret i64 %f_load_1" [main.cpp:230]   --->   Operation 120 'ret' 'ret_ln230' <Predicate = (!icmp_ln210)> <Delay = 0.00>

State 3 <SV = 2> <Delay = 7.30>
ST_3 : Operation 121 [1/1] (0.00ns)   --->   "%sext_ln212 = sext i62 %add_ln212" [main.cpp:212]   --->   Operation 121 'sext' 'sext_ln212' <Predicate = true> <Delay = 0.00>
ST_3 : Operation 122 [1/1] (0.00ns)   --->   "%gmem_addr = getelementptr i64 %gmem, i64 %sext_ln212" [main.cpp:212]   --->   Operation 122 'getelementptr' 'gmem_addr' <Predicate = true> <Delay = 0.00>
ST_3 : Operation 123 [71/71] (7.30ns)   --->   "%gmem_load_req = readreq i1 @_ssdm_op_ReadReq.m_axi.i64P1A, i64 %gmem_addr, i32 1" [main.cpp:212]   --->   Operation 123 'readreq' 'gmem_load_req' <Predicate = true> <Delay = 7.30> <CoreInst = "m_axi">   --->   Core 121 'm_axi' <Latency = 0> <II = 1> <Delay = 1.00> <Adapter> <Opcode : 'read' 'write' 'readreq' 'writereq' 'writeresp'>

State 4 <SV = 3> <Delay = 7.30>
ST_4 : Operation 124 [70/71] (7.30ns)   --->   "%gmem_load_req = readreq i1 @_ssdm_op_ReadReq.m_axi.i64P1A, i64 %gmem_addr, i32 1" [main.cpp:212]   --->   Operation 124 'readreq' 'gmem_load_req' <Predicate = true> <Delay = 7.30> <CoreInst = "m_axi">   --->   Core 121 'm_axi' <Latency = 0> <II = 1> <Delay = 1.00> <Adapter> <Opcode : 'read' 'write' 'readreq' 'writereq' 'writeresp'>
ST_4 : Operation 125 [1/1] (0.00ns)   --->   "%sext_ln213 = sext i62 %add_ln213" [main.cpp:213]   --->   Operation 125 'sext' 'sext_ln213' <Predicate = true> <Delay = 0.00>
ST_4 : Operation 126 [1/1] (0.00ns)   --->   "%gmem_addr_2 = getelementptr i64 %gmem, i64 %sext_ln213" [main.cpp:213]   --->   Operation 126 'getelementptr' 'gmem_addr_2' <Predicate = true> <Delay = 0.00>
ST_4 : Operation 127 [71/71] (7.30ns)   --->   "%gmem_load_2_req = readreq i1 @_ssdm_op_ReadReq.m_axi.i64P1A, i64 %gmem_addr_2, i32 1" [main.cpp:213]   --->   Operation 127 'readreq' 'gmem_load_2_req' <Predicate = true> <Delay = 7.30> <CoreInst = "m_axi">   --->   Core 121 'm_axi' <Latency = 0> <II = 1> <Delay = 1.00> <Adapter> <Opcode : 'read' 'write' 'readreq' 'writereq' 'writeresp'>

State 5 <SV = 4> <Delay = 7.30>
ST_5 : Operation 128 [69/71] (7.30ns)   --->   "%gmem_load_req = readreq i1 @_ssdm_op_ReadReq.m_axi.i64P1A, i64 %gmem_addr, i32 1" [main.cpp:212]   --->   Operation 128 'readreq' 'gmem_load_req' <Predicate = true> <Delay = 7.30> <CoreInst = "m_axi">   --->   Core 121 'm_axi' <Latency = 0> <II = 1> <Delay = 1.00> <Adapter> <Opcode : 'read' 'write' 'readreq' 'writereq' 'writeresp'>
ST_5 : Operation 129 [70/71] (7.30ns)   --->   "%gmem_load_2_req = readreq i1 @_ssdm_op_ReadReq.m_axi.i64P1A, i64 %gmem_addr_2, i32 1" [main.cpp:213]   --->   Operation 129 'readreq' 'gmem_load_2_req' <Predicate = true> <Delay = 7.30> <CoreInst = "m_axi">   --->   Core 121 'm_axi' <Latency = 0> <II = 1> <Delay = 1.00> <Adapter> <Opcode : 'read' 'write' 'readreq' 'writereq' 'writeresp'>

State 6 <SV = 5> <Delay = 7.30>
ST_6 : Operation 130 [68/71] (7.30ns)   --->   "%gmem_load_req = readreq i1 @_ssdm_op_ReadReq.m_axi.i64P1A, i64 %gmem_addr, i32 1" [main.cpp:212]   --->   Operation 130 'readreq' 'gmem_load_req' <Predicate = true> <Delay = 7.30> <CoreInst = "m_axi">   --->   Core 121 'm_axi' <Latency = 0> <II = 1> <Delay = 1.00> <Adapter> <Opcode : 'read' 'write' 'readreq' 'writereq' 'writeresp'>
ST_6 : Operation 131 [69/71] (7.30ns)   --->   "%gmem_load_2_req = readreq i1 @_ssdm_op_ReadReq.m_axi.i64P1A, i64 %gmem_addr_2, i32 1" [main.cpp:213]   --->   Operation 131 'readreq' 'gmem_load_2_req' <Predicate = true> <Delay = 7.30> <CoreInst = "m_axi">   --->   Core 121 'm_axi' <Latency = 0> <II = 1> <Delay = 1.00> <Adapter> <Opcode : 'read' 'write' 'readreq' 'writereq' 'writeresp'>

State 7 <SV = 6> <Delay = 7.30>
ST_7 : Operation 132 [67/71] (7.30ns)   --->   "%gmem_load_req = readreq i1 @_ssdm_op_ReadReq.m_axi.i64P1A, i64 %gmem_addr, i32 1" [main.cpp:212]   --->   Operation 132 'readreq' 'gmem_load_req' <Predicate = true> <Delay = 7.30> <CoreInst = "m_axi">   --->   Core 121 'm_axi' <Latency = 0> <II = 1> <Delay = 1.00> <Adapter> <Opcode : 'read' 'write' 'readreq' 'writereq' 'writeresp'>
ST_7 : Operation 133 [68/71] (7.30ns)   --->   "%gmem_load_2_req = readreq i1 @_ssdm_op_ReadReq.m_axi.i64P1A, i64 %gmem_addr_2, i32 1" [main.cpp:213]   --->   Operation 133 'readreq' 'gmem_load_2_req' <Predicate = true> <Delay = 7.30> <CoreInst = "m_axi">   --->   Core 121 'm_axi' <Latency = 0> <II = 1> <Delay = 1.00> <Adapter> <Opcode : 'read' 'write' 'readreq' 'writereq' 'writeresp'>

State 8 <SV = 7> <Delay = 7.30>
ST_8 : Operation 134 [66/71] (7.30ns)   --->   "%gmem_load_req = readreq i1 @_ssdm_op_ReadReq.m_axi.i64P1A, i64 %gmem_addr, i32 1" [main.cpp:212]   --->   Operation 134 'readreq' 'gmem_load_req' <Predicate = true> <Delay = 7.30> <CoreInst = "m_axi">   --->   Core 121 'm_axi' <Latency = 0> <II = 1> <Delay = 1.00> <Adapter> <Opcode : 'read' 'write' 'readreq' 'writereq' 'writeresp'>
ST_8 : Operation 135 [67/71] (7.30ns)   --->   "%gmem_load_2_req = readreq i1 @_ssdm_op_ReadReq.m_axi.i64P1A, i64 %gmem_addr_2, i32 1" [main.cpp:213]   --->   Operation 135 'readreq' 'gmem_load_2_req' <Predicate = true> <Delay = 7.30> <CoreInst = "m_axi">   --->   Core 121 'm_axi' <Latency = 0> <II = 1> <Delay = 1.00> <Adapter> <Opcode : 'read' 'write' 'readreq' 'writereq' 'writeresp'>

State 9 <SV = 8> <Delay = 7.30>
ST_9 : Operation 136 [65/71] (7.30ns)   --->   "%gmem_load_req = readreq i1 @_ssdm_op_ReadReq.m_axi.i64P1A, i64 %gmem_addr, i32 1" [main.cpp:212]   --->   Operation 136 'readreq' 'gmem_load_req' <Predicate = true> <Delay = 7.30> <CoreInst = "m_axi">   --->   Core 121 'm_axi' <Latency = 0> <II = 1> <Delay = 1.00> <Adapter> <Opcode : 'read' 'write' 'readreq' 'writereq' 'writeresp'>
ST_9 : Operation 137 [66/71] (7.30ns)   --->   "%gmem_load_2_req = readreq i1 @_ssdm_op_ReadReq.m_axi.i64P1A, i64 %gmem_addr_2, i32 1" [main.cpp:213]   --->   Operation 137 'readreq' 'gmem_load_2_req' <Predicate = true> <Delay = 7.30> <CoreInst = "m_axi">   --->   Core 121 'm_axi' <Latency = 0> <II = 1> <Delay = 1.00> <Adapter> <Opcode : 'read' 'write' 'readreq' 'writereq' 'writeresp'>

State 10 <SV = 9> <Delay = 7.30>
ST_10 : Operation 138 [64/71] (7.30ns)   --->   "%gmem_load_req = readreq i1 @_ssdm_op_ReadReq.m_axi.i64P1A, i64 %gmem_addr, i32 1" [main.cpp:212]   --->   Operation 138 'readreq' 'gmem_load_req' <Predicate = true> <Delay = 7.30> <CoreInst = "m_axi">   --->   Core 121 'm_axi' <Latency = 0> <II = 1> <Delay = 1.00> <Adapter> <Opcode : 'read' 'write' 'readreq' 'writereq' 'writeresp'>
ST_10 : Operation 139 [65/71] (7.30ns)   --->   "%gmem_load_2_req = readreq i1 @_ssdm_op_ReadReq.m_axi.i64P1A, i64 %gmem_addr_2, i32 1" [main.cpp:213]   --->   Operation 139 'readreq' 'gmem_load_2_req' <Predicate = true> <Delay = 7.30> <CoreInst = "m_axi">   --->   Core 121 'm_axi' <Latency = 0> <II = 1> <Delay = 1.00> <Adapter> <Opcode : 'read' 'write' 'readreq' 'writereq' 'writeresp'>

State 11 <SV = 10> <Delay = 7.30>
ST_11 : Operation 140 [63/71] (7.30ns)   --->   "%gmem_load_req = readreq i1 @_ssdm_op_ReadReq.m_axi.i64P1A, i64 %gmem_addr, i32 1" [main.cpp:212]   --->   Operation 140 'readreq' 'gmem_load_req' <Predicate = true> <Delay = 7.30> <CoreInst = "m_axi">   --->   Core 121 'm_axi' <Latency = 0> <II = 1> <Delay = 1.00> <Adapter> <Opcode : 'read' 'write' 'readreq' 'writereq' 'writeresp'>
ST_11 : Operation 141 [64/71] (7.30ns)   --->   "%gmem_load_2_req = readreq i1 @_ssdm_op_ReadReq.m_axi.i64P1A, i64 %gmem_addr_2, i32 1" [main.cpp:213]   --->   Operation 141 'readreq' 'gmem_load_2_req' <Predicate = true> <Delay = 7.30> <CoreInst = "m_axi">   --->   Core 121 'm_axi' <Latency = 0> <II = 1> <Delay = 1.00> <Adapter> <Opcode : 'read' 'write' 'readreq' 'writereq' 'writeresp'>

State 12 <SV = 11> <Delay = 7.30>
ST_12 : Operation 142 [62/71] (7.30ns)   --->   "%gmem_load_req = readreq i1 @_ssdm_op_ReadReq.m_axi.i64P1A, i64 %gmem_addr, i32 1" [main.cpp:212]   --->   Operation 142 'readreq' 'gmem_load_req' <Predicate = true> <Delay = 7.30> <CoreInst = "m_axi">   --->   Core 121 'm_axi' <Latency = 0> <II = 1> <Delay = 1.00> <Adapter> <Opcode : 'read' 'write' 'readreq' 'writereq' 'writeresp'>
ST_12 : Operation 143 [63/71] (7.30ns)   --->   "%gmem_load_2_req = readreq i1 @_ssdm_op_ReadReq.m_axi.i64P1A, i64 %gmem_addr_2, i32 1" [main.cpp:213]   --->   Operation 143 'readreq' 'gmem_load_2_req' <Predicate = true> <Delay = 7.30> <CoreInst = "m_axi">   --->   Core 121 'm_axi' <Latency = 0> <II = 1> <Delay = 1.00> <Adapter> <Opcode : 'read' 'write' 'readreq' 'writereq' 'writeresp'>

State 13 <SV = 12> <Delay = 7.30>
ST_13 : Operation 144 [61/71] (7.30ns)   --->   "%gmem_load_req = readreq i1 @_ssdm_op_ReadReq.m_axi.i64P1A, i64 %gmem_addr, i32 1" [main.cpp:212]   --->   Operation 144 'readreq' 'gmem_load_req' <Predicate = true> <Delay = 7.30> <CoreInst = "m_axi">   --->   Core 121 'm_axi' <Latency = 0> <II = 1> <Delay = 1.00> <Adapter> <Opcode : 'read' 'write' 'readreq' 'writereq' 'writeresp'>
ST_13 : Operation 145 [62/71] (7.30ns)   --->   "%gmem_load_2_req = readreq i1 @_ssdm_op_ReadReq.m_axi.i64P1A, i64 %gmem_addr_2, i32 1" [main.cpp:213]   --->   Operation 145 'readreq' 'gmem_load_2_req' <Predicate = true> <Delay = 7.30> <CoreInst = "m_axi">   --->   Core 121 'm_axi' <Latency = 0> <II = 1> <Delay = 1.00> <Adapter> <Opcode : 'read' 'write' 'readreq' 'writereq' 'writeresp'>

State 14 <SV = 13> <Delay = 7.30>
ST_14 : Operation 146 [60/71] (7.30ns)   --->   "%gmem_load_req = readreq i1 @_ssdm_op_ReadReq.m_axi.i64P1A, i64 %gmem_addr, i32 1" [main.cpp:212]   --->   Operation 146 'readreq' 'gmem_load_req' <Predicate = true> <Delay = 7.30> <CoreInst = "m_axi">   --->   Core 121 'm_axi' <Latency = 0> <II = 1> <Delay = 1.00> <Adapter> <Opcode : 'read' 'write' 'readreq' 'writereq' 'writeresp'>
ST_14 : Operation 147 [61/71] (7.30ns)   --->   "%gmem_load_2_req = readreq i1 @_ssdm_op_ReadReq.m_axi.i64P1A, i64 %gmem_addr_2, i32 1" [main.cpp:213]   --->   Operation 147 'readreq' 'gmem_load_2_req' <Predicate = true> <Delay = 7.30> <CoreInst = "m_axi">   --->   Core 121 'm_axi' <Latency = 0> <II = 1> <Delay = 1.00> <Adapter> <Opcode : 'read' 'write' 'readreq' 'writereq' 'writeresp'>

State 15 <SV = 14> <Delay = 7.30>
ST_15 : Operation 148 [59/71] (7.30ns)   --->   "%gmem_load_req = readreq i1 @_ssdm_op_ReadReq.m_axi.i64P1A, i64 %gmem_addr, i32 1" [main.cpp:212]   --->   Operation 148 'readreq' 'gmem_load_req' <Predicate = true> <Delay = 7.30> <CoreInst = "m_axi">   --->   Core 121 'm_axi' <Latency = 0> <II = 1> <Delay = 1.00> <Adapter> <Opcode : 'read' 'write' 'readreq' 'writereq' 'writeresp'>
ST_15 : Operation 149 [60/71] (7.30ns)   --->   "%gmem_load_2_req = readreq i1 @_ssdm_op_ReadReq.m_axi.i64P1A, i64 %gmem_addr_2, i32 1" [main.cpp:213]   --->   Operation 149 'readreq' 'gmem_load_2_req' <Predicate = true> <Delay = 7.30> <CoreInst = "m_axi">   --->   Core 121 'm_axi' <Latency = 0> <II = 1> <Delay = 1.00> <Adapter> <Opcode : 'read' 'write' 'readreq' 'writereq' 'writeresp'>

State 16 <SV = 15> <Delay = 7.30>
ST_16 : Operation 150 [58/71] (7.30ns)   --->   "%gmem_load_req = readreq i1 @_ssdm_op_ReadReq.m_axi.i64P1A, i64 %gmem_addr, i32 1" [main.cpp:212]   --->   Operation 150 'readreq' 'gmem_load_req' <Predicate = true> <Delay = 7.30> <CoreInst = "m_axi">   --->   Core 121 'm_axi' <Latency = 0> <II = 1> <Delay = 1.00> <Adapter> <Opcode : 'read' 'write' 'readreq' 'writereq' 'writeresp'>
ST_16 : Operation 151 [59/71] (7.30ns)   --->   "%gmem_load_2_req = readreq i1 @_ssdm_op_ReadReq.m_axi.i64P1A, i64 %gmem_addr_2, i32 1" [main.cpp:213]   --->   Operation 151 'readreq' 'gmem_load_2_req' <Predicate = true> <Delay = 7.30> <CoreInst = "m_axi">   --->   Core 121 'm_axi' <Latency = 0> <II = 1> <Delay = 1.00> <Adapter> <Opcode : 'read' 'write' 'readreq' 'writereq' 'writeresp'>

State 17 <SV = 16> <Delay = 7.30>
ST_17 : Operation 152 [57/71] (7.30ns)   --->   "%gmem_load_req = readreq i1 @_ssdm_op_ReadReq.m_axi.i64P1A, i64 %gmem_addr, i32 1" [main.cpp:212]   --->   Operation 152 'readreq' 'gmem_load_req' <Predicate = true> <Delay = 7.30> <CoreInst = "m_axi">   --->   Core 121 'm_axi' <Latency = 0> <II = 1> <Delay = 1.00> <Adapter> <Opcode : 'read' 'write' 'readreq' 'writereq' 'writeresp'>
ST_17 : Operation 153 [58/71] (7.30ns)   --->   "%gmem_load_2_req = readreq i1 @_ssdm_op_ReadReq.m_axi.i64P1A, i64 %gmem_addr_2, i32 1" [main.cpp:213]   --->   Operation 153 'readreq' 'gmem_load_2_req' <Predicate = true> <Delay = 7.30> <CoreInst = "m_axi">   --->   Core 121 'm_axi' <Latency = 0> <II = 1> <Delay = 1.00> <Adapter> <Opcode : 'read' 'write' 'readreq' 'writereq' 'writeresp'>

State 18 <SV = 17> <Delay = 7.30>
ST_18 : Operation 154 [56/71] (7.30ns)   --->   "%gmem_load_req = readreq i1 @_ssdm_op_ReadReq.m_axi.i64P1A, i64 %gmem_addr, i32 1" [main.cpp:212]   --->   Operation 154 'readreq' 'gmem_load_req' <Predicate = true> <Delay = 7.30> <CoreInst = "m_axi">   --->   Core 121 'm_axi' <Latency = 0> <II = 1> <Delay = 1.00> <Adapter> <Opcode : 'read' 'write' 'readreq' 'writereq' 'writeresp'>
ST_18 : Operation 155 [57/71] (7.30ns)   --->   "%gmem_load_2_req = readreq i1 @_ssdm_op_ReadReq.m_axi.i64P1A, i64 %gmem_addr_2, i32 1" [main.cpp:213]   --->   Operation 155 'readreq' 'gmem_load_2_req' <Predicate = true> <Delay = 7.30> <CoreInst = "m_axi">   --->   Core 121 'm_axi' <Latency = 0> <II = 1> <Delay = 1.00> <Adapter> <Opcode : 'read' 'write' 'readreq' 'writereq' 'writeresp'>

State 19 <SV = 18> <Delay = 7.30>
ST_19 : Operation 156 [55/71] (7.30ns)   --->   "%gmem_load_req = readreq i1 @_ssdm_op_ReadReq.m_axi.i64P1A, i64 %gmem_addr, i32 1" [main.cpp:212]   --->   Operation 156 'readreq' 'gmem_load_req' <Predicate = true> <Delay = 7.30> <CoreInst = "m_axi">   --->   Core 121 'm_axi' <Latency = 0> <II = 1> <Delay = 1.00> <Adapter> <Opcode : 'read' 'write' 'readreq' 'writereq' 'writeresp'>
ST_19 : Operation 157 [56/71] (7.30ns)   --->   "%gmem_load_2_req = readreq i1 @_ssdm_op_ReadReq.m_axi.i64P1A, i64 %gmem_addr_2, i32 1" [main.cpp:213]   --->   Operation 157 'readreq' 'gmem_load_2_req' <Predicate = true> <Delay = 7.30> <CoreInst = "m_axi">   --->   Core 121 'm_axi' <Latency = 0> <II = 1> <Delay = 1.00> <Adapter> <Opcode : 'read' 'write' 'readreq' 'writereq' 'writeresp'>

State 20 <SV = 19> <Delay = 7.30>
ST_20 : Operation 158 [54/71] (7.30ns)   --->   "%gmem_load_req = readreq i1 @_ssdm_op_ReadReq.m_axi.i64P1A, i64 %gmem_addr, i32 1" [main.cpp:212]   --->   Operation 158 'readreq' 'gmem_load_req' <Predicate = true> <Delay = 7.30> <CoreInst = "m_axi">   --->   Core 121 'm_axi' <Latency = 0> <II = 1> <Delay = 1.00> <Adapter> <Opcode : 'read' 'write' 'readreq' 'writereq' 'writeresp'>
ST_20 : Operation 159 [55/71] (7.30ns)   --->   "%gmem_load_2_req = readreq i1 @_ssdm_op_ReadReq.m_axi.i64P1A, i64 %gmem_addr_2, i32 1" [main.cpp:213]   --->   Operation 159 'readreq' 'gmem_load_2_req' <Predicate = true> <Delay = 7.30> <CoreInst = "m_axi">   --->   Core 121 'm_axi' <Latency = 0> <II = 1> <Delay = 1.00> <Adapter> <Opcode : 'read' 'write' 'readreq' 'writereq' 'writeresp'>

State 21 <SV = 20> <Delay = 7.30>
ST_21 : Operation 160 [53/71] (7.30ns)   --->   "%gmem_load_req = readreq i1 @_ssdm_op_ReadReq.m_axi.i64P1A, i64 %gmem_addr, i32 1" [main.cpp:212]   --->   Operation 160 'readreq' 'gmem_load_req' <Predicate = true> <Delay = 7.30> <CoreInst = "m_axi">   --->   Core 121 'm_axi' <Latency = 0> <II = 1> <Delay = 1.00> <Adapter> <Opcode : 'read' 'write' 'readreq' 'writereq' 'writeresp'>
ST_21 : Operation 161 [54/71] (7.30ns)   --->   "%gmem_load_2_req = readreq i1 @_ssdm_op_ReadReq.m_axi.i64P1A, i64 %gmem_addr_2, i32 1" [main.cpp:213]   --->   Operation 161 'readreq' 'gmem_load_2_req' <Predicate = true> <Delay = 7.30> <CoreInst = "m_axi">   --->   Core 121 'm_axi' <Latency = 0> <II = 1> <Delay = 1.00> <Adapter> <Opcode : 'read' 'write' 'readreq' 'writereq' 'writeresp'>

State 22 <SV = 21> <Delay = 7.30>
ST_22 : Operation 162 [52/71] (7.30ns)   --->   "%gmem_load_req = readreq i1 @_ssdm_op_ReadReq.m_axi.i64P1A, i64 %gmem_addr, i32 1" [main.cpp:212]   --->   Operation 162 'readreq' 'gmem_load_req' <Predicate = true> <Delay = 7.30> <CoreInst = "m_axi">   --->   Core 121 'm_axi' <Latency = 0> <II = 1> <Delay = 1.00> <Adapter> <Opcode : 'read' 'write' 'readreq' 'writereq' 'writeresp'>
ST_22 : Operation 163 [53/71] (7.30ns)   --->   "%gmem_load_2_req = readreq i1 @_ssdm_op_ReadReq.m_axi.i64P1A, i64 %gmem_addr_2, i32 1" [main.cpp:213]   --->   Operation 163 'readreq' 'gmem_load_2_req' <Predicate = true> <Delay = 7.30> <CoreInst = "m_axi">   --->   Core 121 'm_axi' <Latency = 0> <II = 1> <Delay = 1.00> <Adapter> <Opcode : 'read' 'write' 'readreq' 'writereq' 'writeresp'>

State 23 <SV = 22> <Delay = 7.30>
ST_23 : Operation 164 [51/71] (7.30ns)   --->   "%gmem_load_req = readreq i1 @_ssdm_op_ReadReq.m_axi.i64P1A, i64 %gmem_addr, i32 1" [main.cpp:212]   --->   Operation 164 'readreq' 'gmem_load_req' <Predicate = true> <Delay = 7.30> <CoreInst = "m_axi">   --->   Core 121 'm_axi' <Latency = 0> <II = 1> <Delay = 1.00> <Adapter> <Opcode : 'read' 'write' 'readreq' 'writereq' 'writeresp'>
ST_23 : Operation 165 [52/71] (7.30ns)   --->   "%gmem_load_2_req = readreq i1 @_ssdm_op_ReadReq.m_axi.i64P1A, i64 %gmem_addr_2, i32 1" [main.cpp:213]   --->   Operation 165 'readreq' 'gmem_load_2_req' <Predicate = true> <Delay = 7.30> <CoreInst = "m_axi">   --->   Core 121 'm_axi' <Latency = 0> <II = 1> <Delay = 1.00> <Adapter> <Opcode : 'read' 'write' 'readreq' 'writereq' 'writeresp'>

State 24 <SV = 23> <Delay = 7.30>
ST_24 : Operation 166 [50/71] (7.30ns)   --->   "%gmem_load_req = readreq i1 @_ssdm_op_ReadReq.m_axi.i64P1A, i64 %gmem_addr, i32 1" [main.cpp:212]   --->   Operation 166 'readreq' 'gmem_load_req' <Predicate = true> <Delay = 7.30> <CoreInst = "m_axi">   --->   Core 121 'm_axi' <Latency = 0> <II = 1> <Delay = 1.00> <Adapter> <Opcode : 'read' 'write' 'readreq' 'writereq' 'writeresp'>
ST_24 : Operation 167 [51/71] (7.30ns)   --->   "%gmem_load_2_req = readreq i1 @_ssdm_op_ReadReq.m_axi.i64P1A, i64 %gmem_addr_2, i32 1" [main.cpp:213]   --->   Operation 167 'readreq' 'gmem_load_2_req' <Predicate = true> <Delay = 7.30> <CoreInst = "m_axi">   --->   Core 121 'm_axi' <Latency = 0> <II = 1> <Delay = 1.00> <Adapter> <Opcode : 'read' 'write' 'readreq' 'writereq' 'writeresp'>

State 25 <SV = 24> <Delay = 7.30>
ST_25 : Operation 168 [49/71] (7.30ns)   --->   "%gmem_load_req = readreq i1 @_ssdm_op_ReadReq.m_axi.i64P1A, i64 %gmem_addr, i32 1" [main.cpp:212]   --->   Operation 168 'readreq' 'gmem_load_req' <Predicate = true> <Delay = 7.30> <CoreInst = "m_axi">   --->   Core 121 'm_axi' <Latency = 0> <II = 1> <Delay = 1.00> <Adapter> <Opcode : 'read' 'write' 'readreq' 'writereq' 'writeresp'>
ST_25 : Operation 169 [50/71] (7.30ns)   --->   "%gmem_load_2_req = readreq i1 @_ssdm_op_ReadReq.m_axi.i64P1A, i64 %gmem_addr_2, i32 1" [main.cpp:213]   --->   Operation 169 'readreq' 'gmem_load_2_req' <Predicate = true> <Delay = 7.30> <CoreInst = "m_axi">   --->   Core 121 'm_axi' <Latency = 0> <II = 1> <Delay = 1.00> <Adapter> <Opcode : 'read' 'write' 'readreq' 'writereq' 'writeresp'>

State 26 <SV = 25> <Delay = 7.30>
ST_26 : Operation 170 [48/71] (7.30ns)   --->   "%gmem_load_req = readreq i1 @_ssdm_op_ReadReq.m_axi.i64P1A, i64 %gmem_addr, i32 1" [main.cpp:212]   --->   Operation 170 'readreq' 'gmem_load_req' <Predicate = true> <Delay = 7.30> <CoreInst = "m_axi">   --->   Core 121 'm_axi' <Latency = 0> <II = 1> <Delay = 1.00> <Adapter> <Opcode : 'read' 'write' 'readreq' 'writereq' 'writeresp'>
ST_26 : Operation 171 [49/71] (7.30ns)   --->   "%gmem_load_2_req = readreq i1 @_ssdm_op_ReadReq.m_axi.i64P1A, i64 %gmem_addr_2, i32 1" [main.cpp:213]   --->   Operation 171 'readreq' 'gmem_load_2_req' <Predicate = true> <Delay = 7.30> <CoreInst = "m_axi">   --->   Core 121 'm_axi' <Latency = 0> <II = 1> <Delay = 1.00> <Adapter> <Opcode : 'read' 'write' 'readreq' 'writereq' 'writeresp'>

State 27 <SV = 26> <Delay = 7.30>
ST_27 : Operation 172 [47/71] (7.30ns)   --->   "%gmem_load_req = readreq i1 @_ssdm_op_ReadReq.m_axi.i64P1A, i64 %gmem_addr, i32 1" [main.cpp:212]   --->   Operation 172 'readreq' 'gmem_load_req' <Predicate = true> <Delay = 7.30> <CoreInst = "m_axi">   --->   Core 121 'm_axi' <Latency = 0> <II = 1> <Delay = 1.00> <Adapter> <Opcode : 'read' 'write' 'readreq' 'writereq' 'writeresp'>
ST_27 : Operation 173 [48/71] (7.30ns)   --->   "%gmem_load_2_req = readreq i1 @_ssdm_op_ReadReq.m_axi.i64P1A, i64 %gmem_addr_2, i32 1" [main.cpp:213]   --->   Operation 173 'readreq' 'gmem_load_2_req' <Predicate = true> <Delay = 7.30> <CoreInst = "m_axi">   --->   Core 121 'm_axi' <Latency = 0> <II = 1> <Delay = 1.00> <Adapter> <Opcode : 'read' 'write' 'readreq' 'writereq' 'writeresp'>

State 28 <SV = 27> <Delay = 7.30>
ST_28 : Operation 174 [46/71] (7.30ns)   --->   "%gmem_load_req = readreq i1 @_ssdm_op_ReadReq.m_axi.i64P1A, i64 %gmem_addr, i32 1" [main.cpp:212]   --->   Operation 174 'readreq' 'gmem_load_req' <Predicate = true> <Delay = 7.30> <CoreInst = "m_axi">   --->   Core 121 'm_axi' <Latency = 0> <II = 1> <Delay = 1.00> <Adapter> <Opcode : 'read' 'write' 'readreq' 'writereq' 'writeresp'>
ST_28 : Operation 175 [47/71] (7.30ns)   --->   "%gmem_load_2_req = readreq i1 @_ssdm_op_ReadReq.m_axi.i64P1A, i64 %gmem_addr_2, i32 1" [main.cpp:213]   --->   Operation 175 'readreq' 'gmem_load_2_req' <Predicate = true> <Delay = 7.30> <CoreInst = "m_axi">   --->   Core 121 'm_axi' <Latency = 0> <II = 1> <Delay = 1.00> <Adapter> <Opcode : 'read' 'write' 'readreq' 'writereq' 'writeresp'>

State 29 <SV = 28> <Delay = 7.30>
ST_29 : Operation 176 [45/71] (7.30ns)   --->   "%gmem_load_req = readreq i1 @_ssdm_op_ReadReq.m_axi.i64P1A, i64 %gmem_addr, i32 1" [main.cpp:212]   --->   Operation 176 'readreq' 'gmem_load_req' <Predicate = true> <Delay = 7.30> <CoreInst = "m_axi">   --->   Core 121 'm_axi' <Latency = 0> <II = 1> <Delay = 1.00> <Adapter> <Opcode : 'read' 'write' 'readreq' 'writereq' 'writeresp'>
ST_29 : Operation 177 [46/71] (7.30ns)   --->   "%gmem_load_2_req = readreq i1 @_ssdm_op_ReadReq.m_axi.i64P1A, i64 %gmem_addr_2, i32 1" [main.cpp:213]   --->   Operation 177 'readreq' 'gmem_load_2_req' <Predicate = true> <Delay = 7.30> <CoreInst = "m_axi">   --->   Core 121 'm_axi' <Latency = 0> <II = 1> <Delay = 1.00> <Adapter> <Opcode : 'read' 'write' 'readreq' 'writereq' 'writeresp'>

State 30 <SV = 29> <Delay = 7.30>
ST_30 : Operation 178 [44/71] (7.30ns)   --->   "%gmem_load_req = readreq i1 @_ssdm_op_ReadReq.m_axi.i64P1A, i64 %gmem_addr, i32 1" [main.cpp:212]   --->   Operation 178 'readreq' 'gmem_load_req' <Predicate = true> <Delay = 7.30> <CoreInst = "m_axi">   --->   Core 121 'm_axi' <Latency = 0> <II = 1> <Delay = 1.00> <Adapter> <Opcode : 'read' 'write' 'readreq' 'writereq' 'writeresp'>
ST_30 : Operation 179 [45/71] (7.30ns)   --->   "%gmem_load_2_req = readreq i1 @_ssdm_op_ReadReq.m_axi.i64P1A, i64 %gmem_addr_2, i32 1" [main.cpp:213]   --->   Operation 179 'readreq' 'gmem_load_2_req' <Predicate = true> <Delay = 7.30> <CoreInst = "m_axi">   --->   Core 121 'm_axi' <Latency = 0> <II = 1> <Delay = 1.00> <Adapter> <Opcode : 'read' 'write' 'readreq' 'writereq' 'writeresp'>

State 31 <SV = 30> <Delay = 7.30>
ST_31 : Operation 180 [43/71] (7.30ns)   --->   "%gmem_load_req = readreq i1 @_ssdm_op_ReadReq.m_axi.i64P1A, i64 %gmem_addr, i32 1" [main.cpp:212]   --->   Operation 180 'readreq' 'gmem_load_req' <Predicate = true> <Delay = 7.30> <CoreInst = "m_axi">   --->   Core 121 'm_axi' <Latency = 0> <II = 1> <Delay = 1.00> <Adapter> <Opcode : 'read' 'write' 'readreq' 'writereq' 'writeresp'>
ST_31 : Operation 181 [44/71] (7.30ns)   --->   "%gmem_load_2_req = readreq i1 @_ssdm_op_ReadReq.m_axi.i64P1A, i64 %gmem_addr_2, i32 1" [main.cpp:213]   --->   Operation 181 'readreq' 'gmem_load_2_req' <Predicate = true> <Delay = 7.30> <CoreInst = "m_axi">   --->   Core 121 'm_axi' <Latency = 0> <II = 1> <Delay = 1.00> <Adapter> <Opcode : 'read' 'write' 'readreq' 'writereq' 'writeresp'>

State 32 <SV = 31> <Delay = 7.30>
ST_32 : Operation 182 [42/71] (7.30ns)   --->   "%gmem_load_req = readreq i1 @_ssdm_op_ReadReq.m_axi.i64P1A, i64 %gmem_addr, i32 1" [main.cpp:212]   --->   Operation 182 'readreq' 'gmem_load_req' <Predicate = true> <Delay = 7.30> <CoreInst = "m_axi">   --->   Core 121 'm_axi' <Latency = 0> <II = 1> <Delay = 1.00> <Adapter> <Opcode : 'read' 'write' 'readreq' 'writereq' 'writeresp'>
ST_32 : Operation 183 [43/71] (7.30ns)   --->   "%gmem_load_2_req = readreq i1 @_ssdm_op_ReadReq.m_axi.i64P1A, i64 %gmem_addr_2, i32 1" [main.cpp:213]   --->   Operation 183 'readreq' 'gmem_load_2_req' <Predicate = true> <Delay = 7.30> <CoreInst = "m_axi">   --->   Core 121 'm_axi' <Latency = 0> <II = 1> <Delay = 1.00> <Adapter> <Opcode : 'read' 'write' 'readreq' 'writereq' 'writeresp'>

State 33 <SV = 32> <Delay = 7.30>
ST_33 : Operation 184 [41/71] (7.30ns)   --->   "%gmem_load_req = readreq i1 @_ssdm_op_ReadReq.m_axi.i64P1A, i64 %gmem_addr, i32 1" [main.cpp:212]   --->   Operation 184 'readreq' 'gmem_load_req' <Predicate = true> <Delay = 7.30> <CoreInst = "m_axi">   --->   Core 121 'm_axi' <Latency = 0> <II = 1> <Delay = 1.00> <Adapter> <Opcode : 'read' 'write' 'readreq' 'writereq' 'writeresp'>
ST_33 : Operation 185 [42/71] (7.30ns)   --->   "%gmem_load_2_req = readreq i1 @_ssdm_op_ReadReq.m_axi.i64P1A, i64 %gmem_addr_2, i32 1" [main.cpp:213]   --->   Operation 185 'readreq' 'gmem_load_2_req' <Predicate = true> <Delay = 7.30> <CoreInst = "m_axi">   --->   Core 121 'm_axi' <Latency = 0> <II = 1> <Delay = 1.00> <Adapter> <Opcode : 'read' 'write' 'readreq' 'writereq' 'writeresp'>

State 34 <SV = 33> <Delay = 7.30>
ST_34 : Operation 186 [40/71] (7.30ns)   --->   "%gmem_load_req = readreq i1 @_ssdm_op_ReadReq.m_axi.i64P1A, i64 %gmem_addr, i32 1" [main.cpp:212]   --->   Operation 186 'readreq' 'gmem_load_req' <Predicate = true> <Delay = 7.30> <CoreInst = "m_axi">   --->   Core 121 'm_axi' <Latency = 0> <II = 1> <Delay = 1.00> <Adapter> <Opcode : 'read' 'write' 'readreq' 'writereq' 'writeresp'>
ST_34 : Operation 187 [41/71] (7.30ns)   --->   "%gmem_load_2_req = readreq i1 @_ssdm_op_ReadReq.m_axi.i64P1A, i64 %gmem_addr_2, i32 1" [main.cpp:213]   --->   Operation 187 'readreq' 'gmem_load_2_req' <Predicate = true> <Delay = 7.30> <CoreInst = "m_axi">   --->   Core 121 'm_axi' <Latency = 0> <II = 1> <Delay = 1.00> <Adapter> <Opcode : 'read' 'write' 'readreq' 'writereq' 'writeresp'>

State 35 <SV = 34> <Delay = 7.30>
ST_35 : Operation 188 [39/71] (7.30ns)   --->   "%gmem_load_req = readreq i1 @_ssdm_op_ReadReq.m_axi.i64P1A, i64 %gmem_addr, i32 1" [main.cpp:212]   --->   Operation 188 'readreq' 'gmem_load_req' <Predicate = true> <Delay = 7.30> <CoreInst = "m_axi">   --->   Core 121 'm_axi' <Latency = 0> <II = 1> <Delay = 1.00> <Adapter> <Opcode : 'read' 'write' 'readreq' 'writereq' 'writeresp'>
ST_35 : Operation 189 [40/71] (7.30ns)   --->   "%gmem_load_2_req = readreq i1 @_ssdm_op_ReadReq.m_axi.i64P1A, i64 %gmem_addr_2, i32 1" [main.cpp:213]   --->   Operation 189 'readreq' 'gmem_load_2_req' <Predicate = true> <Delay = 7.30> <CoreInst = "m_axi">   --->   Core 121 'm_axi' <Latency = 0> <II = 1> <Delay = 1.00> <Adapter> <Opcode : 'read' 'write' 'readreq' 'writereq' 'writeresp'>

State 36 <SV = 35> <Delay = 7.30>
ST_36 : Operation 190 [38/71] (7.30ns)   --->   "%gmem_load_req = readreq i1 @_ssdm_op_ReadReq.m_axi.i64P1A, i64 %gmem_addr, i32 1" [main.cpp:212]   --->   Operation 190 'readreq' 'gmem_load_req' <Predicate = true> <Delay = 7.30> <CoreInst = "m_axi">   --->   Core 121 'm_axi' <Latency = 0> <II = 1> <Delay = 1.00> <Adapter> <Opcode : 'read' 'write' 'readreq' 'writereq' 'writeresp'>
ST_36 : Operation 191 [39/71] (7.30ns)   --->   "%gmem_load_2_req = readreq i1 @_ssdm_op_ReadReq.m_axi.i64P1A, i64 %gmem_addr_2, i32 1" [main.cpp:213]   --->   Operation 191 'readreq' 'gmem_load_2_req' <Predicate = true> <Delay = 7.30> <CoreInst = "m_axi">   --->   Core 121 'm_axi' <Latency = 0> <II = 1> <Delay = 1.00> <Adapter> <Opcode : 'read' 'write' 'readreq' 'writereq' 'writeresp'>

State 37 <SV = 36> <Delay = 7.30>
ST_37 : Operation 192 [37/71] (7.30ns)   --->   "%gmem_load_req = readreq i1 @_ssdm_op_ReadReq.m_axi.i64P1A, i64 %gmem_addr, i32 1" [main.cpp:212]   --->   Operation 192 'readreq' 'gmem_load_req' <Predicate = true> <Delay = 7.30> <CoreInst = "m_axi">   --->   Core 121 'm_axi' <Latency = 0> <II = 1> <Delay = 1.00> <Adapter> <Opcode : 'read' 'write' 'readreq' 'writereq' 'writeresp'>
ST_37 : Operation 193 [38/71] (7.30ns)   --->   "%gmem_load_2_req = readreq i1 @_ssdm_op_ReadReq.m_axi.i64P1A, i64 %gmem_addr_2, i32 1" [main.cpp:213]   --->   Operation 193 'readreq' 'gmem_load_2_req' <Predicate = true> <Delay = 7.30> <CoreInst = "m_axi">   --->   Core 121 'm_axi' <Latency = 0> <II = 1> <Delay = 1.00> <Adapter> <Opcode : 'read' 'write' 'readreq' 'writereq' 'writeresp'>

State 38 <SV = 37> <Delay = 7.30>
ST_38 : Operation 194 [36/71] (7.30ns)   --->   "%gmem_load_req = readreq i1 @_ssdm_op_ReadReq.m_axi.i64P1A, i64 %gmem_addr, i32 1" [main.cpp:212]   --->   Operation 194 'readreq' 'gmem_load_req' <Predicate = true> <Delay = 7.30> <CoreInst = "m_axi">   --->   Core 121 'm_axi' <Latency = 0> <II = 1> <Delay = 1.00> <Adapter> <Opcode : 'read' 'write' 'readreq' 'writereq' 'writeresp'>
ST_38 : Operation 195 [37/71] (7.30ns)   --->   "%gmem_load_2_req = readreq i1 @_ssdm_op_ReadReq.m_axi.i64P1A, i64 %gmem_addr_2, i32 1" [main.cpp:213]   --->   Operation 195 'readreq' 'gmem_load_2_req' <Predicate = true> <Delay = 7.30> <CoreInst = "m_axi">   --->   Core 121 'm_axi' <Latency = 0> <II = 1> <Delay = 1.00> <Adapter> <Opcode : 'read' 'write' 'readreq' 'writereq' 'writeresp'>

State 39 <SV = 38> <Delay = 7.30>
ST_39 : Operation 196 [35/71] (7.30ns)   --->   "%gmem_load_req = readreq i1 @_ssdm_op_ReadReq.m_axi.i64P1A, i64 %gmem_addr, i32 1" [main.cpp:212]   --->   Operation 196 'readreq' 'gmem_load_req' <Predicate = true> <Delay = 7.30> <CoreInst = "m_axi">   --->   Core 121 'm_axi' <Latency = 0> <II = 1> <Delay = 1.00> <Adapter> <Opcode : 'read' 'write' 'readreq' 'writereq' 'writeresp'>
ST_39 : Operation 197 [36/71] (7.30ns)   --->   "%gmem_load_2_req = readreq i1 @_ssdm_op_ReadReq.m_axi.i64P1A, i64 %gmem_addr_2, i32 1" [main.cpp:213]   --->   Operation 197 'readreq' 'gmem_load_2_req' <Predicate = true> <Delay = 7.30> <CoreInst = "m_axi">   --->   Core 121 'm_axi' <Latency = 0> <II = 1> <Delay = 1.00> <Adapter> <Opcode : 'read' 'write' 'readreq' 'writereq' 'writeresp'>

State 40 <SV = 39> <Delay = 7.30>
ST_40 : Operation 198 [34/71] (7.30ns)   --->   "%gmem_load_req = readreq i1 @_ssdm_op_ReadReq.m_axi.i64P1A, i64 %gmem_addr, i32 1" [main.cpp:212]   --->   Operation 198 'readreq' 'gmem_load_req' <Predicate = true> <Delay = 7.30> <CoreInst = "m_axi">   --->   Core 121 'm_axi' <Latency = 0> <II = 1> <Delay = 1.00> <Adapter> <Opcode : 'read' 'write' 'readreq' 'writereq' 'writeresp'>
ST_40 : Operation 199 [35/71] (7.30ns)   --->   "%gmem_load_2_req = readreq i1 @_ssdm_op_ReadReq.m_axi.i64P1A, i64 %gmem_addr_2, i32 1" [main.cpp:213]   --->   Operation 199 'readreq' 'gmem_load_2_req' <Predicate = true> <Delay = 7.30> <CoreInst = "m_axi">   --->   Core 121 'm_axi' <Latency = 0> <II = 1> <Delay = 1.00> <Adapter> <Opcode : 'read' 'write' 'readreq' 'writereq' 'writeresp'>

State 41 <SV = 40> <Delay = 7.30>
ST_41 : Operation 200 [33/71] (7.30ns)   --->   "%gmem_load_req = readreq i1 @_ssdm_op_ReadReq.m_axi.i64P1A, i64 %gmem_addr, i32 1" [main.cpp:212]   --->   Operation 200 'readreq' 'gmem_load_req' <Predicate = true> <Delay = 7.30> <CoreInst = "m_axi">   --->   Core 121 'm_axi' <Latency = 0> <II = 1> <Delay = 1.00> <Adapter> <Opcode : 'read' 'write' 'readreq' 'writereq' 'writeresp'>
ST_41 : Operation 201 [34/71] (7.30ns)   --->   "%gmem_load_2_req = readreq i1 @_ssdm_op_ReadReq.m_axi.i64P1A, i64 %gmem_addr_2, i32 1" [main.cpp:213]   --->   Operation 201 'readreq' 'gmem_load_2_req' <Predicate = true> <Delay = 7.30> <CoreInst = "m_axi">   --->   Core 121 'm_axi' <Latency = 0> <II = 1> <Delay = 1.00> <Adapter> <Opcode : 'read' 'write' 'readreq' 'writereq' 'writeresp'>

State 42 <SV = 41> <Delay = 7.30>
ST_42 : Operation 202 [32/71] (7.30ns)   --->   "%gmem_load_req = readreq i1 @_ssdm_op_ReadReq.m_axi.i64P1A, i64 %gmem_addr, i32 1" [main.cpp:212]   --->   Operation 202 'readreq' 'gmem_load_req' <Predicate = true> <Delay = 7.30> <CoreInst = "m_axi">   --->   Core 121 'm_axi' <Latency = 0> <II = 1> <Delay = 1.00> <Adapter> <Opcode : 'read' 'write' 'readreq' 'writereq' 'writeresp'>
ST_42 : Operation 203 [33/71] (7.30ns)   --->   "%gmem_load_2_req = readreq i1 @_ssdm_op_ReadReq.m_axi.i64P1A, i64 %gmem_addr_2, i32 1" [main.cpp:213]   --->   Operation 203 'readreq' 'gmem_load_2_req' <Predicate = true> <Delay = 7.30> <CoreInst = "m_axi">   --->   Core 121 'm_axi' <Latency = 0> <II = 1> <Delay = 1.00> <Adapter> <Opcode : 'read' 'write' 'readreq' 'writereq' 'writeresp'>

State 43 <SV = 42> <Delay = 7.30>
ST_43 : Operation 204 [31/71] (7.30ns)   --->   "%gmem_load_req = readreq i1 @_ssdm_op_ReadReq.m_axi.i64P1A, i64 %gmem_addr, i32 1" [main.cpp:212]   --->   Operation 204 'readreq' 'gmem_load_req' <Predicate = true> <Delay = 7.30> <CoreInst = "m_axi">   --->   Core 121 'm_axi' <Latency = 0> <II = 1> <Delay = 1.00> <Adapter> <Opcode : 'read' 'write' 'readreq' 'writereq' 'writeresp'>
ST_43 : Operation 205 [32/71] (7.30ns)   --->   "%gmem_load_2_req = readreq i1 @_ssdm_op_ReadReq.m_axi.i64P1A, i64 %gmem_addr_2, i32 1" [main.cpp:213]   --->   Operation 205 'readreq' 'gmem_load_2_req' <Predicate = true> <Delay = 7.30> <CoreInst = "m_axi">   --->   Core 121 'm_axi' <Latency = 0> <II = 1> <Delay = 1.00> <Adapter> <Opcode : 'read' 'write' 'readreq' 'writereq' 'writeresp'>

State 44 <SV = 43> <Delay = 7.30>
ST_44 : Operation 206 [30/71] (7.30ns)   --->   "%gmem_load_req = readreq i1 @_ssdm_op_ReadReq.m_axi.i64P1A, i64 %gmem_addr, i32 1" [main.cpp:212]   --->   Operation 206 'readreq' 'gmem_load_req' <Predicate = true> <Delay = 7.30> <CoreInst = "m_axi">   --->   Core 121 'm_axi' <Latency = 0> <II = 1> <Delay = 1.00> <Adapter> <Opcode : 'read' 'write' 'readreq' 'writereq' 'writeresp'>
ST_44 : Operation 207 [31/71] (7.30ns)   --->   "%gmem_load_2_req = readreq i1 @_ssdm_op_ReadReq.m_axi.i64P1A, i64 %gmem_addr_2, i32 1" [main.cpp:213]   --->   Operation 207 'readreq' 'gmem_load_2_req' <Predicate = true> <Delay = 7.30> <CoreInst = "m_axi">   --->   Core 121 'm_axi' <Latency = 0> <II = 1> <Delay = 1.00> <Adapter> <Opcode : 'read' 'write' 'readreq' 'writereq' 'writeresp'>

State 45 <SV = 44> <Delay = 7.30>
ST_45 : Operation 208 [29/71] (7.30ns)   --->   "%gmem_load_req = readreq i1 @_ssdm_op_ReadReq.m_axi.i64P1A, i64 %gmem_addr, i32 1" [main.cpp:212]   --->   Operation 208 'readreq' 'gmem_load_req' <Predicate = true> <Delay = 7.30> <CoreInst = "m_axi">   --->   Core 121 'm_axi' <Latency = 0> <II = 1> <Delay = 1.00> <Adapter> <Opcode : 'read' 'write' 'readreq' 'writereq' 'writeresp'>
ST_45 : Operation 209 [30/71] (7.30ns)   --->   "%gmem_load_2_req = readreq i1 @_ssdm_op_ReadReq.m_axi.i64P1A, i64 %gmem_addr_2, i32 1" [main.cpp:213]   --->   Operation 209 'readreq' 'gmem_load_2_req' <Predicate = true> <Delay = 7.30> <CoreInst = "m_axi">   --->   Core 121 'm_axi' <Latency = 0> <II = 1> <Delay = 1.00> <Adapter> <Opcode : 'read' 'write' 'readreq' 'writereq' 'writeresp'>

State 46 <SV = 45> <Delay = 7.30>
ST_46 : Operation 210 [28/71] (7.30ns)   --->   "%gmem_load_req = readreq i1 @_ssdm_op_ReadReq.m_axi.i64P1A, i64 %gmem_addr, i32 1" [main.cpp:212]   --->   Operation 210 'readreq' 'gmem_load_req' <Predicate = true> <Delay = 7.30> <CoreInst = "m_axi">   --->   Core 121 'm_axi' <Latency = 0> <II = 1> <Delay = 1.00> <Adapter> <Opcode : 'read' 'write' 'readreq' 'writereq' 'writeresp'>
ST_46 : Operation 211 [29/71] (7.30ns)   --->   "%gmem_load_2_req = readreq i1 @_ssdm_op_ReadReq.m_axi.i64P1A, i64 %gmem_addr_2, i32 1" [main.cpp:213]   --->   Operation 211 'readreq' 'gmem_load_2_req' <Predicate = true> <Delay = 7.30> <CoreInst = "m_axi">   --->   Core 121 'm_axi' <Latency = 0> <II = 1> <Delay = 1.00> <Adapter> <Opcode : 'read' 'write' 'readreq' 'writereq' 'writeresp'>

State 47 <SV = 46> <Delay = 7.30>
ST_47 : Operation 212 [27/71] (7.30ns)   --->   "%gmem_load_req = readreq i1 @_ssdm_op_ReadReq.m_axi.i64P1A, i64 %gmem_addr, i32 1" [main.cpp:212]   --->   Operation 212 'readreq' 'gmem_load_req' <Predicate = true> <Delay = 7.30> <CoreInst = "m_axi">   --->   Core 121 'm_axi' <Latency = 0> <II = 1> <Delay = 1.00> <Adapter> <Opcode : 'read' 'write' 'readreq' 'writereq' 'writeresp'>
ST_47 : Operation 213 [28/71] (7.30ns)   --->   "%gmem_load_2_req = readreq i1 @_ssdm_op_ReadReq.m_axi.i64P1A, i64 %gmem_addr_2, i32 1" [main.cpp:213]   --->   Operation 213 'readreq' 'gmem_load_2_req' <Predicate = true> <Delay = 7.30> <CoreInst = "m_axi">   --->   Core 121 'm_axi' <Latency = 0> <II = 1> <Delay = 1.00> <Adapter> <Opcode : 'read' 'write' 'readreq' 'writereq' 'writeresp'>

State 48 <SV = 47> <Delay = 7.30>
ST_48 : Operation 214 [26/71] (7.30ns)   --->   "%gmem_load_req = readreq i1 @_ssdm_op_ReadReq.m_axi.i64P1A, i64 %gmem_addr, i32 1" [main.cpp:212]   --->   Operation 214 'readreq' 'gmem_load_req' <Predicate = true> <Delay = 7.30> <CoreInst = "m_axi">   --->   Core 121 'm_axi' <Latency = 0> <II = 1> <Delay = 1.00> <Adapter> <Opcode : 'read' 'write' 'readreq' 'writereq' 'writeresp'>
ST_48 : Operation 215 [27/71] (7.30ns)   --->   "%gmem_load_2_req = readreq i1 @_ssdm_op_ReadReq.m_axi.i64P1A, i64 %gmem_addr_2, i32 1" [main.cpp:213]   --->   Operation 215 'readreq' 'gmem_load_2_req' <Predicate = true> <Delay = 7.30> <CoreInst = "m_axi">   --->   Core 121 'm_axi' <Latency = 0> <II = 1> <Delay = 1.00> <Adapter> <Opcode : 'read' 'write' 'readreq' 'writereq' 'writeresp'>

State 49 <SV = 48> <Delay = 7.30>
ST_49 : Operation 216 [25/71] (7.30ns)   --->   "%gmem_load_req = readreq i1 @_ssdm_op_ReadReq.m_axi.i64P1A, i64 %gmem_addr, i32 1" [main.cpp:212]   --->   Operation 216 'readreq' 'gmem_load_req' <Predicate = true> <Delay = 7.30> <CoreInst = "m_axi">   --->   Core 121 'm_axi' <Latency = 0> <II = 1> <Delay = 1.00> <Adapter> <Opcode : 'read' 'write' 'readreq' 'writereq' 'writeresp'>
ST_49 : Operation 217 [26/71] (7.30ns)   --->   "%gmem_load_2_req = readreq i1 @_ssdm_op_ReadReq.m_axi.i64P1A, i64 %gmem_addr_2, i32 1" [main.cpp:213]   --->   Operation 217 'readreq' 'gmem_load_2_req' <Predicate = true> <Delay = 7.30> <CoreInst = "m_axi">   --->   Core 121 'm_axi' <Latency = 0> <II = 1> <Delay = 1.00> <Adapter> <Opcode : 'read' 'write' 'readreq' 'writereq' 'writeresp'>

State 50 <SV = 49> <Delay = 7.30>
ST_50 : Operation 218 [24/71] (7.30ns)   --->   "%gmem_load_req = readreq i1 @_ssdm_op_ReadReq.m_axi.i64P1A, i64 %gmem_addr, i32 1" [main.cpp:212]   --->   Operation 218 'readreq' 'gmem_load_req' <Predicate = true> <Delay = 7.30> <CoreInst = "m_axi">   --->   Core 121 'm_axi' <Latency = 0> <II = 1> <Delay = 1.00> <Adapter> <Opcode : 'read' 'write' 'readreq' 'writereq' 'writeresp'>
ST_50 : Operation 219 [25/71] (7.30ns)   --->   "%gmem_load_2_req = readreq i1 @_ssdm_op_ReadReq.m_axi.i64P1A, i64 %gmem_addr_2, i32 1" [main.cpp:213]   --->   Operation 219 'readreq' 'gmem_load_2_req' <Predicate = true> <Delay = 7.30> <CoreInst = "m_axi">   --->   Core 121 'm_axi' <Latency = 0> <II = 1> <Delay = 1.00> <Adapter> <Opcode : 'read' 'write' 'readreq' 'writereq' 'writeresp'>

State 51 <SV = 50> <Delay = 7.30>
ST_51 : Operation 220 [23/71] (7.30ns)   --->   "%gmem_load_req = readreq i1 @_ssdm_op_ReadReq.m_axi.i64P1A, i64 %gmem_addr, i32 1" [main.cpp:212]   --->   Operation 220 'readreq' 'gmem_load_req' <Predicate = true> <Delay = 7.30> <CoreInst = "m_axi">   --->   Core 121 'm_axi' <Latency = 0> <II = 1> <Delay = 1.00> <Adapter> <Opcode : 'read' 'write' 'readreq' 'writereq' 'writeresp'>
ST_51 : Operation 221 [24/71] (7.30ns)   --->   "%gmem_load_2_req = readreq i1 @_ssdm_op_ReadReq.m_axi.i64P1A, i64 %gmem_addr_2, i32 1" [main.cpp:213]   --->   Operation 221 'readreq' 'gmem_load_2_req' <Predicate = true> <Delay = 7.30> <CoreInst = "m_axi">   --->   Core 121 'm_axi' <Latency = 0> <II = 1> <Delay = 1.00> <Adapter> <Opcode : 'read' 'write' 'readreq' 'writereq' 'writeresp'>

State 52 <SV = 51> <Delay = 7.30>
ST_52 : Operation 222 [22/71] (7.30ns)   --->   "%gmem_load_req = readreq i1 @_ssdm_op_ReadReq.m_axi.i64P1A, i64 %gmem_addr, i32 1" [main.cpp:212]   --->   Operation 222 'readreq' 'gmem_load_req' <Predicate = true> <Delay = 7.30> <CoreInst = "m_axi">   --->   Core 121 'm_axi' <Latency = 0> <II = 1> <Delay = 1.00> <Adapter> <Opcode : 'read' 'write' 'readreq' 'writereq' 'writeresp'>
ST_52 : Operation 223 [23/71] (7.30ns)   --->   "%gmem_load_2_req = readreq i1 @_ssdm_op_ReadReq.m_axi.i64P1A, i64 %gmem_addr_2, i32 1" [main.cpp:213]   --->   Operation 223 'readreq' 'gmem_load_2_req' <Predicate = true> <Delay = 7.30> <CoreInst = "m_axi">   --->   Core 121 'm_axi' <Latency = 0> <II = 1> <Delay = 1.00> <Adapter> <Opcode : 'read' 'write' 'readreq' 'writereq' 'writeresp'>

State 53 <SV = 52> <Delay = 7.30>
ST_53 : Operation 224 [21/71] (7.30ns)   --->   "%gmem_load_req = readreq i1 @_ssdm_op_ReadReq.m_axi.i64P1A, i64 %gmem_addr, i32 1" [main.cpp:212]   --->   Operation 224 'readreq' 'gmem_load_req' <Predicate = true> <Delay = 7.30> <CoreInst = "m_axi">   --->   Core 121 'm_axi' <Latency = 0> <II = 1> <Delay = 1.00> <Adapter> <Opcode : 'read' 'write' 'readreq' 'writereq' 'writeresp'>
ST_53 : Operation 225 [22/71] (7.30ns)   --->   "%gmem_load_2_req = readreq i1 @_ssdm_op_ReadReq.m_axi.i64P1A, i64 %gmem_addr_2, i32 1" [main.cpp:213]   --->   Operation 225 'readreq' 'gmem_load_2_req' <Predicate = true> <Delay = 7.30> <CoreInst = "m_axi">   --->   Core 121 'm_axi' <Latency = 0> <II = 1> <Delay = 1.00> <Adapter> <Opcode : 'read' 'write' 'readreq' 'writereq' 'writeresp'>

State 54 <SV = 53> <Delay = 7.30>
ST_54 : Operation 226 [20/71] (7.30ns)   --->   "%gmem_load_req = readreq i1 @_ssdm_op_ReadReq.m_axi.i64P1A, i64 %gmem_addr, i32 1" [main.cpp:212]   --->   Operation 226 'readreq' 'gmem_load_req' <Predicate = true> <Delay = 7.30> <CoreInst = "m_axi">   --->   Core 121 'm_axi' <Latency = 0> <II = 1> <Delay = 1.00> <Adapter> <Opcode : 'read' 'write' 'readreq' 'writereq' 'writeresp'>
ST_54 : Operation 227 [21/71] (7.30ns)   --->   "%gmem_load_2_req = readreq i1 @_ssdm_op_ReadReq.m_axi.i64P1A, i64 %gmem_addr_2, i32 1" [main.cpp:213]   --->   Operation 227 'readreq' 'gmem_load_2_req' <Predicate = true> <Delay = 7.30> <CoreInst = "m_axi">   --->   Core 121 'm_axi' <Latency = 0> <II = 1> <Delay = 1.00> <Adapter> <Opcode : 'read' 'write' 'readreq' 'writereq' 'writeresp'>

State 55 <SV = 54> <Delay = 7.30>
ST_55 : Operation 228 [19/71] (7.30ns)   --->   "%gmem_load_req = readreq i1 @_ssdm_op_ReadReq.m_axi.i64P1A, i64 %gmem_addr, i32 1" [main.cpp:212]   --->   Operation 228 'readreq' 'gmem_load_req' <Predicate = true> <Delay = 7.30> <CoreInst = "m_axi">   --->   Core 121 'm_axi' <Latency = 0> <II = 1> <Delay = 1.00> <Adapter> <Opcode : 'read' 'write' 'readreq' 'writereq' 'writeresp'>
ST_55 : Operation 229 [20/71] (7.30ns)   --->   "%gmem_load_2_req = readreq i1 @_ssdm_op_ReadReq.m_axi.i64P1A, i64 %gmem_addr_2, i32 1" [main.cpp:213]   --->   Operation 229 'readreq' 'gmem_load_2_req' <Predicate = true> <Delay = 7.30> <CoreInst = "m_axi">   --->   Core 121 'm_axi' <Latency = 0> <II = 1> <Delay = 1.00> <Adapter> <Opcode : 'read' 'write' 'readreq' 'writereq' 'writeresp'>

State 56 <SV = 55> <Delay = 7.30>
ST_56 : Operation 230 [18/71] (7.30ns)   --->   "%gmem_load_req = readreq i1 @_ssdm_op_ReadReq.m_axi.i64P1A, i64 %gmem_addr, i32 1" [main.cpp:212]   --->   Operation 230 'readreq' 'gmem_load_req' <Predicate = true> <Delay = 7.30> <CoreInst = "m_axi">   --->   Core 121 'm_axi' <Latency = 0> <II = 1> <Delay = 1.00> <Adapter> <Opcode : 'read' 'write' 'readreq' 'writereq' 'writeresp'>
ST_56 : Operation 231 [19/71] (7.30ns)   --->   "%gmem_load_2_req = readreq i1 @_ssdm_op_ReadReq.m_axi.i64P1A, i64 %gmem_addr_2, i32 1" [main.cpp:213]   --->   Operation 231 'readreq' 'gmem_load_2_req' <Predicate = true> <Delay = 7.30> <CoreInst = "m_axi">   --->   Core 121 'm_axi' <Latency = 0> <II = 1> <Delay = 1.00> <Adapter> <Opcode : 'read' 'write' 'readreq' 'writereq' 'writeresp'>

State 57 <SV = 56> <Delay = 7.30>
ST_57 : Operation 232 [17/71] (7.30ns)   --->   "%gmem_load_req = readreq i1 @_ssdm_op_ReadReq.m_axi.i64P1A, i64 %gmem_addr, i32 1" [main.cpp:212]   --->   Operation 232 'readreq' 'gmem_load_req' <Predicate = true> <Delay = 7.30> <CoreInst = "m_axi">   --->   Core 121 'm_axi' <Latency = 0> <II = 1> <Delay = 1.00> <Adapter> <Opcode : 'read' 'write' 'readreq' 'writereq' 'writeresp'>
ST_57 : Operation 233 [18/71] (7.30ns)   --->   "%gmem_load_2_req = readreq i1 @_ssdm_op_ReadReq.m_axi.i64P1A, i64 %gmem_addr_2, i32 1" [main.cpp:213]   --->   Operation 233 'readreq' 'gmem_load_2_req' <Predicate = true> <Delay = 7.30> <CoreInst = "m_axi">   --->   Core 121 'm_axi' <Latency = 0> <II = 1> <Delay = 1.00> <Adapter> <Opcode : 'read' 'write' 'readreq' 'writereq' 'writeresp'>

State 58 <SV = 57> <Delay = 7.30>
ST_58 : Operation 234 [16/71] (7.30ns)   --->   "%gmem_load_req = readreq i1 @_ssdm_op_ReadReq.m_axi.i64P1A, i64 %gmem_addr, i32 1" [main.cpp:212]   --->   Operation 234 'readreq' 'gmem_load_req' <Predicate = true> <Delay = 7.30> <CoreInst = "m_axi">   --->   Core 121 'm_axi' <Latency = 0> <II = 1> <Delay = 1.00> <Adapter> <Opcode : 'read' 'write' 'readreq' 'writereq' 'writeresp'>
ST_58 : Operation 235 [17/71] (7.30ns)   --->   "%gmem_load_2_req = readreq i1 @_ssdm_op_ReadReq.m_axi.i64P1A, i64 %gmem_addr_2, i32 1" [main.cpp:213]   --->   Operation 235 'readreq' 'gmem_load_2_req' <Predicate = true> <Delay = 7.30> <CoreInst = "m_axi">   --->   Core 121 'm_axi' <Latency = 0> <II = 1> <Delay = 1.00> <Adapter> <Opcode : 'read' 'write' 'readreq' 'writereq' 'writeresp'>

State 59 <SV = 58> <Delay = 7.30>
ST_59 : Operation 236 [15/71] (7.30ns)   --->   "%gmem_load_req = readreq i1 @_ssdm_op_ReadReq.m_axi.i64P1A, i64 %gmem_addr, i32 1" [main.cpp:212]   --->   Operation 236 'readreq' 'gmem_load_req' <Predicate = true> <Delay = 7.30> <CoreInst = "m_axi">   --->   Core 121 'm_axi' <Latency = 0> <II = 1> <Delay = 1.00> <Adapter> <Opcode : 'read' 'write' 'readreq' 'writereq' 'writeresp'>
ST_59 : Operation 237 [16/71] (7.30ns)   --->   "%gmem_load_2_req = readreq i1 @_ssdm_op_ReadReq.m_axi.i64P1A, i64 %gmem_addr_2, i32 1" [main.cpp:213]   --->   Operation 237 'readreq' 'gmem_load_2_req' <Predicate = true> <Delay = 7.30> <CoreInst = "m_axi">   --->   Core 121 'm_axi' <Latency = 0> <II = 1> <Delay = 1.00> <Adapter> <Opcode : 'read' 'write' 'readreq' 'writereq' 'writeresp'>

State 60 <SV = 59> <Delay = 7.30>
ST_60 : Operation 238 [14/71] (7.30ns)   --->   "%gmem_load_req = readreq i1 @_ssdm_op_ReadReq.m_axi.i64P1A, i64 %gmem_addr, i32 1" [main.cpp:212]   --->   Operation 238 'readreq' 'gmem_load_req' <Predicate = true> <Delay = 7.30> <CoreInst = "m_axi">   --->   Core 121 'm_axi' <Latency = 0> <II = 1> <Delay = 1.00> <Adapter> <Opcode : 'read' 'write' 'readreq' 'writereq' 'writeresp'>
ST_60 : Operation 239 [15/71] (7.30ns)   --->   "%gmem_load_2_req = readreq i1 @_ssdm_op_ReadReq.m_axi.i64P1A, i64 %gmem_addr_2, i32 1" [main.cpp:213]   --->   Operation 239 'readreq' 'gmem_load_2_req' <Predicate = true> <Delay = 7.30> <CoreInst = "m_axi">   --->   Core 121 'm_axi' <Latency = 0> <II = 1> <Delay = 1.00> <Adapter> <Opcode : 'read' 'write' 'readreq' 'writereq' 'writeresp'>

State 61 <SV = 60> <Delay = 7.30>
ST_61 : Operation 240 [13/71] (7.30ns)   --->   "%gmem_load_req = readreq i1 @_ssdm_op_ReadReq.m_axi.i64P1A, i64 %gmem_addr, i32 1" [main.cpp:212]   --->   Operation 240 'readreq' 'gmem_load_req' <Predicate = true> <Delay = 7.30> <CoreInst = "m_axi">   --->   Core 121 'm_axi' <Latency = 0> <II = 1> <Delay = 1.00> <Adapter> <Opcode : 'read' 'write' 'readreq' 'writereq' 'writeresp'>
ST_61 : Operation 241 [14/71] (7.30ns)   --->   "%gmem_load_2_req = readreq i1 @_ssdm_op_ReadReq.m_axi.i64P1A, i64 %gmem_addr_2, i32 1" [main.cpp:213]   --->   Operation 241 'readreq' 'gmem_load_2_req' <Predicate = true> <Delay = 7.30> <CoreInst = "m_axi">   --->   Core 121 'm_axi' <Latency = 0> <II = 1> <Delay = 1.00> <Adapter> <Opcode : 'read' 'write' 'readreq' 'writereq' 'writeresp'>

State 62 <SV = 61> <Delay = 7.30>
ST_62 : Operation 242 [12/71] (7.30ns)   --->   "%gmem_load_req = readreq i1 @_ssdm_op_ReadReq.m_axi.i64P1A, i64 %gmem_addr, i32 1" [main.cpp:212]   --->   Operation 242 'readreq' 'gmem_load_req' <Predicate = true> <Delay = 7.30> <CoreInst = "m_axi">   --->   Core 121 'm_axi' <Latency = 0> <II = 1> <Delay = 1.00> <Adapter> <Opcode : 'read' 'write' 'readreq' 'writereq' 'writeresp'>
ST_62 : Operation 243 [13/71] (7.30ns)   --->   "%gmem_load_2_req = readreq i1 @_ssdm_op_ReadReq.m_axi.i64P1A, i64 %gmem_addr_2, i32 1" [main.cpp:213]   --->   Operation 243 'readreq' 'gmem_load_2_req' <Predicate = true> <Delay = 7.30> <CoreInst = "m_axi">   --->   Core 121 'm_axi' <Latency = 0> <II = 1> <Delay = 1.00> <Adapter> <Opcode : 'read' 'write' 'readreq' 'writereq' 'writeresp'>

State 63 <SV = 62> <Delay = 7.30>
ST_63 : Operation 244 [11/71] (7.30ns)   --->   "%gmem_load_req = readreq i1 @_ssdm_op_ReadReq.m_axi.i64P1A, i64 %gmem_addr, i32 1" [main.cpp:212]   --->   Operation 244 'readreq' 'gmem_load_req' <Predicate = true> <Delay = 7.30> <CoreInst = "m_axi">   --->   Core 121 'm_axi' <Latency = 0> <II = 1> <Delay = 1.00> <Adapter> <Opcode : 'read' 'write' 'readreq' 'writereq' 'writeresp'>
ST_63 : Operation 245 [12/71] (7.30ns)   --->   "%gmem_load_2_req = readreq i1 @_ssdm_op_ReadReq.m_axi.i64P1A, i64 %gmem_addr_2, i32 1" [main.cpp:213]   --->   Operation 245 'readreq' 'gmem_load_2_req' <Predicate = true> <Delay = 7.30> <CoreInst = "m_axi">   --->   Core 121 'm_axi' <Latency = 0> <II = 1> <Delay = 1.00> <Adapter> <Opcode : 'read' 'write' 'readreq' 'writereq' 'writeresp'>

State 64 <SV = 63> <Delay = 7.30>
ST_64 : Operation 246 [10/71] (7.30ns)   --->   "%gmem_load_req = readreq i1 @_ssdm_op_ReadReq.m_axi.i64P1A, i64 %gmem_addr, i32 1" [main.cpp:212]   --->   Operation 246 'readreq' 'gmem_load_req' <Predicate = true> <Delay = 7.30> <CoreInst = "m_axi">   --->   Core 121 'm_axi' <Latency = 0> <II = 1> <Delay = 1.00> <Adapter> <Opcode : 'read' 'write' 'readreq' 'writereq' 'writeresp'>
ST_64 : Operation 247 [11/71] (7.30ns)   --->   "%gmem_load_2_req = readreq i1 @_ssdm_op_ReadReq.m_axi.i64P1A, i64 %gmem_addr_2, i32 1" [main.cpp:213]   --->   Operation 247 'readreq' 'gmem_load_2_req' <Predicate = true> <Delay = 7.30> <CoreInst = "m_axi">   --->   Core 121 'm_axi' <Latency = 0> <II = 1> <Delay = 1.00> <Adapter> <Opcode : 'read' 'write' 'readreq' 'writereq' 'writeresp'>

State 65 <SV = 64> <Delay = 7.30>
ST_65 : Operation 248 [9/71] (7.30ns)   --->   "%gmem_load_req = readreq i1 @_ssdm_op_ReadReq.m_axi.i64P1A, i64 %gmem_addr, i32 1" [main.cpp:212]   --->   Operation 248 'readreq' 'gmem_load_req' <Predicate = true> <Delay = 7.30> <CoreInst = "m_axi">   --->   Core 121 'm_axi' <Latency = 0> <II = 1> <Delay = 1.00> <Adapter> <Opcode : 'read' 'write' 'readreq' 'writereq' 'writeresp'>
ST_65 : Operation 249 [10/71] (7.30ns)   --->   "%gmem_load_2_req = readreq i1 @_ssdm_op_ReadReq.m_axi.i64P1A, i64 %gmem_addr_2, i32 1" [main.cpp:213]   --->   Operation 249 'readreq' 'gmem_load_2_req' <Predicate = true> <Delay = 7.30> <CoreInst = "m_axi">   --->   Core 121 'm_axi' <Latency = 0> <II = 1> <Delay = 1.00> <Adapter> <Opcode : 'read' 'write' 'readreq' 'writereq' 'writeresp'>

State 66 <SV = 65> <Delay = 7.30>
ST_66 : Operation 250 [8/71] (7.30ns)   --->   "%gmem_load_req = readreq i1 @_ssdm_op_ReadReq.m_axi.i64P1A, i64 %gmem_addr, i32 1" [main.cpp:212]   --->   Operation 250 'readreq' 'gmem_load_req' <Predicate = true> <Delay = 7.30> <CoreInst = "m_axi">   --->   Core 121 'm_axi' <Latency = 0> <II = 1> <Delay = 1.00> <Adapter> <Opcode : 'read' 'write' 'readreq' 'writereq' 'writeresp'>
ST_66 : Operation 251 [9/71] (7.30ns)   --->   "%gmem_load_2_req = readreq i1 @_ssdm_op_ReadReq.m_axi.i64P1A, i64 %gmem_addr_2, i32 1" [main.cpp:213]   --->   Operation 251 'readreq' 'gmem_load_2_req' <Predicate = true> <Delay = 7.30> <CoreInst = "m_axi">   --->   Core 121 'm_axi' <Latency = 0> <II = 1> <Delay = 1.00> <Adapter> <Opcode : 'read' 'write' 'readreq' 'writereq' 'writeresp'>

State 67 <SV = 66> <Delay = 7.30>
ST_67 : Operation 252 [7/71] (7.30ns)   --->   "%gmem_load_req = readreq i1 @_ssdm_op_ReadReq.m_axi.i64P1A, i64 %gmem_addr, i32 1" [main.cpp:212]   --->   Operation 252 'readreq' 'gmem_load_req' <Predicate = true> <Delay = 7.30> <CoreInst = "m_axi">   --->   Core 121 'm_axi' <Latency = 0> <II = 1> <Delay = 1.00> <Adapter> <Opcode : 'read' 'write' 'readreq' 'writereq' 'writeresp'>
ST_67 : Operation 253 [8/71] (7.30ns)   --->   "%gmem_load_2_req = readreq i1 @_ssdm_op_ReadReq.m_axi.i64P1A, i64 %gmem_addr_2, i32 1" [main.cpp:213]   --->   Operation 253 'readreq' 'gmem_load_2_req' <Predicate = true> <Delay = 7.30> <CoreInst = "m_axi">   --->   Core 121 'm_axi' <Latency = 0> <II = 1> <Delay = 1.00> <Adapter> <Opcode : 'read' 'write' 'readreq' 'writereq' 'writeresp'>

State 68 <SV = 67> <Delay = 7.30>
ST_68 : Operation 254 [6/71] (7.30ns)   --->   "%gmem_load_req = readreq i1 @_ssdm_op_ReadReq.m_axi.i64P1A, i64 %gmem_addr, i32 1" [main.cpp:212]   --->   Operation 254 'readreq' 'gmem_load_req' <Predicate = true> <Delay = 7.30> <CoreInst = "m_axi">   --->   Core 121 'm_axi' <Latency = 0> <II = 1> <Delay = 1.00> <Adapter> <Opcode : 'read' 'write' 'readreq' 'writereq' 'writeresp'>
ST_68 : Operation 255 [7/71] (7.30ns)   --->   "%gmem_load_2_req = readreq i1 @_ssdm_op_ReadReq.m_axi.i64P1A, i64 %gmem_addr_2, i32 1" [main.cpp:213]   --->   Operation 255 'readreq' 'gmem_load_2_req' <Predicate = true> <Delay = 7.30> <CoreInst = "m_axi">   --->   Core 121 'm_axi' <Latency = 0> <II = 1> <Delay = 1.00> <Adapter> <Opcode : 'read' 'write' 'readreq' 'writereq' 'writeresp'>

State 69 <SV = 68> <Delay = 7.30>
ST_69 : Operation 256 [5/71] (7.30ns)   --->   "%gmem_load_req = readreq i1 @_ssdm_op_ReadReq.m_axi.i64P1A, i64 %gmem_addr, i32 1" [main.cpp:212]   --->   Operation 256 'readreq' 'gmem_load_req' <Predicate = true> <Delay = 7.30> <CoreInst = "m_axi">   --->   Core 121 'm_axi' <Latency = 0> <II = 1> <Delay = 1.00> <Adapter> <Opcode : 'read' 'write' 'readreq' 'writereq' 'writeresp'>
ST_69 : Operation 257 [6/71] (7.30ns)   --->   "%gmem_load_2_req = readreq i1 @_ssdm_op_ReadReq.m_axi.i64P1A, i64 %gmem_addr_2, i32 1" [main.cpp:213]   --->   Operation 257 'readreq' 'gmem_load_2_req' <Predicate = true> <Delay = 7.30> <CoreInst = "m_axi">   --->   Core 121 'm_axi' <Latency = 0> <II = 1> <Delay = 1.00> <Adapter> <Opcode : 'read' 'write' 'readreq' 'writereq' 'writeresp'>

State 70 <SV = 69> <Delay = 7.30>
ST_70 : Operation 258 [4/71] (7.30ns)   --->   "%gmem_load_req = readreq i1 @_ssdm_op_ReadReq.m_axi.i64P1A, i64 %gmem_addr, i32 1" [main.cpp:212]   --->   Operation 258 'readreq' 'gmem_load_req' <Predicate = true> <Delay = 7.30> <CoreInst = "m_axi">   --->   Core 121 'm_axi' <Latency = 0> <II = 1> <Delay = 1.00> <Adapter> <Opcode : 'read' 'write' 'readreq' 'writereq' 'writeresp'>
ST_70 : Operation 259 [5/71] (7.30ns)   --->   "%gmem_load_2_req = readreq i1 @_ssdm_op_ReadReq.m_axi.i64P1A, i64 %gmem_addr_2, i32 1" [main.cpp:213]   --->   Operation 259 'readreq' 'gmem_load_2_req' <Predicate = true> <Delay = 7.30> <CoreInst = "m_axi">   --->   Core 121 'm_axi' <Latency = 0> <II = 1> <Delay = 1.00> <Adapter> <Opcode : 'read' 'write' 'readreq' 'writereq' 'writeresp'>

State 71 <SV = 70> <Delay = 7.30>
ST_71 : Operation 260 [3/71] (7.30ns)   --->   "%gmem_load_req = readreq i1 @_ssdm_op_ReadReq.m_axi.i64P1A, i64 %gmem_addr, i32 1" [main.cpp:212]   --->   Operation 260 'readreq' 'gmem_load_req' <Predicate = true> <Delay = 7.30> <CoreInst = "m_axi">   --->   Core 121 'm_axi' <Latency = 0> <II = 1> <Delay = 1.00> <Adapter> <Opcode : 'read' 'write' 'readreq' 'writereq' 'writeresp'>
ST_71 : Operation 261 [4/71] (7.30ns)   --->   "%gmem_load_2_req = readreq i1 @_ssdm_op_ReadReq.m_axi.i64P1A, i64 %gmem_addr_2, i32 1" [main.cpp:213]   --->   Operation 261 'readreq' 'gmem_load_2_req' <Predicate = true> <Delay = 7.30> <CoreInst = "m_axi">   --->   Core 121 'm_axi' <Latency = 0> <II = 1> <Delay = 1.00> <Adapter> <Opcode : 'read' 'write' 'readreq' 'writereq' 'writeresp'>

State 72 <SV = 71> <Delay = 7.30>
ST_72 : Operation 262 [2/71] (7.30ns)   --->   "%gmem_load_req = readreq i1 @_ssdm_op_ReadReq.m_axi.i64P1A, i64 %gmem_addr, i32 1" [main.cpp:212]   --->   Operation 262 'readreq' 'gmem_load_req' <Predicate = true> <Delay = 7.30> <CoreInst = "m_axi">   --->   Core 121 'm_axi' <Latency = 0> <II = 1> <Delay = 1.00> <Adapter> <Opcode : 'read' 'write' 'readreq' 'writereq' 'writeresp'>
ST_72 : Operation 263 [3/71] (7.30ns)   --->   "%gmem_load_2_req = readreq i1 @_ssdm_op_ReadReq.m_axi.i64P1A, i64 %gmem_addr_2, i32 1" [main.cpp:213]   --->   Operation 263 'readreq' 'gmem_load_2_req' <Predicate = true> <Delay = 7.30> <CoreInst = "m_axi">   --->   Core 121 'm_axi' <Latency = 0> <II = 1> <Delay = 1.00> <Adapter> <Opcode : 'read' 'write' 'readreq' 'writereq' 'writeresp'>

State 73 <SV = 72> <Delay = 7.30>
ST_73 : Operation 264 [1/71] (7.30ns)   --->   "%gmem_load_req = readreq i1 @_ssdm_op_ReadReq.m_axi.i64P1A, i64 %gmem_addr, i32 1" [main.cpp:212]   --->   Operation 264 'readreq' 'gmem_load_req' <Predicate = true> <Delay = 7.30> <CoreInst = "m_axi">   --->   Core 121 'm_axi' <Latency = 0> <II = 1> <Delay = 1.00> <Adapter> <Opcode : 'read' 'write' 'readreq' 'writereq' 'writeresp'>
ST_73 : Operation 265 [2/71] (7.30ns)   --->   "%gmem_load_2_req = readreq i1 @_ssdm_op_ReadReq.m_axi.i64P1A, i64 %gmem_addr_2, i32 1" [main.cpp:213]   --->   Operation 265 'readreq' 'gmem_load_2_req' <Predicate = true> <Delay = 7.30> <CoreInst = "m_axi">   --->   Core 121 'm_axi' <Latency = 0> <II = 1> <Delay = 1.00> <Adapter> <Opcode : 'read' 'write' 'readreq' 'writereq' 'writeresp'>

State 74 <SV = 73> <Delay = 7.30>
ST_74 : Operation 266 [1/1] (7.30ns)   --->   "%gmem_addr_read = read i64 @_ssdm_op_Read.m_axi.i64P1A, i64 %gmem_addr" [main.cpp:212]   --->   Operation 266 'read' 'gmem_addr_read' <Predicate = true> <Delay = 7.30> <CoreInst = "m_axi">   --->   Core 121 'm_axi' <Latency = 0> <II = 1> <Delay = 1.00> <Adapter> <Opcode : 'read' 'write' 'readreq' 'writereq' 'writeresp'>
ST_74 : Operation 267 [1/71] (7.30ns)   --->   "%gmem_load_2_req = readreq i1 @_ssdm_op_ReadReq.m_axi.i64P1A, i64 %gmem_addr_2, i32 1" [main.cpp:213]   --->   Operation 267 'readreq' 'gmem_load_2_req' <Predicate = true> <Delay = 7.30> <CoreInst = "m_axi">   --->   Core 121 'm_axi' <Latency = 0> <II = 1> <Delay = 1.00> <Adapter> <Opcode : 'read' 'write' 'readreq' 'writereq' 'writeresp'>

State 75 <SV = 74> <Delay = 7.30>
ST_75 : [1/1] (0.75ns)   --->   Input mux for Operation 268 '%x = sitodp i64 %gmem_addr_read'
ST_75 : Operation 268 [2/2] (4.89ns)   --->   "%x = sitodp i64 %gmem_addr_read" [main.cpp:212]   --->   Operation 268 'sitodp' 'x' <Predicate = true> <Delay = 4.89> <CoreInst = "Int2Double">   --->   Core 66 'Int2Double' <Latency = 1> <II = 1> <Delay = 5.65> <FuncUnit> <Opcode : 'sitodp' 'uitodp'> <InPorts = 1> <OutPorts = 1>
ST_75 : Operation 269 [1/1] (7.30ns)   --->   "%gmem_addr_2_read = read i64 @_ssdm_op_Read.m_axi.i64P1A, i64 %gmem_addr_2" [main.cpp:213]   --->   Operation 269 'read' 'gmem_addr_2_read' <Predicate = true> <Delay = 7.30> <CoreInst = "m_axi">   --->   Core 121 'm_axi' <Latency = 0> <II = 1> <Delay = 1.00> <Adapter> <Opcode : 'read' 'write' 'readreq' 'writereq' 'writeresp'>

State 76 <SV = 75> <Delay = 5.65>
ST_76 : Operation 270 [1/2] (5.65ns)   --->   "%x = sitodp i64 %gmem_addr_read" [main.cpp:212]   --->   Operation 270 'sitodp' 'x' <Predicate = true> <Delay = 5.65> <CoreInst = "Int2Double">   --->   Core 66 'Int2Double' <Latency = 1> <II = 1> <Delay = 5.65> <FuncUnit> <Opcode : 'sitodp' 'uitodp'> <InPorts = 1> <OutPorts = 1>
ST_76 : [1/1] (0.75ns)   --->   Input mux for Operation 271 '%y = sitodp i64 %gmem_addr_2_read'
ST_76 : Operation 271 [2/2] (4.89ns)   --->   "%y = sitodp i64 %gmem_addr_2_read" [main.cpp:213]   --->   Operation 271 'sitodp' 'y' <Predicate = true> <Delay = 4.89> <CoreInst = "Int2Double">   --->   Core 66 'Int2Double' <Latency = 1> <II = 1> <Delay = 5.65> <FuncUnit> <Opcode : 'sitodp' 'uitodp'> <InPorts = 1> <OutPorts = 1>

State 77 <SV = 76> <Delay = 5.65>
ST_77 : Operation 272 [1/2] (5.65ns)   --->   "%y = sitodp i64 %gmem_addr_2_read" [main.cpp:213]   --->   Operation 272 'sitodp' 'y' <Predicate = true> <Delay = 5.65> <CoreInst = "Int2Double">   --->   Core 66 'Int2Double' <Latency = 1> <II = 1> <Delay = 5.65> <FuncUnit> <Opcode : 'sitodp' 'uitodp'> <InPorts = 1> <OutPorts = 1>
ST_77 : [1/1] (0.75ns)   --->   Input mux for Operation 273 '%mul = dmul i64 %x, i64 %b_read'
ST_77 : Operation 273 [4/4] (4.82ns)   --->   "%mul = dmul i64 %x, i64 %b_read" [main.cpp:215]   --->   Operation 273 'dmul' 'mul' <Predicate = true> <Delay = 4.82> <CoreInst = "DMul_maxdsp">   --->   Core 49 'DMul_maxdsp' <Latency = 3> <II = 1> <Delay = 5.58> <FuncUnit> <Opcode : 'dmul'> <InPorts = 2> <OutPorts = 1>

State 78 <SV = 77> <Delay = 5.58>
ST_78 : [1/1] (0.58ns)   --->   Input mux for Operation 274 '%sub = dsub i64 %y, i64 %a_read'
ST_78 : Operation 274 [4/4] (4.57ns)   --->   "%sub = dsub i64 %y, i64 %a_read" [main.cpp:215]   --->   Operation 274 'dsub' 'sub' <Predicate = true> <Delay = 4.57> <CoreInst = "DAddSub_fulldsp">   --->   Core 37 'DAddSub_fulldsp' <Latency = 3> <II = 1> <Delay = 5.15> <FuncUnit> <Opcode : 'dadd' 'dsub'> <InPorts = 2> <OutPorts = 1>
ST_78 : Operation 275 [3/4] (5.58ns)   --->   "%mul = dmul i64 %x, i64 %b_read" [main.cpp:215]   --->   Operation 275 'dmul' 'mul' <Predicate = true> <Delay = 5.58> <CoreInst = "DMul_maxdsp">   --->   Core 49 'DMul_maxdsp' <Latency = 3> <II = 1> <Delay = 5.58> <FuncUnit> <Opcode : 'dmul'> <InPorts = 2> <OutPorts = 1>

State 79 <SV = 78> <Delay = 5.58>
ST_79 : Operation 276 [3/4] (5.15ns)   --->   "%sub = dsub i64 %y, i64 %a_read" [main.cpp:215]   --->   Operation 276 'dsub' 'sub' <Predicate = true> <Delay = 5.15> <CoreInst = "DAddSub_fulldsp">   --->   Core 37 'DAddSub_fulldsp' <Latency = 3> <II = 1> <Delay = 5.15> <FuncUnit> <Opcode : 'dadd' 'dsub'> <InPorts = 2> <OutPorts = 1>
ST_79 : Operation 277 [2/4] (5.58ns)   --->   "%mul = dmul i64 %x, i64 %b_read" [main.cpp:215]   --->   Operation 277 'dmul' 'mul' <Predicate = true> <Delay = 5.58> <CoreInst = "DMul_maxdsp">   --->   Core 49 'DMul_maxdsp' <Latency = 3> <II = 1> <Delay = 5.58> <FuncUnit> <Opcode : 'dmul'> <InPorts = 2> <OutPorts = 1>

State 80 <SV = 79> <Delay = 5.58>
ST_80 : Operation 278 [2/4] (5.15ns)   --->   "%sub = dsub i64 %y, i64 %a_read" [main.cpp:215]   --->   Operation 278 'dsub' 'sub' <Predicate = true> <Delay = 5.15> <CoreInst = "DAddSub_fulldsp">   --->   Core 37 'DAddSub_fulldsp' <Latency = 3> <II = 1> <Delay = 5.15> <FuncUnit> <Opcode : 'dadd' 'dsub'> <InPorts = 2> <OutPorts = 1>
ST_80 : Operation 279 [1/4] (5.58ns)   --->   "%mul = dmul i64 %x, i64 %b_read" [main.cpp:215]   --->   Operation 279 'dmul' 'mul' <Predicate = true> <Delay = 5.58> <CoreInst = "DMul_maxdsp">   --->   Core 49 'DMul_maxdsp' <Latency = 3> <II = 1> <Delay = 5.58> <FuncUnit> <Opcode : 'dmul'> <InPorts = 2> <OutPorts = 1>

State 81 <SV = 80> <Delay = 5.15>
ST_81 : Operation 280 [1/4] (5.15ns)   --->   "%sub = dsub i64 %y, i64 %a_read" [main.cpp:215]   --->   Operation 280 'dsub' 'sub' <Predicate = true> <Delay = 5.15> <CoreInst = "DAddSub_fulldsp">   --->   Core 37 'DAddSub_fulldsp' <Latency = 3> <II = 1> <Delay = 5.15> <FuncUnit> <Opcode : 'dadd' 'dsub'> <InPorts = 2> <OutPorts = 1>

State 82 <SV = 81> <Delay = 5.15>
ST_82 : [1/1] (0.58ns)   --->   Input mux for Operation 281 '%temp = dsub i64 %sub, i64 %mul'
ST_82 : Operation 281 [4/4] (4.57ns)   --->   "%temp = dsub i64 %sub, i64 %mul" [main.cpp:215]   --->   Operation 281 'dsub' 'temp' <Predicate = true> <Delay = 4.57> <CoreInst = "DAddSub_fulldsp">   --->   Core 37 'DAddSub_fulldsp' <Latency = 3> <II = 1> <Delay = 5.15> <FuncUnit> <Opcode : 'dadd' 'dsub'> <InPorts = 2> <OutPorts = 1>

State 83 <SV = 82> <Delay = 5.15>
ST_83 : Operation 282 [3/4] (5.15ns)   --->   "%temp = dsub i64 %sub, i64 %mul" [main.cpp:215]   --->   Operation 282 'dsub' 'temp' <Predicate = true> <Delay = 5.15> <CoreInst = "DAddSub_fulldsp">   --->   Core 37 'DAddSub_fulldsp' <Latency = 3> <II = 1> <Delay = 5.15> <FuncUnit> <Opcode : 'dadd' 'dsub'> <InPorts = 2> <OutPorts = 1>

State 84 <SV = 83> <Delay = 5.15>
ST_84 : Operation 283 [2/4] (5.15ns)   --->   "%temp = dsub i64 %sub, i64 %mul" [main.cpp:215]   --->   Operation 283 'dsub' 'temp' <Predicate = true> <Delay = 5.15> <CoreInst = "DAddSub_fulldsp">   --->   Core 37 'DAddSub_fulldsp' <Latency = 3> <II = 1> <Delay = 5.15> <FuncUnit> <Opcode : 'dadd' 'dsub'> <InPorts = 2> <OutPorts = 1>

State 85 <SV = 84> <Delay = 5.15>
ST_85 : Operation 284 [1/4] (5.15ns)   --->   "%temp = dsub i64 %sub, i64 %mul" [main.cpp:215]   --->   Operation 284 'dsub' 'temp' <Predicate = true> <Delay = 5.15> <CoreInst = "DAddSub_fulldsp">   --->   Core 37 'DAddSub_fulldsp' <Latency = 3> <II = 1> <Delay = 5.15> <FuncUnit> <Opcode : 'dadd' 'dsub'> <InPorts = 2> <OutPorts = 1>

State 86 <SV = 85> <Delay = 5.58>
ST_86 : [1/1] (0.75ns)   --->   Input mux for Operation 285 '%tempSquared = dmul i64 %temp, i64 %temp'
ST_86 : Operation 285 [4/4] (4.82ns)   --->   "%tempSquared = dmul i64 %temp, i64 %temp" [main.cpp:216]   --->   Operation 285 'dmul' 'tempSquared' <Predicate = true> <Delay = 4.82> <CoreInst = "DMul_maxdsp">   --->   Core 49 'DMul_maxdsp' <Latency = 3> <II = 1> <Delay = 5.58> <FuncUnit> <Opcode : 'dmul'> <InPorts = 2> <OutPorts = 1>

State 87 <SV = 86> <Delay = 5.58>
ST_87 : Operation 286 [3/4] (5.58ns)   --->   "%tempSquared = dmul i64 %temp, i64 %temp" [main.cpp:216]   --->   Operation 286 'dmul' 'tempSquared' <Predicate = true> <Delay = 5.58> <CoreInst = "DMul_maxdsp">   --->   Core 49 'DMul_maxdsp' <Latency = 3> <II = 1> <Delay = 5.58> <FuncUnit> <Opcode : 'dmul'> <InPorts = 2> <OutPorts = 1>

State 88 <SV = 87> <Delay = 5.58>
ST_88 : Operation 287 [2/4] (5.58ns)   --->   "%tempSquared = dmul i64 %temp, i64 %temp" [main.cpp:216]   --->   Operation 287 'dmul' 'tempSquared' <Predicate = true> <Delay = 5.58> <CoreInst = "DMul_maxdsp">   --->   Core 49 'DMul_maxdsp' <Latency = 3> <II = 1> <Delay = 5.58> <FuncUnit> <Opcode : 'dmul'> <InPorts = 2> <OutPorts = 1>

State 89 <SV = 88> <Delay = 5.58>
ST_89 : Operation 288 [1/4] (5.58ns)   --->   "%tempSquared = dmul i64 %temp, i64 %temp" [main.cpp:216]   --->   Operation 288 'dmul' 'tempSquared' <Predicate = true> <Delay = 5.58> <CoreInst = "DMul_maxdsp">   --->   Core 49 'DMul_maxdsp' <Latency = 3> <II = 1> <Delay = 5.58> <FuncUnit> <Opcode : 'dmul'> <InPorts = 2> <OutPorts = 1>

State 90 <SV = 89> <Delay = 5.15>
ST_90 : Operation 289 [1/1] (0.00ns)   --->   "%f_load = load i64 %f" [main.cpp:222]   --->   Operation 289 'load' 'f_load' <Predicate = true> <Delay = 0.00>
ST_90 : [1/1] (0.58ns)   --->   Input mux for Operation 290 '%f_1 = dadd i64 %f_load, i64 %tempSquared'
ST_90 : Operation 290 [4/4] (4.57ns)   --->   "%f_1 = dadd i64 %f_load, i64 %tempSquared" [main.cpp:222]   --->   Operation 290 'dadd' 'f_1' <Predicate = true> <Delay = 4.57> <CoreInst = "DAddSub_fulldsp">   --->   Core 37 'DAddSub_fulldsp' <Latency = 3> <II = 1> <Delay = 5.15> <FuncUnit> <Opcode : 'dadd' 'dsub'> <InPorts = 2> <OutPorts = 1>

State 91 <SV = 90> <Delay = 5.15>
ST_91 : Operation 291 [3/4] (5.15ns)   --->   "%f_1 = dadd i64 %f_load, i64 %tempSquared" [main.cpp:222]   --->   Operation 291 'dadd' 'f_1' <Predicate = true> <Delay = 5.15> <CoreInst = "DAddSub_fulldsp">   --->   Core 37 'DAddSub_fulldsp' <Latency = 3> <II = 1> <Delay = 5.15> <FuncUnit> <Opcode : 'dadd' 'dsub'> <InPorts = 2> <OutPorts = 1>

State 92 <SV = 91> <Delay = 5.15>
ST_92 : Operation 292 [2/4] (5.15ns)   --->   "%f_1 = dadd i64 %f_load, i64 %tempSquared" [main.cpp:222]   --->   Operation 292 'dadd' 'f_1' <Predicate = true> <Delay = 5.15> <CoreInst = "DAddSub_fulldsp">   --->   Core 37 'DAddSub_fulldsp' <Latency = 3> <II = 1> <Delay = 5.15> <FuncUnit> <Opcode : 'dadd' 'dsub'> <InPorts = 2> <OutPorts = 1>

State 93 <SV = 92> <Delay = 5.61>
ST_93 : Operation 293 [1/1] (0.00ns)   --->   "%specloopname_ln210 = specloopname void @_ssdm_op_SpecLoopName, void @empty_1" [main.cpp:210]   --->   Operation 293 'specloopname' 'specloopname_ln210' <Predicate = true> <Delay = 0.00>
ST_93 : Operation 294 [1/4] (5.15ns)   --->   "%f_1 = dadd i64 %f_load, i64 %tempSquared" [main.cpp:222]   --->   Operation 294 'dadd' 'f_1' <Predicate = true> <Delay = 5.15> <CoreInst = "DAddSub_fulldsp">   --->   Core 37 'DAddSub_fulldsp' <Latency = 3> <II = 1> <Delay = 5.15> <FuncUnit> <Opcode : 'dadd' 'dsub'> <InPorts = 2> <OutPorts = 1>
ST_93 : Operation 295 [1/1] (0.46ns)   --->   "%store_ln210 = store i64 %f_1, i64 %f" [main.cpp:210]   --->   Operation 295 'store' 'store_ln210' <Predicate = true> <Delay = 0.46>
ST_93 : Operation 296 [1/1] (0.00ns)   --->   "%br_ln210 = br void %for.inc" [main.cpp:210]   --->   Operation 296 'br' 'br_ln210' <Predicate = true> <Delay = 0.00>


============================================================
+ Verbose Summary: Binding
============================================================
STG Binding: 
---------------- STG Properties BEGIN ----------------
- Is combinational: 0
- Is one-state seq: 0
- Is datapath-only: 0
- Is pipelined: 0
- Is top level: 0
Port [ Return ] is wired: 1; IO mode=ap_ctrl_hs:ce=0
Port [ a]:  wired=1; compound=0; hidden=0; nouse=0; global=0; static=0; extern=0; dir=0; type=0; pingpong=0; private_global=0; IO mode=ap_none:ce=0
Port [ b]:  wired=1; compound=0; hidden=0; nouse=0; global=0; static=0; extern=0; dir=0; type=0; pingpong=0; private_global=0; IO mode=ap_none:ce=0
Port [ gmem]:  wired=1; compound=1; hidden=0; nouse=0; global=0; static=0; extern=0; dir=0; type=4; pingpong=0; private_global=0; IO mode=m_axi:ce=0
Port [ arrx]:  wired=1; compound=0; hidden=0; nouse=0; global=0; static=0; extern=0; dir=0; type=0; pingpong=0; private_global=0; IO mode=ap_none:ce=0
Port [ arry]:  wired=1; compound=0; hidden=0; nouse=0; global=0; static=0; extern=0; dir=0; type=0; pingpong=0; private_global=0; IO mode=ap_none:ce=0
Port [ size]:  wired=1; compound=0; hidden=0; nouse=0; global=0; static=0; extern=0; dir=0; type=0; pingpong=0; private_global=0; IO mode=ap_none:ce=0
---------------- STG Properties END ------------------

---------------- Datapath Model BEGIN ----------------

<LifeTime>
<method=bitvector/>
f                  (alloca       ) [ 0111111111111111111111111111111111111111111111111111111111111111111111111111111111111111111111]
i                  (alloca       ) [ 0111111111111111111111111111111111111111111111111111111111111111111111111111111111111111111111]
specinterface_ln0  (specinterface) [ 0000000000000000000000000000000000000000000000000000000000000000000000000000000000000000000000]
specpipeline_ln209 (specpipeline ) [ 0000000000000000000000000000000000000000000000000000000000000000000000000000000000000000000000]
size_read          (read         ) [ 0011111111111111111111111111111111111111111111111111111111111111111111111111111111111111111111]
arry_read          (read         ) [ 0000000000000000000000000000000000000000000000000000000000000000000000000000000000000000000000]
arrx_read          (read         ) [ 0000000000000000000000000000000000000000000000000000000000000000000000000000000000000000000000]
b_read             (read         ) [ 0011111111111111111111111111111111111111111111111111111111111111111111111111111111111111111111]
a_read             (read         ) [ 0011111111111111111111111111111111111111111111111111111111111111111111111111111111111111111111]
trunc_ln           (partselect   ) [ 0000000000000000000000000000000000000000000000000000000000000000000000000000000000000000000000]
sext_ln210         (sext         ) [ 0011111111111111111111111111111111111111111111111111111111111111111111111111111111111111111111]
trunc_ln210_1      (partselect   ) [ 0000000000000000000000000000000000000000000000000000000000000000000000000000000000000000000000]
sext_ln210_1       (sext         ) [ 0011111111111111111111111111111111111111111111111111111111111111111111111111111111111111111111]
store_ln210        (store        ) [ 0000000000000000000000000000000000000000000000000000000000000000000000000000000000000000000000]
store_ln210        (store        ) [ 0000000000000000000000000000000000000000000000000000000000000000000000000000000000000000000000]
br_ln210           (br           ) [ 0000000000000000000000000000000000000000000000000000000000000000000000000000000000000000000000]
i_3                (load         ) [ 0000000000000000000000000000000000000000000000000000000000000000000000000000000000000000000000]
zext_ln210         (zext         ) [ 0000000000000000000000000000000000000000000000000000000000000000000000000000000000000000000000]
zext_ln210_1       (zext         ) [ 0000000000000000000000000000000000000000000000000000000000000000000000000000000000000000000000]
icmp_ln210         (icmp         ) [ 0011111111111111111111111111111111111111111111111111111111111111111111111111111111111111111111]
add_ln210          (add          ) [ 0000000000000000000000000000000000000000000000000000000000000000000000000000000000000000000000]
br_ln210           (br           ) [ 0000000000000000000000000000000000000000000000000000000000000000000000000000000000000000000000]
add_ln212          (add          ) [ 0001000000000000000000000000000000000000000000000000000000000000000000000000000000000000000000]
add_ln213          (add          ) [ 0001100000000000000000000000000000000000000000000000000000000000000000000000000000000000000000]
store_ln210        (store        ) [ 0000000000000000000000000000000000000000000000000000000000000000000000000000000000000000000000]
f_load_1           (load         ) [ 0000000000000000000000000000000000000000000000000000000000000000000000000000000000000000000000]
ret_ln230          (ret          ) [ 0000000000000000000000000000000000000000000000000000000000000000000000000000000000000000000000]
sext_ln212         (sext         ) [ 0000000000000000000000000000000000000000000000000000000000000000000000000000000000000000000000]
gmem_addr          (getelementptr) [ 0000111111111111111111111111111111111111111111111111111111111111111111111110000000000000000000]
sext_ln213         (sext         ) [ 0000000000000000000000000000000000000000000000000000000000000000000000000000000000000000000000]
gmem_addr_2        (getelementptr) [ 0000011111111111111111111111111111111111111111111111111111111111111111111111000000000000000000]
gmem_load_req      (readreq      ) [ 0000000000000000000000000000000000000000000000000000000000000000000000000000000000000000000000]
gmem_addr_read     (read         ) [ 0000000000000000000000000000000000000000000000000000000000000000000000000001100000000000000000]
gmem_load_2_req    (readreq      ) [ 0000000000000000000000000000000000000000000000000000000000000000000000000000000000000000000000]
gmem_addr_2_read   (read         ) [ 0000000000000000000000000000000000000000000000000000000000000000000000000000110000000000000000]
x                  (sitodp       ) [ 0000000000000000000000000000000000000000000000000000000000000000000000000000011110000000000000]
y                  (sitodp       ) [ 0000000000000000000000000000000000000000000000000000000000000000000000000000001111000000000000]
mul                (dmul         ) [ 0000000000000000000000000000000000000000000000000000000000000000000000000000000001111100000000]
sub                (dsub         ) [ 0000000000000000000000000000000000000000000000000000000000000000000000000000000000111100000000]
temp               (dsub         ) [ 0000000000000000000000000000000000000000000000000000000000000000000000000000000000000011110000]
tempSquared        (dmul         ) [ 0000000000000000000000000000000000000000000000000000000000000000000000000000000000000000001111]
f_load             (load         ) [ 0000000000000000000000000000000000000000000000000000000000000000000000000000000000000000000111]
specloopname_ln210 (specloopname ) [ 0000000000000000000000000000000000000000000000000000000000000000000000000000000000000000000000]
f_1                (dadd         ) [ 0000000000000000000000000000000000000000000000000000000000000000000000000000000000000000000000]
store_ln210        (store        ) [ 0000000000000000000000000000000000000000000000000000000000000000000000000000000000000000000000]
br_ln210           (br           ) [ 0000000000000000000000000000000000000000000000000000000000000000000000000000000000000000000000]
</LifeTime>

<model>

<comp_list>
<comp id="0" class="1000" name="a">
<pin_list>
<pin id="1" dir="1" index="0" bw="1" slack="0"/>
</pin_list>
<bind>
<StgValue><ssdm name="a"/></StgValue>
</bind>
</comp>

<comp id="2" class="1000" name="b">
<pin_list>
<pin id="3" dir="1" index="0" bw="1" slack="0"/>
</pin_list>
<bind>
<StgValue><ssdm name="b"/></StgValue>
</bind>
</comp>

<comp id="4" class="1000" name="gmem">
<pin_list>
<pin id="5" dir="1" index="0" bw="1" slack="0"/>
</pin_list>
<bind>
<StgValue><ssdm name="gmem"/></StgValue>
</bind>
</comp>

<comp id="6" class="1000" name="arrx">
<pin_list>
<pin id="7" dir="1" index="0" bw="1" slack="0"/>
</pin_list>
<bind>
<StgValue><ssdm name="arrx"/></StgValue>
</bind>
</comp>

<comp id="8" class="1000" name="arry">
<pin_list>
<pin id="9" dir="1" index="0" bw="1" slack="0"/>
</pin_list>
<bind>
<StgValue><ssdm name="arry"/></StgValue>
</bind>
</comp>

<comp id="10" class="1000" name="size">
<pin_list>
<pin id="11" dir="1" index="0" bw="1" slack="0"/>
</pin_list>
<bind>
<StgValue><ssdm name="size"/></StgValue>
</bind>
</comp>

<comp id="12" class="1001" name="const_12">
<pin_list>
<pin id="13" dir="1" index="0" bw="1" slack="0"/>
</pin_list>
<bind>
<StgValue><ssdm name=""/></StgValue>
</bind>
</comp>

<comp id="14" class="1001" name="const_14">
<pin_list>
<pin id="15" dir="1" index="0" bw="1" slack="2147483647"/>
</pin_list>
<bind>
<StgValue><ssdm name="_ssdm_op_SpecInterface"/></StgValue>
</bind>
</comp>

<comp id="16" class="1001" name="const_16">
<pin_list>
<pin id="17" dir="1" index="0" bw="1" slack="2147483647"/>
</pin_list>
<bind>
<StgValue><ssdm name="empty_3"/></StgValue>
</bind>
</comp>

<comp id="18" class="1001" name="const_18">
<pin_list>
<pin id="19" dir="1" index="0" bw="1" slack="2147483647"/>
</pin_list>
<bind>
<StgValue><ssdm name=""/></StgValue>
</bind>
</comp>

<comp id="20" class="1001" name="const_20">
<pin_list>
<pin id="21" dir="1" index="0" bw="1" slack="2147483647"/>
</pin_list>
<bind>
<StgValue><ssdm name="empty_4"/></StgValue>
</bind>
</comp>

<comp id="22" class="1001" name="const_22">
<pin_list>
<pin id="23" dir="1" index="0" bw="1" slack="2147483647"/>
</pin_list>
<bind>
<StgValue><ssdm name=""/></StgValue>
</bind>
</comp>

<comp id="24" class="1001" name="const_24">
<pin_list>
<pin id="25" dir="1" index="0" bw="1" slack="2147483647"/>
</pin_list>
<bind>
<StgValue><ssdm name="empty_5"/></StgValue>
</bind>
</comp>

<comp id="26" class="1001" name="const_26">
<pin_list>
<pin id="27" dir="1" index="0" bw="1" slack="2147483647"/>
</pin_list>
<bind>
<StgValue><ssdm name="empty_6"/></StgValue>
</bind>
</comp>

<comp id="28" class="1001" name="const_28">
<pin_list>
<pin id="29" dir="1" index="0" bw="1" slack="2147483647"/>
</pin_list>
<bind>
<StgValue><ssdm name=""/></StgValue>
</bind>
</comp>

<comp id="30" class="1001" name="const_30">
<pin_list>
<pin id="31" dir="1" index="0" bw="1" slack="2147483647"/>
</pin_list>
<bind>
<StgValue><ssdm name=""/></StgValue>
</bind>
</comp>

<comp id="32" class="1001" name="const_32">
<pin_list>
<pin id="33" dir="1" index="0" bw="1" slack="2147483647"/>
</pin_list>
<bind>
<StgValue><ssdm name="_ssdm_op_SpecPipeline"/></StgValue>
</bind>
</comp>

<comp id="34" class="1001" name="const_34">
<pin_list>
<pin id="35" dir="1" index="0" bw="1" slack="0"/>
</pin_list>
<bind>
<StgValue><ssdm name="_ssdm_op_Read.ap_auto.i32"/></StgValue>
</bind>
</comp>

<comp id="36" class="1001" name="const_36">
<pin_list>
<pin id="37" dir="1" index="0" bw="1" slack="0"/>
</pin_list>
<bind>
<StgValue><ssdm name="_ssdm_op_Read.ap_auto.i64"/></StgValue>
</bind>
</comp>

<comp id="38" class="1001" name="const_38">
<pin_list>
<pin id="39" dir="1" index="0" bw="1" slack="0"/>
</pin_list>
<bind>
<StgValue><ssdm name="_ssdm_op_Read.ap_auto.double"/></StgValue>
</bind>
</comp>

<comp id="40" class="1001" name="const_40">
<pin_list>
<pin id="41" dir="1" index="0" bw="1" slack="0"/>
</pin_list>
<bind>
<StgValue><ssdm name="_ssdm_op_PartSelect.i61.i64.i32.i32"/></StgValue>
</bind>
</comp>

<comp id="42" class="1001" name="const_42">
<pin_list>
<pin id="43" dir="1" index="0" bw="1" slack="0"/>
</pin_list>
<bind>
<StgValue><ssdm name=""/></StgValue>
</bind>
</comp>

<comp id="44" class="1001" name="const_44">
<pin_list>
<pin id="45" dir="1" index="0" bw="1" slack="0"/>
</pin_list>
<bind>
<StgValue><ssdm name=""/></StgValue>
</bind>
</comp>

<comp id="46" class="1001" name="const_46">
<pin_list>
<pin id="47" dir="1" index="0" bw="1" slack="0"/>
</pin_list>
<bind>
<StgValue><ssdm name=""/></StgValue>
</bind>
</comp>

<comp id="48" class="1001" name="const_48">
<pin_list>
<pin id="49" dir="1" index="0" bw="1" slack="0"/>
</pin_list>
<bind>
<StgValue><ssdm name=""/></StgValue>
</bind>
</comp>

<comp id="50" class="1001" name="const_50">
<pin_list>
<pin id="51" dir="1" index="0" bw="1" slack="0"/>
</pin_list>
<bind>
<StgValue><ssdm name=""/></StgValue>
</bind>
</comp>

<comp id="52" class="1001" name="const_52">
<pin_list>
<pin id="53" dir="1" index="0" bw="1" slack="0"/>
</pin_list>
<bind>
<StgValue><ssdm name="_ssdm_op_ReadReq.m_axi.i64P1A"/></StgValue>
</bind>
</comp>

<comp id="54" class="1001" name="const_54">
<pin_list>
<pin id="55" dir="1" index="0" bw="1" slack="0"/>
</pin_list>
<bind>
<StgValue><ssdm name="_ssdm_op_Read.m_axi.i64P1A"/></StgValue>
</bind>
</comp>

<comp id="56" class="1001" name="const_56">
<pin_list>
<pin id="57" dir="1" index="0" bw="1" slack="2147483647"/>
</pin_list>
<bind>
<StgValue><ssdm name="_ssdm_op_SpecLoopName"/></StgValue>
</bind>
</comp>

<comp id="58" class="1001" name="const_58">
<pin_list>
<pin id="59" dir="1" index="0" bw="1" slack="2147483647"/>
</pin_list>
<bind>
<StgValue><ssdm name="empty_1"/></StgValue>
</bind>
</comp>

<comp id="60" class="1004" name="f_fu_60">
<pin_list>
<pin id="61" dir="0" index="0" bw="1" slack="0"/>
<pin id="62" dir="1" index="1" bw="64" slack="0"/>
</pin_list>
<bind>
<opcode="alloca(26) " fcode="alloca"/>
<opset="f/1 "/>
</bind>
</comp>

<comp id="64" class="1004" name="i_fu_64">
<pin_list>
<pin id="65" dir="0" index="0" bw="1" slack="0"/>
<pin id="66" dir="1" index="1" bw="31" slack="0"/>
</pin_list>
<bind>
<opcode="alloca(26) " fcode="alloca"/>
<opset="i/1 "/>
</bind>
</comp>

<comp id="68" class="1004" name="size_read_read_fu_68">
<pin_list>
<pin id="69" dir="0" index="0" bw="32" slack="0"/>
<pin id="70" dir="0" index="1" bw="32" slack="0"/>
<pin id="71" dir="1" index="2" bw="32" slack="1"/>
</pin_list>
<bind>
<opcode="read(1150) " fcode="read"/>
<opset="size_read/1 "/>
</bind>
</comp>

<comp id="74" class="1004" name="arry_read_read_fu_74">
<pin_list>
<pin id="75" dir="0" index="0" bw="64" slack="0"/>
<pin id="76" dir="0" index="1" bw="64" slack="0"/>
<pin id="77" dir="1" index="2" bw="64" slack="0"/>
</pin_list>
<bind>
<opcode="read(1150) " fcode="read"/>
<opset="arry_read/1 "/>
</bind>
</comp>

<comp id="80" class="1004" name="arrx_read_read_fu_80">
<pin_list>
<pin id="81" dir="0" index="0" bw="64" slack="0"/>
<pin id="82" dir="0" index="1" bw="64" slack="0"/>
<pin id="83" dir="1" index="2" bw="64" slack="0"/>
</pin_list>
<bind>
<opcode="read(1150) " fcode="read"/>
<opset="arrx_read/1 "/>
</bind>
</comp>

<comp id="86" class="1004" name="b_read_read_fu_86">
<pin_list>
<pin id="87" dir="0" index="0" bw="64" slack="0"/>
<pin id="88" dir="0" index="1" bw="64" slack="0"/>
<pin id="89" dir="1" index="2" bw="64" slack="76"/>
</pin_list>
<bind>
<opcode="read(1150) " fcode="read"/>
<opset="b_read/1 "/>
</bind>
</comp>

<comp id="92" class="1004" name="a_read_read_fu_92">
<pin_list>
<pin id="93" dir="0" index="0" bw="64" slack="0"/>
<pin id="94" dir="0" index="1" bw="64" slack="0"/>
<pin id="95" dir="1" index="2" bw="64" slack="77"/>
</pin_list>
<bind>
<opcode="read(1150) " fcode="read"/>
<opset="a_read/1 "/>
</bind>
</comp>

<comp id="98" class="1004" name="grp_readreq_fu_98">
<pin_list>
<pin id="99" dir="0" index="0" bw="1" slack="0"/>
<pin id="100" dir="0" index="1" bw="64" slack="0"/>
<pin id="101" dir="0" index="2" bw="1" slack="0"/>
<pin id="102" dir="1" index="3" bw="1" slack="2147483647"/>
</pin_list>
<bind>
<opcode="readreq(1154) " fcode="readreq"/>
<opset="gmem_load_req/3 "/>
</bind>
</comp>

<comp id="105" class="1004" name="grp_readreq_fu_105">
<pin_list>
<pin id="106" dir="0" index="0" bw="1" slack="0"/>
<pin id="107" dir="0" index="1" bw="64" slack="0"/>
<pin id="108" dir="0" index="2" bw="1" slack="0"/>
<pin id="109" dir="1" index="3" bw="1" slack="2147483647"/>
</pin_list>
<bind>
<opcode="readreq(1154) " fcode="readreq"/>
<opset="gmem_load_2_req/4 "/>
</bind>
</comp>

<comp id="112" class="1004" name="gmem_addr_read_read_fu_112">
<pin_list>
<pin id="113" dir="0" index="0" bw="64" slack="0"/>
<pin id="114" dir="0" index="1" bw="64" slack="71"/>
<pin id="115" dir="1" index="2" bw="64" slack="1"/>
</pin_list>
<bind>
<opcode="read(1150) " fcode="read"/>
<opset="gmem_addr_read/74 "/>
</bind>
</comp>

<comp id="117" class="1004" name="gmem_addr_2_read_read_fu_117">
<pin_list>
<pin id="118" dir="0" index="0" bw="64" slack="0"/>
<pin id="119" dir="0" index="1" bw="64" slack="71"/>
<pin id="120" dir="1" index="2" bw="64" slack="1"/>
</pin_list>
<bind>
<opcode="read(1150) " fcode="read"/>
<opset="gmem_addr_2_read/75 "/>
</bind>
</comp>

<comp id="122" class="1004" name="grp_fu_122">
<pin_list>
<pin id="123" dir="0" index="0" bw="64" slack="0"/>
<pin id="124" dir="0" index="1" bw="64" slack="1"/>
<pin id="125" dir="1" index="2" bw="64" slack="0"/>
</pin_list>
<bind>
<opcode="dadd(508) dsub(509) " fcode="dadd"/>
<opset="sub/78 temp/82 f_1/90 "/>
</bind>
</comp>

<comp id="126" class="1004" name="grp_fu_126">
<pin_list>
<pin id="127" dir="0" index="0" bw="64" slack="1"/>
<pin id="128" dir="0" index="1" bw="64" slack="1"/>
<pin id="129" dir="1" index="2" bw="64" slack="1"/>
</pin_list>
<bind>
<opcode="dmul(510) " fcode="dmul"/>
<opset="mul/77 tempSquared/86 "/>
</bind>
</comp>

<comp id="130" class="1004" name="grp_fu_130">
<pin_list>
<pin id="131" dir="0" index="0" bw="64" slack="1"/>
<pin id="132" dir="1" index="1" bw="64" slack="1"/>
</pin_list>
<bind>
<opcode="sitodp(517) " fcode="sitodp"/>
<opset="x/75 y/76 "/>
</bind>
</comp>

<comp id="133" class="1004" name="grp_load_fu_133">
<pin_list>
<pin id="134" dir="0" index="0" bw="64" slack="1"/>
<pin id="135" dir="1" index="1" bw="64" slack="0"/>
</pin_list>
<bind>
<opcode="load(27) " fcode="load"/>
<opset="f_load_1/2 f_load/90 "/>
</bind>
</comp>

<comp id="137" class="1005" name="reg_137">
<pin_list>
<pin id="138" dir="0" index="0" bw="64" slack="1"/>
<pin id="139" dir="1" index="1" bw="64" slack="1"/>
</pin_list>
<bind>
<opset="mul tempSquared "/>
</bind>
</comp>

<comp id="142" class="1005" name="reg_142">
<pin_list>
<pin id="143" dir="0" index="0" bw="64" slack="1"/>
<pin id="144" dir="1" index="1" bw="64" slack="1"/>
</pin_list>
<bind>
<opset="sub temp "/>
</bind>
</comp>

<comp id="149" class="1004" name="trunc_ln_fu_149">
<pin_list>
<pin id="150" dir="0" index="0" bw="61" slack="0"/>
<pin id="151" dir="0" index="1" bw="64" slack="0"/>
<pin id="152" dir="0" index="2" bw="3" slack="0"/>
<pin id="153" dir="0" index="3" bw="7" slack="0"/>
<pin id="154" dir="1" index="4" bw="61" slack="0"/>
</pin_list>
<bind>
<opcode="partselect(1002) " fcode="partselect"/>
<opset="trunc_ln/1 "/>
</bind>
</comp>

<comp id="159" class="1004" name="sext_ln210_fu_159">
<pin_list>
<pin id="160" dir="0" index="0" bw="61" slack="0"/>
<pin id="161" dir="1" index="1" bw="62" slack="1"/>
</pin_list>
<bind>
<opcode="sext(35) " fcode="sext"/>
<opset="sext_ln210/1 "/>
</bind>
</comp>

<comp id="163" class="1004" name="trunc_ln210_1_fu_163">
<pin_list>
<pin id="164" dir="0" index="0" bw="61" slack="0"/>
<pin id="165" dir="0" index="1" bw="64" slack="0"/>
<pin id="166" dir="0" index="2" bw="3" slack="0"/>
<pin id="167" dir="0" index="3" bw="7" slack="0"/>
<pin id="168" dir="1" index="4" bw="61" slack="0"/>
</pin_list>
<bind>
<opcode="partselect(1002) " fcode="partselect"/>
<opset="trunc_ln210_1/1 "/>
</bind>
</comp>

<comp id="173" class="1004" name="sext_ln210_1_fu_173">
<pin_list>
<pin id="174" dir="0" index="0" bw="61" slack="0"/>
<pin id="175" dir="1" index="1" bw="62" slack="1"/>
</pin_list>
<bind>
<opcode="sext(35) " fcode="sext"/>
<opset="sext_ln210_1/1 "/>
</bind>
</comp>

<comp id="177" class="1004" name="store_ln210_store_fu_177">
<pin_list>
<pin id="178" dir="0" index="0" bw="1" slack="0"/>
<pin id="179" dir="0" index="1" bw="31" slack="0"/>
<pin id="180" dir="1" index="2" bw="0" slack="2147483647"/>
</pin_list>
<bind>
<opcode="store(28) " fcode="store"/>
<opset="store_ln210/1 "/>
</bind>
</comp>

<comp id="182" class="1004" name="store_ln210_store_fu_182">
<pin_list>
<pin id="183" dir="0" index="0" bw="64" slack="0"/>
<pin id="184" dir="0" index="1" bw="64" slack="0"/>
<pin id="185" dir="1" index="2" bw="0" slack="2147483647"/>
</pin_list>
<bind>
<opcode="store(28) " fcode="store"/>
<opset="store_ln210/1 "/>
</bind>
</comp>

<comp id="187" class="1004" name="i_3_load_fu_187">
<pin_list>
<pin id="188" dir="0" index="0" bw="31" slack="1"/>
<pin id="189" dir="1" index="1" bw="31" slack="0"/>
</pin_list>
<bind>
<opcode="load(27) " fcode="load"/>
<opset="i_3/2 "/>
</bind>
</comp>

<comp id="190" class="1004" name="zext_ln210_fu_190">
<pin_list>
<pin id="191" dir="0" index="0" bw="31" slack="0"/>
<pin id="192" dir="1" index="1" bw="62" slack="0"/>
</pin_list>
<bind>
<opcode="zext(34) " fcode="zext"/>
<opset="zext_ln210/2 "/>
</bind>
</comp>

<comp id="194" class="1004" name="zext_ln210_1_fu_194">
<pin_list>
<pin id="195" dir="0" index="0" bw="31" slack="0"/>
<pin id="196" dir="1" index="1" bw="32" slack="0"/>
</pin_list>
<bind>
<opcode="zext(34) " fcode="zext"/>
<opset="zext_ln210_1/2 "/>
</bind>
</comp>

<comp id="198" class="1004" name="icmp_ln210_fu_198">
<pin_list>
<pin id="199" dir="0" index="0" bw="32" slack="0"/>
<pin id="200" dir="0" index="1" bw="32" slack="1"/>
<pin id="201" dir="1" index="2" bw="1" slack="2147483647"/>
</pin_list>
<bind>
<opcode="icmp(45) " fcode="icmp"/>
<opset="icmp_ln210/2 "/>
</bind>
</comp>

<comp id="203" class="1004" name="add_ln210_fu_203">
<pin_list>
<pin id="204" dir="0" index="0" bw="31" slack="0"/>
<pin id="205" dir="0" index="1" bw="1" slack="0"/>
<pin id="206" dir="1" index="2" bw="31" slack="0"/>
</pin_list>
<bind>
<opcode="add(8) " fcode="add"/>
<opset="add_ln210/2 "/>
</bind>
</comp>

<comp id="209" class="1004" name="add_ln212_fu_209">
<pin_list>
<pin id="210" dir="0" index="0" bw="31" slack="0"/>
<pin id="211" dir="0" index="1" bw="61" slack="1"/>
<pin id="212" dir="1" index="2" bw="62" slack="1"/>
</pin_list>
<bind>
<opcode="add(8) " fcode="add"/>
<opset="add_ln212/2 "/>
</bind>
</comp>

<comp id="214" class="1004" name="add_ln213_fu_214">
<pin_list>
<pin id="215" dir="0" index="0" bw="31" slack="0"/>
<pin id="216" dir="0" index="1" bw="61" slack="1"/>
<pin id="217" dir="1" index="2" bw="62" slack="2"/>
</pin_list>
<bind>
<opcode="add(8) " fcode="add"/>
<opset="add_ln213/2 "/>
</bind>
</comp>

<comp id="219" class="1004" name="store_ln210_store_fu_219">
<pin_list>
<pin id="220" dir="0" index="0" bw="31" slack="0"/>
<pin id="221" dir="0" index="1" bw="31" slack="1"/>
<pin id="222" dir="1" index="2" bw="0" slack="2147483647"/>
</pin_list>
<bind>
<opcode="store(28) " fcode="store"/>
<opset="store_ln210/2 "/>
</bind>
</comp>

<comp id="224" class="1004" name="sext_ln212_fu_224">
<pin_list>
<pin id="225" dir="0" index="0" bw="62" slack="1"/>
<pin id="226" dir="1" index="1" bw="64" slack="0"/>
</pin_list>
<bind>
<opcode="sext(35) " fcode="sext"/>
<opset="sext_ln212/3 "/>
</bind>
</comp>

<comp id="227" class="1004" name="gmem_addr_fu_227">
<pin_list>
<pin id="228" dir="0" index="0" bw="64" slack="0"/>
<pin id="229" dir="0" index="1" bw="64" slack="0"/>
<pin id="230" dir="1" index="2" bw="64" slack="0"/>
</pin_list>
<bind>
<opcode="getelementptr(29) " fcode="getelementptr"/>
<opset="gmem_addr/3 "/>
</bind>
</comp>

<comp id="234" class="1004" name="sext_ln213_fu_234">
<pin_list>
<pin id="235" dir="0" index="0" bw="62" slack="2"/>
<pin id="236" dir="1" index="1" bw="64" slack="0"/>
</pin_list>
<bind>
<opcode="sext(35) " fcode="sext"/>
<opset="sext_ln213/4 "/>
</bind>
</comp>

<comp id="237" class="1004" name="gmem_addr_2_fu_237">
<pin_list>
<pin id="238" dir="0" index="0" bw="64" slack="0"/>
<pin id="239" dir="0" index="1" bw="64" slack="0"/>
<pin id="240" dir="1" index="2" bw="64" slack="0"/>
</pin_list>
<bind>
<opcode="getelementptr(29) " fcode="getelementptr"/>
<opset="gmem_addr_2/4 "/>
</bind>
</comp>

<comp id="244" class="1004" name="store_ln210_store_fu_244">
<pin_list>
<pin id="245" dir="0" index="0" bw="64" slack="0"/>
<pin id="246" dir="0" index="1" bw="64" slack="92"/>
<pin id="247" dir="1" index="2" bw="0" slack="2147483647"/>
</pin_list>
<bind>
<opcode="store(28) " fcode="store"/>
<opset="store_ln210/93 "/>
</bind>
</comp>

<comp id="249" class="1005" name="f_reg_249">
<pin_list>
<pin id="250" dir="0" index="0" bw="64" slack="0"/>
<pin id="251" dir="1" index="1" bw="64" slack="0"/>
</pin_list>
<bind>
<opset="f "/>
</bind>
</comp>

<comp id="256" class="1005" name="i_reg_256">
<pin_list>
<pin id="257" dir="0" index="0" bw="31" slack="0"/>
<pin id="258" dir="1" index="1" bw="31" slack="0"/>
</pin_list>
<bind>
<opset="i "/>
</bind>
</comp>

<comp id="263" class="1005" name="size_read_reg_263">
<pin_list>
<pin id="264" dir="0" index="0" bw="32" slack="1"/>
<pin id="265" dir="1" index="1" bw="32" slack="1"/>
</pin_list>
<bind>
<opset="size_read "/>
</bind>
</comp>

<comp id="268" class="1005" name="b_read_reg_268">
<pin_list>
<pin id="269" dir="0" index="0" bw="64" slack="76"/>
<pin id="270" dir="1" index="1" bw="64" slack="76"/>
</pin_list>
<bind>
<opset="b_read "/>
</bind>
</comp>

<comp id="273" class="1005" name="a_read_reg_273">
<pin_list>
<pin id="274" dir="0" index="0" bw="64" slack="77"/>
<pin id="275" dir="1" index="1" bw="64" slack="77"/>
</pin_list>
<bind>
<opset="a_read "/>
</bind>
</comp>

<comp id="278" class="1005" name="sext_ln210_reg_278">
<pin_list>
<pin id="279" dir="0" index="0" bw="62" slack="1"/>
<pin id="280" dir="1" index="1" bw="62" slack="1"/>
</pin_list>
<bind>
<opset="sext_ln210 "/>
</bind>
</comp>

<comp id="283" class="1005" name="sext_ln210_1_reg_283">
<pin_list>
<pin id="284" dir="0" index="0" bw="62" slack="1"/>
<pin id="285" dir="1" index="1" bw="62" slack="1"/>
</pin_list>
<bind>
<opset="sext_ln210_1 "/>
</bind>
</comp>

<comp id="291" class="1005" name="add_ln212_reg_291">
<pin_list>
<pin id="292" dir="0" index="0" bw="62" slack="1"/>
<pin id="293" dir="1" index="1" bw="62" slack="1"/>
</pin_list>
<bind>
<opset="add_ln212 "/>
</bind>
</comp>

<comp id="296" class="1005" name="add_ln213_reg_296">
<pin_list>
<pin id="297" dir="0" index="0" bw="62" slack="2"/>
<pin id="298" dir="1" index="1" bw="62" slack="2"/>
</pin_list>
<bind>
<opset="add_ln213 "/>
</bind>
</comp>

<comp id="301" class="1005" name="gmem_addr_reg_301">
<pin_list>
<pin id="302" dir="0" index="0" bw="64" slack="1"/>
<pin id="303" dir="1" index="1" bw="64" slack="1"/>
</pin_list>
<bind>
<opset="gmem_addr "/>
</bind>
</comp>

<comp id="307" class="1005" name="gmem_addr_2_reg_307">
<pin_list>
<pin id="308" dir="0" index="0" bw="64" slack="1"/>
<pin id="309" dir="1" index="1" bw="64" slack="1"/>
</pin_list>
<bind>
<opset="gmem_addr_2 "/>
</bind>
</comp>

<comp id="313" class="1005" name="gmem_addr_read_reg_313">
<pin_list>
<pin id="314" dir="0" index="0" bw="64" slack="1"/>
<pin id="315" dir="1" index="1" bw="64" slack="1"/>
</pin_list>
<bind>
<opset="gmem_addr_read "/>
</bind>
</comp>

<comp id="318" class="1005" name="gmem_addr_2_read_reg_318">
<pin_list>
<pin id="319" dir="0" index="0" bw="64" slack="1"/>
<pin id="320" dir="1" index="1" bw="64" slack="1"/>
</pin_list>
<bind>
<opset="gmem_addr_2_read "/>
</bind>
</comp>

<comp id="323" class="1005" name="x_reg_323">
<pin_list>
<pin id="324" dir="0" index="0" bw="64" slack="1"/>
<pin id="325" dir="1" index="1" bw="64" slack="1"/>
</pin_list>
<bind>
<opset="x "/>
</bind>
</comp>

<comp id="328" class="1005" name="y_reg_328">
<pin_list>
<pin id="329" dir="0" index="0" bw="64" slack="1"/>
<pin id="330" dir="1" index="1" bw="64" slack="1"/>
</pin_list>
<bind>
<opset="y "/>
</bind>
</comp>

<comp id="333" class="1005" name="f_load_reg_333">
<pin_list>
<pin id="334" dir="0" index="0" bw="64" slack="1"/>
<pin id="335" dir="1" index="1" bw="64" slack="1"/>
</pin_list>
<bind>
<opset="f_load "/>
</bind>
</comp>

</comp_list>

<net_list>
<net id="63"><net_src comp="12" pin="0"/><net_sink comp="60" pin=0"/></net>

<net id="67"><net_src comp="12" pin="0"/><net_sink comp="64" pin=0"/></net>

<net id="72"><net_src comp="34" pin="0"/><net_sink comp="68" pin=0"/></net>

<net id="73"><net_src comp="10" pin="0"/><net_sink comp="68" pin=1"/></net>

<net id="78"><net_src comp="36" pin="0"/><net_sink comp="74" pin=0"/></net>

<net id="79"><net_src comp="8" pin="0"/><net_sink comp="74" pin=1"/></net>

<net id="84"><net_src comp="36" pin="0"/><net_sink comp="80" pin=0"/></net>

<net id="85"><net_src comp="6" pin="0"/><net_sink comp="80" pin=1"/></net>

<net id="90"><net_src comp="38" pin="0"/><net_sink comp="86" pin=0"/></net>

<net id="91"><net_src comp="2" pin="0"/><net_sink comp="86" pin=1"/></net>

<net id="96"><net_src comp="38" pin="0"/><net_sink comp="92" pin=0"/></net>

<net id="97"><net_src comp="0" pin="0"/><net_sink comp="92" pin=1"/></net>

<net id="103"><net_src comp="52" pin="0"/><net_sink comp="98" pin=0"/></net>

<net id="104"><net_src comp="12" pin="0"/><net_sink comp="98" pin=2"/></net>

<net id="110"><net_src comp="52" pin="0"/><net_sink comp="105" pin=0"/></net>

<net id="111"><net_src comp="12" pin="0"/><net_sink comp="105" pin=2"/></net>

<net id="116"><net_src comp="54" pin="0"/><net_sink comp="112" pin=0"/></net>

<net id="121"><net_src comp="54" pin="0"/><net_sink comp="117" pin=0"/></net>

<net id="136"><net_src comp="133" pin="1"/><net_sink comp="122" pin=0"/></net>

<net id="140"><net_src comp="126" pin="2"/><net_sink comp="137" pin=0"/></net>

<net id="141"><net_src comp="137" pin="1"/><net_sink comp="122" pin=1"/></net>

<net id="145"><net_src comp="122" pin="2"/><net_sink comp="142" pin=0"/></net>

<net id="146"><net_src comp="142" pin="1"/><net_sink comp="122" pin=0"/></net>

<net id="147"><net_src comp="142" pin="1"/><net_sink comp="126" pin=0"/></net>

<net id="148"><net_src comp="142" pin="1"/><net_sink comp="126" pin=1"/></net>

<net id="155"><net_src comp="40" pin="0"/><net_sink comp="149" pin=0"/></net>

<net id="156"><net_src comp="80" pin="2"/><net_sink comp="149" pin=1"/></net>

<net id="157"><net_src comp="42" pin="0"/><net_sink comp="149" pin=2"/></net>

<net id="158"><net_src comp="44" pin="0"/><net_sink comp="149" pin=3"/></net>

<net id="162"><net_src comp="149" pin="4"/><net_sink comp="159" pin=0"/></net>

<net id="169"><net_src comp="40" pin="0"/><net_sink comp="163" pin=0"/></net>

<net id="170"><net_src comp="74" pin="2"/><net_sink comp="163" pin=1"/></net>

<net id="171"><net_src comp="42" pin="0"/><net_sink comp="163" pin=2"/></net>

<net id="172"><net_src comp="44" pin="0"/><net_sink comp="163" pin=3"/></net>

<net id="176"><net_src comp="163" pin="4"/><net_sink comp="173" pin=0"/></net>

<net id="181"><net_src comp="46" pin="0"/><net_sink comp="177" pin=0"/></net>

<net id="186"><net_src comp="48" pin="0"/><net_sink comp="182" pin=0"/></net>

<net id="193"><net_src comp="187" pin="1"/><net_sink comp="190" pin=0"/></net>

<net id="197"><net_src comp="187" pin="1"/><net_sink comp="194" pin=0"/></net>

<net id="202"><net_src comp="194" pin="1"/><net_sink comp="198" pin=0"/></net>

<net id="207"><net_src comp="187" pin="1"/><net_sink comp="203" pin=0"/></net>

<net id="208"><net_src comp="50" pin="0"/><net_sink comp="203" pin=1"/></net>

<net id="213"><net_src comp="190" pin="1"/><net_sink comp="209" pin=0"/></net>

<net id="218"><net_src comp="190" pin="1"/><net_sink comp="214" pin=0"/></net>

<net id="223"><net_src comp="203" pin="2"/><net_sink comp="219" pin=0"/></net>

<net id="231"><net_src comp="4" pin="0"/><net_sink comp="227" pin=0"/></net>

<net id="232"><net_src comp="224" pin="1"/><net_sink comp="227" pin=1"/></net>

<net id="233"><net_src comp="227" pin="2"/><net_sink comp="98" pin=1"/></net>

<net id="241"><net_src comp="4" pin="0"/><net_sink comp="237" pin=0"/></net>

<net id="242"><net_src comp="234" pin="1"/><net_sink comp="237" pin=1"/></net>

<net id="243"><net_src comp="237" pin="2"/><net_sink comp="105" pin=1"/></net>

<net id="248"><net_src comp="122" pin="2"/><net_sink comp="244" pin=0"/></net>

<net id="252"><net_src comp="60" pin="1"/><net_sink comp="249" pin=0"/></net>

<net id="253"><net_src comp="249" pin="1"/><net_sink comp="182" pin=1"/></net>

<net id="254"><net_src comp="249" pin="1"/><net_sink comp="133" pin=0"/></net>

<net id="255"><net_src comp="249" pin="1"/><net_sink comp="244" pin=1"/></net>

<net id="259"><net_src comp="64" pin="1"/><net_sink comp="256" pin=0"/></net>

<net id="260"><net_src comp="256" pin="1"/><net_sink comp="177" pin=1"/></net>

<net id="261"><net_src comp="256" pin="1"/><net_sink comp="187" pin=0"/></net>

<net id="262"><net_src comp="256" pin="1"/><net_sink comp="219" pin=1"/></net>

<net id="266"><net_src comp="68" pin="2"/><net_sink comp="263" pin=0"/></net>

<net id="267"><net_src comp="263" pin="1"/><net_sink comp="198" pin=1"/></net>

<net id="271"><net_src comp="86" pin="2"/><net_sink comp="268" pin=0"/></net>

<net id="272"><net_src comp="268" pin="1"/><net_sink comp="126" pin=1"/></net>

<net id="276"><net_src comp="92" pin="2"/><net_sink comp="273" pin=0"/></net>

<net id="277"><net_src comp="273" pin="1"/><net_sink comp="122" pin=1"/></net>

<net id="281"><net_src comp="159" pin="1"/><net_sink comp="278" pin=0"/></net>

<net id="282"><net_src comp="278" pin="1"/><net_sink comp="209" pin=1"/></net>

<net id="286"><net_src comp="173" pin="1"/><net_sink comp="283" pin=0"/></net>

<net id="287"><net_src comp="283" pin="1"/><net_sink comp="214" pin=1"/></net>

<net id="294"><net_src comp="209" pin="2"/><net_sink comp="291" pin=0"/></net>

<net id="295"><net_src comp="291" pin="1"/><net_sink comp="224" pin=0"/></net>

<net id="299"><net_src comp="214" pin="2"/><net_sink comp="296" pin=0"/></net>

<net id="300"><net_src comp="296" pin="1"/><net_sink comp="234" pin=0"/></net>

<net id="304"><net_src comp="227" pin="2"/><net_sink comp="301" pin=0"/></net>

<net id="305"><net_src comp="301" pin="1"/><net_sink comp="98" pin=1"/></net>

<net id="306"><net_src comp="301" pin="1"/><net_sink comp="112" pin=1"/></net>

<net id="310"><net_src comp="237" pin="2"/><net_sink comp="307" pin=0"/></net>

<net id="311"><net_src comp="307" pin="1"/><net_sink comp="105" pin=1"/></net>

<net id="312"><net_src comp="307" pin="1"/><net_sink comp="117" pin=1"/></net>

<net id="316"><net_src comp="112" pin="2"/><net_sink comp="313" pin=0"/></net>

<net id="317"><net_src comp="313" pin="1"/><net_sink comp="130" pin=0"/></net>

<net id="321"><net_src comp="117" pin="2"/><net_sink comp="318" pin=0"/></net>

<net id="322"><net_src comp="318" pin="1"/><net_sink comp="130" pin=0"/></net>

<net id="326"><net_src comp="130" pin="1"/><net_sink comp="323" pin=0"/></net>

<net id="327"><net_src comp="323" pin="1"/><net_sink comp="126" pin=0"/></net>

<net id="331"><net_src comp="130" pin="1"/><net_sink comp="328" pin=0"/></net>

<net id="332"><net_src comp="328" pin="1"/><net_sink comp="122" pin=0"/></net>

<net id="336"><net_src comp="133" pin="1"/><net_sink comp="333" pin=0"/></net>

<net id="337"><net_src comp="333" pin="1"/><net_sink comp="122" pin=0"/></net>

</net_list>

</model> 
---------------- Datapath Model END ------------------

* FSMD analyzer results:
  - Output states:
	Port: gmem | {}
 - Input state : 
	Port: calc_distance.1 : a | {1 }
	Port: calc_distance.1 : b | {1 }
	Port: calc_distance.1 : gmem | {3 4 5 6 7 8 9 10 11 12 13 14 15 16 17 18 19 20 21 22 23 24 25 26 27 28 29 30 31 32 33 34 35 36 37 38 39 40 41 42 43 44 45 46 47 48 49 50 51 52 53 54 55 56 57 58 59 60 61 62 63 64 65 66 67 68 69 70 71 72 73 74 75 }
	Port: calc_distance.1 : arrx | {1 }
	Port: calc_distance.1 : arry | {1 }
	Port: calc_distance.1 : size | {1 }
  - Chain level:
	State 1
		sext_ln210 : 1
		sext_ln210_1 : 1
		store_ln210 : 1
		store_ln210 : 1
	State 2
		zext_ln210 : 1
		zext_ln210_1 : 1
		icmp_ln210 : 2
		add_ln210 : 1
		br_ln210 : 3
		add_ln212 : 2
		add_ln213 : 2
		store_ln210 : 2
		ret_ln230 : 1
	State 3
		gmem_addr : 1
		gmem_load_req : 2
	State 4
		gmem_addr_2 : 1
		gmem_load_2_req : 2
	State 5
	State 6
	State 7
	State 8
	State 9
	State 10
	State 11
	State 12
	State 13
	State 14
	State 15
	State 16
	State 17
	State 18
	State 19
	State 20
	State 21
	State 22
	State 23
	State 24
	State 25
	State 26
	State 27
	State 28
	State 29
	State 30
	State 31
	State 32
	State 33
	State 34
	State 35
	State 36
	State 37
	State 38
	State 39
	State 40
	State 41
	State 42
	State 43
	State 44
	State 45
	State 46
	State 47
	State 48
	State 49
	State 50
	State 51
	State 52
	State 53
	State 54
	State 55
	State 56
	State 57
	State 58
	State 59
	State 60
	State 61
	State 62
	State 63
	State 64
	State 65
	State 66
	State 67
	State 68
	State 69
	State 70
	State 71
	State 72
	State 73
	State 74
	State 75
	State 76
	State 77
	State 78
	State 79
	State 80
	State 81
	State 82
	State 83
	State 84
	State 85
	State 86
	State 87
	State 88
	State 89
	State 90
		f_1 : 1
	State 91
	State 92
	State 93
		store_ln210 : 1


============================================================
+ Verbose Summary: Datapath Resource usage 
============================================================

* Functional unit list:
|----------|------------------------------|---------|---------|---------|
| Operation|        Functional Unit       |   DSP   |    FF   |   LUT   |
|----------|------------------------------|---------|---------|---------|
|   dadd   |          grp_fu_122          |    3    |   430   |   710   |
|----------|------------------------------|---------|---------|---------|
|   dmul   |          grp_fu_126          |    8    |   275   |   107   |
|----------|------------------------------|---------|---------|---------|
|          |       add_ln210_fu_203       |    0    |    0    |    38   |
|    add   |       add_ln212_fu_209       |    0    |    0    |    68   |
|          |       add_ln213_fu_214       |    0    |    0    |    68   |
|----------|------------------------------|---------|---------|---------|
|   icmp   |       icmp_ln210_fu_198      |    0    |    0    |    39   |
|----------|------------------------------|---------|---------|---------|
|          |     size_read_read_fu_68     |    0    |    0    |    0    |
|          |     arry_read_read_fu_74     |    0    |    0    |    0    |
|          |     arrx_read_read_fu_80     |    0    |    0    |    0    |
|   read   |       b_read_read_fu_86      |    0    |    0    |    0    |
|          |       a_read_read_fu_92      |    0    |    0    |    0    |
|          |  gmem_addr_read_read_fu_112  |    0    |    0    |    0    |
|          | gmem_addr_2_read_read_fu_117 |    0    |    0    |    0    |
|----------|------------------------------|---------|---------|---------|
|  readreq |       grp_readreq_fu_98      |    0    |    0    |    0    |
|          |      grp_readreq_fu_105      |    0    |    0    |    0    |
|----------|------------------------------|---------|---------|---------|
|  sitodp  |          grp_fu_130          |    0    |    0    |    0    |
|----------|------------------------------|---------|---------|---------|
|partselect|        trunc_ln_fu_149       |    0    |    0    |    0    |
|          |     trunc_ln210_1_fu_163     |    0    |    0    |    0    |
|----------|------------------------------|---------|---------|---------|
|          |       sext_ln210_fu_159      |    0    |    0    |    0    |
|   sext   |      sext_ln210_1_fu_173     |    0    |    0    |    0    |
|          |       sext_ln212_fu_224      |    0    |    0    |    0    |
|          |       sext_ln213_fu_234      |    0    |    0    |    0    |
|----------|------------------------------|---------|---------|---------|
|   zext   |       zext_ln210_fu_190      |    0    |    0    |    0    |
|          |      zext_ln210_1_fu_194     |    0    |    0    |    0    |
|----------|------------------------------|---------|---------|---------|
|   Total  |                              |    11   |   705   |   1030  |
|----------|------------------------------|---------|---------|---------|

Memories:
N/A

* Register list:
+------------------------+--------+
|                        |   FF   |
+------------------------+--------+
|     a_read_reg_273     |   64   |
|    add_ln212_reg_291   |   62   |
|    add_ln213_reg_296   |   62   |
|     b_read_reg_268     |   64   |
|     f_load_reg_333     |   64   |
|        f_reg_249       |   64   |
|gmem_addr_2_read_reg_318|   64   |
|   gmem_addr_2_reg_307  |   64   |
| gmem_addr_read_reg_313 |   64   |
|    gmem_addr_reg_301   |   64   |
|        i_reg_256       |   31   |
|         reg_137        |   64   |
|         reg_142        |   64   |
|  sext_ln210_1_reg_283  |   62   |
|   sext_ln210_reg_278   |   62   |
|    size_read_reg_263   |   32   |
|        x_reg_323       |   64   |
|        y_reg_328       |   64   |
+------------------------+--------+
|          Total         |  1079  |
+------------------------+--------+

* Multiplexer (MUX) list: 
|--------------------|------|------|------|--------||---------||---------|
|        Comp        |  Pin | Size |  BW  | S x BW ||  Delay  ||   LUT   |
|--------------------|------|------|------|--------||---------||---------|
|  grp_readreq_fu_98 |  p1  |   2  |  64  |   128  ||    9    |
| grp_readreq_fu_105 |  p1  |   2  |  64  |   128  ||    9    |
|     grp_fu_122     |  p0  |   4  |  64  |   256  ||    20   |
|     grp_fu_122     |  p1  |   2  |  64  |   128  ||    9    |
|     grp_fu_126     |  p0  |   2  |  64  |   128  ||    9    |
|     grp_fu_126     |  p1  |   2  |  64  |   128  ||    9    |
|     grp_fu_130     |  p0  |   2  |  64  |   128  ||    9    |
|--------------------|------|------|------|--------||---------||---------|
|        Total       |      |      |      |  1024  || 3.30429 ||    74   |
|--------------------|------|------|------|--------||---------||---------|



* Summary:
+-----------+--------+--------+--------+--------+
|           |   DSP  |  Delay |   FF   |   LUT  |
+-----------+--------+--------+--------+--------+
|  Function |   11   |    -   |   705  |  1030  |
|   Memory  |    -   |    -   |    -   |    -   |
|Multiplexer|    -   |    3   |    -   |   74   |
|  Register |    -   |    -   |  1079  |    -   |
+-----------+--------+--------+--------+--------+
|   Total   |   11   |    3   |  1784  |  1104  |
+-----------+--------+--------+--------+--------+
