

================================================================
== Vitis HLS Report for 'fit_Pipeline_VITIS_LOOP_53_1'
================================================================
* Date:           Thu Feb 27 15:44:20 2025

* Version:        2023.1 (Build 3854077 on May  4 2023)
* Project:        hls_fit
* Solution:       solution2 (Vitis Kernel Flow Target)
* Product family: virtexuplus
* Target device:  xcvu11p-flga2577-1-e


================================================================
== Performance Estimates
================================================================
+ Timing: 
    * Summary: 
    +--------+----------+----------+------------+
    |  Clock |  Target  | Estimated| Uncertainty|
    +--------+----------+----------+------------+
    |ap_clk  |  10.00 ns|  7.300 ns|     2.70 ns|
    +--------+----------+----------+------------+

+ Latency: 
    * Summary: 
    +---------+---------+----------+----------+-----+-----+---------+
    |  Latency (cycles) |  Latency (absolute) |  Interval | Pipeline|
    |   min   |   max   |    min   |    max   | min | max |   Type  |
    +---------+---------+----------+----------+-----+-----+---------+
    |        ?|        ?|         ?|         ?|    ?|    ?|       no|
    +---------+---------+----------+----------+-----+-----+---------+

    + Detail: 
        * Instance: 
        N/A

        * Loop: 
        +-------------------+---------+---------+----------+-----------+-----------+------+----------+
        |                   |  Latency (cycles) | Iteration|  Initiation Interval  | Trip |          |
        |     Loop Name     |   min   |   max   |  Latency |  achieved |   target  | Count| Pipelined|
        +-------------------+---------+---------+----------+-----------+-----------+------+----------+
        |- VITIS_LOOP_53_1  |        ?|        ?|       100|          3|          1|     ?|       yes|
        +-------------------+---------+---------+----------+-----------+-----------+------+----------+

============================================================
+ Verbose Summary: Synthesis Manager
============================================================
InlineROM: 1
ExposeGlobal: 0
============================================================
+ Verbose Summary: CDFG Model
============================================================
IsTopModel: 0
ResetActiveHigh: 1
IsCombinational: 0
IsDatapathOnly: 0
HasWiredReturn: 1
HasMFsm: 2
HasVarLatency: 1
IsPipeline: 0
IsRtlPipelined: 0
IsInstanceOverlapped: 0
IsDontTouch: 0
HasImplIP: 0
IsGatedGlobalClock: 0

+ Individual pipeline summary: 
  * Pipeline-0: initiation interval (II) = 3, depth = 100


============================================================
+ Verbose Summary: Schedule
============================================================
* Number of FSM states : 100
* Pipeline : 1
  Pipeline-0 : II = 3, D = 100, States = { 1 2 3 4 5 6 7 8 9 10 11 12 13 14 15 16 17 18 19 20 21 22 23 24 25 26 27 28 29 30 31 32 33 34 35 36 37 38 39 40 41 42 43 44 45 46 47 48 49 50 51 52 53 54 55 56 57 58 59 60 61 62 63 64 65 66 67 68 69 70 71 72 73 74 75 76 77 78 79 80 81 82 83 84 85 86 87 88 89 90 91 92 93 94 95 96 97 98 99 100 }
* Dataflow Pipeline: 0

* FSM state transitions: 
1 --> 2 
2 --> 3 
3 --> 4 
4 --> 5 
5 --> 6 
6 --> 7 
7 --> 8 
8 --> 9 
9 --> 10 
10 --> 11 
11 --> 12 
12 --> 13 
13 --> 14 
14 --> 15 
15 --> 16 
16 --> 17 
17 --> 18 
18 --> 19 
19 --> 20 
20 --> 21 
21 --> 22 
22 --> 23 
23 --> 24 
24 --> 25 
25 --> 26 
26 --> 27 
27 --> 28 
28 --> 29 
29 --> 30 
30 --> 31 
31 --> 32 
32 --> 33 
33 --> 34 
34 --> 35 
35 --> 36 
36 --> 37 
37 --> 38 
38 --> 39 
39 --> 40 
40 --> 41 
41 --> 42 
42 --> 43 
43 --> 44 
44 --> 45 
45 --> 46 
46 --> 47 
47 --> 48 
48 --> 49 
49 --> 50 
50 --> 51 
51 --> 52 
52 --> 53 
53 --> 54 
54 --> 55 
55 --> 56 
56 --> 57 
57 --> 58 
58 --> 59 
59 --> 60 
60 --> 61 
61 --> 62 
62 --> 63 
63 --> 64 
64 --> 65 
65 --> 66 
66 --> 67 
67 --> 68 
68 --> 69 
69 --> 70 
70 --> 71 
71 --> 72 
72 --> 73 
73 --> 74 
74 --> 75 
75 --> 76 
76 --> 77 
77 --> 78 
78 --> 79 
79 --> 80 
80 --> 81 
81 --> 82 
82 --> 83 
83 --> 84 
84 --> 85 
85 --> 86 
86 --> 87 
87 --> 88 
88 --> 89 
89 --> 90 
90 --> 91 
91 --> 92 
92 --> 93 
93 --> 94 
94 --> 95 
95 --> 96 
96 --> 97 
97 --> 98 
98 --> 99 
99 --> 100 
100 --> 

* FSM state operations: 

State 1 <SV = 0> <Delay = 1.36>
ST_1 : Operation 103 [1/1] (0.00ns)   --->   "%Sx = alloca i32 1"   --->   Operation 103 'alloca' 'Sx' <Predicate = true> <Delay = 0.00>
ST_1 : Operation 104 [1/1] (0.00ns)   --->   "%i = alloca i32 1"   --->   Operation 104 'alloca' 'i' <Predicate = true> <Delay = 0.00>
ST_1 : Operation 105 [1/1] (0.00ns)   --->   "%specinterface_ln0 = specinterface void @_ssdm_op_SpecInterface, i128 %gmem, void @empty_14, i32 0, i32 0, void @empty_10, i32 64, i32 0, void @empty, void @empty_1, void @empty_10, i32 16, i32 16, i32 16, i32 16, void @empty_10, void @empty_10, i32 4294967295, i32 0"   --->   Operation 105 'specinterface' 'specinterface_ln0' <Predicate = true> <Delay = 0.00>
ST_1 : Operation 106 [1/1] (0.00ns)   --->   "%trunc_ln_read = read i4 @_ssdm_op_Read.ap_auto.i4, i4 %trunc_ln"   --->   Operation 106 'read' 'trunc_ln_read' <Predicate = true> <Delay = 0.00>
ST_1 : Operation 107 [1/1] (0.00ns)   --->   "%arrx_read = read i64 @_ssdm_op_Read.ap_auto.i64, i64 %arrx"   --->   Operation 107 'read' 'arrx_read' <Predicate = true> <Delay = 0.00>
ST_1 : Operation 108 [1/1] (0.00ns)   --->   "%trunc_ln3_read = read i4 @_ssdm_op_Read.ap_auto.i4, i4 %trunc_ln3"   --->   Operation 108 'read' 'trunc_ln3_read' <Predicate = true> <Delay = 0.00>
ST_1 : Operation 109 [1/1] (0.00ns)   --->   "%arrsigs_read = read i64 @_ssdm_op_Read.ap_auto.i64, i64 %arrsigs"   --->   Operation 109 'read' 'arrsigs_read' <Predicate = true> <Delay = 0.00>
ST_1 : Operation 110 [1/1] (0.00ns)   --->   "%size_read = read i32 @_ssdm_op_Read.ap_auto.i32, i32 %size"   --->   Operation 110 'read' 'size_read' <Predicate = true> <Delay = 0.00>
ST_1 : Operation 111 [1/1] (0.46ns)   --->   "%store_ln0 = store i31 0, i31 %i"   --->   Operation 111 'store' 'store_ln0' <Predicate = true> <Delay = 0.46>
ST_1 : Operation 112 [1/1] (0.46ns)   --->   "%store_ln0 = store i64 0, i64 %Sx"   --->   Operation 112 'store' 'store_ln0' <Predicate = true> <Delay = 0.46>
ST_1 : Operation 113 [1/1] (0.00ns)   --->   "%br_ln0 = br void %for.inc.i17.i"   --->   Operation 113 'br' 'br_ln0' <Predicate = true> <Delay = 0.00>
ST_1 : Operation 114 [1/1] (0.00ns)   --->   "%i_1 = load i31 %i" [main.cpp:54->main.cpp:138->main.cpp:272]   --->   Operation 114 'load' 'i_1' <Predicate = true> <Delay = 0.00>
ST_1 : Operation 115 [1/1] (0.00ns)   --->   "%i_3_cast = zext i31 %i_1" [main.cpp:54->main.cpp:138->main.cpp:272]   --->   Operation 115 'zext' 'i_3_cast' <Predicate = true> <Delay = 0.00>
ST_1 : Operation 116 [1/1] (1.14ns)   --->   "%icmp_ln53 = icmp_slt  i32 %i_3_cast, i32 %size_read" [main.cpp:53->main.cpp:138->main.cpp:272]   --->   Operation 116 'icmp' 'icmp_ln53' <Predicate = true> <Delay = 1.14> <CoreInst = "Cmp">   --->   Core 9 'Cmp' <Latency = 0> <II = 1> <Delay = 1.14> <FuncUnit> <Opcode : 'icmp'> <InPorts = 2> <OutPorts = 1>
ST_1 : Operation 117 [1/1] (0.00ns)   --->   "%br_ln53 = br i1 %icmp_ln53, void %calc_ovr_sig_sqrd_x.exit.i.loopexit.exitStub, void %for.inc.i17.i.split" [main.cpp:53->main.cpp:138->main.cpp:272]   --->   Operation 117 'br' 'br_ln53' <Predicate = true> <Delay = 0.00>
ST_1 : Operation 118 [1/1] (0.00ns)   --->   "%shl_ln3 = bitconcatenate i34 @_ssdm_op_BitConcatenate.i34.i31.i3, i31 %i_1, i3 0" [main.cpp:54->main.cpp:138->main.cpp:272]   --->   Operation 118 'bitconcatenate' 'shl_ln3' <Predicate = (icmp_ln53)> <Delay = 0.00>
ST_1 : Operation 119 [1/1] (0.00ns)   --->   "%zext_ln54 = zext i34 %shl_ln3" [main.cpp:54->main.cpp:138->main.cpp:272]   --->   Operation 119 'zext' 'zext_ln54' <Predicate = (icmp_ln53)> <Delay = 0.00>
ST_1 : Operation 120 [1/1] (1.36ns)   --->   "%add_ln54 = add i64 %zext_ln54, i64 %arrsigs_read" [main.cpp:54->main.cpp:138->main.cpp:272]   --->   Operation 120 'add' 'add_ln54' <Predicate = (icmp_ln53)> <Delay = 1.36> <CoreInst = "Adder">   --->   Core 1 'Adder' <Latency = 0> <II = 1> <Delay = 1.36> <FuncUnit> <Opcode : 'add' 'sub'> <InPorts = 2> <OutPorts = 1>
ST_1 : Operation 121 [1/1] (0.00ns)   --->   "%trunc_ln54_2 = partselect i60 @_ssdm_op_PartSelect.i60.i64.i32.i32, i64 %add_ln54, i32 4, i32 63" [main.cpp:54->main.cpp:138->main.cpp:272]   --->   Operation 121 'partselect' 'trunc_ln54_2' <Predicate = (icmp_ln53)> <Delay = 0.00>
ST_1 : Operation 122 [1/1] (1.36ns)   --->   "%add_ln56 = add i64 %zext_ln54, i64 %arrx_read" [main.cpp:56->main.cpp:138->main.cpp:272]   --->   Operation 122 'add' 'add_ln56' <Predicate = (icmp_ln53)> <Delay = 1.36> <CoreInst = "Adder">   --->   Core 1 'Adder' <Latency = 0> <II = 1> <Delay = 1.36> <FuncUnit> <Opcode : 'add' 'sub'> <InPorts = 2> <OutPorts = 1>
ST_1 : Operation 123 [1/1] (0.00ns)   --->   "%trunc_ln7 = partselect i60 @_ssdm_op_PartSelect.i60.i64.i32.i32, i64 %add_ln56, i32 4, i32 63" [main.cpp:56->main.cpp:138->main.cpp:272]   --->   Operation 123 'partselect' 'trunc_ln7' <Predicate = (icmp_ln53)> <Delay = 0.00>

State 2 <SV = 1> <Delay = 7.30>
ST_2 : Operation 124 [1/1] (0.00ns)   --->   "%sext_ln54 = sext i60 %trunc_ln54_2" [main.cpp:54->main.cpp:138->main.cpp:272]   --->   Operation 124 'sext' 'sext_ln54' <Predicate = (icmp_ln53)> <Delay = 0.00>
ST_2 : Operation 125 [1/1] (0.00ns)   --->   "%gmem_addr = getelementptr i128 %gmem, i64 %sext_ln54" [main.cpp:54->main.cpp:138->main.cpp:272]   --->   Operation 125 'getelementptr' 'gmem_addr' <Predicate = (icmp_ln53)> <Delay = 0.00>
ST_2 : Operation 126 [71/71] (7.30ns)   --->   "%gmem_load_5_req = readreq i1 @_ssdm_op_ReadReq.m_axi.i128P1A, i128 %gmem_addr, i32 1" [main.cpp:54->main.cpp:138->main.cpp:272]   --->   Operation 126 'readreq' 'gmem_load_5_req' <Predicate = (icmp_ln53)> <Delay = 7.30> <CoreInst = "m_axi">   --->   Core 121 'm_axi' <Latency = 0> <II = 1> <Delay = 1.00> <Adapter> <Opcode : 'read' 'write' 'readreq' 'writereq' 'writeresp'>

State 3 <SV = 2> <Delay = 7.30>
ST_3 : Operation 127 [1/1] (0.00ns)   --->   "%specbitsmap_ln0 = specbitsmap void @_ssdm_op_SpecBitsMap, i128 %gmem"   --->   Operation 127 'specbitsmap' 'specbitsmap_ln0' <Predicate = true> <Delay = 0.00>
ST_3 : Operation 128 [1/1] (0.00ns)   --->   "%specpipeline_ln0 = specpipeline void @_ssdm_op_SpecPipeline, i32 4294967295, i32 0, i32 1, i32 0, void @p_str4"   --->   Operation 128 'specpipeline' 'specpipeline_ln0' <Predicate = true> <Delay = 0.00>
ST_3 : Operation 129 [1/1] (1.14ns)   --->   "%add_ln53 = add i31 %i_1, i31 1" [main.cpp:53->main.cpp:138->main.cpp:272]   --->   Operation 129 'add' 'add_ln53' <Predicate = true> <Delay = 1.14> <CoreInst = "Adder">   --->   Core 1 'Adder' <Latency = 0> <II = 1> <Delay = 1.14> <FuncUnit> <Opcode : 'add' 'sub'> <InPorts = 2> <OutPorts = 1>
ST_3 : Operation 130 [1/1] (0.00ns)   --->   "%trunc_ln54 = trunc i31 %i_1" [main.cpp:54->main.cpp:138->main.cpp:272]   --->   Operation 130 'trunc' 'trunc_ln54' <Predicate = (icmp_ln53)> <Delay = 0.00>
ST_3 : Operation 131 [70/71] (7.30ns)   --->   "%gmem_load_5_req = readreq i1 @_ssdm_op_ReadReq.m_axi.i128P1A, i128 %gmem_addr, i32 1" [main.cpp:54->main.cpp:138->main.cpp:272]   --->   Operation 131 'readreq' 'gmem_load_5_req' <Predicate = (icmp_ln53)> <Delay = 7.30> <CoreInst = "m_axi">   --->   Core 121 'm_axi' <Latency = 0> <II = 1> <Delay = 1.00> <Adapter> <Opcode : 'read' 'write' 'readreq' 'writereq' 'writeresp'>
ST_3 : Operation 132 [1/1] (0.00ns)   --->   "%sext_ln56 = sext i60 %trunc_ln7" [main.cpp:56->main.cpp:138->main.cpp:272]   --->   Operation 132 'sext' 'sext_ln56' <Predicate = (icmp_ln53)> <Delay = 0.00>
ST_3 : Operation 133 [1/1] (0.00ns)   --->   "%gmem_addr_1 = getelementptr i128 %gmem, i64 %sext_ln56" [main.cpp:56->main.cpp:138->main.cpp:272]   --->   Operation 133 'getelementptr' 'gmem_addr_1' <Predicate = (icmp_ln53)> <Delay = 0.00>
ST_3 : Operation 134 [71/71] (7.30ns)   --->   "%gmem_load_6_req = readreq i1 @_ssdm_op_ReadReq.m_axi.i128P1A, i128 %gmem_addr_1, i32 1" [main.cpp:56->main.cpp:138->main.cpp:272]   --->   Operation 134 'readreq' 'gmem_load_6_req' <Predicate = (icmp_ln53)> <Delay = 7.30> <CoreInst = "m_axi">   --->   Core 121 'm_axi' <Latency = 0> <II = 1> <Delay = 1.00> <Adapter> <Opcode : 'read' 'write' 'readreq' 'writereq' 'writeresp'>
ST_3 : Operation 135 [1/1] (0.46ns)   --->   "%store_ln53 = store i31 %add_ln53, i31 %i" [main.cpp:53->main.cpp:138->main.cpp:272]   --->   Operation 135 'store' 'store_ln53' <Predicate = (icmp_ln53)> <Delay = 0.46>

State 4 <SV = 3> <Delay = 7.30>
ST_4 : Operation 136 [69/71] (7.30ns)   --->   "%gmem_load_5_req = readreq i1 @_ssdm_op_ReadReq.m_axi.i128P1A, i128 %gmem_addr, i32 1" [main.cpp:54->main.cpp:138->main.cpp:272]   --->   Operation 136 'readreq' 'gmem_load_5_req' <Predicate = true> <Delay = 7.30> <CoreInst = "m_axi">   --->   Core 121 'm_axi' <Latency = 0> <II = 1> <Delay = 1.00> <Adapter> <Opcode : 'read' 'write' 'readreq' 'writereq' 'writeresp'>
ST_4 : Operation 137 [70/71] (7.30ns)   --->   "%gmem_load_6_req = readreq i1 @_ssdm_op_ReadReq.m_axi.i128P1A, i128 %gmem_addr_1, i32 1" [main.cpp:56->main.cpp:138->main.cpp:272]   --->   Operation 137 'readreq' 'gmem_load_6_req' <Predicate = true> <Delay = 7.30> <CoreInst = "m_axi">   --->   Core 121 'm_axi' <Latency = 0> <II = 1> <Delay = 1.00> <Adapter> <Opcode : 'read' 'write' 'readreq' 'writereq' 'writeresp'>

State 5 <SV = 4> <Delay = 7.30>
ST_5 : Operation 138 [68/71] (7.30ns)   --->   "%gmem_load_5_req = readreq i1 @_ssdm_op_ReadReq.m_axi.i128P1A, i128 %gmem_addr, i32 1" [main.cpp:54->main.cpp:138->main.cpp:272]   --->   Operation 138 'readreq' 'gmem_load_5_req' <Predicate = true> <Delay = 7.30> <CoreInst = "m_axi">   --->   Core 121 'm_axi' <Latency = 0> <II = 1> <Delay = 1.00> <Adapter> <Opcode : 'read' 'write' 'readreq' 'writereq' 'writeresp'>
ST_5 : Operation 139 [69/71] (7.30ns)   --->   "%gmem_load_6_req = readreq i1 @_ssdm_op_ReadReq.m_axi.i128P1A, i128 %gmem_addr_1, i32 1" [main.cpp:56->main.cpp:138->main.cpp:272]   --->   Operation 139 'readreq' 'gmem_load_6_req' <Predicate = true> <Delay = 7.30> <CoreInst = "m_axi">   --->   Core 121 'm_axi' <Latency = 0> <II = 1> <Delay = 1.00> <Adapter> <Opcode : 'read' 'write' 'readreq' 'writereq' 'writeresp'>

State 6 <SV = 5> <Delay = 7.30>
ST_6 : Operation 140 [67/71] (7.30ns)   --->   "%gmem_load_5_req = readreq i1 @_ssdm_op_ReadReq.m_axi.i128P1A, i128 %gmem_addr, i32 1" [main.cpp:54->main.cpp:138->main.cpp:272]   --->   Operation 140 'readreq' 'gmem_load_5_req' <Predicate = true> <Delay = 7.30> <CoreInst = "m_axi">   --->   Core 121 'm_axi' <Latency = 0> <II = 1> <Delay = 1.00> <Adapter> <Opcode : 'read' 'write' 'readreq' 'writereq' 'writeresp'>
ST_6 : Operation 141 [68/71] (7.30ns)   --->   "%gmem_load_6_req = readreq i1 @_ssdm_op_ReadReq.m_axi.i128P1A, i128 %gmem_addr_1, i32 1" [main.cpp:56->main.cpp:138->main.cpp:272]   --->   Operation 141 'readreq' 'gmem_load_6_req' <Predicate = true> <Delay = 7.30> <CoreInst = "m_axi">   --->   Core 121 'm_axi' <Latency = 0> <II = 1> <Delay = 1.00> <Adapter> <Opcode : 'read' 'write' 'readreq' 'writereq' 'writeresp'>

State 7 <SV = 6> <Delay = 7.30>
ST_7 : Operation 142 [66/71] (7.30ns)   --->   "%gmem_load_5_req = readreq i1 @_ssdm_op_ReadReq.m_axi.i128P1A, i128 %gmem_addr, i32 1" [main.cpp:54->main.cpp:138->main.cpp:272]   --->   Operation 142 'readreq' 'gmem_load_5_req' <Predicate = true> <Delay = 7.30> <CoreInst = "m_axi">   --->   Core 121 'm_axi' <Latency = 0> <II = 1> <Delay = 1.00> <Adapter> <Opcode : 'read' 'write' 'readreq' 'writereq' 'writeresp'>
ST_7 : Operation 143 [67/71] (7.30ns)   --->   "%gmem_load_6_req = readreq i1 @_ssdm_op_ReadReq.m_axi.i128P1A, i128 %gmem_addr_1, i32 1" [main.cpp:56->main.cpp:138->main.cpp:272]   --->   Operation 143 'readreq' 'gmem_load_6_req' <Predicate = true> <Delay = 7.30> <CoreInst = "m_axi">   --->   Core 121 'm_axi' <Latency = 0> <II = 1> <Delay = 1.00> <Adapter> <Opcode : 'read' 'write' 'readreq' 'writereq' 'writeresp'>

State 8 <SV = 7> <Delay = 7.30>
ST_8 : Operation 144 [65/71] (7.30ns)   --->   "%gmem_load_5_req = readreq i1 @_ssdm_op_ReadReq.m_axi.i128P1A, i128 %gmem_addr, i32 1" [main.cpp:54->main.cpp:138->main.cpp:272]   --->   Operation 144 'readreq' 'gmem_load_5_req' <Predicate = true> <Delay = 7.30> <CoreInst = "m_axi">   --->   Core 121 'm_axi' <Latency = 0> <II = 1> <Delay = 1.00> <Adapter> <Opcode : 'read' 'write' 'readreq' 'writereq' 'writeresp'>
ST_8 : Operation 145 [66/71] (7.30ns)   --->   "%gmem_load_6_req = readreq i1 @_ssdm_op_ReadReq.m_axi.i128P1A, i128 %gmem_addr_1, i32 1" [main.cpp:56->main.cpp:138->main.cpp:272]   --->   Operation 145 'readreq' 'gmem_load_6_req' <Predicate = true> <Delay = 7.30> <CoreInst = "m_axi">   --->   Core 121 'm_axi' <Latency = 0> <II = 1> <Delay = 1.00> <Adapter> <Opcode : 'read' 'write' 'readreq' 'writereq' 'writeresp'>

State 9 <SV = 8> <Delay = 7.30>
ST_9 : Operation 146 [64/71] (7.30ns)   --->   "%gmem_load_5_req = readreq i1 @_ssdm_op_ReadReq.m_axi.i128P1A, i128 %gmem_addr, i32 1" [main.cpp:54->main.cpp:138->main.cpp:272]   --->   Operation 146 'readreq' 'gmem_load_5_req' <Predicate = true> <Delay = 7.30> <CoreInst = "m_axi">   --->   Core 121 'm_axi' <Latency = 0> <II = 1> <Delay = 1.00> <Adapter> <Opcode : 'read' 'write' 'readreq' 'writereq' 'writeresp'>
ST_9 : Operation 147 [65/71] (7.30ns)   --->   "%gmem_load_6_req = readreq i1 @_ssdm_op_ReadReq.m_axi.i128P1A, i128 %gmem_addr_1, i32 1" [main.cpp:56->main.cpp:138->main.cpp:272]   --->   Operation 147 'readreq' 'gmem_load_6_req' <Predicate = true> <Delay = 7.30> <CoreInst = "m_axi">   --->   Core 121 'm_axi' <Latency = 0> <II = 1> <Delay = 1.00> <Adapter> <Opcode : 'read' 'write' 'readreq' 'writereq' 'writeresp'>

State 10 <SV = 9> <Delay = 7.30>
ST_10 : Operation 148 [63/71] (7.30ns)   --->   "%gmem_load_5_req = readreq i1 @_ssdm_op_ReadReq.m_axi.i128P1A, i128 %gmem_addr, i32 1" [main.cpp:54->main.cpp:138->main.cpp:272]   --->   Operation 148 'readreq' 'gmem_load_5_req' <Predicate = true> <Delay = 7.30> <CoreInst = "m_axi">   --->   Core 121 'm_axi' <Latency = 0> <II = 1> <Delay = 1.00> <Adapter> <Opcode : 'read' 'write' 'readreq' 'writereq' 'writeresp'>
ST_10 : Operation 149 [64/71] (7.30ns)   --->   "%gmem_load_6_req = readreq i1 @_ssdm_op_ReadReq.m_axi.i128P1A, i128 %gmem_addr_1, i32 1" [main.cpp:56->main.cpp:138->main.cpp:272]   --->   Operation 149 'readreq' 'gmem_load_6_req' <Predicate = true> <Delay = 7.30> <CoreInst = "m_axi">   --->   Core 121 'm_axi' <Latency = 0> <II = 1> <Delay = 1.00> <Adapter> <Opcode : 'read' 'write' 'readreq' 'writereq' 'writeresp'>

State 11 <SV = 10> <Delay = 7.30>
ST_11 : Operation 150 [62/71] (7.30ns)   --->   "%gmem_load_5_req = readreq i1 @_ssdm_op_ReadReq.m_axi.i128P1A, i128 %gmem_addr, i32 1" [main.cpp:54->main.cpp:138->main.cpp:272]   --->   Operation 150 'readreq' 'gmem_load_5_req' <Predicate = true> <Delay = 7.30> <CoreInst = "m_axi">   --->   Core 121 'm_axi' <Latency = 0> <II = 1> <Delay = 1.00> <Adapter> <Opcode : 'read' 'write' 'readreq' 'writereq' 'writeresp'>
ST_11 : Operation 151 [63/71] (7.30ns)   --->   "%gmem_load_6_req = readreq i1 @_ssdm_op_ReadReq.m_axi.i128P1A, i128 %gmem_addr_1, i32 1" [main.cpp:56->main.cpp:138->main.cpp:272]   --->   Operation 151 'readreq' 'gmem_load_6_req' <Predicate = true> <Delay = 7.30> <CoreInst = "m_axi">   --->   Core 121 'm_axi' <Latency = 0> <II = 1> <Delay = 1.00> <Adapter> <Opcode : 'read' 'write' 'readreq' 'writereq' 'writeresp'>

State 12 <SV = 11> <Delay = 7.30>
ST_12 : Operation 152 [61/71] (7.30ns)   --->   "%gmem_load_5_req = readreq i1 @_ssdm_op_ReadReq.m_axi.i128P1A, i128 %gmem_addr, i32 1" [main.cpp:54->main.cpp:138->main.cpp:272]   --->   Operation 152 'readreq' 'gmem_load_5_req' <Predicate = true> <Delay = 7.30> <CoreInst = "m_axi">   --->   Core 121 'm_axi' <Latency = 0> <II = 1> <Delay = 1.00> <Adapter> <Opcode : 'read' 'write' 'readreq' 'writereq' 'writeresp'>
ST_12 : Operation 153 [62/71] (7.30ns)   --->   "%gmem_load_6_req = readreq i1 @_ssdm_op_ReadReq.m_axi.i128P1A, i128 %gmem_addr_1, i32 1" [main.cpp:56->main.cpp:138->main.cpp:272]   --->   Operation 153 'readreq' 'gmem_load_6_req' <Predicate = true> <Delay = 7.30> <CoreInst = "m_axi">   --->   Core 121 'm_axi' <Latency = 0> <II = 1> <Delay = 1.00> <Adapter> <Opcode : 'read' 'write' 'readreq' 'writereq' 'writeresp'>

State 13 <SV = 12> <Delay = 7.30>
ST_13 : Operation 154 [60/71] (7.30ns)   --->   "%gmem_load_5_req = readreq i1 @_ssdm_op_ReadReq.m_axi.i128P1A, i128 %gmem_addr, i32 1" [main.cpp:54->main.cpp:138->main.cpp:272]   --->   Operation 154 'readreq' 'gmem_load_5_req' <Predicate = true> <Delay = 7.30> <CoreInst = "m_axi">   --->   Core 121 'm_axi' <Latency = 0> <II = 1> <Delay = 1.00> <Adapter> <Opcode : 'read' 'write' 'readreq' 'writereq' 'writeresp'>
ST_13 : Operation 155 [61/71] (7.30ns)   --->   "%gmem_load_6_req = readreq i1 @_ssdm_op_ReadReq.m_axi.i128P1A, i128 %gmem_addr_1, i32 1" [main.cpp:56->main.cpp:138->main.cpp:272]   --->   Operation 155 'readreq' 'gmem_load_6_req' <Predicate = true> <Delay = 7.30> <CoreInst = "m_axi">   --->   Core 121 'm_axi' <Latency = 0> <II = 1> <Delay = 1.00> <Adapter> <Opcode : 'read' 'write' 'readreq' 'writereq' 'writeresp'>

State 14 <SV = 13> <Delay = 7.30>
ST_14 : Operation 156 [59/71] (7.30ns)   --->   "%gmem_load_5_req = readreq i1 @_ssdm_op_ReadReq.m_axi.i128P1A, i128 %gmem_addr, i32 1" [main.cpp:54->main.cpp:138->main.cpp:272]   --->   Operation 156 'readreq' 'gmem_load_5_req' <Predicate = true> <Delay = 7.30> <CoreInst = "m_axi">   --->   Core 121 'm_axi' <Latency = 0> <II = 1> <Delay = 1.00> <Adapter> <Opcode : 'read' 'write' 'readreq' 'writereq' 'writeresp'>
ST_14 : Operation 157 [60/71] (7.30ns)   --->   "%gmem_load_6_req = readreq i1 @_ssdm_op_ReadReq.m_axi.i128P1A, i128 %gmem_addr_1, i32 1" [main.cpp:56->main.cpp:138->main.cpp:272]   --->   Operation 157 'readreq' 'gmem_load_6_req' <Predicate = true> <Delay = 7.30> <CoreInst = "m_axi">   --->   Core 121 'm_axi' <Latency = 0> <II = 1> <Delay = 1.00> <Adapter> <Opcode : 'read' 'write' 'readreq' 'writereq' 'writeresp'>

State 15 <SV = 14> <Delay = 7.30>
ST_15 : Operation 158 [58/71] (7.30ns)   --->   "%gmem_load_5_req = readreq i1 @_ssdm_op_ReadReq.m_axi.i128P1A, i128 %gmem_addr, i32 1" [main.cpp:54->main.cpp:138->main.cpp:272]   --->   Operation 158 'readreq' 'gmem_load_5_req' <Predicate = true> <Delay = 7.30> <CoreInst = "m_axi">   --->   Core 121 'm_axi' <Latency = 0> <II = 1> <Delay = 1.00> <Adapter> <Opcode : 'read' 'write' 'readreq' 'writereq' 'writeresp'>
ST_15 : Operation 159 [59/71] (7.30ns)   --->   "%gmem_load_6_req = readreq i1 @_ssdm_op_ReadReq.m_axi.i128P1A, i128 %gmem_addr_1, i32 1" [main.cpp:56->main.cpp:138->main.cpp:272]   --->   Operation 159 'readreq' 'gmem_load_6_req' <Predicate = true> <Delay = 7.30> <CoreInst = "m_axi">   --->   Core 121 'm_axi' <Latency = 0> <II = 1> <Delay = 1.00> <Adapter> <Opcode : 'read' 'write' 'readreq' 'writereq' 'writeresp'>

State 16 <SV = 15> <Delay = 7.30>
ST_16 : Operation 160 [57/71] (7.30ns)   --->   "%gmem_load_5_req = readreq i1 @_ssdm_op_ReadReq.m_axi.i128P1A, i128 %gmem_addr, i32 1" [main.cpp:54->main.cpp:138->main.cpp:272]   --->   Operation 160 'readreq' 'gmem_load_5_req' <Predicate = true> <Delay = 7.30> <CoreInst = "m_axi">   --->   Core 121 'm_axi' <Latency = 0> <II = 1> <Delay = 1.00> <Adapter> <Opcode : 'read' 'write' 'readreq' 'writereq' 'writeresp'>
ST_16 : Operation 161 [58/71] (7.30ns)   --->   "%gmem_load_6_req = readreq i1 @_ssdm_op_ReadReq.m_axi.i128P1A, i128 %gmem_addr_1, i32 1" [main.cpp:56->main.cpp:138->main.cpp:272]   --->   Operation 161 'readreq' 'gmem_load_6_req' <Predicate = true> <Delay = 7.30> <CoreInst = "m_axi">   --->   Core 121 'm_axi' <Latency = 0> <II = 1> <Delay = 1.00> <Adapter> <Opcode : 'read' 'write' 'readreq' 'writereq' 'writeresp'>

State 17 <SV = 16> <Delay = 7.30>
ST_17 : Operation 162 [56/71] (7.30ns)   --->   "%gmem_load_5_req = readreq i1 @_ssdm_op_ReadReq.m_axi.i128P1A, i128 %gmem_addr, i32 1" [main.cpp:54->main.cpp:138->main.cpp:272]   --->   Operation 162 'readreq' 'gmem_load_5_req' <Predicate = true> <Delay = 7.30> <CoreInst = "m_axi">   --->   Core 121 'm_axi' <Latency = 0> <II = 1> <Delay = 1.00> <Adapter> <Opcode : 'read' 'write' 'readreq' 'writereq' 'writeresp'>
ST_17 : Operation 163 [57/71] (7.30ns)   --->   "%gmem_load_6_req = readreq i1 @_ssdm_op_ReadReq.m_axi.i128P1A, i128 %gmem_addr_1, i32 1" [main.cpp:56->main.cpp:138->main.cpp:272]   --->   Operation 163 'readreq' 'gmem_load_6_req' <Predicate = true> <Delay = 7.30> <CoreInst = "m_axi">   --->   Core 121 'm_axi' <Latency = 0> <II = 1> <Delay = 1.00> <Adapter> <Opcode : 'read' 'write' 'readreq' 'writereq' 'writeresp'>

State 18 <SV = 17> <Delay = 7.30>
ST_18 : Operation 164 [55/71] (7.30ns)   --->   "%gmem_load_5_req = readreq i1 @_ssdm_op_ReadReq.m_axi.i128P1A, i128 %gmem_addr, i32 1" [main.cpp:54->main.cpp:138->main.cpp:272]   --->   Operation 164 'readreq' 'gmem_load_5_req' <Predicate = true> <Delay = 7.30> <CoreInst = "m_axi">   --->   Core 121 'm_axi' <Latency = 0> <II = 1> <Delay = 1.00> <Adapter> <Opcode : 'read' 'write' 'readreq' 'writereq' 'writeresp'>
ST_18 : Operation 165 [56/71] (7.30ns)   --->   "%gmem_load_6_req = readreq i1 @_ssdm_op_ReadReq.m_axi.i128P1A, i128 %gmem_addr_1, i32 1" [main.cpp:56->main.cpp:138->main.cpp:272]   --->   Operation 165 'readreq' 'gmem_load_6_req' <Predicate = true> <Delay = 7.30> <CoreInst = "m_axi">   --->   Core 121 'm_axi' <Latency = 0> <II = 1> <Delay = 1.00> <Adapter> <Opcode : 'read' 'write' 'readreq' 'writereq' 'writeresp'>

State 19 <SV = 18> <Delay = 7.30>
ST_19 : Operation 166 [54/71] (7.30ns)   --->   "%gmem_load_5_req = readreq i1 @_ssdm_op_ReadReq.m_axi.i128P1A, i128 %gmem_addr, i32 1" [main.cpp:54->main.cpp:138->main.cpp:272]   --->   Operation 166 'readreq' 'gmem_load_5_req' <Predicate = true> <Delay = 7.30> <CoreInst = "m_axi">   --->   Core 121 'm_axi' <Latency = 0> <II = 1> <Delay = 1.00> <Adapter> <Opcode : 'read' 'write' 'readreq' 'writereq' 'writeresp'>
ST_19 : Operation 167 [55/71] (7.30ns)   --->   "%gmem_load_6_req = readreq i1 @_ssdm_op_ReadReq.m_axi.i128P1A, i128 %gmem_addr_1, i32 1" [main.cpp:56->main.cpp:138->main.cpp:272]   --->   Operation 167 'readreq' 'gmem_load_6_req' <Predicate = true> <Delay = 7.30> <CoreInst = "m_axi">   --->   Core 121 'm_axi' <Latency = 0> <II = 1> <Delay = 1.00> <Adapter> <Opcode : 'read' 'write' 'readreq' 'writereq' 'writeresp'>

State 20 <SV = 19> <Delay = 7.30>
ST_20 : Operation 168 [53/71] (7.30ns)   --->   "%gmem_load_5_req = readreq i1 @_ssdm_op_ReadReq.m_axi.i128P1A, i128 %gmem_addr, i32 1" [main.cpp:54->main.cpp:138->main.cpp:272]   --->   Operation 168 'readreq' 'gmem_load_5_req' <Predicate = true> <Delay = 7.30> <CoreInst = "m_axi">   --->   Core 121 'm_axi' <Latency = 0> <II = 1> <Delay = 1.00> <Adapter> <Opcode : 'read' 'write' 'readreq' 'writereq' 'writeresp'>
ST_20 : Operation 169 [54/71] (7.30ns)   --->   "%gmem_load_6_req = readreq i1 @_ssdm_op_ReadReq.m_axi.i128P1A, i128 %gmem_addr_1, i32 1" [main.cpp:56->main.cpp:138->main.cpp:272]   --->   Operation 169 'readreq' 'gmem_load_6_req' <Predicate = true> <Delay = 7.30> <CoreInst = "m_axi">   --->   Core 121 'm_axi' <Latency = 0> <II = 1> <Delay = 1.00> <Adapter> <Opcode : 'read' 'write' 'readreq' 'writereq' 'writeresp'>

State 21 <SV = 20> <Delay = 7.30>
ST_21 : Operation 170 [52/71] (7.30ns)   --->   "%gmem_load_5_req = readreq i1 @_ssdm_op_ReadReq.m_axi.i128P1A, i128 %gmem_addr, i32 1" [main.cpp:54->main.cpp:138->main.cpp:272]   --->   Operation 170 'readreq' 'gmem_load_5_req' <Predicate = true> <Delay = 7.30> <CoreInst = "m_axi">   --->   Core 121 'm_axi' <Latency = 0> <II = 1> <Delay = 1.00> <Adapter> <Opcode : 'read' 'write' 'readreq' 'writereq' 'writeresp'>
ST_21 : Operation 171 [53/71] (7.30ns)   --->   "%gmem_load_6_req = readreq i1 @_ssdm_op_ReadReq.m_axi.i128P1A, i128 %gmem_addr_1, i32 1" [main.cpp:56->main.cpp:138->main.cpp:272]   --->   Operation 171 'readreq' 'gmem_load_6_req' <Predicate = true> <Delay = 7.30> <CoreInst = "m_axi">   --->   Core 121 'm_axi' <Latency = 0> <II = 1> <Delay = 1.00> <Adapter> <Opcode : 'read' 'write' 'readreq' 'writereq' 'writeresp'>

State 22 <SV = 21> <Delay = 7.30>
ST_22 : Operation 172 [51/71] (7.30ns)   --->   "%gmem_load_5_req = readreq i1 @_ssdm_op_ReadReq.m_axi.i128P1A, i128 %gmem_addr, i32 1" [main.cpp:54->main.cpp:138->main.cpp:272]   --->   Operation 172 'readreq' 'gmem_load_5_req' <Predicate = true> <Delay = 7.30> <CoreInst = "m_axi">   --->   Core 121 'm_axi' <Latency = 0> <II = 1> <Delay = 1.00> <Adapter> <Opcode : 'read' 'write' 'readreq' 'writereq' 'writeresp'>
ST_22 : Operation 173 [52/71] (7.30ns)   --->   "%gmem_load_6_req = readreq i1 @_ssdm_op_ReadReq.m_axi.i128P1A, i128 %gmem_addr_1, i32 1" [main.cpp:56->main.cpp:138->main.cpp:272]   --->   Operation 173 'readreq' 'gmem_load_6_req' <Predicate = true> <Delay = 7.30> <CoreInst = "m_axi">   --->   Core 121 'm_axi' <Latency = 0> <II = 1> <Delay = 1.00> <Adapter> <Opcode : 'read' 'write' 'readreq' 'writereq' 'writeresp'>

State 23 <SV = 22> <Delay = 7.30>
ST_23 : Operation 174 [50/71] (7.30ns)   --->   "%gmem_load_5_req = readreq i1 @_ssdm_op_ReadReq.m_axi.i128P1A, i128 %gmem_addr, i32 1" [main.cpp:54->main.cpp:138->main.cpp:272]   --->   Operation 174 'readreq' 'gmem_load_5_req' <Predicate = true> <Delay = 7.30> <CoreInst = "m_axi">   --->   Core 121 'm_axi' <Latency = 0> <II = 1> <Delay = 1.00> <Adapter> <Opcode : 'read' 'write' 'readreq' 'writereq' 'writeresp'>
ST_23 : Operation 175 [51/71] (7.30ns)   --->   "%gmem_load_6_req = readreq i1 @_ssdm_op_ReadReq.m_axi.i128P1A, i128 %gmem_addr_1, i32 1" [main.cpp:56->main.cpp:138->main.cpp:272]   --->   Operation 175 'readreq' 'gmem_load_6_req' <Predicate = true> <Delay = 7.30> <CoreInst = "m_axi">   --->   Core 121 'm_axi' <Latency = 0> <II = 1> <Delay = 1.00> <Adapter> <Opcode : 'read' 'write' 'readreq' 'writereq' 'writeresp'>

State 24 <SV = 23> <Delay = 7.30>
ST_24 : Operation 176 [49/71] (7.30ns)   --->   "%gmem_load_5_req = readreq i1 @_ssdm_op_ReadReq.m_axi.i128P1A, i128 %gmem_addr, i32 1" [main.cpp:54->main.cpp:138->main.cpp:272]   --->   Operation 176 'readreq' 'gmem_load_5_req' <Predicate = true> <Delay = 7.30> <CoreInst = "m_axi">   --->   Core 121 'm_axi' <Latency = 0> <II = 1> <Delay = 1.00> <Adapter> <Opcode : 'read' 'write' 'readreq' 'writereq' 'writeresp'>
ST_24 : Operation 177 [50/71] (7.30ns)   --->   "%gmem_load_6_req = readreq i1 @_ssdm_op_ReadReq.m_axi.i128P1A, i128 %gmem_addr_1, i32 1" [main.cpp:56->main.cpp:138->main.cpp:272]   --->   Operation 177 'readreq' 'gmem_load_6_req' <Predicate = true> <Delay = 7.30> <CoreInst = "m_axi">   --->   Core 121 'm_axi' <Latency = 0> <II = 1> <Delay = 1.00> <Adapter> <Opcode : 'read' 'write' 'readreq' 'writereq' 'writeresp'>

State 25 <SV = 24> <Delay = 7.30>
ST_25 : Operation 178 [48/71] (7.30ns)   --->   "%gmem_load_5_req = readreq i1 @_ssdm_op_ReadReq.m_axi.i128P1A, i128 %gmem_addr, i32 1" [main.cpp:54->main.cpp:138->main.cpp:272]   --->   Operation 178 'readreq' 'gmem_load_5_req' <Predicate = true> <Delay = 7.30> <CoreInst = "m_axi">   --->   Core 121 'm_axi' <Latency = 0> <II = 1> <Delay = 1.00> <Adapter> <Opcode : 'read' 'write' 'readreq' 'writereq' 'writeresp'>
ST_25 : Operation 179 [49/71] (7.30ns)   --->   "%gmem_load_6_req = readreq i1 @_ssdm_op_ReadReq.m_axi.i128P1A, i128 %gmem_addr_1, i32 1" [main.cpp:56->main.cpp:138->main.cpp:272]   --->   Operation 179 'readreq' 'gmem_load_6_req' <Predicate = true> <Delay = 7.30> <CoreInst = "m_axi">   --->   Core 121 'm_axi' <Latency = 0> <II = 1> <Delay = 1.00> <Adapter> <Opcode : 'read' 'write' 'readreq' 'writereq' 'writeresp'>

State 26 <SV = 25> <Delay = 7.30>
ST_26 : Operation 180 [47/71] (7.30ns)   --->   "%gmem_load_5_req = readreq i1 @_ssdm_op_ReadReq.m_axi.i128P1A, i128 %gmem_addr, i32 1" [main.cpp:54->main.cpp:138->main.cpp:272]   --->   Operation 180 'readreq' 'gmem_load_5_req' <Predicate = true> <Delay = 7.30> <CoreInst = "m_axi">   --->   Core 121 'm_axi' <Latency = 0> <II = 1> <Delay = 1.00> <Adapter> <Opcode : 'read' 'write' 'readreq' 'writereq' 'writeresp'>
ST_26 : Operation 181 [48/71] (7.30ns)   --->   "%gmem_load_6_req = readreq i1 @_ssdm_op_ReadReq.m_axi.i128P1A, i128 %gmem_addr_1, i32 1" [main.cpp:56->main.cpp:138->main.cpp:272]   --->   Operation 181 'readreq' 'gmem_load_6_req' <Predicate = true> <Delay = 7.30> <CoreInst = "m_axi">   --->   Core 121 'm_axi' <Latency = 0> <II = 1> <Delay = 1.00> <Adapter> <Opcode : 'read' 'write' 'readreq' 'writereq' 'writeresp'>

State 27 <SV = 26> <Delay = 7.30>
ST_27 : Operation 182 [46/71] (7.30ns)   --->   "%gmem_load_5_req = readreq i1 @_ssdm_op_ReadReq.m_axi.i128P1A, i128 %gmem_addr, i32 1" [main.cpp:54->main.cpp:138->main.cpp:272]   --->   Operation 182 'readreq' 'gmem_load_5_req' <Predicate = true> <Delay = 7.30> <CoreInst = "m_axi">   --->   Core 121 'm_axi' <Latency = 0> <II = 1> <Delay = 1.00> <Adapter> <Opcode : 'read' 'write' 'readreq' 'writereq' 'writeresp'>
ST_27 : Operation 183 [47/71] (7.30ns)   --->   "%gmem_load_6_req = readreq i1 @_ssdm_op_ReadReq.m_axi.i128P1A, i128 %gmem_addr_1, i32 1" [main.cpp:56->main.cpp:138->main.cpp:272]   --->   Operation 183 'readreq' 'gmem_load_6_req' <Predicate = true> <Delay = 7.30> <CoreInst = "m_axi">   --->   Core 121 'm_axi' <Latency = 0> <II = 1> <Delay = 1.00> <Adapter> <Opcode : 'read' 'write' 'readreq' 'writereq' 'writeresp'>

State 28 <SV = 27> <Delay = 7.30>
ST_28 : Operation 184 [45/71] (7.30ns)   --->   "%gmem_load_5_req = readreq i1 @_ssdm_op_ReadReq.m_axi.i128P1A, i128 %gmem_addr, i32 1" [main.cpp:54->main.cpp:138->main.cpp:272]   --->   Operation 184 'readreq' 'gmem_load_5_req' <Predicate = true> <Delay = 7.30> <CoreInst = "m_axi">   --->   Core 121 'm_axi' <Latency = 0> <II = 1> <Delay = 1.00> <Adapter> <Opcode : 'read' 'write' 'readreq' 'writereq' 'writeresp'>
ST_28 : Operation 185 [46/71] (7.30ns)   --->   "%gmem_load_6_req = readreq i1 @_ssdm_op_ReadReq.m_axi.i128P1A, i128 %gmem_addr_1, i32 1" [main.cpp:56->main.cpp:138->main.cpp:272]   --->   Operation 185 'readreq' 'gmem_load_6_req' <Predicate = true> <Delay = 7.30> <CoreInst = "m_axi">   --->   Core 121 'm_axi' <Latency = 0> <II = 1> <Delay = 1.00> <Adapter> <Opcode : 'read' 'write' 'readreq' 'writereq' 'writeresp'>

State 29 <SV = 28> <Delay = 7.30>
ST_29 : Operation 186 [44/71] (7.30ns)   --->   "%gmem_load_5_req = readreq i1 @_ssdm_op_ReadReq.m_axi.i128P1A, i128 %gmem_addr, i32 1" [main.cpp:54->main.cpp:138->main.cpp:272]   --->   Operation 186 'readreq' 'gmem_load_5_req' <Predicate = true> <Delay = 7.30> <CoreInst = "m_axi">   --->   Core 121 'm_axi' <Latency = 0> <II = 1> <Delay = 1.00> <Adapter> <Opcode : 'read' 'write' 'readreq' 'writereq' 'writeresp'>
ST_29 : Operation 187 [45/71] (7.30ns)   --->   "%gmem_load_6_req = readreq i1 @_ssdm_op_ReadReq.m_axi.i128P1A, i128 %gmem_addr_1, i32 1" [main.cpp:56->main.cpp:138->main.cpp:272]   --->   Operation 187 'readreq' 'gmem_load_6_req' <Predicate = true> <Delay = 7.30> <CoreInst = "m_axi">   --->   Core 121 'm_axi' <Latency = 0> <II = 1> <Delay = 1.00> <Adapter> <Opcode : 'read' 'write' 'readreq' 'writereq' 'writeresp'>

State 30 <SV = 29> <Delay = 7.30>
ST_30 : Operation 188 [43/71] (7.30ns)   --->   "%gmem_load_5_req = readreq i1 @_ssdm_op_ReadReq.m_axi.i128P1A, i128 %gmem_addr, i32 1" [main.cpp:54->main.cpp:138->main.cpp:272]   --->   Operation 188 'readreq' 'gmem_load_5_req' <Predicate = true> <Delay = 7.30> <CoreInst = "m_axi">   --->   Core 121 'm_axi' <Latency = 0> <II = 1> <Delay = 1.00> <Adapter> <Opcode : 'read' 'write' 'readreq' 'writereq' 'writeresp'>
ST_30 : Operation 189 [44/71] (7.30ns)   --->   "%gmem_load_6_req = readreq i1 @_ssdm_op_ReadReq.m_axi.i128P1A, i128 %gmem_addr_1, i32 1" [main.cpp:56->main.cpp:138->main.cpp:272]   --->   Operation 189 'readreq' 'gmem_load_6_req' <Predicate = true> <Delay = 7.30> <CoreInst = "m_axi">   --->   Core 121 'm_axi' <Latency = 0> <II = 1> <Delay = 1.00> <Adapter> <Opcode : 'read' 'write' 'readreq' 'writereq' 'writeresp'>

State 31 <SV = 30> <Delay = 7.30>
ST_31 : Operation 190 [42/71] (7.30ns)   --->   "%gmem_load_5_req = readreq i1 @_ssdm_op_ReadReq.m_axi.i128P1A, i128 %gmem_addr, i32 1" [main.cpp:54->main.cpp:138->main.cpp:272]   --->   Operation 190 'readreq' 'gmem_load_5_req' <Predicate = true> <Delay = 7.30> <CoreInst = "m_axi">   --->   Core 121 'm_axi' <Latency = 0> <II = 1> <Delay = 1.00> <Adapter> <Opcode : 'read' 'write' 'readreq' 'writereq' 'writeresp'>
ST_31 : Operation 191 [43/71] (7.30ns)   --->   "%gmem_load_6_req = readreq i1 @_ssdm_op_ReadReq.m_axi.i128P1A, i128 %gmem_addr_1, i32 1" [main.cpp:56->main.cpp:138->main.cpp:272]   --->   Operation 191 'readreq' 'gmem_load_6_req' <Predicate = true> <Delay = 7.30> <CoreInst = "m_axi">   --->   Core 121 'm_axi' <Latency = 0> <II = 1> <Delay = 1.00> <Adapter> <Opcode : 'read' 'write' 'readreq' 'writereq' 'writeresp'>

State 32 <SV = 31> <Delay = 7.30>
ST_32 : Operation 192 [41/71] (7.30ns)   --->   "%gmem_load_5_req = readreq i1 @_ssdm_op_ReadReq.m_axi.i128P1A, i128 %gmem_addr, i32 1" [main.cpp:54->main.cpp:138->main.cpp:272]   --->   Operation 192 'readreq' 'gmem_load_5_req' <Predicate = true> <Delay = 7.30> <CoreInst = "m_axi">   --->   Core 121 'm_axi' <Latency = 0> <II = 1> <Delay = 1.00> <Adapter> <Opcode : 'read' 'write' 'readreq' 'writereq' 'writeresp'>
ST_32 : Operation 193 [42/71] (7.30ns)   --->   "%gmem_load_6_req = readreq i1 @_ssdm_op_ReadReq.m_axi.i128P1A, i128 %gmem_addr_1, i32 1" [main.cpp:56->main.cpp:138->main.cpp:272]   --->   Operation 193 'readreq' 'gmem_load_6_req' <Predicate = true> <Delay = 7.30> <CoreInst = "m_axi">   --->   Core 121 'm_axi' <Latency = 0> <II = 1> <Delay = 1.00> <Adapter> <Opcode : 'read' 'write' 'readreq' 'writereq' 'writeresp'>

State 33 <SV = 32> <Delay = 7.30>
ST_33 : Operation 194 [40/71] (7.30ns)   --->   "%gmem_load_5_req = readreq i1 @_ssdm_op_ReadReq.m_axi.i128P1A, i128 %gmem_addr, i32 1" [main.cpp:54->main.cpp:138->main.cpp:272]   --->   Operation 194 'readreq' 'gmem_load_5_req' <Predicate = true> <Delay = 7.30> <CoreInst = "m_axi">   --->   Core 121 'm_axi' <Latency = 0> <II = 1> <Delay = 1.00> <Adapter> <Opcode : 'read' 'write' 'readreq' 'writereq' 'writeresp'>
ST_33 : Operation 195 [41/71] (7.30ns)   --->   "%gmem_load_6_req = readreq i1 @_ssdm_op_ReadReq.m_axi.i128P1A, i128 %gmem_addr_1, i32 1" [main.cpp:56->main.cpp:138->main.cpp:272]   --->   Operation 195 'readreq' 'gmem_load_6_req' <Predicate = true> <Delay = 7.30> <CoreInst = "m_axi">   --->   Core 121 'm_axi' <Latency = 0> <II = 1> <Delay = 1.00> <Adapter> <Opcode : 'read' 'write' 'readreq' 'writereq' 'writeresp'>

State 34 <SV = 33> <Delay = 7.30>
ST_34 : Operation 196 [39/71] (7.30ns)   --->   "%gmem_load_5_req = readreq i1 @_ssdm_op_ReadReq.m_axi.i128P1A, i128 %gmem_addr, i32 1" [main.cpp:54->main.cpp:138->main.cpp:272]   --->   Operation 196 'readreq' 'gmem_load_5_req' <Predicate = true> <Delay = 7.30> <CoreInst = "m_axi">   --->   Core 121 'm_axi' <Latency = 0> <II = 1> <Delay = 1.00> <Adapter> <Opcode : 'read' 'write' 'readreq' 'writereq' 'writeresp'>
ST_34 : Operation 197 [40/71] (7.30ns)   --->   "%gmem_load_6_req = readreq i1 @_ssdm_op_ReadReq.m_axi.i128P1A, i128 %gmem_addr_1, i32 1" [main.cpp:56->main.cpp:138->main.cpp:272]   --->   Operation 197 'readreq' 'gmem_load_6_req' <Predicate = true> <Delay = 7.30> <CoreInst = "m_axi">   --->   Core 121 'm_axi' <Latency = 0> <II = 1> <Delay = 1.00> <Adapter> <Opcode : 'read' 'write' 'readreq' 'writereq' 'writeresp'>

State 35 <SV = 34> <Delay = 7.30>
ST_35 : Operation 198 [38/71] (7.30ns)   --->   "%gmem_load_5_req = readreq i1 @_ssdm_op_ReadReq.m_axi.i128P1A, i128 %gmem_addr, i32 1" [main.cpp:54->main.cpp:138->main.cpp:272]   --->   Operation 198 'readreq' 'gmem_load_5_req' <Predicate = true> <Delay = 7.30> <CoreInst = "m_axi">   --->   Core 121 'm_axi' <Latency = 0> <II = 1> <Delay = 1.00> <Adapter> <Opcode : 'read' 'write' 'readreq' 'writereq' 'writeresp'>
ST_35 : Operation 199 [39/71] (7.30ns)   --->   "%gmem_load_6_req = readreq i1 @_ssdm_op_ReadReq.m_axi.i128P1A, i128 %gmem_addr_1, i32 1" [main.cpp:56->main.cpp:138->main.cpp:272]   --->   Operation 199 'readreq' 'gmem_load_6_req' <Predicate = true> <Delay = 7.30> <CoreInst = "m_axi">   --->   Core 121 'm_axi' <Latency = 0> <II = 1> <Delay = 1.00> <Adapter> <Opcode : 'read' 'write' 'readreq' 'writereq' 'writeresp'>

State 36 <SV = 35> <Delay = 7.30>
ST_36 : Operation 200 [37/71] (7.30ns)   --->   "%gmem_load_5_req = readreq i1 @_ssdm_op_ReadReq.m_axi.i128P1A, i128 %gmem_addr, i32 1" [main.cpp:54->main.cpp:138->main.cpp:272]   --->   Operation 200 'readreq' 'gmem_load_5_req' <Predicate = true> <Delay = 7.30> <CoreInst = "m_axi">   --->   Core 121 'm_axi' <Latency = 0> <II = 1> <Delay = 1.00> <Adapter> <Opcode : 'read' 'write' 'readreq' 'writereq' 'writeresp'>
ST_36 : Operation 201 [38/71] (7.30ns)   --->   "%gmem_load_6_req = readreq i1 @_ssdm_op_ReadReq.m_axi.i128P1A, i128 %gmem_addr_1, i32 1" [main.cpp:56->main.cpp:138->main.cpp:272]   --->   Operation 201 'readreq' 'gmem_load_6_req' <Predicate = true> <Delay = 7.30> <CoreInst = "m_axi">   --->   Core 121 'm_axi' <Latency = 0> <II = 1> <Delay = 1.00> <Adapter> <Opcode : 'read' 'write' 'readreq' 'writereq' 'writeresp'>

State 37 <SV = 36> <Delay = 7.30>
ST_37 : Operation 202 [36/71] (7.30ns)   --->   "%gmem_load_5_req = readreq i1 @_ssdm_op_ReadReq.m_axi.i128P1A, i128 %gmem_addr, i32 1" [main.cpp:54->main.cpp:138->main.cpp:272]   --->   Operation 202 'readreq' 'gmem_load_5_req' <Predicate = true> <Delay = 7.30> <CoreInst = "m_axi">   --->   Core 121 'm_axi' <Latency = 0> <II = 1> <Delay = 1.00> <Adapter> <Opcode : 'read' 'write' 'readreq' 'writereq' 'writeresp'>
ST_37 : Operation 203 [37/71] (7.30ns)   --->   "%gmem_load_6_req = readreq i1 @_ssdm_op_ReadReq.m_axi.i128P1A, i128 %gmem_addr_1, i32 1" [main.cpp:56->main.cpp:138->main.cpp:272]   --->   Operation 203 'readreq' 'gmem_load_6_req' <Predicate = true> <Delay = 7.30> <CoreInst = "m_axi">   --->   Core 121 'm_axi' <Latency = 0> <II = 1> <Delay = 1.00> <Adapter> <Opcode : 'read' 'write' 'readreq' 'writereq' 'writeresp'>

State 38 <SV = 37> <Delay = 7.30>
ST_38 : Operation 204 [35/71] (7.30ns)   --->   "%gmem_load_5_req = readreq i1 @_ssdm_op_ReadReq.m_axi.i128P1A, i128 %gmem_addr, i32 1" [main.cpp:54->main.cpp:138->main.cpp:272]   --->   Operation 204 'readreq' 'gmem_load_5_req' <Predicate = true> <Delay = 7.30> <CoreInst = "m_axi">   --->   Core 121 'm_axi' <Latency = 0> <II = 1> <Delay = 1.00> <Adapter> <Opcode : 'read' 'write' 'readreq' 'writereq' 'writeresp'>
ST_38 : Operation 205 [36/71] (7.30ns)   --->   "%gmem_load_6_req = readreq i1 @_ssdm_op_ReadReq.m_axi.i128P1A, i128 %gmem_addr_1, i32 1" [main.cpp:56->main.cpp:138->main.cpp:272]   --->   Operation 205 'readreq' 'gmem_load_6_req' <Predicate = true> <Delay = 7.30> <CoreInst = "m_axi">   --->   Core 121 'm_axi' <Latency = 0> <II = 1> <Delay = 1.00> <Adapter> <Opcode : 'read' 'write' 'readreq' 'writereq' 'writeresp'>

State 39 <SV = 38> <Delay = 7.30>
ST_39 : Operation 206 [34/71] (7.30ns)   --->   "%gmem_load_5_req = readreq i1 @_ssdm_op_ReadReq.m_axi.i128P1A, i128 %gmem_addr, i32 1" [main.cpp:54->main.cpp:138->main.cpp:272]   --->   Operation 206 'readreq' 'gmem_load_5_req' <Predicate = true> <Delay = 7.30> <CoreInst = "m_axi">   --->   Core 121 'm_axi' <Latency = 0> <II = 1> <Delay = 1.00> <Adapter> <Opcode : 'read' 'write' 'readreq' 'writereq' 'writeresp'>
ST_39 : Operation 207 [35/71] (7.30ns)   --->   "%gmem_load_6_req = readreq i1 @_ssdm_op_ReadReq.m_axi.i128P1A, i128 %gmem_addr_1, i32 1" [main.cpp:56->main.cpp:138->main.cpp:272]   --->   Operation 207 'readreq' 'gmem_load_6_req' <Predicate = true> <Delay = 7.30> <CoreInst = "m_axi">   --->   Core 121 'm_axi' <Latency = 0> <II = 1> <Delay = 1.00> <Adapter> <Opcode : 'read' 'write' 'readreq' 'writereq' 'writeresp'>

State 40 <SV = 39> <Delay = 7.30>
ST_40 : Operation 208 [33/71] (7.30ns)   --->   "%gmem_load_5_req = readreq i1 @_ssdm_op_ReadReq.m_axi.i128P1A, i128 %gmem_addr, i32 1" [main.cpp:54->main.cpp:138->main.cpp:272]   --->   Operation 208 'readreq' 'gmem_load_5_req' <Predicate = true> <Delay = 7.30> <CoreInst = "m_axi">   --->   Core 121 'm_axi' <Latency = 0> <II = 1> <Delay = 1.00> <Adapter> <Opcode : 'read' 'write' 'readreq' 'writereq' 'writeresp'>
ST_40 : Operation 209 [34/71] (7.30ns)   --->   "%gmem_load_6_req = readreq i1 @_ssdm_op_ReadReq.m_axi.i128P1A, i128 %gmem_addr_1, i32 1" [main.cpp:56->main.cpp:138->main.cpp:272]   --->   Operation 209 'readreq' 'gmem_load_6_req' <Predicate = true> <Delay = 7.30> <CoreInst = "m_axi">   --->   Core 121 'm_axi' <Latency = 0> <II = 1> <Delay = 1.00> <Adapter> <Opcode : 'read' 'write' 'readreq' 'writereq' 'writeresp'>

State 41 <SV = 40> <Delay = 7.30>
ST_41 : Operation 210 [32/71] (7.30ns)   --->   "%gmem_load_5_req = readreq i1 @_ssdm_op_ReadReq.m_axi.i128P1A, i128 %gmem_addr, i32 1" [main.cpp:54->main.cpp:138->main.cpp:272]   --->   Operation 210 'readreq' 'gmem_load_5_req' <Predicate = true> <Delay = 7.30> <CoreInst = "m_axi">   --->   Core 121 'm_axi' <Latency = 0> <II = 1> <Delay = 1.00> <Adapter> <Opcode : 'read' 'write' 'readreq' 'writereq' 'writeresp'>
ST_41 : Operation 211 [33/71] (7.30ns)   --->   "%gmem_load_6_req = readreq i1 @_ssdm_op_ReadReq.m_axi.i128P1A, i128 %gmem_addr_1, i32 1" [main.cpp:56->main.cpp:138->main.cpp:272]   --->   Operation 211 'readreq' 'gmem_load_6_req' <Predicate = true> <Delay = 7.30> <CoreInst = "m_axi">   --->   Core 121 'm_axi' <Latency = 0> <II = 1> <Delay = 1.00> <Adapter> <Opcode : 'read' 'write' 'readreq' 'writereq' 'writeresp'>

State 42 <SV = 41> <Delay = 7.30>
ST_42 : Operation 212 [31/71] (7.30ns)   --->   "%gmem_load_5_req = readreq i1 @_ssdm_op_ReadReq.m_axi.i128P1A, i128 %gmem_addr, i32 1" [main.cpp:54->main.cpp:138->main.cpp:272]   --->   Operation 212 'readreq' 'gmem_load_5_req' <Predicate = true> <Delay = 7.30> <CoreInst = "m_axi">   --->   Core 121 'm_axi' <Latency = 0> <II = 1> <Delay = 1.00> <Adapter> <Opcode : 'read' 'write' 'readreq' 'writereq' 'writeresp'>
ST_42 : Operation 213 [32/71] (7.30ns)   --->   "%gmem_load_6_req = readreq i1 @_ssdm_op_ReadReq.m_axi.i128P1A, i128 %gmem_addr_1, i32 1" [main.cpp:56->main.cpp:138->main.cpp:272]   --->   Operation 213 'readreq' 'gmem_load_6_req' <Predicate = true> <Delay = 7.30> <CoreInst = "m_axi">   --->   Core 121 'm_axi' <Latency = 0> <II = 1> <Delay = 1.00> <Adapter> <Opcode : 'read' 'write' 'readreq' 'writereq' 'writeresp'>

State 43 <SV = 42> <Delay = 7.30>
ST_43 : Operation 214 [30/71] (7.30ns)   --->   "%gmem_load_5_req = readreq i1 @_ssdm_op_ReadReq.m_axi.i128P1A, i128 %gmem_addr, i32 1" [main.cpp:54->main.cpp:138->main.cpp:272]   --->   Operation 214 'readreq' 'gmem_load_5_req' <Predicate = true> <Delay = 7.30> <CoreInst = "m_axi">   --->   Core 121 'm_axi' <Latency = 0> <II = 1> <Delay = 1.00> <Adapter> <Opcode : 'read' 'write' 'readreq' 'writereq' 'writeresp'>
ST_43 : Operation 215 [31/71] (7.30ns)   --->   "%gmem_load_6_req = readreq i1 @_ssdm_op_ReadReq.m_axi.i128P1A, i128 %gmem_addr_1, i32 1" [main.cpp:56->main.cpp:138->main.cpp:272]   --->   Operation 215 'readreq' 'gmem_load_6_req' <Predicate = true> <Delay = 7.30> <CoreInst = "m_axi">   --->   Core 121 'm_axi' <Latency = 0> <II = 1> <Delay = 1.00> <Adapter> <Opcode : 'read' 'write' 'readreq' 'writereq' 'writeresp'>

State 44 <SV = 43> <Delay = 7.30>
ST_44 : Operation 216 [29/71] (7.30ns)   --->   "%gmem_load_5_req = readreq i1 @_ssdm_op_ReadReq.m_axi.i128P1A, i128 %gmem_addr, i32 1" [main.cpp:54->main.cpp:138->main.cpp:272]   --->   Operation 216 'readreq' 'gmem_load_5_req' <Predicate = true> <Delay = 7.30> <CoreInst = "m_axi">   --->   Core 121 'm_axi' <Latency = 0> <II = 1> <Delay = 1.00> <Adapter> <Opcode : 'read' 'write' 'readreq' 'writereq' 'writeresp'>
ST_44 : Operation 217 [30/71] (7.30ns)   --->   "%gmem_load_6_req = readreq i1 @_ssdm_op_ReadReq.m_axi.i128P1A, i128 %gmem_addr_1, i32 1" [main.cpp:56->main.cpp:138->main.cpp:272]   --->   Operation 217 'readreq' 'gmem_load_6_req' <Predicate = true> <Delay = 7.30> <CoreInst = "m_axi">   --->   Core 121 'm_axi' <Latency = 0> <II = 1> <Delay = 1.00> <Adapter> <Opcode : 'read' 'write' 'readreq' 'writereq' 'writeresp'>

State 45 <SV = 44> <Delay = 7.30>
ST_45 : Operation 218 [28/71] (7.30ns)   --->   "%gmem_load_5_req = readreq i1 @_ssdm_op_ReadReq.m_axi.i128P1A, i128 %gmem_addr, i32 1" [main.cpp:54->main.cpp:138->main.cpp:272]   --->   Operation 218 'readreq' 'gmem_load_5_req' <Predicate = true> <Delay = 7.30> <CoreInst = "m_axi">   --->   Core 121 'm_axi' <Latency = 0> <II = 1> <Delay = 1.00> <Adapter> <Opcode : 'read' 'write' 'readreq' 'writereq' 'writeresp'>
ST_45 : Operation 219 [29/71] (7.30ns)   --->   "%gmem_load_6_req = readreq i1 @_ssdm_op_ReadReq.m_axi.i128P1A, i128 %gmem_addr_1, i32 1" [main.cpp:56->main.cpp:138->main.cpp:272]   --->   Operation 219 'readreq' 'gmem_load_6_req' <Predicate = true> <Delay = 7.30> <CoreInst = "m_axi">   --->   Core 121 'm_axi' <Latency = 0> <II = 1> <Delay = 1.00> <Adapter> <Opcode : 'read' 'write' 'readreq' 'writereq' 'writeresp'>

State 46 <SV = 45> <Delay = 7.30>
ST_46 : Operation 220 [27/71] (7.30ns)   --->   "%gmem_load_5_req = readreq i1 @_ssdm_op_ReadReq.m_axi.i128P1A, i128 %gmem_addr, i32 1" [main.cpp:54->main.cpp:138->main.cpp:272]   --->   Operation 220 'readreq' 'gmem_load_5_req' <Predicate = true> <Delay = 7.30> <CoreInst = "m_axi">   --->   Core 121 'm_axi' <Latency = 0> <II = 1> <Delay = 1.00> <Adapter> <Opcode : 'read' 'write' 'readreq' 'writereq' 'writeresp'>
ST_46 : Operation 221 [28/71] (7.30ns)   --->   "%gmem_load_6_req = readreq i1 @_ssdm_op_ReadReq.m_axi.i128P1A, i128 %gmem_addr_1, i32 1" [main.cpp:56->main.cpp:138->main.cpp:272]   --->   Operation 221 'readreq' 'gmem_load_6_req' <Predicate = true> <Delay = 7.30> <CoreInst = "m_axi">   --->   Core 121 'm_axi' <Latency = 0> <II = 1> <Delay = 1.00> <Adapter> <Opcode : 'read' 'write' 'readreq' 'writereq' 'writeresp'>

State 47 <SV = 46> <Delay = 7.30>
ST_47 : Operation 222 [26/71] (7.30ns)   --->   "%gmem_load_5_req = readreq i1 @_ssdm_op_ReadReq.m_axi.i128P1A, i128 %gmem_addr, i32 1" [main.cpp:54->main.cpp:138->main.cpp:272]   --->   Operation 222 'readreq' 'gmem_load_5_req' <Predicate = true> <Delay = 7.30> <CoreInst = "m_axi">   --->   Core 121 'm_axi' <Latency = 0> <II = 1> <Delay = 1.00> <Adapter> <Opcode : 'read' 'write' 'readreq' 'writereq' 'writeresp'>
ST_47 : Operation 223 [27/71] (7.30ns)   --->   "%gmem_load_6_req = readreq i1 @_ssdm_op_ReadReq.m_axi.i128P1A, i128 %gmem_addr_1, i32 1" [main.cpp:56->main.cpp:138->main.cpp:272]   --->   Operation 223 'readreq' 'gmem_load_6_req' <Predicate = true> <Delay = 7.30> <CoreInst = "m_axi">   --->   Core 121 'm_axi' <Latency = 0> <II = 1> <Delay = 1.00> <Adapter> <Opcode : 'read' 'write' 'readreq' 'writereq' 'writeresp'>

State 48 <SV = 47> <Delay = 7.30>
ST_48 : Operation 224 [25/71] (7.30ns)   --->   "%gmem_load_5_req = readreq i1 @_ssdm_op_ReadReq.m_axi.i128P1A, i128 %gmem_addr, i32 1" [main.cpp:54->main.cpp:138->main.cpp:272]   --->   Operation 224 'readreq' 'gmem_load_5_req' <Predicate = true> <Delay = 7.30> <CoreInst = "m_axi">   --->   Core 121 'm_axi' <Latency = 0> <II = 1> <Delay = 1.00> <Adapter> <Opcode : 'read' 'write' 'readreq' 'writereq' 'writeresp'>
ST_48 : Operation 225 [26/71] (7.30ns)   --->   "%gmem_load_6_req = readreq i1 @_ssdm_op_ReadReq.m_axi.i128P1A, i128 %gmem_addr_1, i32 1" [main.cpp:56->main.cpp:138->main.cpp:272]   --->   Operation 225 'readreq' 'gmem_load_6_req' <Predicate = true> <Delay = 7.30> <CoreInst = "m_axi">   --->   Core 121 'm_axi' <Latency = 0> <II = 1> <Delay = 1.00> <Adapter> <Opcode : 'read' 'write' 'readreq' 'writereq' 'writeresp'>

State 49 <SV = 48> <Delay = 7.30>
ST_49 : Operation 226 [24/71] (7.30ns)   --->   "%gmem_load_5_req = readreq i1 @_ssdm_op_ReadReq.m_axi.i128P1A, i128 %gmem_addr, i32 1" [main.cpp:54->main.cpp:138->main.cpp:272]   --->   Operation 226 'readreq' 'gmem_load_5_req' <Predicate = true> <Delay = 7.30> <CoreInst = "m_axi">   --->   Core 121 'm_axi' <Latency = 0> <II = 1> <Delay = 1.00> <Adapter> <Opcode : 'read' 'write' 'readreq' 'writereq' 'writeresp'>
ST_49 : Operation 227 [25/71] (7.30ns)   --->   "%gmem_load_6_req = readreq i1 @_ssdm_op_ReadReq.m_axi.i128P1A, i128 %gmem_addr_1, i32 1" [main.cpp:56->main.cpp:138->main.cpp:272]   --->   Operation 227 'readreq' 'gmem_load_6_req' <Predicate = true> <Delay = 7.30> <CoreInst = "m_axi">   --->   Core 121 'm_axi' <Latency = 0> <II = 1> <Delay = 1.00> <Adapter> <Opcode : 'read' 'write' 'readreq' 'writereq' 'writeresp'>

State 50 <SV = 49> <Delay = 7.30>
ST_50 : Operation 228 [23/71] (7.30ns)   --->   "%gmem_load_5_req = readreq i1 @_ssdm_op_ReadReq.m_axi.i128P1A, i128 %gmem_addr, i32 1" [main.cpp:54->main.cpp:138->main.cpp:272]   --->   Operation 228 'readreq' 'gmem_load_5_req' <Predicate = true> <Delay = 7.30> <CoreInst = "m_axi">   --->   Core 121 'm_axi' <Latency = 0> <II = 1> <Delay = 1.00> <Adapter> <Opcode : 'read' 'write' 'readreq' 'writereq' 'writeresp'>
ST_50 : Operation 229 [24/71] (7.30ns)   --->   "%gmem_load_6_req = readreq i1 @_ssdm_op_ReadReq.m_axi.i128P1A, i128 %gmem_addr_1, i32 1" [main.cpp:56->main.cpp:138->main.cpp:272]   --->   Operation 229 'readreq' 'gmem_load_6_req' <Predicate = true> <Delay = 7.30> <CoreInst = "m_axi">   --->   Core 121 'm_axi' <Latency = 0> <II = 1> <Delay = 1.00> <Adapter> <Opcode : 'read' 'write' 'readreq' 'writereq' 'writeresp'>

State 51 <SV = 50> <Delay = 7.30>
ST_51 : Operation 230 [22/71] (7.30ns)   --->   "%gmem_load_5_req = readreq i1 @_ssdm_op_ReadReq.m_axi.i128P1A, i128 %gmem_addr, i32 1" [main.cpp:54->main.cpp:138->main.cpp:272]   --->   Operation 230 'readreq' 'gmem_load_5_req' <Predicate = true> <Delay = 7.30> <CoreInst = "m_axi">   --->   Core 121 'm_axi' <Latency = 0> <II = 1> <Delay = 1.00> <Adapter> <Opcode : 'read' 'write' 'readreq' 'writereq' 'writeresp'>
ST_51 : Operation 231 [23/71] (7.30ns)   --->   "%gmem_load_6_req = readreq i1 @_ssdm_op_ReadReq.m_axi.i128P1A, i128 %gmem_addr_1, i32 1" [main.cpp:56->main.cpp:138->main.cpp:272]   --->   Operation 231 'readreq' 'gmem_load_6_req' <Predicate = true> <Delay = 7.30> <CoreInst = "m_axi">   --->   Core 121 'm_axi' <Latency = 0> <II = 1> <Delay = 1.00> <Adapter> <Opcode : 'read' 'write' 'readreq' 'writereq' 'writeresp'>

State 52 <SV = 51> <Delay = 7.30>
ST_52 : Operation 232 [21/71] (7.30ns)   --->   "%gmem_load_5_req = readreq i1 @_ssdm_op_ReadReq.m_axi.i128P1A, i128 %gmem_addr, i32 1" [main.cpp:54->main.cpp:138->main.cpp:272]   --->   Operation 232 'readreq' 'gmem_load_5_req' <Predicate = true> <Delay = 7.30> <CoreInst = "m_axi">   --->   Core 121 'm_axi' <Latency = 0> <II = 1> <Delay = 1.00> <Adapter> <Opcode : 'read' 'write' 'readreq' 'writereq' 'writeresp'>
ST_52 : Operation 233 [22/71] (7.30ns)   --->   "%gmem_load_6_req = readreq i1 @_ssdm_op_ReadReq.m_axi.i128P1A, i128 %gmem_addr_1, i32 1" [main.cpp:56->main.cpp:138->main.cpp:272]   --->   Operation 233 'readreq' 'gmem_load_6_req' <Predicate = true> <Delay = 7.30> <CoreInst = "m_axi">   --->   Core 121 'm_axi' <Latency = 0> <II = 1> <Delay = 1.00> <Adapter> <Opcode : 'read' 'write' 'readreq' 'writereq' 'writeresp'>

State 53 <SV = 52> <Delay = 7.30>
ST_53 : Operation 234 [20/71] (7.30ns)   --->   "%gmem_load_5_req = readreq i1 @_ssdm_op_ReadReq.m_axi.i128P1A, i128 %gmem_addr, i32 1" [main.cpp:54->main.cpp:138->main.cpp:272]   --->   Operation 234 'readreq' 'gmem_load_5_req' <Predicate = true> <Delay = 7.30> <CoreInst = "m_axi">   --->   Core 121 'm_axi' <Latency = 0> <II = 1> <Delay = 1.00> <Adapter> <Opcode : 'read' 'write' 'readreq' 'writereq' 'writeresp'>
ST_53 : Operation 235 [21/71] (7.30ns)   --->   "%gmem_load_6_req = readreq i1 @_ssdm_op_ReadReq.m_axi.i128P1A, i128 %gmem_addr_1, i32 1" [main.cpp:56->main.cpp:138->main.cpp:272]   --->   Operation 235 'readreq' 'gmem_load_6_req' <Predicate = true> <Delay = 7.30> <CoreInst = "m_axi">   --->   Core 121 'm_axi' <Latency = 0> <II = 1> <Delay = 1.00> <Adapter> <Opcode : 'read' 'write' 'readreq' 'writereq' 'writeresp'>

State 54 <SV = 53> <Delay = 7.30>
ST_54 : Operation 236 [19/71] (7.30ns)   --->   "%gmem_load_5_req = readreq i1 @_ssdm_op_ReadReq.m_axi.i128P1A, i128 %gmem_addr, i32 1" [main.cpp:54->main.cpp:138->main.cpp:272]   --->   Operation 236 'readreq' 'gmem_load_5_req' <Predicate = true> <Delay = 7.30> <CoreInst = "m_axi">   --->   Core 121 'm_axi' <Latency = 0> <II = 1> <Delay = 1.00> <Adapter> <Opcode : 'read' 'write' 'readreq' 'writereq' 'writeresp'>
ST_54 : Operation 237 [20/71] (7.30ns)   --->   "%gmem_load_6_req = readreq i1 @_ssdm_op_ReadReq.m_axi.i128P1A, i128 %gmem_addr_1, i32 1" [main.cpp:56->main.cpp:138->main.cpp:272]   --->   Operation 237 'readreq' 'gmem_load_6_req' <Predicate = true> <Delay = 7.30> <CoreInst = "m_axi">   --->   Core 121 'm_axi' <Latency = 0> <II = 1> <Delay = 1.00> <Adapter> <Opcode : 'read' 'write' 'readreq' 'writereq' 'writeresp'>

State 55 <SV = 54> <Delay = 7.30>
ST_55 : Operation 238 [18/71] (7.30ns)   --->   "%gmem_load_5_req = readreq i1 @_ssdm_op_ReadReq.m_axi.i128P1A, i128 %gmem_addr, i32 1" [main.cpp:54->main.cpp:138->main.cpp:272]   --->   Operation 238 'readreq' 'gmem_load_5_req' <Predicate = true> <Delay = 7.30> <CoreInst = "m_axi">   --->   Core 121 'm_axi' <Latency = 0> <II = 1> <Delay = 1.00> <Adapter> <Opcode : 'read' 'write' 'readreq' 'writereq' 'writeresp'>
ST_55 : Operation 239 [19/71] (7.30ns)   --->   "%gmem_load_6_req = readreq i1 @_ssdm_op_ReadReq.m_axi.i128P1A, i128 %gmem_addr_1, i32 1" [main.cpp:56->main.cpp:138->main.cpp:272]   --->   Operation 239 'readreq' 'gmem_load_6_req' <Predicate = true> <Delay = 7.30> <CoreInst = "m_axi">   --->   Core 121 'm_axi' <Latency = 0> <II = 1> <Delay = 1.00> <Adapter> <Opcode : 'read' 'write' 'readreq' 'writereq' 'writeresp'>

State 56 <SV = 55> <Delay = 7.30>
ST_56 : Operation 240 [17/71] (7.30ns)   --->   "%gmem_load_5_req = readreq i1 @_ssdm_op_ReadReq.m_axi.i128P1A, i128 %gmem_addr, i32 1" [main.cpp:54->main.cpp:138->main.cpp:272]   --->   Operation 240 'readreq' 'gmem_load_5_req' <Predicate = true> <Delay = 7.30> <CoreInst = "m_axi">   --->   Core 121 'm_axi' <Latency = 0> <II = 1> <Delay = 1.00> <Adapter> <Opcode : 'read' 'write' 'readreq' 'writereq' 'writeresp'>
ST_56 : Operation 241 [18/71] (7.30ns)   --->   "%gmem_load_6_req = readreq i1 @_ssdm_op_ReadReq.m_axi.i128P1A, i128 %gmem_addr_1, i32 1" [main.cpp:56->main.cpp:138->main.cpp:272]   --->   Operation 241 'readreq' 'gmem_load_6_req' <Predicate = true> <Delay = 7.30> <CoreInst = "m_axi">   --->   Core 121 'm_axi' <Latency = 0> <II = 1> <Delay = 1.00> <Adapter> <Opcode : 'read' 'write' 'readreq' 'writereq' 'writeresp'>

State 57 <SV = 56> <Delay = 7.30>
ST_57 : Operation 242 [16/71] (7.30ns)   --->   "%gmem_load_5_req = readreq i1 @_ssdm_op_ReadReq.m_axi.i128P1A, i128 %gmem_addr, i32 1" [main.cpp:54->main.cpp:138->main.cpp:272]   --->   Operation 242 'readreq' 'gmem_load_5_req' <Predicate = true> <Delay = 7.30> <CoreInst = "m_axi">   --->   Core 121 'm_axi' <Latency = 0> <II = 1> <Delay = 1.00> <Adapter> <Opcode : 'read' 'write' 'readreq' 'writereq' 'writeresp'>
ST_57 : Operation 243 [17/71] (7.30ns)   --->   "%gmem_load_6_req = readreq i1 @_ssdm_op_ReadReq.m_axi.i128P1A, i128 %gmem_addr_1, i32 1" [main.cpp:56->main.cpp:138->main.cpp:272]   --->   Operation 243 'readreq' 'gmem_load_6_req' <Predicate = true> <Delay = 7.30> <CoreInst = "m_axi">   --->   Core 121 'm_axi' <Latency = 0> <II = 1> <Delay = 1.00> <Adapter> <Opcode : 'read' 'write' 'readreq' 'writereq' 'writeresp'>

State 58 <SV = 57> <Delay = 7.30>
ST_58 : Operation 244 [15/71] (7.30ns)   --->   "%gmem_load_5_req = readreq i1 @_ssdm_op_ReadReq.m_axi.i128P1A, i128 %gmem_addr, i32 1" [main.cpp:54->main.cpp:138->main.cpp:272]   --->   Operation 244 'readreq' 'gmem_load_5_req' <Predicate = true> <Delay = 7.30> <CoreInst = "m_axi">   --->   Core 121 'm_axi' <Latency = 0> <II = 1> <Delay = 1.00> <Adapter> <Opcode : 'read' 'write' 'readreq' 'writereq' 'writeresp'>
ST_58 : Operation 245 [16/71] (7.30ns)   --->   "%gmem_load_6_req = readreq i1 @_ssdm_op_ReadReq.m_axi.i128P1A, i128 %gmem_addr_1, i32 1" [main.cpp:56->main.cpp:138->main.cpp:272]   --->   Operation 245 'readreq' 'gmem_load_6_req' <Predicate = true> <Delay = 7.30> <CoreInst = "m_axi">   --->   Core 121 'm_axi' <Latency = 0> <II = 1> <Delay = 1.00> <Adapter> <Opcode : 'read' 'write' 'readreq' 'writereq' 'writeresp'>

State 59 <SV = 58> <Delay = 7.30>
ST_59 : Operation 246 [14/71] (7.30ns)   --->   "%gmem_load_5_req = readreq i1 @_ssdm_op_ReadReq.m_axi.i128P1A, i128 %gmem_addr, i32 1" [main.cpp:54->main.cpp:138->main.cpp:272]   --->   Operation 246 'readreq' 'gmem_load_5_req' <Predicate = true> <Delay = 7.30> <CoreInst = "m_axi">   --->   Core 121 'm_axi' <Latency = 0> <II = 1> <Delay = 1.00> <Adapter> <Opcode : 'read' 'write' 'readreq' 'writereq' 'writeresp'>
ST_59 : Operation 247 [15/71] (7.30ns)   --->   "%gmem_load_6_req = readreq i1 @_ssdm_op_ReadReq.m_axi.i128P1A, i128 %gmem_addr_1, i32 1" [main.cpp:56->main.cpp:138->main.cpp:272]   --->   Operation 247 'readreq' 'gmem_load_6_req' <Predicate = true> <Delay = 7.30> <CoreInst = "m_axi">   --->   Core 121 'm_axi' <Latency = 0> <II = 1> <Delay = 1.00> <Adapter> <Opcode : 'read' 'write' 'readreq' 'writereq' 'writeresp'>

State 60 <SV = 59> <Delay = 7.30>
ST_60 : Operation 248 [13/71] (7.30ns)   --->   "%gmem_load_5_req = readreq i1 @_ssdm_op_ReadReq.m_axi.i128P1A, i128 %gmem_addr, i32 1" [main.cpp:54->main.cpp:138->main.cpp:272]   --->   Operation 248 'readreq' 'gmem_load_5_req' <Predicate = true> <Delay = 7.30> <CoreInst = "m_axi">   --->   Core 121 'm_axi' <Latency = 0> <II = 1> <Delay = 1.00> <Adapter> <Opcode : 'read' 'write' 'readreq' 'writereq' 'writeresp'>
ST_60 : Operation 249 [14/71] (7.30ns)   --->   "%gmem_load_6_req = readreq i1 @_ssdm_op_ReadReq.m_axi.i128P1A, i128 %gmem_addr_1, i32 1" [main.cpp:56->main.cpp:138->main.cpp:272]   --->   Operation 249 'readreq' 'gmem_load_6_req' <Predicate = true> <Delay = 7.30> <CoreInst = "m_axi">   --->   Core 121 'm_axi' <Latency = 0> <II = 1> <Delay = 1.00> <Adapter> <Opcode : 'read' 'write' 'readreq' 'writereq' 'writeresp'>

State 61 <SV = 60> <Delay = 7.30>
ST_61 : Operation 250 [12/71] (7.30ns)   --->   "%gmem_load_5_req = readreq i1 @_ssdm_op_ReadReq.m_axi.i128P1A, i128 %gmem_addr, i32 1" [main.cpp:54->main.cpp:138->main.cpp:272]   --->   Operation 250 'readreq' 'gmem_load_5_req' <Predicate = true> <Delay = 7.30> <CoreInst = "m_axi">   --->   Core 121 'm_axi' <Latency = 0> <II = 1> <Delay = 1.00> <Adapter> <Opcode : 'read' 'write' 'readreq' 'writereq' 'writeresp'>
ST_61 : Operation 251 [13/71] (7.30ns)   --->   "%gmem_load_6_req = readreq i1 @_ssdm_op_ReadReq.m_axi.i128P1A, i128 %gmem_addr_1, i32 1" [main.cpp:56->main.cpp:138->main.cpp:272]   --->   Operation 251 'readreq' 'gmem_load_6_req' <Predicate = true> <Delay = 7.30> <CoreInst = "m_axi">   --->   Core 121 'm_axi' <Latency = 0> <II = 1> <Delay = 1.00> <Adapter> <Opcode : 'read' 'write' 'readreq' 'writereq' 'writeresp'>

State 62 <SV = 61> <Delay = 7.30>
ST_62 : Operation 252 [11/71] (7.30ns)   --->   "%gmem_load_5_req = readreq i1 @_ssdm_op_ReadReq.m_axi.i128P1A, i128 %gmem_addr, i32 1" [main.cpp:54->main.cpp:138->main.cpp:272]   --->   Operation 252 'readreq' 'gmem_load_5_req' <Predicate = true> <Delay = 7.30> <CoreInst = "m_axi">   --->   Core 121 'm_axi' <Latency = 0> <II = 1> <Delay = 1.00> <Adapter> <Opcode : 'read' 'write' 'readreq' 'writereq' 'writeresp'>
ST_62 : Operation 253 [12/71] (7.30ns)   --->   "%gmem_load_6_req = readreq i1 @_ssdm_op_ReadReq.m_axi.i128P1A, i128 %gmem_addr_1, i32 1" [main.cpp:56->main.cpp:138->main.cpp:272]   --->   Operation 253 'readreq' 'gmem_load_6_req' <Predicate = true> <Delay = 7.30> <CoreInst = "m_axi">   --->   Core 121 'm_axi' <Latency = 0> <II = 1> <Delay = 1.00> <Adapter> <Opcode : 'read' 'write' 'readreq' 'writereq' 'writeresp'>

State 63 <SV = 62> <Delay = 7.30>
ST_63 : Operation 254 [10/71] (7.30ns)   --->   "%gmem_load_5_req = readreq i1 @_ssdm_op_ReadReq.m_axi.i128P1A, i128 %gmem_addr, i32 1" [main.cpp:54->main.cpp:138->main.cpp:272]   --->   Operation 254 'readreq' 'gmem_load_5_req' <Predicate = true> <Delay = 7.30> <CoreInst = "m_axi">   --->   Core 121 'm_axi' <Latency = 0> <II = 1> <Delay = 1.00> <Adapter> <Opcode : 'read' 'write' 'readreq' 'writereq' 'writeresp'>
ST_63 : Operation 255 [11/71] (7.30ns)   --->   "%gmem_load_6_req = readreq i1 @_ssdm_op_ReadReq.m_axi.i128P1A, i128 %gmem_addr_1, i32 1" [main.cpp:56->main.cpp:138->main.cpp:272]   --->   Operation 255 'readreq' 'gmem_load_6_req' <Predicate = true> <Delay = 7.30> <CoreInst = "m_axi">   --->   Core 121 'm_axi' <Latency = 0> <II = 1> <Delay = 1.00> <Adapter> <Opcode : 'read' 'write' 'readreq' 'writereq' 'writeresp'>

State 64 <SV = 63> <Delay = 7.30>
ST_64 : Operation 256 [9/71] (7.30ns)   --->   "%gmem_load_5_req = readreq i1 @_ssdm_op_ReadReq.m_axi.i128P1A, i128 %gmem_addr, i32 1" [main.cpp:54->main.cpp:138->main.cpp:272]   --->   Operation 256 'readreq' 'gmem_load_5_req' <Predicate = true> <Delay = 7.30> <CoreInst = "m_axi">   --->   Core 121 'm_axi' <Latency = 0> <II = 1> <Delay = 1.00> <Adapter> <Opcode : 'read' 'write' 'readreq' 'writereq' 'writeresp'>
ST_64 : Operation 257 [10/71] (7.30ns)   --->   "%gmem_load_6_req = readreq i1 @_ssdm_op_ReadReq.m_axi.i128P1A, i128 %gmem_addr_1, i32 1" [main.cpp:56->main.cpp:138->main.cpp:272]   --->   Operation 257 'readreq' 'gmem_load_6_req' <Predicate = true> <Delay = 7.30> <CoreInst = "m_axi">   --->   Core 121 'm_axi' <Latency = 0> <II = 1> <Delay = 1.00> <Adapter> <Opcode : 'read' 'write' 'readreq' 'writereq' 'writeresp'>

State 65 <SV = 64> <Delay = 7.30>
ST_65 : Operation 258 [8/71] (7.30ns)   --->   "%gmem_load_5_req = readreq i1 @_ssdm_op_ReadReq.m_axi.i128P1A, i128 %gmem_addr, i32 1" [main.cpp:54->main.cpp:138->main.cpp:272]   --->   Operation 258 'readreq' 'gmem_load_5_req' <Predicate = true> <Delay = 7.30> <CoreInst = "m_axi">   --->   Core 121 'm_axi' <Latency = 0> <II = 1> <Delay = 1.00> <Adapter> <Opcode : 'read' 'write' 'readreq' 'writereq' 'writeresp'>
ST_65 : Operation 259 [9/71] (7.30ns)   --->   "%gmem_load_6_req = readreq i1 @_ssdm_op_ReadReq.m_axi.i128P1A, i128 %gmem_addr_1, i32 1" [main.cpp:56->main.cpp:138->main.cpp:272]   --->   Operation 259 'readreq' 'gmem_load_6_req' <Predicate = true> <Delay = 7.30> <CoreInst = "m_axi">   --->   Core 121 'm_axi' <Latency = 0> <II = 1> <Delay = 1.00> <Adapter> <Opcode : 'read' 'write' 'readreq' 'writereq' 'writeresp'>

State 66 <SV = 65> <Delay = 7.30>
ST_66 : Operation 260 [7/71] (7.30ns)   --->   "%gmem_load_5_req = readreq i1 @_ssdm_op_ReadReq.m_axi.i128P1A, i128 %gmem_addr, i32 1" [main.cpp:54->main.cpp:138->main.cpp:272]   --->   Operation 260 'readreq' 'gmem_load_5_req' <Predicate = true> <Delay = 7.30> <CoreInst = "m_axi">   --->   Core 121 'm_axi' <Latency = 0> <II = 1> <Delay = 1.00> <Adapter> <Opcode : 'read' 'write' 'readreq' 'writereq' 'writeresp'>
ST_66 : Operation 261 [8/71] (7.30ns)   --->   "%gmem_load_6_req = readreq i1 @_ssdm_op_ReadReq.m_axi.i128P1A, i128 %gmem_addr_1, i32 1" [main.cpp:56->main.cpp:138->main.cpp:272]   --->   Operation 261 'readreq' 'gmem_load_6_req' <Predicate = true> <Delay = 7.30> <CoreInst = "m_axi">   --->   Core 121 'm_axi' <Latency = 0> <II = 1> <Delay = 1.00> <Adapter> <Opcode : 'read' 'write' 'readreq' 'writereq' 'writeresp'>

State 67 <SV = 66> <Delay = 7.30>
ST_67 : Operation 262 [6/71] (7.30ns)   --->   "%gmem_load_5_req = readreq i1 @_ssdm_op_ReadReq.m_axi.i128P1A, i128 %gmem_addr, i32 1" [main.cpp:54->main.cpp:138->main.cpp:272]   --->   Operation 262 'readreq' 'gmem_load_5_req' <Predicate = true> <Delay = 7.30> <CoreInst = "m_axi">   --->   Core 121 'm_axi' <Latency = 0> <II = 1> <Delay = 1.00> <Adapter> <Opcode : 'read' 'write' 'readreq' 'writereq' 'writeresp'>
ST_67 : Operation 263 [7/71] (7.30ns)   --->   "%gmem_load_6_req = readreq i1 @_ssdm_op_ReadReq.m_axi.i128P1A, i128 %gmem_addr_1, i32 1" [main.cpp:56->main.cpp:138->main.cpp:272]   --->   Operation 263 'readreq' 'gmem_load_6_req' <Predicate = true> <Delay = 7.30> <CoreInst = "m_axi">   --->   Core 121 'm_axi' <Latency = 0> <II = 1> <Delay = 1.00> <Adapter> <Opcode : 'read' 'write' 'readreq' 'writereq' 'writeresp'>

State 68 <SV = 67> <Delay = 7.30>
ST_68 : Operation 264 [5/71] (7.30ns)   --->   "%gmem_load_5_req = readreq i1 @_ssdm_op_ReadReq.m_axi.i128P1A, i128 %gmem_addr, i32 1" [main.cpp:54->main.cpp:138->main.cpp:272]   --->   Operation 264 'readreq' 'gmem_load_5_req' <Predicate = true> <Delay = 7.30> <CoreInst = "m_axi">   --->   Core 121 'm_axi' <Latency = 0> <II = 1> <Delay = 1.00> <Adapter> <Opcode : 'read' 'write' 'readreq' 'writereq' 'writeresp'>
ST_68 : Operation 265 [6/71] (7.30ns)   --->   "%gmem_load_6_req = readreq i1 @_ssdm_op_ReadReq.m_axi.i128P1A, i128 %gmem_addr_1, i32 1" [main.cpp:56->main.cpp:138->main.cpp:272]   --->   Operation 265 'readreq' 'gmem_load_6_req' <Predicate = true> <Delay = 7.30> <CoreInst = "m_axi">   --->   Core 121 'm_axi' <Latency = 0> <II = 1> <Delay = 1.00> <Adapter> <Opcode : 'read' 'write' 'readreq' 'writereq' 'writeresp'>

State 69 <SV = 68> <Delay = 7.30>
ST_69 : Operation 266 [4/71] (7.30ns)   --->   "%gmem_load_5_req = readreq i1 @_ssdm_op_ReadReq.m_axi.i128P1A, i128 %gmem_addr, i32 1" [main.cpp:54->main.cpp:138->main.cpp:272]   --->   Operation 266 'readreq' 'gmem_load_5_req' <Predicate = true> <Delay = 7.30> <CoreInst = "m_axi">   --->   Core 121 'm_axi' <Latency = 0> <II = 1> <Delay = 1.00> <Adapter> <Opcode : 'read' 'write' 'readreq' 'writereq' 'writeresp'>
ST_69 : Operation 267 [5/71] (7.30ns)   --->   "%gmem_load_6_req = readreq i1 @_ssdm_op_ReadReq.m_axi.i128P1A, i128 %gmem_addr_1, i32 1" [main.cpp:56->main.cpp:138->main.cpp:272]   --->   Operation 267 'readreq' 'gmem_load_6_req' <Predicate = true> <Delay = 7.30> <CoreInst = "m_axi">   --->   Core 121 'm_axi' <Latency = 0> <II = 1> <Delay = 1.00> <Adapter> <Opcode : 'read' 'write' 'readreq' 'writereq' 'writeresp'>

State 70 <SV = 69> <Delay = 7.30>
ST_70 : Operation 268 [3/71] (7.30ns)   --->   "%gmem_load_5_req = readreq i1 @_ssdm_op_ReadReq.m_axi.i128P1A, i128 %gmem_addr, i32 1" [main.cpp:54->main.cpp:138->main.cpp:272]   --->   Operation 268 'readreq' 'gmem_load_5_req' <Predicate = true> <Delay = 7.30> <CoreInst = "m_axi">   --->   Core 121 'm_axi' <Latency = 0> <II = 1> <Delay = 1.00> <Adapter> <Opcode : 'read' 'write' 'readreq' 'writereq' 'writeresp'>
ST_70 : Operation 269 [4/71] (7.30ns)   --->   "%gmem_load_6_req = readreq i1 @_ssdm_op_ReadReq.m_axi.i128P1A, i128 %gmem_addr_1, i32 1" [main.cpp:56->main.cpp:138->main.cpp:272]   --->   Operation 269 'readreq' 'gmem_load_6_req' <Predicate = true> <Delay = 7.30> <CoreInst = "m_axi">   --->   Core 121 'm_axi' <Latency = 0> <II = 1> <Delay = 1.00> <Adapter> <Opcode : 'read' 'write' 'readreq' 'writereq' 'writeresp'>

State 71 <SV = 70> <Delay = 7.30>
ST_71 : Operation 270 [2/71] (7.30ns)   --->   "%gmem_load_5_req = readreq i1 @_ssdm_op_ReadReq.m_axi.i128P1A, i128 %gmem_addr, i32 1" [main.cpp:54->main.cpp:138->main.cpp:272]   --->   Operation 270 'readreq' 'gmem_load_5_req' <Predicate = true> <Delay = 7.30> <CoreInst = "m_axi">   --->   Core 121 'm_axi' <Latency = 0> <II = 1> <Delay = 1.00> <Adapter> <Opcode : 'read' 'write' 'readreq' 'writereq' 'writeresp'>
ST_71 : Operation 271 [3/71] (7.30ns)   --->   "%gmem_load_6_req = readreq i1 @_ssdm_op_ReadReq.m_axi.i128P1A, i128 %gmem_addr_1, i32 1" [main.cpp:56->main.cpp:138->main.cpp:272]   --->   Operation 271 'readreq' 'gmem_load_6_req' <Predicate = true> <Delay = 7.30> <CoreInst = "m_axi">   --->   Core 121 'm_axi' <Latency = 0> <II = 1> <Delay = 1.00> <Adapter> <Opcode : 'read' 'write' 'readreq' 'writereq' 'writeresp'>

State 72 <SV = 71> <Delay = 7.30>
ST_72 : Operation 272 [1/71] (7.30ns)   --->   "%gmem_load_5_req = readreq i1 @_ssdm_op_ReadReq.m_axi.i128P1A, i128 %gmem_addr, i32 1" [main.cpp:54->main.cpp:138->main.cpp:272]   --->   Operation 272 'readreq' 'gmem_load_5_req' <Predicate = true> <Delay = 7.30> <CoreInst = "m_axi">   --->   Core 121 'm_axi' <Latency = 0> <II = 1> <Delay = 1.00> <Adapter> <Opcode : 'read' 'write' 'readreq' 'writereq' 'writeresp'>
ST_72 : Operation 273 [2/71] (7.30ns)   --->   "%gmem_load_6_req = readreq i1 @_ssdm_op_ReadReq.m_axi.i128P1A, i128 %gmem_addr_1, i32 1" [main.cpp:56->main.cpp:138->main.cpp:272]   --->   Operation 273 'readreq' 'gmem_load_6_req' <Predicate = true> <Delay = 7.30> <CoreInst = "m_axi">   --->   Core 121 'm_axi' <Latency = 0> <II = 1> <Delay = 1.00> <Adapter> <Opcode : 'read' 'write' 'readreq' 'writereq' 'writeresp'>

State 73 <SV = 72> <Delay = 7.30>
ST_73 : Operation 274 [1/1] (0.00ns)   --->   "%trunc_ln6 = bitconcatenate i4 @_ssdm_op_BitConcatenate.i4.i1.i3, i1 %trunc_ln54, i3 0" [main.cpp:54->main.cpp:138->main.cpp:272]   --->   Operation 274 'bitconcatenate' 'trunc_ln6' <Predicate = true> <Delay = 0.00>
ST_73 : Operation 275 [1/1] (7.30ns)   --->   "%gmem_addr_read = read i128 @_ssdm_op_Read.m_axi.i128P1A, i128 %gmem_addr" [main.cpp:54->main.cpp:138->main.cpp:272]   --->   Operation 275 'read' 'gmem_addr_read' <Predicate = true> <Delay = 7.30> <CoreInst = "m_axi">   --->   Core 121 'm_axi' <Latency = 0> <II = 1> <Delay = 1.00> <Adapter> <Opcode : 'read' 'write' 'readreq' 'writereq' 'writeresp'>
ST_73 : Operation 276 [1/1] (0.80ns)   --->   "%add_ln54_1 = add i4 %trunc_ln6, i4 %trunc_ln3_read" [main.cpp:54->main.cpp:138->main.cpp:272]   --->   Operation 276 'add' 'add_ln54_1' <Predicate = true> <Delay = 0.80> <CoreInst = "Adder">   --->   Core 1 'Adder' <Latency = 0> <II = 1> <Delay = 0.80> <FuncUnit> <Opcode : 'add' 'sub'> <InPorts = 2> <OutPorts = 1>
ST_73 : Operation 277 [1/71] (7.30ns)   --->   "%gmem_load_6_req = readreq i1 @_ssdm_op_ReadReq.m_axi.i128P1A, i128 %gmem_addr_1, i32 1" [main.cpp:56->main.cpp:138->main.cpp:272]   --->   Operation 277 'readreq' 'gmem_load_6_req' <Predicate = true> <Delay = 7.30> <CoreInst = "m_axi">   --->   Core 121 'm_axi' <Latency = 0> <II = 1> <Delay = 1.00> <Adapter> <Opcode : 'read' 'write' 'readreq' 'writereq' 'writeresp'>
ST_73 : Operation 278 [1/1] (0.80ns)   --->   "%add_ln56_1 = add i4 %trunc_ln6, i4 %trunc_ln_read" [main.cpp:56->main.cpp:138->main.cpp:272]   --->   Operation 278 'add' 'add_ln56_1' <Predicate = true> <Delay = 0.80> <CoreInst = "Adder">   --->   Core 1 'Adder' <Latency = 0> <II = 1> <Delay = 0.80> <FuncUnit> <Opcode : 'add' 'sub'> <InPorts = 2> <OutPorts = 1>

State 74 <SV = 73> <Delay = 7.30>
ST_74 : Operation 279 [1/1] (0.00ns)   --->   "%shl_ln54_1 = bitconcatenate i7 @_ssdm_op_BitConcatenate.i7.i4.i3, i4 %add_ln54_1, i3 0" [main.cpp:54->main.cpp:138->main.cpp:272]   --->   Operation 279 'bitconcatenate' 'shl_ln54_1' <Predicate = true> <Delay = 0.00>
ST_74 : Operation 280 [1/1] (0.00ns)   --->   "%zext_ln54_1 = zext i7 %shl_ln54_1" [main.cpp:54->main.cpp:138->main.cpp:272]   --->   Operation 280 'zext' 'zext_ln54_1' <Predicate = true> <Delay = 0.00>
ST_74 : Operation 281 [1/1] (1.40ns)   --->   "%lshr_ln54 = lshr i128 %gmem_addr_read, i128 %zext_ln54_1" [main.cpp:54->main.cpp:138->main.cpp:272]   --->   Operation 281 'lshr' 'lshr_ln54' <Predicate = true> <Delay = 1.40> <CoreInst = "Shifter">   --->   Core 75 'Shifter' <Latency = 0> <II = 1> <Delay = 1.40> <FuncUnit> <Opcode : 'shl' 'lshr' 'ashr'> <InPorts = 2> <OutPorts = 1>
ST_74 : Operation 282 [1/1] (0.00ns)   --->   "%trunc_ln54_1 = trunc i128 %lshr_ln54" [main.cpp:54->main.cpp:138->main.cpp:272]   --->   Operation 282 'trunc' 'trunc_ln54_1' <Predicate = true> <Delay = 0.00>
ST_74 : [1/1] (0.75ns)   --->   Input mux for Operation 283 '%sig = sitodp i64 %trunc_ln54_1'
ST_74 : Operation 283 [2/2] (4.89ns)   --->   "%sig = sitodp i64 %trunc_ln54_1" [main.cpp:54->main.cpp:138->main.cpp:272]   --->   Operation 283 'sitodp' 'sig' <Predicate = true> <Delay = 4.89> <CoreInst = "Int2Double">   --->   Core 66 'Int2Double' <Latency = 1> <II = 1> <Delay = 5.65> <FuncUnit> <Opcode : 'sitodp' 'uitodp'> <InPorts = 1> <OutPorts = 1>
ST_74 : Operation 284 [1/1] (7.30ns)   --->   "%gmem_addr_1_read = read i128 @_ssdm_op_Read.m_axi.i128P1A, i128 %gmem_addr_1" [main.cpp:56->main.cpp:138->main.cpp:272]   --->   Operation 284 'read' 'gmem_addr_1_read' <Predicate = true> <Delay = 7.30> <CoreInst = "m_axi">   --->   Core 121 'm_axi' <Latency = 0> <II = 1> <Delay = 1.00> <Adapter> <Opcode : 'read' 'write' 'readreq' 'writereq' 'writeresp'>

State 75 <SV = 74> <Delay = 7.06>
ST_75 : Operation 285 [1/2] (5.65ns)   --->   "%sig = sitodp i64 %trunc_ln54_1" [main.cpp:54->main.cpp:138->main.cpp:272]   --->   Operation 285 'sitodp' 'sig' <Predicate = true> <Delay = 5.65> <CoreInst = "Int2Double">   --->   Core 66 'Int2Double' <Latency = 1> <II = 1> <Delay = 5.65> <FuncUnit> <Opcode : 'sitodp' 'uitodp'> <InPorts = 1> <OutPorts = 1>
ST_75 : Operation 286 [1/1] (0.00ns)   --->   "%shl_ln4 = bitconcatenate i7 @_ssdm_op_BitConcatenate.i7.i4.i3, i4 %add_ln56_1, i3 0" [main.cpp:56->main.cpp:138->main.cpp:272]   --->   Operation 286 'bitconcatenate' 'shl_ln4' <Predicate = true> <Delay = 0.00>
ST_75 : Operation 287 [1/1] (0.00ns)   --->   "%zext_ln56 = zext i7 %shl_ln4" [main.cpp:56->main.cpp:138->main.cpp:272]   --->   Operation 287 'zext' 'zext_ln56' <Predicate = true> <Delay = 0.00>
ST_75 : Operation 288 [1/1] (1.40ns)   --->   "%lshr_ln56 = lshr i128 %gmem_addr_1_read, i128 %zext_ln56" [main.cpp:56->main.cpp:138->main.cpp:272]   --->   Operation 288 'lshr' 'lshr_ln56' <Predicate = true> <Delay = 1.40> <CoreInst = "Shifter">   --->   Core 75 'Shifter' <Latency = 0> <II = 1> <Delay = 1.40> <FuncUnit> <Opcode : 'shl' 'lshr' 'ashr'> <InPorts = 2> <OutPorts = 1>
ST_75 : Operation 289 [1/1] (0.00ns)   --->   "%trunc_ln56 = trunc i128 %lshr_ln56" [main.cpp:56->main.cpp:138->main.cpp:272]   --->   Operation 289 'trunc' 'trunc_ln56' <Predicate = true> <Delay = 0.00>
ST_75 : [1/1] (0.75ns)   --->   Input mux for Operation 290 '%conv3_i_i = sitodp i64 %trunc_ln56'
ST_75 : Operation 290 [2/2] (4.89ns)   --->   "%conv3_i_i = sitodp i64 %trunc_ln56" [main.cpp:56->main.cpp:138->main.cpp:272]   --->   Operation 290 'sitodp' 'conv3_i_i' <Predicate = true> <Delay = 4.89> <CoreInst = "Int2Double">   --->   Core 66 'Int2Double' <Latency = 1> <II = 1> <Delay = 5.65> <FuncUnit> <Opcode : 'sitodp' 'uitodp'> <InPorts = 1> <OutPorts = 1>

State 76 <SV = 75> <Delay = 7.15>
ST_76 : [1/1] (0.75ns)   --->   Input mux for Operation 291 '%overSig = ddiv i64 1, i64 %sig'
ST_76 : Operation 291 [13/13] (6.40ns)   --->   "%overSig = ddiv i64 1, i64 %sig" [main.cpp:55->main.cpp:138->main.cpp:272]   --->   Operation 291 'ddiv' 'overSig' <Predicate = true> <Delay = 6.40> <CoreInst = "DDiv">   --->   Core 39 'DDiv' <Latency = 12> <II = 1> <Delay = 7.15> <FuncUnit> <Opcode : 'ddiv' 'drem'> <InPorts = 2> <OutPorts = 1>
ST_76 : Operation 292 [1/2] (5.65ns)   --->   "%conv3_i_i = sitodp i64 %trunc_ln56" [main.cpp:56->main.cpp:138->main.cpp:272]   --->   Operation 292 'sitodp' 'conv3_i_i' <Predicate = true> <Delay = 5.65> <CoreInst = "Int2Double">   --->   Core 66 'Int2Double' <Latency = 1> <II = 1> <Delay = 5.65> <FuncUnit> <Opcode : 'sitodp' 'uitodp'> <InPorts = 1> <OutPorts = 1>

State 77 <SV = 76> <Delay = 7.15>
ST_77 : Operation 293 [12/13] (7.15ns)   --->   "%overSig = ddiv i64 1, i64 %sig" [main.cpp:55->main.cpp:138->main.cpp:272]   --->   Operation 293 'ddiv' 'overSig' <Predicate = true> <Delay = 7.15> <CoreInst = "DDiv">   --->   Core 39 'DDiv' <Latency = 12> <II = 1> <Delay = 7.15> <FuncUnit> <Opcode : 'ddiv' 'drem'> <InPorts = 2> <OutPorts = 1>

State 78 <SV = 77> <Delay = 7.15>
ST_78 : Operation 294 [11/13] (7.15ns)   --->   "%overSig = ddiv i64 1, i64 %sig" [main.cpp:55->main.cpp:138->main.cpp:272]   --->   Operation 294 'ddiv' 'overSig' <Predicate = true> <Delay = 7.15> <CoreInst = "DDiv">   --->   Core 39 'DDiv' <Latency = 12> <II = 1> <Delay = 7.15> <FuncUnit> <Opcode : 'ddiv' 'drem'> <InPorts = 2> <OutPorts = 1>

State 79 <SV = 78> <Delay = 7.15>
ST_79 : Operation 295 [10/13] (7.15ns)   --->   "%overSig = ddiv i64 1, i64 %sig" [main.cpp:55->main.cpp:138->main.cpp:272]   --->   Operation 295 'ddiv' 'overSig' <Predicate = true> <Delay = 7.15> <CoreInst = "DDiv">   --->   Core 39 'DDiv' <Latency = 12> <II = 1> <Delay = 7.15> <FuncUnit> <Opcode : 'ddiv' 'drem'> <InPorts = 2> <OutPorts = 1>

State 80 <SV = 79> <Delay = 7.15>
ST_80 : Operation 296 [9/13] (7.15ns)   --->   "%overSig = ddiv i64 1, i64 %sig" [main.cpp:55->main.cpp:138->main.cpp:272]   --->   Operation 296 'ddiv' 'overSig' <Predicate = true> <Delay = 7.15> <CoreInst = "DDiv">   --->   Core 39 'DDiv' <Latency = 12> <II = 1> <Delay = 7.15> <FuncUnit> <Opcode : 'ddiv' 'drem'> <InPorts = 2> <OutPorts = 1>

State 81 <SV = 80> <Delay = 7.15>
ST_81 : Operation 297 [8/13] (7.15ns)   --->   "%overSig = ddiv i64 1, i64 %sig" [main.cpp:55->main.cpp:138->main.cpp:272]   --->   Operation 297 'ddiv' 'overSig' <Predicate = true> <Delay = 7.15> <CoreInst = "DDiv">   --->   Core 39 'DDiv' <Latency = 12> <II = 1> <Delay = 7.15> <FuncUnit> <Opcode : 'ddiv' 'drem'> <InPorts = 2> <OutPorts = 1>

State 82 <SV = 81> <Delay = 7.15>
ST_82 : Operation 298 [7/13] (7.15ns)   --->   "%overSig = ddiv i64 1, i64 %sig" [main.cpp:55->main.cpp:138->main.cpp:272]   --->   Operation 298 'ddiv' 'overSig' <Predicate = true> <Delay = 7.15> <CoreInst = "DDiv">   --->   Core 39 'DDiv' <Latency = 12> <II = 1> <Delay = 7.15> <FuncUnit> <Opcode : 'ddiv' 'drem'> <InPorts = 2> <OutPorts = 1>

State 83 <SV = 82> <Delay = 7.15>
ST_83 : Operation 299 [6/13] (7.15ns)   --->   "%overSig = ddiv i64 1, i64 %sig" [main.cpp:55->main.cpp:138->main.cpp:272]   --->   Operation 299 'ddiv' 'overSig' <Predicate = true> <Delay = 7.15> <CoreInst = "DDiv">   --->   Core 39 'DDiv' <Latency = 12> <II = 1> <Delay = 7.15> <FuncUnit> <Opcode : 'ddiv' 'drem'> <InPorts = 2> <OutPorts = 1>

State 84 <SV = 83> <Delay = 7.15>
ST_84 : Operation 300 [5/13] (7.15ns)   --->   "%overSig = ddiv i64 1, i64 %sig" [main.cpp:55->main.cpp:138->main.cpp:272]   --->   Operation 300 'ddiv' 'overSig' <Predicate = true> <Delay = 7.15> <CoreInst = "DDiv">   --->   Core 39 'DDiv' <Latency = 12> <II = 1> <Delay = 7.15> <FuncUnit> <Opcode : 'ddiv' 'drem'> <InPorts = 2> <OutPorts = 1>

State 85 <SV = 84> <Delay = 7.15>
ST_85 : Operation 301 [4/13] (7.15ns)   --->   "%overSig = ddiv i64 1, i64 %sig" [main.cpp:55->main.cpp:138->main.cpp:272]   --->   Operation 301 'ddiv' 'overSig' <Predicate = true> <Delay = 7.15> <CoreInst = "DDiv">   --->   Core 39 'DDiv' <Latency = 12> <II = 1> <Delay = 7.15> <FuncUnit> <Opcode : 'ddiv' 'drem'> <InPorts = 2> <OutPorts = 1>

State 86 <SV = 85> <Delay = 7.15>
ST_86 : Operation 302 [3/13] (7.15ns)   --->   "%overSig = ddiv i64 1, i64 %sig" [main.cpp:55->main.cpp:138->main.cpp:272]   --->   Operation 302 'ddiv' 'overSig' <Predicate = true> <Delay = 7.15> <CoreInst = "DDiv">   --->   Core 39 'DDiv' <Latency = 12> <II = 1> <Delay = 7.15> <FuncUnit> <Opcode : 'ddiv' 'drem'> <InPorts = 2> <OutPorts = 1>

State 87 <SV = 86> <Delay = 7.15>
ST_87 : Operation 303 [2/13] (7.15ns)   --->   "%overSig = ddiv i64 1, i64 %sig" [main.cpp:55->main.cpp:138->main.cpp:272]   --->   Operation 303 'ddiv' 'overSig' <Predicate = true> <Delay = 7.15> <CoreInst = "DDiv">   --->   Core 39 'DDiv' <Latency = 12> <II = 1> <Delay = 7.15> <FuncUnit> <Opcode : 'ddiv' 'drem'> <InPorts = 2> <OutPorts = 1>

State 88 <SV = 87> <Delay = 7.15>
ST_88 : Operation 304 [1/13] (7.15ns)   --->   "%overSig = ddiv i64 1, i64 %sig" [main.cpp:55->main.cpp:138->main.cpp:272]   --->   Operation 304 'ddiv' 'overSig' <Predicate = true> <Delay = 7.15> <CoreInst = "DDiv">   --->   Core 39 'DDiv' <Latency = 12> <II = 1> <Delay = 7.15> <FuncUnit> <Opcode : 'ddiv' 'drem'> <InPorts = 2> <OutPorts = 1>

State 89 <SV = 88> <Delay = 5.58>
ST_89 : [1/1] (0.65ns)   --->   Input mux for Operation 305 '%mul_i13_i = dmul i64 %conv3_i_i, i64 %overSig'
ST_89 : Operation 305 [4/4] (4.92ns)   --->   "%mul_i13_i = dmul i64 %conv3_i_i, i64 %overSig" [main.cpp:56->main.cpp:138->main.cpp:272]   --->   Operation 305 'dmul' 'mul_i13_i' <Predicate = true> <Delay = 4.92> <CoreInst = "DMul_maxdsp">   --->   Core 49 'DMul_maxdsp' <Latency = 3> <II = 1> <Delay = 5.58> <FuncUnit> <Opcode : 'dmul'> <InPorts = 2> <OutPorts = 1>

State 90 <SV = 89> <Delay = 5.58>
ST_90 : Operation 306 [3/4] (5.58ns)   --->   "%mul_i13_i = dmul i64 %conv3_i_i, i64 %overSig" [main.cpp:56->main.cpp:138->main.cpp:272]   --->   Operation 306 'dmul' 'mul_i13_i' <Predicate = true> <Delay = 5.58> <CoreInst = "DMul_maxdsp">   --->   Core 49 'DMul_maxdsp' <Latency = 3> <II = 1> <Delay = 5.58> <FuncUnit> <Opcode : 'dmul'> <InPorts = 2> <OutPorts = 1>

State 91 <SV = 90> <Delay = 5.58>
ST_91 : Operation 307 [2/4] (5.58ns)   --->   "%mul_i13_i = dmul i64 %conv3_i_i, i64 %overSig" [main.cpp:56->main.cpp:138->main.cpp:272]   --->   Operation 307 'dmul' 'mul_i13_i' <Predicate = true> <Delay = 5.58> <CoreInst = "DMul_maxdsp">   --->   Core 49 'DMul_maxdsp' <Latency = 3> <II = 1> <Delay = 5.58> <FuncUnit> <Opcode : 'dmul'> <InPorts = 2> <OutPorts = 1>

State 92 <SV = 91> <Delay = 5.58>
ST_92 : Operation 308 [1/4] (5.58ns)   --->   "%mul_i13_i = dmul i64 %conv3_i_i, i64 %overSig" [main.cpp:56->main.cpp:138->main.cpp:272]   --->   Operation 308 'dmul' 'mul_i13_i' <Predicate = true> <Delay = 5.58> <CoreInst = "DMul_maxdsp">   --->   Core 49 'DMul_maxdsp' <Latency = 3> <II = 1> <Delay = 5.58> <FuncUnit> <Opcode : 'dmul'> <InPorts = 2> <OutPorts = 1>

State 93 <SV = 92> <Delay = 5.58>
ST_93 : [1/1] (0.65ns)   --->   Input mux for Operation 309 '%mul4_i_i = dmul i64 %mul_i13_i, i64 %overSig'
ST_93 : Operation 309 [4/4] (4.92ns)   --->   "%mul4_i_i = dmul i64 %mul_i13_i, i64 %overSig" [main.cpp:56->main.cpp:138->main.cpp:272]   --->   Operation 309 'dmul' 'mul4_i_i' <Predicate = true> <Delay = 4.92> <CoreInst = "DMul_maxdsp">   --->   Core 49 'DMul_maxdsp' <Latency = 3> <II = 1> <Delay = 5.58> <FuncUnit> <Opcode : 'dmul'> <InPorts = 2> <OutPorts = 1>

State 94 <SV = 93> <Delay = 5.58>
ST_94 : Operation 310 [3/4] (5.58ns)   --->   "%mul4_i_i = dmul i64 %mul_i13_i, i64 %overSig" [main.cpp:56->main.cpp:138->main.cpp:272]   --->   Operation 310 'dmul' 'mul4_i_i' <Predicate = true> <Delay = 5.58> <CoreInst = "DMul_maxdsp">   --->   Core 49 'DMul_maxdsp' <Latency = 3> <II = 1> <Delay = 5.58> <FuncUnit> <Opcode : 'dmul'> <InPorts = 2> <OutPorts = 1>

State 95 <SV = 94> <Delay = 5.58>
ST_95 : Operation 311 [2/4] (5.58ns)   --->   "%mul4_i_i = dmul i64 %mul_i13_i, i64 %overSig" [main.cpp:56->main.cpp:138->main.cpp:272]   --->   Operation 311 'dmul' 'mul4_i_i' <Predicate = true> <Delay = 5.58> <CoreInst = "DMul_maxdsp">   --->   Core 49 'DMul_maxdsp' <Latency = 3> <II = 1> <Delay = 5.58> <FuncUnit> <Opcode : 'dmul'> <InPorts = 2> <OutPorts = 1>

State 96 <SV = 95> <Delay = 5.58>
ST_96 : Operation 312 [1/4] (5.58ns)   --->   "%mul4_i_i = dmul i64 %mul_i13_i, i64 %overSig" [main.cpp:56->main.cpp:138->main.cpp:272]   --->   Operation 312 'dmul' 'mul4_i_i' <Predicate = true> <Delay = 5.58> <CoreInst = "DMul_maxdsp">   --->   Core 49 'DMul_maxdsp' <Latency = 3> <II = 1> <Delay = 5.58> <FuncUnit> <Opcode : 'dmul'> <InPorts = 2> <OutPorts = 1>

State 97 <SV = 96> <Delay = 5.15>
ST_97 : Operation 313 [1/1] (0.00ns)   --->   "%Sx_load = load i64 %Sx" [main.cpp:56->main.cpp:138->main.cpp:272]   --->   Operation 313 'load' 'Sx_load' <Predicate = true> <Delay = 0.00>
ST_97 : [1/1] (0.67ns)   --->   Input mux for Operation 314 '%Sx_1 = dadd i64 %Sx_load, i64 %mul4_i_i'
ST_97 : Operation 314 [4/4] (4.48ns)   --->   "%Sx_1 = dadd i64 %Sx_load, i64 %mul4_i_i" [main.cpp:56->main.cpp:138->main.cpp:272]   --->   Operation 314 'dadd' 'Sx_1' <Predicate = true> <Delay = 4.48> <CoreInst = "DAddSub_fulldsp">   --->   Core 37 'DAddSub_fulldsp' <Latency = 3> <II = 1> <Delay = 5.15> <FuncUnit> <Opcode : 'dadd' 'dsub'> <InPorts = 2> <OutPorts = 1>
ST_97 : Operation 321 [1/1] (0.00ns)   --->   "%Sx_load_1 = load i64 %Sx"   --->   Operation 321 'load' 'Sx_load_1' <Predicate = (!icmp_ln53)> <Delay = 0.00>
ST_97 : Operation 322 [1/1] (0.00ns)   --->   "%write_ln0 = write void @_ssdm_op_Write.ap_auto.doubleP0A, i64 %Sx_out, i64 %Sx_load_1"   --->   Operation 322 'write' 'write_ln0' <Predicate = (!icmp_ln53)> <Delay = 0.00>
ST_97 : Operation 323 [1/1] (0.00ns)   --->   "%ret_ln0 = ret"   --->   Operation 323 'ret' 'ret_ln0' <Predicate = (!icmp_ln53)> <Delay = 0.00>

State 98 <SV = 97> <Delay = 5.15>
ST_98 : Operation 315 [3/4] (5.15ns)   --->   "%Sx_1 = dadd i64 %Sx_load, i64 %mul4_i_i" [main.cpp:56->main.cpp:138->main.cpp:272]   --->   Operation 315 'dadd' 'Sx_1' <Predicate = true> <Delay = 5.15> <CoreInst = "DAddSub_fulldsp">   --->   Core 37 'DAddSub_fulldsp' <Latency = 3> <II = 1> <Delay = 5.15> <FuncUnit> <Opcode : 'dadd' 'dsub'> <InPorts = 2> <OutPorts = 1>

State 99 <SV = 98> <Delay = 5.15>
ST_99 : Operation 316 [2/4] (5.15ns)   --->   "%Sx_1 = dadd i64 %Sx_load, i64 %mul4_i_i" [main.cpp:56->main.cpp:138->main.cpp:272]   --->   Operation 316 'dadd' 'Sx_1' <Predicate = true> <Delay = 5.15> <CoreInst = "DAddSub_fulldsp">   --->   Core 37 'DAddSub_fulldsp' <Latency = 3> <II = 1> <Delay = 5.15> <FuncUnit> <Opcode : 'dadd' 'dsub'> <InPorts = 2> <OutPorts = 1>

State 100 <SV = 99> <Delay = 5.61>
ST_100 : Operation 317 [1/1] (0.00ns)   --->   "%specloopname_ln53 = specloopname void @_ssdm_op_SpecLoopName, void @empty_15" [main.cpp:53->main.cpp:138->main.cpp:272]   --->   Operation 317 'specloopname' 'specloopname_ln53' <Predicate = true> <Delay = 0.00>
ST_100 : Operation 318 [1/4] (5.15ns)   --->   "%Sx_1 = dadd i64 %Sx_load, i64 %mul4_i_i" [main.cpp:56->main.cpp:138->main.cpp:272]   --->   Operation 318 'dadd' 'Sx_1' <Predicate = true> <Delay = 5.15> <CoreInst = "DAddSub_fulldsp">   --->   Core 37 'DAddSub_fulldsp' <Latency = 3> <II = 1> <Delay = 5.15> <FuncUnit> <Opcode : 'dadd' 'dsub'> <InPorts = 2> <OutPorts = 1>
ST_100 : Operation 319 [1/1] (0.46ns)   --->   "%store_ln53 = store i64 %Sx_1, i64 %Sx" [main.cpp:53->main.cpp:138->main.cpp:272]   --->   Operation 319 'store' 'store_ln53' <Predicate = true> <Delay = 0.46>
ST_100 : Operation 320 [1/1] (0.00ns)   --->   "%br_ln53 = br void %for.inc.i17.i" [main.cpp:53->main.cpp:138->main.cpp:272]   --->   Operation 320 'br' 'br_ln53' <Predicate = true> <Delay = 0.00>


============================================================
+ Verbose Summary: Binding
============================================================
STG Binding: 
---------------- STG Properties BEGIN ----------------
- Is combinational: 0
- Is one-state seq: 0
- Is datapath-only: 0
- Is pipelined: 0
- Is top level: 0
Port [ Return ] is wired: 1; IO mode=ap_ctrl_hs:ce=0
Port [ gmem]:  wired=1; compound=1; hidden=0; nouse=0; global=0; static=0; extern=0; dir=0; type=4; pingpong=0; private_global=0; IO mode=m_axi:ce=0
Port [ size]:  wired=1; compound=0; hidden=0; nouse=0; global=0; static=0; extern=0; dir=0; type=0; pingpong=0; private_global=0; IO mode=ap_none:ce=0
Port [ arrsigs]:  wired=1; compound=0; hidden=0; nouse=0; global=0; static=0; extern=0; dir=0; type=0; pingpong=0; private_global=0; IO mode=ap_none:ce=0
Port [ trunc_ln3]:  wired=1; compound=0; hidden=0; nouse=0; global=0; static=0; extern=0; dir=0; type=0; pingpong=0; private_global=0; IO mode=ap_none:ce=0
Port [ arrx]:  wired=1; compound=0; hidden=0; nouse=0; global=0; static=0; extern=0; dir=0; type=0; pingpong=0; private_global=0; IO mode=ap_none:ce=0
Port [ trunc_ln]:  wired=1; compound=0; hidden=0; nouse=0; global=0; static=0; extern=0; dir=0; type=0; pingpong=0; private_global=0; IO mode=ap_none:ce=0
Port [ Sx_out]:  wired=1; compound=0; hidden=0; nouse=0; global=0; static=0; extern=0; dir=1; type=0; pingpong=0; private_global=0; IO mode=ap_vld:ce=0
---------------- STG Properties END ------------------

---------------- Datapath Model BEGIN ----------------

<LifeTime>
<method=bitvector/>
Sx                (alloca        ) [ 01111111111111111111111111111111111111111111111111111111111111111111111111111111111111111111111111111]
i                 (alloca        ) [ 01110000000000000000000000000000000000000000000000000000000000000000000000000000000000000000000000000]
specinterface_ln0 (specinterface ) [ 00000000000000000000000000000000000000000000000000000000000000000000000000000000000000000000000000000]
trunc_ln_read     (read          ) [ 01111111111111111111111111111111111111111111111111111111111111111111111111000000000000000000000000000]
arrx_read         (read          ) [ 00000000000000000000000000000000000000000000000000000000000000000000000000000000000000000000000000000]
trunc_ln3_read    (read          ) [ 01111111111111111111111111111111111111111111111111111111111111111111111111000000000000000000000000000]
arrsigs_read      (read          ) [ 00000000000000000000000000000000000000000000000000000000000000000000000000000000000000000000000000000]
size_read         (read          ) [ 00000000000000000000000000000000000000000000000000000000000000000000000000000000000000000000000000000]
store_ln0         (store         ) [ 00000000000000000000000000000000000000000000000000000000000000000000000000000000000000000000000000000]
store_ln0         (store         ) [ 00000000000000000000000000000000000000000000000000000000000000000000000000000000000000000000000000000]
br_ln0            (br            ) [ 00000000000000000000000000000000000000000000000000000000000000000000000000000000000000000000000000000]
i_1               (load          ) [ 00110000000000000000000000000000000000000000000000000000000000000000000000000000000000000000000000000]
i_3_cast          (zext          ) [ 00000000000000000000000000000000000000000000000000000000000000000000000000000000000000000000000000000]
icmp_ln53         (icmp          ) [ 01111111111111111111111111111111111111111111111111111111111111111111111111111111111111111111111111000]
br_ln53           (br            ) [ 00000000000000000000000000000000000000000000000000000000000000000000000000000000000000000000000000000]
shl_ln3           (bitconcatenate) [ 00000000000000000000000000000000000000000000000000000000000000000000000000000000000000000000000000000]
zext_ln54         (zext          ) [ 00000000000000000000000000000000000000000000000000000000000000000000000000000000000000000000000000000]
add_ln54          (add           ) [ 00000000000000000000000000000000000000000000000000000000000000000000000000000000000000000000000000000]
trunc_ln54_2      (partselect    ) [ 00100000000000000000000000000000000000000000000000000000000000000000000000000000000000000000000000000]
add_ln56          (add           ) [ 00000000000000000000000000000000000000000000000000000000000000000000000000000000000000000000000000000]
trunc_ln7         (partselect    ) [ 00110000000000000000000000000000000000000000000000000000000000000000000000000000000000000000000000000]
sext_ln54         (sext          ) [ 00000000000000000000000000000000000000000000000000000000000000000000000000000000000000000000000000000]
gmem_addr         (getelementptr ) [ 01111111111111111111111111111111111111111111111111111111111111111111111111000000000000000000000000000]
specbitsmap_ln0   (specbitsmap   ) [ 00000000000000000000000000000000000000000000000000000000000000000000000000000000000000000000000000000]
specpipeline_ln0  (specpipeline  ) [ 00000000000000000000000000000000000000000000000000000000000000000000000000000000000000000000000000000]
add_ln53          (add           ) [ 00000000000000000000000000000000000000000000000000000000000000000000000000000000000000000000000000000]
trunc_ln54        (trunc         ) [ 01111111111111111111111111111111111111111111111111111111111111111111111111000000000000000000000000000]
sext_ln56         (sext          ) [ 00000000000000000000000000000000000000000000000000000000000000000000000000000000000000000000000000000]
gmem_addr_1       (getelementptr ) [ 01111111111111111111111111111111111111111111111111111111111111111111111111100000000000000000000000000]
store_ln53        (store         ) [ 00000000000000000000000000000000000000000000000000000000000000000000000000000000000000000000000000000]
gmem_load_5_req   (readreq       ) [ 00000000000000000000000000000000000000000000000000000000000000000000000000000000000000000000000000000]
trunc_ln6         (bitconcatenate) [ 00000000000000000000000000000000000000000000000000000000000000000000000000000000000000000000000000000]
gmem_addr_read    (read          ) [ 00100000000000000000000000000000000000000000000000000000000000000000000000100000000000000000000000000]
add_ln54_1        (add           ) [ 00100000000000000000000000000000000000000000000000000000000000000000000000100000000000000000000000000]
gmem_load_6_req   (readreq       ) [ 00000000000000000000000000000000000000000000000000000000000000000000000000000000000000000000000000000]
add_ln56_1        (add           ) [ 00110000000000000000000000000000000000000000000000000000000000000000000000110000000000000000000000000]
shl_ln54_1        (bitconcatenate) [ 00000000000000000000000000000000000000000000000000000000000000000000000000000000000000000000000000000]
zext_ln54_1       (zext          ) [ 00000000000000000000000000000000000000000000000000000000000000000000000000000000000000000000000000000]
lshr_ln54         (lshr          ) [ 00000000000000000000000000000000000000000000000000000000000000000000000000000000000000000000000000000]
trunc_ln54_1      (trunc         ) [ 00010000000000000000000000000000000000000000000000000000000000000000000000010000000000000000000000000]
gmem_addr_1_read  (read          ) [ 00010000000000000000000000000000000000000000000000000000000000000000000000010000000000000000000000000]
sig               (sitodp        ) [ 01110000000000000000000000000000000000000000000000000000000000000000000000001111111111111000000000000]
shl_ln4           (bitconcatenate) [ 00000000000000000000000000000000000000000000000000000000000000000000000000000000000000000000000000000]
zext_ln56         (zext          ) [ 00000000000000000000000000000000000000000000000000000000000000000000000000000000000000000000000000000]
lshr_ln56         (lshr          ) [ 00000000000000000000000000000000000000000000000000000000000000000000000000000000000000000000000000000]
trunc_ln56        (trunc         ) [ 01000000000000000000000000000000000000000000000000000000000000000000000000001000000000000000000000000]
conv3_i_i         (sitodp        ) [ 01110000000000000000000000000000000000000000000000000000000000000000000000000111111111111111100000000]
overSig           (ddiv          ) [ 01110000000000000000000000000000000000000000000000000000000000000000000000000000000000000111111110000]
mul_i13_i         (dmul          ) [ 01110000000000000000000000000000000000000000000000000000000000000000000000000000000000000000011110000]
mul4_i_i          (dmul          ) [ 01110000000000000000000000000000000000000000000000000000000000000000000000000000000000000000000001111]
Sx_load           (load          ) [ 01110000000000000000000000000000000000000000000000000000000000000000000000000000000000000000000000111]
specloopname_ln53 (specloopname  ) [ 00000000000000000000000000000000000000000000000000000000000000000000000000000000000000000000000000000]
Sx_1              (dadd          ) [ 00000000000000000000000000000000000000000000000000000000000000000000000000000000000000000000000000000]
store_ln53        (store         ) [ 00000000000000000000000000000000000000000000000000000000000000000000000000000000000000000000000000000]
br_ln53           (br            ) [ 00000000000000000000000000000000000000000000000000000000000000000000000000000000000000000000000000000]
Sx_load_1         (load          ) [ 00000000000000000000000000000000000000000000000000000000000000000000000000000000000000000000000000000]
write_ln0         (write         ) [ 00000000000000000000000000000000000000000000000000000000000000000000000000000000000000000000000000000]
ret_ln0           (ret           ) [ 00000000000000000000000000000000000000000000000000000000000000000000000000000000000000000000000000000]
</LifeTime>

<model>

<comp_list>
<comp id="0" class="1000" name="gmem">
<pin_list>
<pin id="1" dir="1" index="0" bw="1" slack="0"/>
</pin_list>
<bind>
<StgValue><ssdm name="gmem"/></StgValue>
</bind>
</comp>

<comp id="2" class="1000" name="size">
<pin_list>
<pin id="3" dir="1" index="0" bw="1" slack="0"/>
</pin_list>
<bind>
<StgValue><ssdm name="size"/></StgValue>
</bind>
</comp>

<comp id="4" class="1000" name="arrsigs">
<pin_list>
<pin id="5" dir="1" index="0" bw="1" slack="0"/>
</pin_list>
<bind>
<StgValue><ssdm name="arrsigs"/></StgValue>
</bind>
</comp>

<comp id="6" class="1000" name="trunc_ln3">
<pin_list>
<pin id="7" dir="1" index="0" bw="1" slack="0"/>
</pin_list>
<bind>
<StgValue><ssdm name="trunc_ln3"/></StgValue>
</bind>
</comp>

<comp id="8" class="1000" name="arrx">
<pin_list>
<pin id="9" dir="1" index="0" bw="1" slack="0"/>
</pin_list>
<bind>
<StgValue><ssdm name="arrx"/></StgValue>
</bind>
</comp>

<comp id="10" class="1000" name="trunc_ln">
<pin_list>
<pin id="11" dir="1" index="0" bw="1" slack="0"/>
</pin_list>
<bind>
<StgValue><ssdm name="trunc_ln"/></StgValue>
</bind>
</comp>

<comp id="12" class="1000" name="Sx_out">
<pin_list>
<pin id="13" dir="1" index="0" bw="1" slack="0"/>
</pin_list>
<bind>
<StgValue><ssdm name="Sx_out"/></StgValue>
</bind>
</comp>

<comp id="14" class="1001" name="const_14">
<pin_list>
<pin id="15" dir="1" index="0" bw="1" slack="0"/>
</pin_list>
<bind>
<StgValue><ssdm name=""/></StgValue>
</bind>
</comp>

<comp id="16" class="1001" name="const_16">
<pin_list>
<pin id="17" dir="1" index="0" bw="1" slack="2147483647"/>
</pin_list>
<bind>
<StgValue><ssdm name="_ssdm_op_SpecInterface"/></StgValue>
</bind>
</comp>

<comp id="18" class="1001" name="const_18">
<pin_list>
<pin id="19" dir="1" index="0" bw="1" slack="2147483647"/>
</pin_list>
<bind>
<StgValue><ssdm name="empty_14"/></StgValue>
</bind>
</comp>

<comp id="20" class="1001" name="const_20">
<pin_list>
<pin id="21" dir="1" index="0" bw="1" slack="2147483647"/>
</pin_list>
<bind>
<StgValue><ssdm name=""/></StgValue>
</bind>
</comp>

<comp id="22" class="1001" name="const_22">
<pin_list>
<pin id="23" dir="1" index="0" bw="1" slack="2147483647"/>
</pin_list>
<bind>
<StgValue><ssdm name="empty_10"/></StgValue>
</bind>
</comp>

<comp id="24" class="1001" name="const_24">
<pin_list>
<pin id="25" dir="1" index="0" bw="1" slack="2147483647"/>
</pin_list>
<bind>
<StgValue><ssdm name=""/></StgValue>
</bind>
</comp>

<comp id="26" class="1001" name="const_26">
<pin_list>
<pin id="27" dir="1" index="0" bw="1" slack="2147483647"/>
</pin_list>
<bind>
<StgValue><ssdm name="empty"/></StgValue>
</bind>
</comp>

<comp id="28" class="1001" name="const_28">
<pin_list>
<pin id="29" dir="1" index="0" bw="1" slack="2147483647"/>
</pin_list>
<bind>
<StgValue><ssdm name="empty_1"/></StgValue>
</bind>
</comp>

<comp id="30" class="1001" name="const_30">
<pin_list>
<pin id="31" dir="1" index="0" bw="1" slack="2147483647"/>
</pin_list>
<bind>
<StgValue><ssdm name=""/></StgValue>
</bind>
</comp>

<comp id="32" class="1001" name="const_32">
<pin_list>
<pin id="33" dir="1" index="0" bw="1" slack="2147483647"/>
</pin_list>
<bind>
<StgValue><ssdm name=""/></StgValue>
</bind>
</comp>

<comp id="34" class="1001" name="const_34">
<pin_list>
<pin id="35" dir="1" index="0" bw="1" slack="0"/>
</pin_list>
<bind>
<StgValue><ssdm name="_ssdm_op_Read.ap_auto.i4"/></StgValue>
</bind>
</comp>

<comp id="36" class="1001" name="const_36">
<pin_list>
<pin id="37" dir="1" index="0" bw="1" slack="0"/>
</pin_list>
<bind>
<StgValue><ssdm name="_ssdm_op_Read.ap_auto.i64"/></StgValue>
</bind>
</comp>

<comp id="38" class="1001" name="const_38">
<pin_list>
<pin id="39" dir="1" index="0" bw="1" slack="0"/>
</pin_list>
<bind>
<StgValue><ssdm name="_ssdm_op_Read.ap_auto.i32"/></StgValue>
</bind>
</comp>

<comp id="40" class="1001" name="const_40">
<pin_list>
<pin id="41" dir="1" index="0" bw="1" slack="0"/>
</pin_list>
<bind>
<StgValue><ssdm name=""/></StgValue>
</bind>
</comp>

<comp id="42" class="1001" name="const_42">
<pin_list>
<pin id="43" dir="1" index="0" bw="1" slack="0"/>
</pin_list>
<bind>
<StgValue><ssdm name=""/></StgValue>
</bind>
</comp>

<comp id="44" class="1001" name="const_44">
<pin_list>
<pin id="45" dir="1" index="0" bw="1" slack="0"/>
</pin_list>
<bind>
<StgValue><ssdm name="_ssdm_op_BitConcatenate.i34.i31.i3"/></StgValue>
</bind>
</comp>

<comp id="46" class="1001" name="const_46">
<pin_list>
<pin id="47" dir="1" index="0" bw="1" slack="0"/>
</pin_list>
<bind>
<StgValue><ssdm name=""/></StgValue>
</bind>
</comp>

<comp id="48" class="1001" name="const_48">
<pin_list>
<pin id="49" dir="1" index="0" bw="1" slack="0"/>
</pin_list>
<bind>
<StgValue><ssdm name="_ssdm_op_PartSelect.i60.i64.i32.i32"/></StgValue>
</bind>
</comp>

<comp id="50" class="1001" name="const_50">
<pin_list>
<pin id="51" dir="1" index="0" bw="1" slack="0"/>
</pin_list>
<bind>
<StgValue><ssdm name=""/></StgValue>
</bind>
</comp>

<comp id="52" class="1001" name="const_52">
<pin_list>
<pin id="53" dir="1" index="0" bw="1" slack="0"/>
</pin_list>
<bind>
<StgValue><ssdm name=""/></StgValue>
</bind>
</comp>

<comp id="54" class="1001" name="const_54">
<pin_list>
<pin id="55" dir="1" index="0" bw="1" slack="0"/>
</pin_list>
<bind>
<StgValue><ssdm name="_ssdm_op_ReadReq.m_axi.i128P1A"/></StgValue>
</bind>
</comp>

<comp id="56" class="1001" name="const_56">
<pin_list>
<pin id="57" dir="1" index="0" bw="1" slack="2147483647"/>
</pin_list>
<bind>
<StgValue><ssdm name="_ssdm_op_SpecBitsMap"/></StgValue>
</bind>
</comp>

<comp id="58" class="1001" name="const_58">
<pin_list>
<pin id="59" dir="1" index="0" bw="1" slack="2147483647"/>
</pin_list>
<bind>
<StgValue><ssdm name="_ssdm_op_SpecPipeline"/></StgValue>
</bind>
</comp>

<comp id="60" class="1001" name="const_60">
<pin_list>
<pin id="61" dir="1" index="0" bw="1" slack="2147483647"/>
</pin_list>
<bind>
<StgValue><ssdm name="p_str4"/></StgValue>
</bind>
</comp>

<comp id="62" class="1001" name="const_62">
<pin_list>
<pin id="63" dir="1" index="0" bw="1" slack="0"/>
</pin_list>
<bind>
<StgValue><ssdm name=""/></StgValue>
</bind>
</comp>

<comp id="64" class="1001" name="const_64">
<pin_list>
<pin id="65" dir="1" index="0" bw="1" slack="0"/>
</pin_list>
<bind>
<StgValue><ssdm name="_ssdm_op_BitConcatenate.i4.i1.i3"/></StgValue>
</bind>
</comp>

<comp id="66" class="1001" name="const_66">
<pin_list>
<pin id="67" dir="1" index="0" bw="1" slack="0"/>
</pin_list>
<bind>
<StgValue><ssdm name="_ssdm_op_Read.m_axi.i128P1A"/></StgValue>
</bind>
</comp>

<comp id="68" class="1001" name="const_68">
<pin_list>
<pin id="69" dir="1" index="0" bw="1" slack="0"/>
</pin_list>
<bind>
<StgValue><ssdm name="_ssdm_op_BitConcatenate.i7.i4.i3"/></StgValue>
</bind>
</comp>

<comp id="70" class="1001" name="const_70">
<pin_list>
<pin id="71" dir="1" index="0" bw="1" slack="0"/>
</pin_list>
<bind>
<StgValue><ssdm name=""/></StgValue>
</bind>
</comp>

<comp id="72" class="1001" name="const_72">
<pin_list>
<pin id="73" dir="1" index="0" bw="1" slack="2147483647"/>
</pin_list>
<bind>
<StgValue><ssdm name="_ssdm_op_SpecLoopName"/></StgValue>
</bind>
</comp>

<comp id="74" class="1001" name="const_74">
<pin_list>
<pin id="75" dir="1" index="0" bw="1" slack="2147483647"/>
</pin_list>
<bind>
<StgValue><ssdm name="empty_15"/></StgValue>
</bind>
</comp>

<comp id="76" class="1001" name="const_76">
<pin_list>
<pin id="77" dir="1" index="0" bw="1" slack="0"/>
</pin_list>
<bind>
<StgValue><ssdm name="_ssdm_op_Write.ap_auto.doubleP0A"/></StgValue>
</bind>
</comp>

<comp id="78" class="1004" name="Sx_fu_78">
<pin_list>
<pin id="79" dir="0" index="0" bw="1" slack="0"/>
<pin id="80" dir="1" index="1" bw="64" slack="0"/>
</pin_list>
<bind>
<opcode="alloca(26) " fcode="alloca"/>
<opset="Sx/1 "/>
</bind>
</comp>

<comp id="82" class="1004" name="i_fu_82">
<pin_list>
<pin id="83" dir="0" index="0" bw="1" slack="0"/>
<pin id="84" dir="1" index="1" bw="31" slack="0"/>
</pin_list>
<bind>
<opcode="alloca(26) " fcode="alloca"/>
<opset="i/1 "/>
</bind>
</comp>

<comp id="86" class="1004" name="trunc_ln_read_read_fu_86">
<pin_list>
<pin id="87" dir="0" index="0" bw="4" slack="0"/>
<pin id="88" dir="0" index="1" bw="4" slack="0"/>
<pin id="89" dir="1" index="2" bw="4" slack="72"/>
</pin_list>
<bind>
<opcode="read(1150) " fcode="read"/>
<opset="trunc_ln_read/1 "/>
</bind>
</comp>

<comp id="92" class="1004" name="arrx_read_read_fu_92">
<pin_list>
<pin id="93" dir="0" index="0" bw="64" slack="0"/>
<pin id="94" dir="0" index="1" bw="64" slack="0"/>
<pin id="95" dir="1" index="2" bw="64" slack="0"/>
</pin_list>
<bind>
<opcode="read(1150) " fcode="read"/>
<opset="arrx_read/1 "/>
</bind>
</comp>

<comp id="98" class="1004" name="trunc_ln3_read_read_fu_98">
<pin_list>
<pin id="99" dir="0" index="0" bw="4" slack="0"/>
<pin id="100" dir="0" index="1" bw="4" slack="0"/>
<pin id="101" dir="1" index="2" bw="4" slack="72"/>
</pin_list>
<bind>
<opcode="read(1150) " fcode="read"/>
<opset="trunc_ln3_read/1 "/>
</bind>
</comp>

<comp id="104" class="1004" name="arrsigs_read_read_fu_104">
<pin_list>
<pin id="105" dir="0" index="0" bw="64" slack="0"/>
<pin id="106" dir="0" index="1" bw="64" slack="0"/>
<pin id="107" dir="1" index="2" bw="64" slack="0"/>
</pin_list>
<bind>
<opcode="read(1150) " fcode="read"/>
<opset="arrsigs_read/1 "/>
</bind>
</comp>

<comp id="110" class="1004" name="size_read_read_fu_110">
<pin_list>
<pin id="111" dir="0" index="0" bw="32" slack="0"/>
<pin id="112" dir="0" index="1" bw="32" slack="0"/>
<pin id="113" dir="1" index="2" bw="32" slack="0"/>
</pin_list>
<bind>
<opcode="read(1150) " fcode="read"/>
<opset="size_read/1 "/>
</bind>
</comp>

<comp id="116" class="1004" name="grp_readreq_fu_116">
<pin_list>
<pin id="117" dir="0" index="0" bw="1" slack="0"/>
<pin id="118" dir="0" index="1" bw="128" slack="0"/>
<pin id="119" dir="0" index="2" bw="1" slack="0"/>
<pin id="120" dir="1" index="3" bw="1" slack="2147483647"/>
</pin_list>
<bind>
<opcode="readreq(1154) " fcode="readreq"/>
<opset="gmem_load_5_req/2 "/>
</bind>
</comp>

<comp id="123" class="1004" name="grp_readreq_fu_123">
<pin_list>
<pin id="124" dir="0" index="0" bw="1" slack="0"/>
<pin id="125" dir="0" index="1" bw="128" slack="0"/>
<pin id="126" dir="0" index="2" bw="1" slack="0"/>
<pin id="127" dir="1" index="3" bw="1" slack="2147483647"/>
</pin_list>
<bind>
<opcode="readreq(1154) " fcode="readreq"/>
<opset="gmem_load_6_req/3 "/>
</bind>
</comp>

<comp id="130" class="1004" name="gmem_addr_read_read_fu_130">
<pin_list>
<pin id="131" dir="0" index="0" bw="128" slack="0"/>
<pin id="132" dir="0" index="1" bw="128" slack="71"/>
<pin id="133" dir="1" index="2" bw="128" slack="1"/>
</pin_list>
<bind>
<opcode="read(1150) " fcode="read"/>
<opset="gmem_addr_read/73 "/>
</bind>
</comp>

<comp id="135" class="1004" name="gmem_addr_1_read_read_fu_135">
<pin_list>
<pin id="136" dir="0" index="0" bw="128" slack="0"/>
<pin id="137" dir="0" index="1" bw="128" slack="71"/>
<pin id="138" dir="1" index="2" bw="128" slack="1"/>
</pin_list>
<bind>
<opcode="read(1150) " fcode="read"/>
<opset="gmem_addr_1_read/74 "/>
</bind>
</comp>

<comp id="140" class="1004" name="write_ln0_write_fu_140">
<pin_list>
<pin id="141" dir="0" index="0" bw="0" slack="0"/>
<pin id="142" dir="0" index="1" bw="64" slack="0"/>
<pin id="143" dir="0" index="2" bw="64" slack="0"/>
<pin id="144" dir="1" index="3" bw="0" slack="2147483647"/>
</pin_list>
<bind>
<opcode="write(1151) " fcode="write"/>
<opset="write_ln0/97 "/>
</bind>
</comp>

<comp id="147" class="1004" name="grp_fu_147">
<pin_list>
<pin id="148" dir="0" index="0" bw="64" slack="0"/>
<pin id="149" dir="0" index="1" bw="64" slack="1"/>
<pin id="150" dir="1" index="2" bw="64" slack="0"/>
</pin_list>
<bind>
<opcode="dadd(508) " fcode="dadd"/>
<opset="Sx_1/97 "/>
</bind>
</comp>

<comp id="151" class="1004" name="grp_fu_151">
<pin_list>
<pin id="152" dir="0" index="0" bw="64" slack="1"/>
<pin id="153" dir="0" index="1" bw="64" slack="1"/>
<pin id="154" dir="1" index="2" bw="64" slack="1"/>
</pin_list>
<bind>
<opcode="dmul(510) " fcode="dmul"/>
<opset="mul_i13_i/89 mul4_i_i/93 "/>
</bind>
</comp>

<comp id="155" class="1004" name="grp_fu_155">
<pin_list>
<pin id="156" dir="0" index="0" bw="64" slack="0"/>
<pin id="157" dir="0" index="1" bw="64" slack="1"/>
<pin id="158" dir="1" index="2" bw="64" slack="1"/>
</pin_list>
<bind>
<opcode="ddiv(511) " fcode="ddiv"/>
<opset="overSig/76 "/>
</bind>
</comp>

<comp id="160" class="1004" name="grp_fu_160">
<pin_list>
<pin id="161" dir="0" index="0" bw="64" slack="0"/>
<pin id="162" dir="1" index="1" bw="64" slack="1"/>
</pin_list>
<bind>
<opcode="sitodp(517) " fcode="sitodp"/>
<opset="sig/74 conv3_i_i/75 "/>
</bind>
</comp>

<comp id="163" class="1004" name="store_ln0_store_fu_163">
<pin_list>
<pin id="164" dir="0" index="0" bw="1" slack="0"/>
<pin id="165" dir="0" index="1" bw="31" slack="0"/>
<pin id="166" dir="1" index="2" bw="0" slack="2147483647"/>
</pin_list>
<bind>
<opcode="store(28) " fcode="store"/>
<opset="store_ln0/1 "/>
</bind>
</comp>

<comp id="168" class="1004" name="store_ln0_store_fu_168">
<pin_list>
<pin id="169" dir="0" index="0" bw="64" slack="0"/>
<pin id="170" dir="0" index="1" bw="64" slack="0"/>
<pin id="171" dir="1" index="2" bw="0" slack="2147483647"/>
</pin_list>
<bind>
<opcode="store(28) " fcode="store"/>
<opset="store_ln0/1 "/>
</bind>
</comp>

<comp id="173" class="1004" name="i_1_load_fu_173">
<pin_list>
<pin id="174" dir="0" index="0" bw="31" slack="0"/>
<pin id="175" dir="1" index="1" bw="31" slack="0"/>
</pin_list>
<bind>
<opcode="load(27) " fcode="load"/>
<opset="i_1/1 "/>
</bind>
</comp>

<comp id="176" class="1004" name="i_3_cast_fu_176">
<pin_list>
<pin id="177" dir="0" index="0" bw="31" slack="0"/>
<pin id="178" dir="1" index="1" bw="32" slack="0"/>
</pin_list>
<bind>
<opcode="zext(34) " fcode="zext"/>
<opset="i_3_cast/1 "/>
</bind>
</comp>

<comp id="180" class="1004" name="icmp_ln53_fu_180">
<pin_list>
<pin id="181" dir="0" index="0" bw="31" slack="0"/>
<pin id="182" dir="0" index="1" bw="32" slack="0"/>
<pin id="183" dir="1" index="2" bw="1" slack="1"/>
</pin_list>
<bind>
<opcode="icmp(45) " fcode="icmp"/>
<opset="icmp_ln53/1 "/>
</bind>
</comp>

<comp id="186" class="1004" name="shl_ln3_fu_186">
<pin_list>
<pin id="187" dir="0" index="0" bw="34" slack="0"/>
<pin id="188" dir="0" index="1" bw="31" slack="0"/>
<pin id="189" dir="0" index="2" bw="1" slack="0"/>
<pin id="190" dir="1" index="3" bw="34" slack="0"/>
</pin_list>
<bind>
<opcode="bitconcatenate(1004) " fcode="bitconcatenate"/>
<opset="shl_ln3/1 "/>
</bind>
</comp>

<comp id="194" class="1004" name="zext_ln54_fu_194">
<pin_list>
<pin id="195" dir="0" index="0" bw="34" slack="0"/>
<pin id="196" dir="1" index="1" bw="64" slack="0"/>
</pin_list>
<bind>
<opcode="zext(34) " fcode="zext"/>
<opset="zext_ln54/1 "/>
</bind>
</comp>

<comp id="198" class="1004" name="add_ln54_fu_198">
<pin_list>
<pin id="199" dir="0" index="0" bw="34" slack="0"/>
<pin id="200" dir="0" index="1" bw="64" slack="0"/>
<pin id="201" dir="1" index="2" bw="64" slack="0"/>
</pin_list>
<bind>
<opcode="add(8) " fcode="add"/>
<opset="add_ln54/1 "/>
</bind>
</comp>

<comp id="204" class="1004" name="trunc_ln54_2_fu_204">
<pin_list>
<pin id="205" dir="0" index="0" bw="60" slack="0"/>
<pin id="206" dir="0" index="1" bw="64" slack="0"/>
<pin id="207" dir="0" index="2" bw="4" slack="0"/>
<pin id="208" dir="0" index="3" bw="7" slack="0"/>
<pin id="209" dir="1" index="4" bw="60" slack="1"/>
</pin_list>
<bind>
<opcode="partselect(1002) " fcode="partselect"/>
<opset="trunc_ln54_2/1 "/>
</bind>
</comp>

<comp id="214" class="1004" name="add_ln56_fu_214">
<pin_list>
<pin id="215" dir="0" index="0" bw="34" slack="0"/>
<pin id="216" dir="0" index="1" bw="64" slack="0"/>
<pin id="217" dir="1" index="2" bw="64" slack="0"/>
</pin_list>
<bind>
<opcode="add(8) " fcode="add"/>
<opset="add_ln56/1 "/>
</bind>
</comp>

<comp id="220" class="1004" name="trunc_ln7_fu_220">
<pin_list>
<pin id="221" dir="0" index="0" bw="60" slack="0"/>
<pin id="222" dir="0" index="1" bw="64" slack="0"/>
<pin id="223" dir="0" index="2" bw="4" slack="0"/>
<pin id="224" dir="0" index="3" bw="7" slack="0"/>
<pin id="225" dir="1" index="4" bw="60" slack="2"/>
</pin_list>
<bind>
<opcode="partselect(1002) " fcode="partselect"/>
<opset="trunc_ln7/1 "/>
</bind>
</comp>

<comp id="230" class="1004" name="sext_ln54_fu_230">
<pin_list>
<pin id="231" dir="0" index="0" bw="60" slack="1"/>
<pin id="232" dir="1" index="1" bw="64" slack="0"/>
</pin_list>
<bind>
<opcode="sext(35) " fcode="sext"/>
<opset="sext_ln54/2 "/>
</bind>
</comp>

<comp id="233" class="1004" name="gmem_addr_fu_233">
<pin_list>
<pin id="234" dir="0" index="0" bw="128" slack="0"/>
<pin id="235" dir="0" index="1" bw="60" slack="0"/>
<pin id="236" dir="1" index="2" bw="128" slack="0"/>
</pin_list>
<bind>
<opcode="getelementptr(29) " fcode="getelementptr"/>
<opset="gmem_addr/2 "/>
</bind>
</comp>

<comp id="240" class="1004" name="add_ln53_fu_240">
<pin_list>
<pin id="241" dir="0" index="0" bw="31" slack="2"/>
<pin id="242" dir="0" index="1" bw="1" slack="0"/>
<pin id="243" dir="1" index="2" bw="31" slack="0"/>
</pin_list>
<bind>
<opcode="add(8) " fcode="add"/>
<opset="add_ln53/3 "/>
</bind>
</comp>

<comp id="245" class="1004" name="trunc_ln54_fu_245">
<pin_list>
<pin id="246" dir="0" index="0" bw="31" slack="2"/>
<pin id="247" dir="1" index="1" bw="1" slack="70"/>
</pin_list>
<bind>
<opcode="trunc(33) " fcode="trunc"/>
<opset="trunc_ln54/3 "/>
</bind>
</comp>

<comp id="248" class="1004" name="sext_ln56_fu_248">
<pin_list>
<pin id="249" dir="0" index="0" bw="60" slack="2"/>
<pin id="250" dir="1" index="1" bw="64" slack="0"/>
</pin_list>
<bind>
<opcode="sext(35) " fcode="sext"/>
<opset="sext_ln56/3 "/>
</bind>
</comp>

<comp id="251" class="1004" name="gmem_addr_1_fu_251">
<pin_list>
<pin id="252" dir="0" index="0" bw="128" slack="0"/>
<pin id="253" dir="0" index="1" bw="60" slack="0"/>
<pin id="254" dir="1" index="2" bw="128" slack="0"/>
</pin_list>
<bind>
<opcode="getelementptr(29) " fcode="getelementptr"/>
<opset="gmem_addr_1/3 "/>
</bind>
</comp>

<comp id="258" class="1004" name="store_ln53_store_fu_258">
<pin_list>
<pin id="259" dir="0" index="0" bw="31" slack="0"/>
<pin id="260" dir="0" index="1" bw="31" slack="2"/>
<pin id="261" dir="1" index="2" bw="0" slack="2147483647"/>
</pin_list>
<bind>
<opcode="store(28) " fcode="store"/>
<opset="store_ln53/3 "/>
</bind>
</comp>

<comp id="263" class="1004" name="trunc_ln6_fu_263">
<pin_list>
<pin id="264" dir="0" index="0" bw="4" slack="0"/>
<pin id="265" dir="0" index="1" bw="1" slack="70"/>
<pin id="266" dir="0" index="2" bw="1" slack="0"/>
<pin id="267" dir="1" index="3" bw="4" slack="0"/>
</pin_list>
<bind>
<opcode="bitconcatenate(1004) " fcode="bitconcatenate"/>
<opset="trunc_ln6/73 "/>
</bind>
</comp>

<comp id="270" class="1004" name="add_ln54_1_fu_270">
<pin_list>
<pin id="271" dir="0" index="0" bw="4" slack="0"/>
<pin id="272" dir="0" index="1" bw="4" slack="72"/>
<pin id="273" dir="1" index="2" bw="4" slack="1"/>
</pin_list>
<bind>
<opcode="add(8) " fcode="add"/>
<opset="add_ln54_1/73 "/>
</bind>
</comp>

<comp id="275" class="1004" name="add_ln56_1_fu_275">
<pin_list>
<pin id="276" dir="0" index="0" bw="4" slack="0"/>
<pin id="277" dir="0" index="1" bw="4" slack="72"/>
<pin id="278" dir="1" index="2" bw="4" slack="2"/>
</pin_list>
<bind>
<opcode="add(8) " fcode="add"/>
<opset="add_ln56_1/73 "/>
</bind>
</comp>

<comp id="280" class="1004" name="shl_ln54_1_fu_280">
<pin_list>
<pin id="281" dir="0" index="0" bw="7" slack="0"/>
<pin id="282" dir="0" index="1" bw="4" slack="1"/>
<pin id="283" dir="0" index="2" bw="1" slack="0"/>
<pin id="284" dir="1" index="3" bw="7" slack="0"/>
</pin_list>
<bind>
<opcode="bitconcatenate(1004) " fcode="bitconcatenate"/>
<opset="shl_ln54_1/74 "/>
</bind>
</comp>

<comp id="287" class="1004" name="zext_ln54_1_fu_287">
<pin_list>
<pin id="288" dir="0" index="0" bw="7" slack="0"/>
<pin id="289" dir="1" index="1" bw="128" slack="0"/>
</pin_list>
<bind>
<opcode="zext(34) " fcode="zext"/>
<opset="zext_ln54_1/74 "/>
</bind>
</comp>

<comp id="291" class="1004" name="lshr_ln54_fu_291">
<pin_list>
<pin id="292" dir="0" index="0" bw="128" slack="1"/>
<pin id="293" dir="0" index="1" bw="7" slack="0"/>
<pin id="294" dir="1" index="2" bw="128" slack="0"/>
</pin_list>
<bind>
<opcode="lshr(21) " fcode="lshr"/>
<opset="lshr_ln54/74 "/>
</bind>
</comp>

<comp id="296" class="1004" name="trunc_ln54_1_fu_296">
<pin_list>
<pin id="297" dir="0" index="0" bw="128" slack="0"/>
<pin id="298" dir="1" index="1" bw="64" slack="0"/>
</pin_list>
<bind>
<opcode="trunc(33) " fcode="trunc"/>
<opset="trunc_ln54_1/74 "/>
</bind>
</comp>

<comp id="301" class="1004" name="shl_ln4_fu_301">
<pin_list>
<pin id="302" dir="0" index="0" bw="7" slack="0"/>
<pin id="303" dir="0" index="1" bw="4" slack="2"/>
<pin id="304" dir="0" index="2" bw="1" slack="0"/>
<pin id="305" dir="1" index="3" bw="7" slack="0"/>
</pin_list>
<bind>
<opcode="bitconcatenate(1004) " fcode="bitconcatenate"/>
<opset="shl_ln4/75 "/>
</bind>
</comp>

<comp id="308" class="1004" name="zext_ln56_fu_308">
<pin_list>
<pin id="309" dir="0" index="0" bw="7" slack="0"/>
<pin id="310" dir="1" index="1" bw="128" slack="0"/>
</pin_list>
<bind>
<opcode="zext(34) " fcode="zext"/>
<opset="zext_ln56/75 "/>
</bind>
</comp>

<comp id="312" class="1004" name="lshr_ln56_fu_312">
<pin_list>
<pin id="313" dir="0" index="0" bw="128" slack="1"/>
<pin id="314" dir="0" index="1" bw="7" slack="0"/>
<pin id="315" dir="1" index="2" bw="128" slack="0"/>
</pin_list>
<bind>
<opcode="lshr(21) " fcode="lshr"/>
<opset="lshr_ln56/75 "/>
</bind>
</comp>

<comp id="317" class="1004" name="trunc_ln56_fu_317">
<pin_list>
<pin id="318" dir="0" index="0" bw="128" slack="0"/>
<pin id="319" dir="1" index="1" bw="64" slack="0"/>
</pin_list>
<bind>
<opcode="trunc(33) " fcode="trunc"/>
<opset="trunc_ln56/75 "/>
</bind>
</comp>

<comp id="322" class="1004" name="Sx_load_load_fu_322">
<pin_list>
<pin id="323" dir="0" index="0" bw="64" slack="96"/>
<pin id="324" dir="1" index="1" bw="64" slack="0"/>
</pin_list>
<bind>
<opcode="load(27) " fcode="load"/>
<opset="Sx_load/97 "/>
</bind>
</comp>

<comp id="326" class="1004" name="store_ln53_store_fu_326">
<pin_list>
<pin id="327" dir="0" index="0" bw="64" slack="0"/>
<pin id="328" dir="0" index="1" bw="64" slack="99"/>
<pin id="329" dir="1" index="2" bw="0" slack="2147483647"/>
</pin_list>
<bind>
<opcode="store(28) " fcode="store"/>
<opset="store_ln53/100 "/>
</bind>
</comp>

<comp id="331" class="1004" name="Sx_load_1_load_fu_331">
<pin_list>
<pin id="332" dir="0" index="0" bw="64" slack="96"/>
<pin id="333" dir="1" index="1" bw="64" slack="0"/>
</pin_list>
<bind>
<opcode="load(27) " fcode="load"/>
<opset="Sx_load_1/97 "/>
</bind>
</comp>

<comp id="335" class="1005" name="Sx_reg_335">
<pin_list>
<pin id="336" dir="0" index="0" bw="64" slack="0"/>
<pin id="337" dir="1" index="1" bw="64" slack="0"/>
</pin_list>
<bind>
<opset="Sx "/>
</bind>
</comp>

<comp id="343" class="1005" name="i_reg_343">
<pin_list>
<pin id="344" dir="0" index="0" bw="31" slack="0"/>
<pin id="345" dir="1" index="1" bw="31" slack="0"/>
</pin_list>
<bind>
<opset="i "/>
</bind>
</comp>

<comp id="350" class="1005" name="trunc_ln_read_reg_350">
<pin_list>
<pin id="351" dir="0" index="0" bw="4" slack="72"/>
<pin id="352" dir="1" index="1" bw="4" slack="72"/>
</pin_list>
<bind>
<opset="trunc_ln_read "/>
</bind>
</comp>

<comp id="355" class="1005" name="trunc_ln3_read_reg_355">
<pin_list>
<pin id="356" dir="0" index="0" bw="4" slack="72"/>
<pin id="357" dir="1" index="1" bw="4" slack="72"/>
</pin_list>
<bind>
<opset="trunc_ln3_read "/>
</bind>
</comp>

<comp id="360" class="1005" name="i_1_reg_360">
<pin_list>
<pin id="361" dir="0" index="0" bw="31" slack="2"/>
<pin id="362" dir="1" index="1" bw="31" slack="2"/>
</pin_list>
<bind>
<opset="i_1 "/>
</bind>
</comp>

<comp id="366" class="1005" name="icmp_ln53_reg_366">
<pin_list>
<pin id="367" dir="0" index="0" bw="1" slack="1"/>
<pin id="368" dir="1" index="1" bw="1" slack="2147483647"/>
</pin_list>
<bind>
<opset="icmp_ln53 "/>
</bind>
</comp>

<comp id="370" class="1005" name="trunc_ln54_2_reg_370">
<pin_list>
<pin id="371" dir="0" index="0" bw="60" slack="1"/>
<pin id="372" dir="1" index="1" bw="60" slack="1"/>
</pin_list>
<bind>
<opset="trunc_ln54_2 "/>
</bind>
</comp>

<comp id="375" class="1005" name="trunc_ln7_reg_375">
<pin_list>
<pin id="376" dir="0" index="0" bw="60" slack="2"/>
<pin id="377" dir="1" index="1" bw="60" slack="2"/>
</pin_list>
<bind>
<opset="trunc_ln7 "/>
</bind>
</comp>

<comp id="380" class="1005" name="gmem_addr_reg_380">
<pin_list>
<pin id="381" dir="0" index="0" bw="128" slack="1"/>
<pin id="382" dir="1" index="1" bw="128" slack="1"/>
</pin_list>
<bind>
<opset="gmem_addr "/>
</bind>
</comp>

<comp id="386" class="1005" name="trunc_ln54_reg_386">
<pin_list>
<pin id="387" dir="0" index="0" bw="1" slack="70"/>
<pin id="388" dir="1" index="1" bw="1" slack="70"/>
</pin_list>
<bind>
<opset="trunc_ln54 "/>
</bind>
</comp>

<comp id="391" class="1005" name="gmem_addr_1_reg_391">
<pin_list>
<pin id="392" dir="0" index="0" bw="128" slack="1"/>
<pin id="393" dir="1" index="1" bw="128" slack="1"/>
</pin_list>
<bind>
<opset="gmem_addr_1 "/>
</bind>
</comp>

<comp id="397" class="1005" name="gmem_addr_read_reg_397">
<pin_list>
<pin id="398" dir="0" index="0" bw="128" slack="1"/>
<pin id="399" dir="1" index="1" bw="128" slack="1"/>
</pin_list>
<bind>
<opset="gmem_addr_read "/>
</bind>
</comp>

<comp id="402" class="1005" name="add_ln54_1_reg_402">
<pin_list>
<pin id="403" dir="0" index="0" bw="4" slack="1"/>
<pin id="404" dir="1" index="1" bw="4" slack="1"/>
</pin_list>
<bind>
<opset="add_ln54_1 "/>
</bind>
</comp>

<comp id="407" class="1005" name="add_ln56_1_reg_407">
<pin_list>
<pin id="408" dir="0" index="0" bw="4" slack="2"/>
<pin id="409" dir="1" index="1" bw="4" slack="2"/>
</pin_list>
<bind>
<opset="add_ln56_1 "/>
</bind>
</comp>

<comp id="412" class="1005" name="trunc_ln54_1_reg_412">
<pin_list>
<pin id="413" dir="0" index="0" bw="64" slack="1"/>
<pin id="414" dir="1" index="1" bw="64" slack="1"/>
</pin_list>
<bind>
<opset="trunc_ln54_1 "/>
</bind>
</comp>

<comp id="417" class="1005" name="gmem_addr_1_read_reg_417">
<pin_list>
<pin id="418" dir="0" index="0" bw="128" slack="1"/>
<pin id="419" dir="1" index="1" bw="128" slack="1"/>
</pin_list>
<bind>
<opset="gmem_addr_1_read "/>
</bind>
</comp>

<comp id="422" class="1005" name="sig_reg_422">
<pin_list>
<pin id="423" dir="0" index="0" bw="64" slack="1"/>
<pin id="424" dir="1" index="1" bw="64" slack="1"/>
</pin_list>
<bind>
<opset="sig "/>
</bind>
</comp>

<comp id="427" class="1005" name="trunc_ln56_reg_427">
<pin_list>
<pin id="428" dir="0" index="0" bw="64" slack="1"/>
<pin id="429" dir="1" index="1" bw="64" slack="1"/>
</pin_list>
<bind>
<opset="trunc_ln56 "/>
</bind>
</comp>

<comp id="432" class="1005" name="conv3_i_i_reg_432">
<pin_list>
<pin id="433" dir="0" index="0" bw="64" slack="13"/>
<pin id="434" dir="1" index="1" bw="64" slack="13"/>
</pin_list>
<bind>
<opset="conv3_i_i "/>
</bind>
</comp>

<comp id="437" class="1005" name="overSig_reg_437">
<pin_list>
<pin id="438" dir="0" index="0" bw="64" slack="1"/>
<pin id="439" dir="1" index="1" bw="64" slack="1"/>
</pin_list>
<bind>
<opset="overSig "/>
</bind>
</comp>

<comp id="442" class="1005" name="mul_i13_i_reg_442">
<pin_list>
<pin id="443" dir="0" index="0" bw="64" slack="1"/>
<pin id="444" dir="1" index="1" bw="64" slack="1"/>
</pin_list>
<bind>
<opset="mul_i13_i "/>
</bind>
</comp>

<comp id="447" class="1005" name="mul4_i_i_reg_447">
<pin_list>
<pin id="448" dir="0" index="0" bw="64" slack="1"/>
<pin id="449" dir="1" index="1" bw="64" slack="1"/>
</pin_list>
<bind>
<opset="mul4_i_i "/>
</bind>
</comp>

<comp id="452" class="1005" name="Sx_load_reg_452">
<pin_list>
<pin id="453" dir="0" index="0" bw="64" slack="1"/>
<pin id="454" dir="1" index="1" bw="64" slack="1"/>
</pin_list>
<bind>
<opset="Sx_load "/>
</bind>
</comp>

</comp_list>

<net_list>
<net id="81"><net_src comp="14" pin="0"/><net_sink comp="78" pin=0"/></net>

<net id="85"><net_src comp="14" pin="0"/><net_sink comp="82" pin=0"/></net>

<net id="90"><net_src comp="34" pin="0"/><net_sink comp="86" pin=0"/></net>

<net id="91"><net_src comp="10" pin="0"/><net_sink comp="86" pin=1"/></net>

<net id="96"><net_src comp="36" pin="0"/><net_sink comp="92" pin=0"/></net>

<net id="97"><net_src comp="8" pin="0"/><net_sink comp="92" pin=1"/></net>

<net id="102"><net_src comp="34" pin="0"/><net_sink comp="98" pin=0"/></net>

<net id="103"><net_src comp="6" pin="0"/><net_sink comp="98" pin=1"/></net>

<net id="108"><net_src comp="36" pin="0"/><net_sink comp="104" pin=0"/></net>

<net id="109"><net_src comp="4" pin="0"/><net_sink comp="104" pin=1"/></net>

<net id="114"><net_src comp="38" pin="0"/><net_sink comp="110" pin=0"/></net>

<net id="115"><net_src comp="2" pin="0"/><net_sink comp="110" pin=1"/></net>

<net id="121"><net_src comp="54" pin="0"/><net_sink comp="116" pin=0"/></net>

<net id="122"><net_src comp="14" pin="0"/><net_sink comp="116" pin=2"/></net>

<net id="128"><net_src comp="54" pin="0"/><net_sink comp="123" pin=0"/></net>

<net id="129"><net_src comp="14" pin="0"/><net_sink comp="123" pin=2"/></net>

<net id="134"><net_src comp="66" pin="0"/><net_sink comp="130" pin=0"/></net>

<net id="139"><net_src comp="66" pin="0"/><net_sink comp="135" pin=0"/></net>

<net id="145"><net_src comp="76" pin="0"/><net_sink comp="140" pin=0"/></net>

<net id="146"><net_src comp="12" pin="0"/><net_sink comp="140" pin=1"/></net>

<net id="159"><net_src comp="70" pin="0"/><net_sink comp="155" pin=0"/></net>

<net id="167"><net_src comp="40" pin="0"/><net_sink comp="163" pin=0"/></net>

<net id="172"><net_src comp="42" pin="0"/><net_sink comp="168" pin=0"/></net>

<net id="179"><net_src comp="173" pin="1"/><net_sink comp="176" pin=0"/></net>

<net id="184"><net_src comp="176" pin="1"/><net_sink comp="180" pin=0"/></net>

<net id="185"><net_src comp="110" pin="2"/><net_sink comp="180" pin=1"/></net>

<net id="191"><net_src comp="44" pin="0"/><net_sink comp="186" pin=0"/></net>

<net id="192"><net_src comp="173" pin="1"/><net_sink comp="186" pin=1"/></net>

<net id="193"><net_src comp="46" pin="0"/><net_sink comp="186" pin=2"/></net>

<net id="197"><net_src comp="186" pin="3"/><net_sink comp="194" pin=0"/></net>

<net id="202"><net_src comp="194" pin="1"/><net_sink comp="198" pin=0"/></net>

<net id="203"><net_src comp="104" pin="2"/><net_sink comp="198" pin=1"/></net>

<net id="210"><net_src comp="48" pin="0"/><net_sink comp="204" pin=0"/></net>

<net id="211"><net_src comp="198" pin="2"/><net_sink comp="204" pin=1"/></net>

<net id="212"><net_src comp="50" pin="0"/><net_sink comp="204" pin=2"/></net>

<net id="213"><net_src comp="52" pin="0"/><net_sink comp="204" pin=3"/></net>

<net id="218"><net_src comp="194" pin="1"/><net_sink comp="214" pin=0"/></net>

<net id="219"><net_src comp="92" pin="2"/><net_sink comp="214" pin=1"/></net>

<net id="226"><net_src comp="48" pin="0"/><net_sink comp="220" pin=0"/></net>

<net id="227"><net_src comp="214" pin="2"/><net_sink comp="220" pin=1"/></net>

<net id="228"><net_src comp="50" pin="0"/><net_sink comp="220" pin=2"/></net>

<net id="229"><net_src comp="52" pin="0"/><net_sink comp="220" pin=3"/></net>

<net id="237"><net_src comp="0" pin="0"/><net_sink comp="233" pin=0"/></net>

<net id="238"><net_src comp="230" pin="1"/><net_sink comp="233" pin=1"/></net>

<net id="239"><net_src comp="233" pin="2"/><net_sink comp="116" pin=1"/></net>

<net id="244"><net_src comp="62" pin="0"/><net_sink comp="240" pin=1"/></net>

<net id="255"><net_src comp="0" pin="0"/><net_sink comp="251" pin=0"/></net>

<net id="256"><net_src comp="248" pin="1"/><net_sink comp="251" pin=1"/></net>

<net id="257"><net_src comp="251" pin="2"/><net_sink comp="123" pin=1"/></net>

<net id="262"><net_src comp="240" pin="2"/><net_sink comp="258" pin=0"/></net>

<net id="268"><net_src comp="64" pin="0"/><net_sink comp="263" pin=0"/></net>

<net id="269"><net_src comp="46" pin="0"/><net_sink comp="263" pin=2"/></net>

<net id="274"><net_src comp="263" pin="3"/><net_sink comp="270" pin=0"/></net>

<net id="279"><net_src comp="263" pin="3"/><net_sink comp="275" pin=0"/></net>

<net id="285"><net_src comp="68" pin="0"/><net_sink comp="280" pin=0"/></net>

<net id="286"><net_src comp="46" pin="0"/><net_sink comp="280" pin=2"/></net>

<net id="290"><net_src comp="280" pin="3"/><net_sink comp="287" pin=0"/></net>

<net id="295"><net_src comp="287" pin="1"/><net_sink comp="291" pin=1"/></net>

<net id="299"><net_src comp="291" pin="2"/><net_sink comp="296" pin=0"/></net>

<net id="300"><net_src comp="296" pin="1"/><net_sink comp="160" pin=0"/></net>

<net id="306"><net_src comp="68" pin="0"/><net_sink comp="301" pin=0"/></net>

<net id="307"><net_src comp="46" pin="0"/><net_sink comp="301" pin=2"/></net>

<net id="311"><net_src comp="301" pin="3"/><net_sink comp="308" pin=0"/></net>

<net id="316"><net_src comp="308" pin="1"/><net_sink comp="312" pin=1"/></net>

<net id="320"><net_src comp="312" pin="2"/><net_sink comp="317" pin=0"/></net>

<net id="321"><net_src comp="317" pin="1"/><net_sink comp="160" pin=0"/></net>

<net id="325"><net_src comp="322" pin="1"/><net_sink comp="147" pin=0"/></net>

<net id="330"><net_src comp="147" pin="2"/><net_sink comp="326" pin=0"/></net>

<net id="334"><net_src comp="331" pin="1"/><net_sink comp="140" pin=2"/></net>

<net id="338"><net_src comp="78" pin="1"/><net_sink comp="335" pin=0"/></net>

<net id="339"><net_src comp="335" pin="1"/><net_sink comp="168" pin=1"/></net>

<net id="340"><net_src comp="335" pin="1"/><net_sink comp="322" pin=0"/></net>

<net id="341"><net_src comp="335" pin="1"/><net_sink comp="326" pin=1"/></net>

<net id="342"><net_src comp="335" pin="1"/><net_sink comp="331" pin=0"/></net>

<net id="346"><net_src comp="82" pin="1"/><net_sink comp="343" pin=0"/></net>

<net id="347"><net_src comp="343" pin="1"/><net_sink comp="163" pin=1"/></net>

<net id="348"><net_src comp="343" pin="1"/><net_sink comp="173" pin=0"/></net>

<net id="349"><net_src comp="343" pin="1"/><net_sink comp="258" pin=1"/></net>

<net id="353"><net_src comp="86" pin="2"/><net_sink comp="350" pin=0"/></net>

<net id="354"><net_src comp="350" pin="1"/><net_sink comp="275" pin=1"/></net>

<net id="358"><net_src comp="98" pin="2"/><net_sink comp="355" pin=0"/></net>

<net id="359"><net_src comp="355" pin="1"/><net_sink comp="270" pin=1"/></net>

<net id="363"><net_src comp="173" pin="1"/><net_sink comp="360" pin=0"/></net>

<net id="364"><net_src comp="360" pin="1"/><net_sink comp="240" pin=0"/></net>

<net id="365"><net_src comp="360" pin="1"/><net_sink comp="245" pin=0"/></net>

<net id="369"><net_src comp="180" pin="2"/><net_sink comp="366" pin=0"/></net>

<net id="373"><net_src comp="204" pin="4"/><net_sink comp="370" pin=0"/></net>

<net id="374"><net_src comp="370" pin="1"/><net_sink comp="230" pin=0"/></net>

<net id="378"><net_src comp="220" pin="4"/><net_sink comp="375" pin=0"/></net>

<net id="379"><net_src comp="375" pin="1"/><net_sink comp="248" pin=0"/></net>

<net id="383"><net_src comp="233" pin="2"/><net_sink comp="380" pin=0"/></net>

<net id="384"><net_src comp="380" pin="1"/><net_sink comp="116" pin=1"/></net>

<net id="385"><net_src comp="380" pin="1"/><net_sink comp="130" pin=1"/></net>

<net id="389"><net_src comp="245" pin="1"/><net_sink comp="386" pin=0"/></net>

<net id="390"><net_src comp="386" pin="1"/><net_sink comp="263" pin=1"/></net>

<net id="394"><net_src comp="251" pin="2"/><net_sink comp="391" pin=0"/></net>

<net id="395"><net_src comp="391" pin="1"/><net_sink comp="123" pin=1"/></net>

<net id="396"><net_src comp="391" pin="1"/><net_sink comp="135" pin=1"/></net>

<net id="400"><net_src comp="130" pin="2"/><net_sink comp="397" pin=0"/></net>

<net id="401"><net_src comp="397" pin="1"/><net_sink comp="291" pin=0"/></net>

<net id="405"><net_src comp="270" pin="2"/><net_sink comp="402" pin=0"/></net>

<net id="406"><net_src comp="402" pin="1"/><net_sink comp="280" pin=1"/></net>

<net id="410"><net_src comp="275" pin="2"/><net_sink comp="407" pin=0"/></net>

<net id="411"><net_src comp="407" pin="1"/><net_sink comp="301" pin=1"/></net>

<net id="415"><net_src comp="296" pin="1"/><net_sink comp="412" pin=0"/></net>

<net id="416"><net_src comp="412" pin="1"/><net_sink comp="160" pin=0"/></net>

<net id="420"><net_src comp="135" pin="2"/><net_sink comp="417" pin=0"/></net>

<net id="421"><net_src comp="417" pin="1"/><net_sink comp="312" pin=0"/></net>

<net id="425"><net_src comp="160" pin="1"/><net_sink comp="422" pin=0"/></net>

<net id="426"><net_src comp="422" pin="1"/><net_sink comp="155" pin=1"/></net>

<net id="430"><net_src comp="317" pin="1"/><net_sink comp="427" pin=0"/></net>

<net id="431"><net_src comp="427" pin="1"/><net_sink comp="160" pin=0"/></net>

<net id="435"><net_src comp="160" pin="1"/><net_sink comp="432" pin=0"/></net>

<net id="436"><net_src comp="432" pin="1"/><net_sink comp="151" pin=0"/></net>

<net id="440"><net_src comp="155" pin="2"/><net_sink comp="437" pin=0"/></net>

<net id="441"><net_src comp="437" pin="1"/><net_sink comp="151" pin=1"/></net>

<net id="445"><net_src comp="151" pin="2"/><net_sink comp="442" pin=0"/></net>

<net id="446"><net_src comp="442" pin="1"/><net_sink comp="151" pin=0"/></net>

<net id="450"><net_src comp="151" pin="2"/><net_sink comp="447" pin=0"/></net>

<net id="451"><net_src comp="447" pin="1"/><net_sink comp="147" pin=1"/></net>

<net id="455"><net_src comp="322" pin="1"/><net_sink comp="452" pin=0"/></net>

<net id="456"><net_src comp="452" pin="1"/><net_sink comp="147" pin=0"/></net>

</net_list>

</model> 
---------------- Datapath Model END ------------------

* FSMD analyzer results:
  - Output states:
	Port: Sx_out | {97 }
 - Input state : 
	Port: fit_Pipeline_VITIS_LOOP_53_1 : gmem | {2 3 4 5 6 7 8 9 10 11 12 13 14 15 16 17 18 19 20 21 22 23 24 25 26 27 28 29 30 31 32 33 34 35 36 37 38 39 40 41 42 43 44 45 46 47 48 49 50 51 52 53 54 55 56 57 58 59 60 61 62 63 64 65 66 67 68 69 70 71 72 73 74 }
	Port: fit_Pipeline_VITIS_LOOP_53_1 : size | {1 }
	Port: fit_Pipeline_VITIS_LOOP_53_1 : arrsigs | {1 }
	Port: fit_Pipeline_VITIS_LOOP_53_1 : trunc_ln3 | {1 }
	Port: fit_Pipeline_VITIS_LOOP_53_1 : arrx | {1 }
	Port: fit_Pipeline_VITIS_LOOP_53_1 : trunc_ln | {1 }
  - Chain level:
	State 1
		store_ln0 : 1
		store_ln0 : 1
		i_1 : 1
		i_3_cast : 2
		icmp_ln53 : 3
		br_ln53 : 4
		shl_ln3 : 2
		zext_ln54 : 3
		add_ln54 : 4
		trunc_ln54_2 : 5
		add_ln56 : 4
		trunc_ln7 : 5
	State 2
		gmem_addr : 1
		gmem_load_5_req : 2
	State 3
		gmem_addr_1 : 1
		gmem_load_6_req : 2
		store_ln53 : 1
	State 4
	State 5
	State 6
	State 7
	State 8
	State 9
	State 10
	State 11
	State 12
	State 13
	State 14
	State 15
	State 16
	State 17
	State 18
	State 19
	State 20
	State 21
	State 22
	State 23
	State 24
	State 25
	State 26
	State 27
	State 28
	State 29
	State 30
	State 31
	State 32
	State 33
	State 34
	State 35
	State 36
	State 37
	State 38
	State 39
	State 40
	State 41
	State 42
	State 43
	State 44
	State 45
	State 46
	State 47
	State 48
	State 49
	State 50
	State 51
	State 52
	State 53
	State 54
	State 55
	State 56
	State 57
	State 58
	State 59
	State 60
	State 61
	State 62
	State 63
	State 64
	State 65
	State 66
	State 67
	State 68
	State 69
	State 70
	State 71
	State 72
	State 73
		add_ln54_1 : 1
		add_ln56_1 : 1
	State 74
		zext_ln54_1 : 1
		lshr_ln54 : 2
		trunc_ln54_1 : 3
		sig : 4
	State 75
		zext_ln56 : 1
		lshr_ln56 : 2
		trunc_ln56 : 3
		conv3_i_i : 4
	State 76
	State 77
	State 78
	State 79
	State 80
	State 81
	State 82
	State 83
	State 84
	State 85
	State 86
	State 87
	State 88
	State 89
	State 90
	State 91
	State 92
	State 93
	State 94
	State 95
	State 96
	State 97
		Sx_1 : 1
		write_ln0 : 1
	State 98
	State 99
	State 100
		store_ln53 : 1


============================================================
+ Verbose Summary: Datapath Resource usage 
============================================================

* Functional unit list:
|----------|------------------------------|---------|---------|---------|
| Operation|        Functional Unit       |   DSP   |    FF   |   LUT   |
|----------|------------------------------|---------|---------|---------|
|   dadd   |          grp_fu_147          |    3    |   430   |   710   |
|----------|------------------------------|---------|---------|---------|
|   lshr   |       lshr_ln54_fu_291       |    0    |    0    |   423   |
|          |       lshr_ln56_fu_312       |    0    |    0    |   423   |
|----------|------------------------------|---------|---------|---------|
|   dmul   |          grp_fu_151          |    8    |   275   |   107   |
|----------|------------------------------|---------|---------|---------|
|          |        add_ln54_fu_198       |    0    |    0    |    71   |
|          |        add_ln56_fu_214       |    0    |    0    |    71   |
|    add   |        add_ln53_fu_240       |    0    |    0    |    38   |
|          |       add_ln54_1_fu_270      |    0    |    0    |    12   |
|          |       add_ln56_1_fu_275      |    0    |    0    |    12   |
|----------|------------------------------|---------|---------|---------|
|   icmp   |       icmp_ln53_fu_180       |    0    |    0    |    39   |
|----------|------------------------------|---------|---------|---------|
|          |   trunc_ln_read_read_fu_86   |    0    |    0    |    0    |
|          |     arrx_read_read_fu_92     |    0    |    0    |    0    |
|          |   trunc_ln3_read_read_fu_98  |    0    |    0    |    0    |
|   read   |   arrsigs_read_read_fu_104   |    0    |    0    |    0    |
|          |     size_read_read_fu_110    |    0    |    0    |    0    |
|          |  gmem_addr_read_read_fu_130  |    0    |    0    |    0    |
|          | gmem_addr_1_read_read_fu_135 |    0    |    0    |    0    |
|----------|------------------------------|---------|---------|---------|
|  readreq |      grp_readreq_fu_116      |    0    |    0    |    0    |
|          |      grp_readreq_fu_123      |    0    |    0    |    0    |
|----------|------------------------------|---------|---------|---------|
|   write  |    write_ln0_write_fu_140    |    0    |    0    |    0    |
|----------|------------------------------|---------|---------|---------|
|   ddiv   |          grp_fu_155          |    0    |    0    |    0    |
|----------|------------------------------|---------|---------|---------|
|  sitodp  |          grp_fu_160          |    0    |    0    |    0    |
|----------|------------------------------|---------|---------|---------|
|          |        i_3_cast_fu_176       |    0    |    0    |    0    |
|   zext   |       zext_ln54_fu_194       |    0    |    0    |    0    |
|          |      zext_ln54_1_fu_287      |    0    |    0    |    0    |
|          |       zext_ln56_fu_308       |    0    |    0    |    0    |
|----------|------------------------------|---------|---------|---------|
|          |        shl_ln3_fu_186        |    0    |    0    |    0    |
|bitconcatenate|       trunc_ln6_fu_263       |    0    |    0    |    0    |
|          |       shl_ln54_1_fu_280      |    0    |    0    |    0    |
|          |        shl_ln4_fu_301        |    0    |    0    |    0    |
|----------|------------------------------|---------|---------|---------|
|partselect|      trunc_ln54_2_fu_204     |    0    |    0    |    0    |
|          |       trunc_ln7_fu_220       |    0    |    0    |    0    |
|----------|------------------------------|---------|---------|---------|
|   sext   |       sext_ln54_fu_230       |    0    |    0    |    0    |
|          |       sext_ln56_fu_248       |    0    |    0    |    0    |
|----------|------------------------------|---------|---------|---------|
|          |       trunc_ln54_fu_245      |    0    |    0    |    0    |
|   trunc  |      trunc_ln54_1_fu_296     |    0    |    0    |    0    |
|          |       trunc_ln56_fu_317      |    0    |    0    |    0    |
|----------|------------------------------|---------|---------|---------|
|   Total  |                              |    11   |   705   |   1906  |
|----------|------------------------------|---------|---------|---------|

Memories:
N/A

* Register list:
+------------------------+--------+
|                        |   FF   |
+------------------------+--------+
|     Sx_load_reg_452    |   64   |
|       Sx_reg_335       |   64   |
|   add_ln54_1_reg_402   |    4   |
|   add_ln56_1_reg_407   |    4   |
|    conv3_i_i_reg_432   |   64   |
|gmem_addr_1_read_reg_417|   128  |
|   gmem_addr_1_reg_391  |   128  |
| gmem_addr_read_reg_397 |   128  |
|    gmem_addr_reg_380   |   128  |
|       i_1_reg_360      |   31   |
|        i_reg_343       |   31   |
|    icmp_ln53_reg_366   |    1   |
|    mul4_i_i_reg_447    |   64   |
|    mul_i13_i_reg_442   |   64   |
|     overSig_reg_437    |   64   |
|       sig_reg_422      |   64   |
| trunc_ln3_read_reg_355 |    4   |
|  trunc_ln54_1_reg_412  |   64   |
|  trunc_ln54_2_reg_370  |   60   |
|   trunc_ln54_reg_386   |    1   |
|   trunc_ln56_reg_427   |   64   |
|    trunc_ln7_reg_375   |   60   |
|  trunc_ln_read_reg_350 |    4   |
+------------------------+--------+
|          Total         |  1288  |
+------------------------+--------+

* Multiplexer (MUX) list: 
|--------------------|------|------|------|--------||---------||---------|
|        Comp        |  Pin | Size |  BW  | S x BW ||  Delay  ||   LUT   |
|--------------------|------|------|------|--------||---------||---------|
| grp_readreq_fu_116 |  p1  |   2  |  128 |   256  ||    9    |
| grp_readreq_fu_123 |  p1  |   2  |  128 |   256  ||    9    |
|     grp_fu_147     |  p0  |   2  |  64  |   128  ||    9    |
|     grp_fu_151     |  p0  |   2  |  64  |   128  ||    9    |
|     grp_fu_160     |  p0  |   4  |  64  |   256  ||    20   |
|--------------------|------|------|------|--------||---------||---------|
|        Total       |      |      |      |  1024  || 2.38429 ||    56   |
|--------------------|------|------|------|--------||---------||---------|



* Summary:
+-----------+--------+--------+--------+--------+
|           |   DSP  |  Delay |   FF   |   LUT  |
+-----------+--------+--------+--------+--------+
|  Function |   11   |    -   |   705  |  1906  |
|   Memory  |    -   |    -   |    -   |    -   |
|Multiplexer|    -   |    2   |    -   |   56   |
|  Register |    -   |    -   |  1288  |    -   |
+-----------+--------+--------+--------+--------+
|   Total   |   11   |    2   |  1993  |  1962  |
+-----------+--------+--------+--------+--------+
