

================================================================
== Vitis HLS Report for 'fit_Pipeline_VITIS_LOOP_53_1'
================================================================
* Date:           Thu Feb 27 15:44:19 2025

* Version:        2023.1 (Build 3854077 on May  4 2023)
* Project:        hls_fit
* Solution:       solution2 (Vitis Kernel Flow Target)
* Product family: virtexuplus
* Target device:  xcvu11p-flga2577-1-e


================================================================
== Performance Estimates
================================================================
+ Timing: 
    * Summary: 
    +--------+----------+----------+------------+
    |  Clock |  Target  | Estimated| Uncertainty|
    +--------+----------+----------+------------+
    |ap_clk  |  10.00 ns|  7.300 ns|     2.70 ns|
    +--------+----------+----------+------------+

+ Latency: 
    * Summary: 
    +---------+---------+----------+----------+-----+-----+---------+
    |  Latency (cycles) |  Latency (absolute) |  Interval | Pipeline|
    |   min   |   max   |    min   |    max   | min | max |   Type  |
    +---------+---------+----------+----------+-----+-----+---------+
    |        ?|        ?|         ?|         ?|    ?|    ?|       no|
    +---------+---------+----------+----------+-----+-----+---------+

    + Detail: 
        * Instance: 
        N/A

        * Loop: 
        +-------------------+---------+---------+----------+-----------+-----------+------+----------+
        |                   |  Latency (cycles) | Iteration|  Initiation Interval  | Trip |          |
        |     Loop Name     |   min   |   max   |  Latency |  achieved |   target  | Count| Pipelined|
        +-------------------+---------+---------+----------+-----------+-----------+------+----------+
        |- VITIS_LOOP_53_1  |        ?|        ?|       100|          3|          1|     ?|       yes|
        +-------------------+---------+---------+----------+-----------+-----------+------+----------+

============================================================
+ Verbose Summary: Synthesis Manager
============================================================
InlineROM: 1
ExposeGlobal: 0
============================================================
+ Verbose Summary: CDFG Model
============================================================
IsTopModel: 0
ResetActiveHigh: 1
IsCombinational: 0
IsDatapathOnly: 0
HasWiredReturn: 1
HasMFsm: 2
HasVarLatency: 1
IsPipeline: 0
IsRtlPipelined: 0
IsInstanceOverlapped: 0
IsDontTouch: 0
HasImplIP: 0
IsGatedGlobalClock: 0

+ Individual pipeline summary: 
  * Pipeline-0: initiation interval (II) = 3, depth = 100


============================================================
+ Verbose Summary: Schedule
============================================================
* Number of FSM states : 100
* Pipeline : 1
  Pipeline-0 : II = 3, D = 100, States = { 1 2 3 4 5 6 7 8 9 10 11 12 13 14 15 16 17 18 19 20 21 22 23 24 25 26 27 28 29 30 31 32 33 34 35 36 37 38 39 40 41 42 43 44 45 46 47 48 49 50 51 52 53 54 55 56 57 58 59 60 61 62 63 64 65 66 67 68 69 70 71 72 73 74 75 76 77 78 79 80 81 82 83 84 85 86 87 88 89 90 91 92 93 94 95 96 97 98 99 100 }
* Dataflow Pipeline: 0

* FSM state transitions: 
1 --> 2 
2 --> 3 
3 --> 4 
4 --> 5 
5 --> 6 
6 --> 7 
7 --> 8 
8 --> 9 
9 --> 10 
10 --> 11 
11 --> 12 
12 --> 13 
13 --> 14 
14 --> 15 
15 --> 16 
16 --> 17 
17 --> 18 
18 --> 19 
19 --> 20 
20 --> 21 
21 --> 22 
22 --> 23 
23 --> 24 
24 --> 25 
25 --> 26 
26 --> 27 
27 --> 28 
28 --> 29 
29 --> 30 
30 --> 31 
31 --> 32 
32 --> 33 
33 --> 34 
34 --> 35 
35 --> 36 
36 --> 37 
37 --> 38 
38 --> 39 
39 --> 40 
40 --> 41 
41 --> 42 
42 --> 43 
43 --> 44 
44 --> 45 
45 --> 46 
46 --> 47 
47 --> 48 
48 --> 49 
49 --> 50 
50 --> 51 
51 --> 52 
52 --> 53 
53 --> 54 
54 --> 55 
55 --> 56 
56 --> 57 
57 --> 58 
58 --> 59 
59 --> 60 
60 --> 61 
61 --> 62 
62 --> 63 
63 --> 64 
64 --> 65 
65 --> 66 
66 --> 67 
67 --> 68 
68 --> 69 
69 --> 70 
70 --> 71 
71 --> 72 
72 --> 73 
73 --> 74 
74 --> 75 
75 --> 76 
76 --> 77 
77 --> 78 
78 --> 79 
79 --> 80 
80 --> 81 
81 --> 82 
82 --> 83 
83 --> 84 
84 --> 85 
85 --> 86 
86 --> 87 
87 --> 88 
88 --> 89 
89 --> 90 
90 --> 91 
91 --> 92 
92 --> 93 
93 --> 94 
94 --> 95 
95 --> 96 
96 --> 97 
97 --> 98 
98 --> 99 
99 --> 100 
100 --> 

* FSM state operations: 

State 1 <SV = 0> <Delay = 1.36>
ST_1 : Operation 103 [1/1] (0.00ns)   --->   "%Sx = alloca i32 1"   --->   Operation 103 'alloca' 'Sx' <Predicate = true> <Delay = 0.00>
ST_1 : Operation 104 [1/1] (0.00ns)   --->   "%i = alloca i32 1"   --->   Operation 104 'alloca' 'i' <Predicate = true> <Delay = 0.00>
ST_1 : Operation 105 [1/1] (0.00ns)   --->   "%specinterface_ln0 = specinterface void @_ssdm_op_SpecInterface, i128 %gmem, void @empty_14, i32 0, i32 0, void @empty_10, i32 64, i32 0, void @empty, void @empty_1, void @empty_10, i32 16, i32 16, i32 16, i32 16, void @empty_10, void @empty_10, i32 4294967295, i32 0"   --->   Operation 105 'specinterface' 'specinterface_ln0' <Predicate = true> <Delay = 0.00>
ST_1 : Operation 106 [1/1] (0.00ns)   --->   "%trunc_ln_read = read i4 @_ssdm_op_Read.ap_auto.i4, i4 %trunc_ln"   --->   Operation 106 'read' 'trunc_ln_read' <Predicate = true> <Delay = 0.00>
ST_1 : Operation 107 [1/1] (0.00ns)   --->   "%arrx_read = read i64 @_ssdm_op_Read.ap_auto.i64, i64 %arrx"   --->   Operation 107 'read' 'arrx_read' <Predicate = true> <Delay = 0.00>
ST_1 : Operation 108 [1/1] (0.00ns)   --->   "%trunc_ln3_read = read i4 @_ssdm_op_Read.ap_auto.i4, i4 %trunc_ln3"   --->   Operation 108 'read' 'trunc_ln3_read' <Predicate = true> <Delay = 0.00>
ST_1 : Operation 109 [1/1] (0.00ns)   --->   "%arrsigs_read = read i64 @_ssdm_op_Read.ap_auto.i64, i64 %arrsigs"   --->   Operation 109 'read' 'arrsigs_read' <Predicate = true> <Delay = 0.00>
ST_1 : Operation 110 [1/1] (0.00ns)   --->   "%size_read = read i32 @_ssdm_op_Read.ap_auto.i32, i32 %size"   --->   Operation 110 'read' 'size_read' <Predicate = true> <Delay = 0.00>
ST_1 : Operation 111 [1/1] (0.46ns)   --->   "%store_ln0 = store i31 0, i31 %i"   --->   Operation 111 'store' 'store_ln0' <Predicate = true> <Delay = 0.46>
ST_1 : Operation 112 [1/1] (0.46ns)   --->   "%store_ln0 = store i64 0, i64 %Sx"   --->   Operation 112 'store' 'store_ln0' <Predicate = true> <Delay = 0.46>
ST_1 : Operation 113 [1/1] (0.00ns)   --->   "%br_ln0 = br void %for.inc.i17.i"   --->   Operation 113 'br' 'br_ln0' <Predicate = true> <Delay = 0.00>
ST_1 : Operation 114 [1/1] (0.00ns)   --->   "%i_1 = load i31 %i" [main.cpp:54->main.cpp:138->main.cpp:272]   --->   Operation 114 'load' 'i_1' <Predicate = true> <Delay = 0.00>
ST_1 : Operation 115 [1/1] (0.00ns)   --->   "%i_3_cast = zext i31 %i_1" [main.cpp:54->main.cpp:138->main.cpp:272]   --->   Operation 115 'zext' 'i_3_cast' <Predicate = true> <Delay = 0.00>
ST_1 : Operation 116 [1/1] (1.14ns)   --->   "%icmp_ln53 = icmp_slt  i32 %i_3_cast, i32 %size_read" [main.cpp:53->main.cpp:138->main.cpp:272]   --->   Operation 116 'icmp' 'icmp_ln53' <Predicate = true> <Delay = 1.14> <CoreInst = "Cmp">   --->   Core 9 'Cmp' <Latency = 0> <II = 1> <Delay = 1.14> <FuncUnit> <Opcode : 'icmp'> <InPorts = 2> <OutPorts = 1>
ST_1 : Operation 117 [1/1] (0.00ns)   --->   "%br_ln53 = br i1 %icmp_ln53, void %calc_ovr_sig_sqrd_x.exit.i.loopexit.exitStub, void %for.inc.i17.i.split" [main.cpp:53->main.cpp:138->main.cpp:272]   --->   Operation 117 'br' 'br_ln53' <Predicate = true> <Delay = 0.00>
ST_1 : Operation 118 [1/1] (0.00ns)   --->   "%shl_ln3 = bitconcatenate i34 @_ssdm_op_BitConcatenate.i34.i31.i3, i31 %i_1, i3 0" [main.cpp:54->main.cpp:138->main.cpp:272]   --->   Operation 118 'bitconcatenate' 'shl_ln3' <Predicate = (icmp_ln53)> <Delay = 0.00>
ST_1 : Operation 119 [1/1] (0.00ns)   --->   "%zext_ln54 = zext i34 %shl_ln3" [main.cpp:54->main.cpp:138->main.cpp:272]   --->   Operation 119 'zext' 'zext_ln54' <Predicate = (icmp_ln53)> <Delay = 0.00>
ST_1 : Operation 120 [1/1] (1.36ns)   --->   "%add_ln54 = add i64 %zext_ln54, i64 %arrsigs_read" [main.cpp:54->main.cpp:138->main.cpp:272]   --->   Operation 120 'add' 'add_ln54' <Predicate = (icmp_ln53)> <Delay = 1.36> <CoreInst = "Adder">   --->   Core 1 'Adder' <Latency = 0> <II = 1> <Delay = 1.36> <FuncUnit> <Opcode : 'add' 'sub'> <InPorts = 2> <OutPorts = 1>
ST_1 : Operation 121 [1/1] (0.00ns)   --->   "%trunc_ln54_2 = partselect i60 @_ssdm_op_PartSelect.i60.i64.i32.i32, i64 %add_ln54, i32 4, i32 63" [main.cpp:54->main.cpp:138->main.cpp:272]   --->   Operation 121 'partselect' 'trunc_ln54_2' <Predicate = (icmp_ln53)> <Delay = 0.00>
ST_1 : Operation 122 [1/1] (1.36ns)   --->   "%add_ln56 = add i64 %zext_ln54, i64 %arrx_read" [main.cpp:56->main.cpp:138->main.cpp:272]   --->   Operation 122 'add' 'add_ln56' <Predicate = (icmp_ln53)> <Delay = 1.36> <CoreInst = "Adder">   --->   Core 1 'Adder' <Latency = 0> <II = 1> <Delay = 1.36> <FuncUnit> <Opcode : 'add' 'sub'> <InPorts = 2> <OutPorts = 1>
ST_1 : Operation 123 [1/1] (0.00ns)   --->   "%trunc_ln7 = partselect i60 @_ssdm_op_PartSelect.i60.i64.i32.i32, i64 %add_ln56, i32 4, i32 63" [main.cpp:56->main.cpp:138->main.cpp:272]   --->   Operation 123 'partselect' 'trunc_ln7' <Predicate = (icmp_ln53)> <Delay = 0.00>

State 2 <SV = 1> <Delay = 7.30>
ST_2 : Operation 124 [1/1] (0.00ns)   --->   "%sext_ln54 = sext i60 %trunc_ln54_2" [main.cpp:54->main.cpp:138->main.cpp:272]   --->   Operation 124 'sext' 'sext_ln54' <Predicate = (icmp_ln53)> <Delay = 0.00>
ST_2 : Operation 125 [1/1] (0.00ns)   --->   "%gmem_addr = getelementptr i128 %gmem, i64 %sext_ln54" [main.cpp:54->main.cpp:138->main.cpp:272]   --->   Operation 125 'getelementptr' 'gmem_addr' <Predicate = (icmp_ln53)> <Delay = 0.00>
ST_2 : Operation 126 [71/71] (7.30ns)   --->   "%gmem_load_5_req = readreq i1 @_ssdm_op_ReadReq.m_axi.i128P1A, i128 %gmem_addr, i32 1" [main.cpp:54->main.cpp:138->main.cpp:272]   --->   Operation 126 'readreq' 'gmem_load_5_req' <Predicate = (icmp_ln53)> <Delay = 7.30> <CoreInst = "m_axi">   --->   Core 121 'm_axi' <Latency = 0> <II = 1> <Delay = 1.00> <Adapter> <Opcode : 'read' 'write' 'readreq' 'writereq' 'writeresp'>

State 3 <SV = 2> <Delay = 7.30>
ST_3 : Operation 127 [1/1] (0.00ns)   --->   "%specbitsmap_ln0 = specbitsmap void @_ssdm_op_SpecBitsMap, i128 %gmem"   --->   Operation 127 'specbitsmap' 'specbitsmap_ln0' <Predicate = true> <Delay = 0.00>
ST_3 : Operation 128 [1/1] (0.00ns)   --->   "%specpipeline_ln0 = specpipeline void @_ssdm_op_SpecPipeline, i32 4294967295, i32 0, i32 1, i32 0, void @p_str4"   --->   Operation 128 'specpipeline' 'specpipeline_ln0' <Predicate = true> <Delay = 0.00>
ST_3 : Operation 129 [1/1] (1.14ns)   --->   "%add_ln53 = add i31 %i_1, i31 1" [main.cpp:53->main.cpp:138->main.cpp:272]   --->   Operation 129 'add' 'add_ln53' <Predicate = true> <Delay = 1.14> <CoreInst = "Adder">   --->   Core 1 'Adder' <Latency = 0> <II = 1> <Delay = 1.14> <FuncUnit> <Opcode : 'add' 'sub'> <InPorts = 2> <OutPorts = 1>
ST_3 : Operation 130 [1/1] (0.00ns)   --->   "%trunc_ln54 = trunc i31 %i_1" [main.cpp:54->main.cpp:138->main.cpp:272]   --->   Operation 130 'trunc' 'trunc_ln54' <Predicate = (icmp_ln53)> <Delay = 0.00>
ST_3 : Operation 131 [70/71] (7.30ns)   --->   "%gmem_load_5_req = readreq i1 @_ssdm_op_ReadReq.m_axi.i128P1A, i128 %gmem_addr, i32 1" [main.cpp:54->main.cpp:138->main.cpp:272]   --->   Operation 131 'readreq' 'gmem_load_5_req' <Predicate = (icmp_ln53)> <Delay = 7.30> <CoreInst = "m_axi">   --->   Core 121 'm_axi' <Latency = 0> <II = 1> <Delay = 1.00> <Adapter> <Opcode : 'read' 'write' 'readreq' 'writereq' 'writeresp'>
ST_3 : Operation 132 [1/1] (0.00ns)   --->   "%sext_ln56 = sext i60 %trunc_ln7" [main.cpp:56->main.cpp:138->main.cpp:272]   --->   Operation 132 'sext' 'sext_ln56' <Predicate = (icmp_ln53)> <Delay = 0.00>
ST_3 : Operation 133 [1/1] (0.00ns)   --->   "%gmem_addr_1 = getelementptr i128 %gmem, i64 %sext_ln56" [main.cpp:56->main.cpp:138->main.cpp:272]   --->   Operation 133 'getelementptr' 'gmem_addr_1' <Predicate = (icmp_ln53)> <Delay = 0.00>
ST_3 : Operation 134 [71/71] (7.30ns)   --->   "%gmem_load_6_req = readreq i1 @_ssdm_op_ReadReq.m_axi.i128P1A, i128 %gmem_addr_1, i32 1" [main.cpp:56->main.cpp:138->main.cpp:272]   --->   Operation 134 'readreq' 'gmem_load_6_req' <Predicate = (icmp_ln53)> <Delay = 7.30> <CoreInst = "m_axi">   --->   Core 121 'm_axi' <Latency = 0> <II = 1> <Delay = 1.00> <Adapter> <Opcode : 'read' 'write' 'readreq' 'writereq' 'writeresp'>
ST_3 : Operation 135 [1/1] (0.46ns)   --->   "%store_ln53 = store i31 %add_ln53, i31 %i" [main.cpp:53->main.cpp:138->main.cpp:272]   --->   Operation 135 'store' 'store_ln53' <Predicate = (icmp_ln53)> <Delay = 0.46>

State 4 <SV = 3> <Delay = 7.30>
ST_4 : Operation 136 [69/71] (7.30ns)   --->   "%gmem_load_5_req = readreq i1 @_ssdm_op_ReadReq.m_axi.i128P1A, i128 %gmem_addr, i32 1" [main.cpp:54->main.cpp:138->main.cpp:272]   --->   Operation 136 'readreq' 'gmem_load_5_req' <Predicate = true> <Delay = 7.30> <CoreInst = "m_axi">   --->   Core 121 'm_axi' <Latency = 0> <II = 1> <Delay = 1.00> <Adapter> <Opcode : 'read' 'write' 'readreq' 'writereq' 'writeresp'>
ST_4 : Operation 137 [70/71] (7.30ns)   --->   "%gmem_load_6_req = readreq i1 @_ssdm_op_ReadReq.m_axi.i128P1A, i128 %gmem_addr_1, i32 1" [main.cpp:56->main.cpp:138->main.cpp:272]   --->   Operation 137 'readreq' 'gmem_load_6_req' <Predicate = true> <Delay = 7.30> <CoreInst = "m_axi">   --->   Core 121 'm_axi' <Latency = 0> <II = 1> <Delay = 1.00> <Adapter> <Opcode : 'read' 'write' 'readreq' 'writereq' 'writeresp'>

State 5 <SV = 4> <Delay = 7.30>
ST_5 : Operation 138 [68/71] (7.30ns)   --->   "%gmem_load_5_req = readreq i1 @_ssdm_op_ReadReq.m_axi.i128P1A, i128 %gmem_addr, i32 1" [main.cpp:54->main.cpp:138->main.cpp:272]   --->   Operation 138 'readreq' 'gmem_load_5_req' <Predicate = true> <Delay = 7.30> <CoreInst = "m_axi">   --->   Core 121 'm_axi' <Latency = 0> <II = 1> <Delay = 1.00> <Adapter> <Opcode : 'read' 'write' 'readreq' 'writereq' 'writeresp'>
ST_5 : Operation 139 [69/71] (7.30ns)   --->   "%gmem_load_6_req = readreq i1 @_ssdm_op_ReadReq.m_axi.i128P1A, i128 %gmem_addr_1, i32 1" [main.cpp:56->main.cpp:138->main.cpp:272]   --->   Operation 139 'readreq' 'gmem_load_6_req' <Predicate = true> <Delay = 7.30> <CoreInst = "m_axi">   --->   Core 121 'm_axi' <Latency = 0> <II = 1> <Delay = 1.00> <Adapter> <Opcode : 'read' 'write' 'readreq' 'writereq' 'writeresp'>

State 6 <SV = 5> <Delay = 7.30>
ST_6 : Operation 140 [67/71] (7.30ns)   --->   "%gmem_load_5_req = readreq i1 @_ssdm_op_ReadReq.m_axi.i128P1A, i128 %gmem_addr, i32 1" [main.cpp:54->main.cpp:138->main.cpp:272]   --->   Operation 140 'readreq' 'gmem_load_5_req' <Predicate = true> <Delay = 7.30> <CoreInst = "m_axi">   --->   Core 121 'm_axi' <Latency = 0> <II = 1> <Delay = 1.00> <Adapter> <Opcode : 'read' 'write' 'readreq' 'writereq' 'writeresp'>
ST_6 : Operation 141 [68/71] (7.30ns)   --->   "%gmem_load_6_req = readreq i1 @_ssdm_op_ReadReq.m_axi.i128P1A, i128 %gmem_addr_1, i32 1" [main.cpp:56->main.cpp:138->main.cpp:272]   --->   Operation 141 'readreq' 'gmem_load_6_req' <Predicate = true> <Delay = 7.30> <CoreInst = "m_axi">   --->   Core 121 'm_axi' <Latency = 0> <II = 1> <Delay = 1.00> <Adapter> <Opcode : 'read' 'write' 'readreq' 'writereq' 'writeresp'>

State 7 <SV = 6> <Delay = 7.30>
ST_7 : Operation 142 [66/71] (7.30ns)   --->   "%gmem_load_5_req = readreq i1 @_ssdm_op_ReadReq.m_axi.i128P1A, i128 %gmem_addr, i32 1" [main.cpp:54->main.cpp:138->main.cpp:272]   --->   Operation 142 'readreq' 'gmem_load_5_req' <Predicate = true> <Delay = 7.30> <CoreInst = "m_axi">   --->   Core 121 'm_axi' <Latency = 0> <II = 1> <Delay = 1.00> <Adapter> <Opcode : 'read' 'write' 'readreq' 'writereq' 'writeresp'>
ST_7 : Operation 143 [67/71] (7.30ns)   --->   "%gmem_load_6_req = readreq i1 @_ssdm_op_ReadReq.m_axi.i128P1A, i128 %gmem_addr_1, i32 1" [main.cpp:56->main.cpp:138->main.cpp:272]   --->   Operation 143 'readreq' 'gmem_load_6_req' <Predicate = true> <Delay = 7.30> <CoreInst = "m_axi">   --->   Core 121 'm_axi' <Latency = 0> <II = 1> <Delay = 1.00> <Adapter> <Opcode : 'read' 'write' 'readreq' 'writereq' 'writeresp'>

State 8 <SV = 7> <Delay = 7.30>
ST_8 : Operation 144 [65/71] (7.30ns)   --->   "%gmem_load_5_req = readreq i1 @_ssdm_op_ReadReq.m_axi.i128P1A, i128 %gmem_addr, i32 1" [main.cpp:54->main.cpp:138->main.cpp:272]   --->   Operation 144 'readreq' 'gmem_load_5_req' <Predicate = true> <Delay = 7.30> <CoreInst = "m_axi">   --->   Core 121 'm_axi' <Latency = 0> <II = 1> <Delay = 1.00> <Adapter> <Opcode : 'read' 'write' 'readreq' 'writereq' 'writeresp'>
ST_8 : Operation 145 [66/71] (7.30ns)   --->   "%gmem_load_6_req = readreq i1 @_ssdm_op_ReadReq.m_axi.i128P1A, i128 %gmem_addr_1, i32 1" [main.cpp:56->main.cpp:138->main.cpp:272]   --->   Operation 145 'readreq' 'gmem_load_6_req' <Predicate = true> <Delay = 7.30> <CoreInst = "m_axi">   --->   Core 121 'm_axi' <Latency = 0> <II = 1> <Delay = 1.00> <Adapter> <Opcode : 'read' 'write' 'readreq' 'writereq' 'writeresp'>

State 9 <SV = 8> <Delay = 7.30>
ST_9 : Operation 146 [64/71] (7.30ns)   --->   "%gmem_load_5_req = readreq i1 @_ssdm_op_ReadReq.m_axi.i128P1A, i128 %gmem_addr, i32 1" [main.cpp:54->main.cpp:138->main.cpp:272]   --->   Operation 146 'readreq' 'gmem_load_5_req' <Predicate = true> <Delay = 7.30> <CoreInst = "m_axi">   --->   Core 121 'm_axi' <Latency = 0> <II = 1> <Delay = 1.00> <Adapter> <Opcode : 'read' 'write' 'readreq' 'writereq' 'writeresp'>
ST_9 : Operation 147 [65/71] (7.30ns)   --->   "%gmem_load_6_req = readreq i1 @_ssdm_op_ReadReq.m_axi.i128P1A, i128 %gmem_addr_1, i32 1" [main.cpp:56->main.cpp:138->main.cpp:272]   --->   Operation 147 'readreq' 'gmem_load_6_req' <Predicate = true> <Delay = 7.30> <CoreInst = "m_axi">   --->   Core 121 'm_axi' <Latency = 0> <II = 1> <Delay = 1.00> <Adapter> <Opcode : 'read' 'write' 'readreq' 'writereq' 'writeresp'>

State 10 <SV = 9> <Delay = 7.30>
ST_10 : Operation 148 [63/71] (7.30ns)   --->   "%gmem_load_5_req = readreq i1 @_ssdm_op_ReadReq.m_axi.i128P1A, i128 %gmem_addr, i32 1" [main.cpp:54->main.cpp:138->main.cpp:272]   --->   Operation 148 'readreq' 'gmem_load_5_req' <Predicate = true> <Delay = 7.30> <CoreInst = "m_axi">   --->   Core 121 'm_axi' <Latency = 0> <II = 1> <Delay = 1.00> <Adapter> <Opcode : 'read' 'write' 'readreq' 'writereq' 'writeresp'>
ST_10 : Operation 149 [64/71] (7.30ns)   --->   "%gmem_load_6_req = readreq i1 @_ssdm_op_ReadReq.m_axi.i128P1A, i128 %gmem_addr_1, i32 1" [main.cpp:56->main.cpp:138->main.cpp:272]   --->   Operation 149 'readreq' 'gmem_load_6_req' <Predicate = true> <Delay = 7.30> <CoreInst = "m_axi">   --->   Core 121 'm_axi' <Latency = 0> <II = 1> <Delay = 1.00> <Adapter> <Opcode : 'read' 'write' 'readreq' 'writereq' 'writeresp'>

State 11 <SV = 10> <Delay = 7.30>
ST_11 : Operation 150 [62/71] (7.30ns)   --->   "%gmem_load_5_req = readreq i1 @_ssdm_op_ReadReq.m_axi.i128P1A, i128 %gmem_addr, i32 1" [main.cpp:54->main.cpp:138->main.cpp:272]   --->   Operation 150 'readreq' 'gmem_load_5_req' <Predicate = true> <Delay = 7.30> <CoreInst = "m_axi">   --->   Core 121 'm_axi' <Latency = 0> <II = 1> <Delay = 1.00> <Adapter> <Opcode : 'read' 'write' 'readreq' 'writereq' 'writeresp'>
ST_11 : Operation 151 [63/71] (7.30ns)   --->   "%gmem_load_6_req = readreq i1 @_ssdm_op_ReadReq.m_axi.i128P1A, i128 %gmem_addr_1, i32 1" [main.cpp:56->main.cpp:138->main.cpp:272]   --->   Operation 151 'readreq' 'gmem_load_6_req' <Predicate = true> <Delay = 7.30> <CoreInst = "m_axi">   --->   Core 121 'm_axi' <Latency = 0> <II = 1> <Delay = 1.00> <Adapter> <Opcode : 'read' 'write' 'readreq' 'writereq' 'writeresp'>

State 12 <SV = 11> <Delay = 7.30>
ST_12 : Operation 152 [61/71] (7.30ns)   --->   "%gmem_load_5_req = readreq i1 @_ssdm_op_ReadReq.m_axi.i128P1A, i128 %gmem_addr, i32 1" [main.cpp:54->main.cpp:138->main.cpp:272]   --->   Operation 152 'readreq' 'gmem_load_5_req' <Predicate = true> <Delay = 7.30> <CoreInst = "m_axi">   --->   Core 121 'm_axi' <Latency = 0> <II = 1> <Delay = 1.00> <Adapter> <Opcode : 'read' 'write' 'readreq' 'writereq' 'writeresp'>
ST_12 : Operation 153 [62/71] (7.30ns)   --->   "%gmem_load_6_req = readreq i1 @_ssdm_op_ReadReq.m_axi.i128P1A, i128 %gmem_addr_1, i32 1" [main.cpp:56->main.cpp:138->main.cpp:272]   --->   Operation 153 'readreq' 'gmem_load_6_req' <Predicate = true> <Delay = 7.30> <CoreInst = "m_axi">   --->   Core 121 'm_axi' <Latency = 0> <II = 1> <Delay = 1.00> <Adapter> <Opcode : 'read' 'write' 'readreq' 'writereq' 'writeresp'>

State 13 <SV = 12> <Delay = 7.30>
ST_13 : Operation 154 [60/71] (7.30ns)   --->   "%gmem_load_5_req = readreq i1 @_ssdm_op_ReadReq.m_axi.i128P1A, i128 %gmem_addr, i32 1" [main.cpp:54->main.cpp:138->main.cpp:272]   --->   Operation 154 'readreq' 'gmem_load_5_req' <Predicate = true> <Delay = 7.30> <CoreInst = "m_axi">   --->   Core 121 'm_axi' <Latency = 0> <II = 1> <Delay = 1.00> <Adapter> <Opcode : 'read' 'write' 'readreq' 'writereq' 'writeresp'>
ST_13 : Operation 155 [61/71] (7.30ns)   --->   "%gmem_load_6_req = readreq i1 @_ssdm_op_ReadReq.m_axi.i128P1A, i128 %gmem_addr_1, i32 1" [main.cpp:56->main.cpp:138->main.cpp:272]   --->   Operation 155 'readreq' 'gmem_load_6_req' <Predicate = true> <Delay = 7.30> <CoreInst = "m_axi">   --->   Core 121 'm_axi' <Latency = 0> <II = 1> <Delay = 1.00> <Adapter> <Opcode : 'read' 'write' 'readreq' 'writereq' 'writeresp'>

State 14 <SV = 13> <Delay = 7.30>
ST_14 : Operation 156 [59/71] (7.30ns)   --->   "%gmem_load_5_req = readreq i1 @_ssdm_op_ReadReq.m_axi.i128P1A, i128 %gmem_addr, i32 1" [main.cpp:54->main.cpp:138->main.cpp:272]   --->   Operation 156 'readreq' 'gmem_load_5_req' <Predicate = true> <Delay = 7.30> <CoreInst = "m_axi">   --->   Core 121 'm_axi' <Latency = 0> <II = 1> <Delay = 1.00> <Adapter> <Opcode : 'read' 'write' 'readreq' 'writereq' 'writeresp'>
ST_14 : Operation 157 [60/71] (7.30ns)   --->   "%gmem_load_6_req = readreq i1 @_ssdm_op_ReadReq.m_axi.i128P1A, i128 %gmem_addr_1, i32 1" [main.cpp:56->main.cpp:138->main.cpp:272]   --->   Operation 157 'readreq' 'gmem_load_6_req' <Predicate = true> <Delay = 7.30> <CoreInst = "m_axi">   --->   Core 121 'm_axi' <Latency = 0> <II = 1> <Delay = 1.00> <Adapter> <Opcode : 'read' 'write' 'readreq' 'writereq' 'writeresp'>

State 15 <SV = 14> <Delay = 7.30>
ST_15 : Operation 158 [58/71] (7.30ns)   --->   "%gmem_load_5_req = readreq i1 @_ssdm_op_ReadReq.m_axi.i128P1A, i128 %gmem_addr, i32 1" [main.cpp:54->main.cpp:138->main.cpp:272]   --->   Operation 158 'readreq' 'gmem_load_5_req' <Predicate = true> <Delay = 7.30> <CoreInst = "m_axi">   --->   Core 121 'm_axi' <Latency = 0> <II = 1> <Delay = 1.00> <Adapter> <Opcode : 'read' 'write' 'readreq' 'writereq' 'writeresp'>
ST_15 : Operation 159 [59/71] (7.30ns)   --->   "%gmem_load_6_req = readreq i1 @_ssdm_op_ReadReq.m_axi.i128P1A, i128 %gmem_addr_1, i32 1" [main.cpp:56->main.cpp:138->main.cpp:272]   --->   Operation 159 'readreq' 'gmem_load_6_req' <Predicate = true> <Delay = 7.30> <CoreInst = "m_axi">   --->   Core 121 'm_axi' <Latency = 0> <II = 1> <Delay = 1.00> <Adapter> <Opcode : 'read' 'write' 'readreq' 'writereq' 'writeresp'>

State 16 <SV = 15> <Delay = 7.30>
ST_16 : Operation 160 [57/71] (7.30ns)   --->   "%gmem_load_5_req = readreq i1 @_ssdm_op_ReadReq.m_axi.i128P1A, i128 %gmem_addr, i32 1" [main.cpp:54->main.cpp:138->main.cpp:272]   --->   Operation 160 'readreq' 'gmem_load_5_req' <Predicate = true> <Delay = 7.30> <CoreInst = "m_axi">   --->   Core 121 'm_axi' <Latency = 0> <II = 1> <Delay = 1.00> <Adapter> <Opcode : 'read' 'write' 'readreq' 'writereq' 'writeresp'>
ST_16 : Operation 161 [58/71] (7.30ns)   --->   "%gmem_load_6_req = readreq i1 @_ssdm_op_ReadReq.m_axi.i128P1A, i128 %gmem_addr_1, i32 1" [main.cpp:56->main.cpp:138->main.cpp:272]   --->   Operation 161 'readreq' 'gmem_load_6_req' <Predicate = true> <Delay = 7.30> <CoreInst = "m_axi">   --->   Core 121 'm_axi' <Latency = 0> <II = 1> <Delay = 1.00> <Adapter> <Opcode : 'read' 'write' 'readreq' 'writereq' 'writeresp'>

State 17 <SV = 16> <Delay = 7.30>
ST_17 : Operation 162 [56/71] (7.30ns)   --->   "%gmem_load_5_req = readreq i1 @_ssdm_op_ReadReq.m_axi.i128P1A, i128 %gmem_addr, i32 1" [main.cpp:54->main.cpp:138->main.cpp:272]   --->   Operation 162 'readreq' 'gmem_load_5_req' <Predicate = true> <Delay = 7.30> <CoreInst = "m_axi">   --->   Core 121 'm_axi' <Latency = 0> <II = 1> <Delay = 1.00> <Adapter> <Opcode : 'read' 'write' 'readreq' 'writereq' 'writeresp'>
ST_17 : Operation 163 [57/71] (7.30ns)   --->   "%gmem_load_6_req = readreq i1 @_ssdm_op_ReadReq.m_axi.i128P1A, i128 %gmem_addr_1, i32 1" [main.cpp:56->main.cpp:138->main.cpp:272]   --->   Operation 163 'readreq' 'gmem_load_6_req' <Predicate = true> <Delay = 7.30> <CoreInst = "m_axi">   --->   Core 121 'm_axi' <Latency = 0> <II = 1> <Delay = 1.00> <Adapter> <Opcode : 'read' 'write' 'readreq' 'writereq' 'writeresp'>

State 18 <SV = 17> <Delay = 7.30>
ST_18 : Operation 164 [55/71] (7.30ns)   --->   "%gmem_load_5_req = readreq i1 @_ssdm_op_ReadReq.m_axi.i128P1A, i128 %gmem_addr, i32 1" [main.cpp:54->main.cpp:138->main.cpp:272]   --->   Operation 164 'readreq' 'gmem_load_5_req' <Predicate = true> <Delay = 7.30> <CoreInst = "m_axi">   --->   Core 121 'm_axi' <Latency = 0> <II = 1> <Delay = 1.00> <Adapter> <Opcode : 'read' 'write' 'readreq' 'writereq' 'writeresp'>
ST_18 : Operation 165 [56/71] (7.30ns)   --->   "%gmem_load_6_req = readreq i1 @_ssdm_op_ReadReq.m_axi.i128P1A, i128 %gmem_addr_1, i32 1" [main.cpp:56->main.cpp:138->main.cpp:272]   --->   Operation 165 'readreq' 'gmem_load_6_req' <Predicate = true> <Delay = 7.30> <CoreInst = "m_axi">   --->   Core 121 'm_axi' <Latency = 0> <II = 1> <Delay = 1.00> <Adapter> <Opcode : 'read' 'write' 'readreq' 'writereq' 'writeresp'>

State 19 <SV = 18> <Delay = 7.30>
ST_19 : Operation 166 [54/71] (7.30ns)   --->   "%gmem_load_5_req = readreq i1 @_ssdm_op_ReadReq.m_axi.i128P1A, i128 %gmem_addr, i32 1" [main.cpp:54->main.cpp:138->main.cpp:272]   --->   Operation 166 'readreq' 'gmem_load_5_req' <Predicate = true> <Delay = 7.30> <CoreInst = "m_axi">   --->   Core 121 'm_axi' <Latency = 0> <II = 1> <Delay = 1.00> <Adapter> <Opcode : 'read' 'write' 'readreq' 'writereq' 'writeresp'>
ST_19 : Operation 167 [55/71] (7.30ns)   --->   "%gmem_load_6_req = readreq i1 @_ssdm_op_ReadReq.m_axi.i128P1A, i128 %gmem_addr_1, i32 1" [main.cpp:56->main.cpp:138->main.cpp:272]   --->   Operation 167 'readreq' 'gmem_load_6_req' <Predicate = true> <Delay = 7.30> <CoreInst = "m_axi">   --->   Core 121 'm_axi' <Latency = 0> <II = 1> <Delay = 1.00> <Adapter> <Opcode : 'read' 'write' 'readreq' 'writereq' 'writeresp'>

State 20 <SV = 19> <Delay = 7.30>
ST_20 : Operation 168 [53/71] (7.30ns)   --->   "%gmem_load_5_req = readreq i1 @_ssdm_op_ReadReq.m_axi.i128P1A, i128 %gmem_addr, i32 1" [main.cpp:54->main.cpp:138->main.cpp:272]   --->   Operation 168 'readreq' 'gmem_load_5_req' <Predicate = true> <Delay = 7.30> <CoreInst = "m_axi">   --->   Core 121 'm_axi' <Latency = 0> <II = 1> <Delay = 1.00> <Adapter> <Opcode : 'read' 'write' 'readreq' 'writereq' 'writeresp'>
ST_20 : Operation 169 [54/71] (7.30ns)   --->   "%gmem_load_6_req = readreq i1 @_ssdm_op_ReadReq.m_axi.i128P1A, i128 %gmem_addr_1, i32 1" [main.cpp:56->main.cpp:138->main.cpp:272]   --->   Operation 169 'readreq' 'gmem_load_6_req' <Predicate = true> <Delay = 7.30> <CoreInst = "m_axi">   --->   Core 121 'm_axi' <Latency = 0> <II = 1> <Delay = 1.00> <Adapter> <Opcode : 'read' 'write' 'readreq' 'writereq' 'writeresp'>

State 21 <SV = 20> <Delay = 7.30>
ST_21 : Operation 170 [52/71] (7.30ns)   --->   "%gmem_load_5_req = readreq i1 @_ssdm_op_ReadReq.m_axi.i128P1A, i128 %gmem_addr, i32 1" [main.cpp:54->main.cpp:138->main.cpp:272]   --->   Operation 170 'readreq' 'gmem_load_5_req' <Predicate = true> <Delay = 7.30> <CoreInst = "m_axi">   --->   Core 121 'm_axi' <Latency = 0> <II = 1> <Delay = 1.00> <Adapter> <Opcode : 'read' 'write' 'readreq' 'writereq' 'writeresp'>
ST_21 : Operation 171 [53/71] (7.30ns)   --->   "%gmem_load_6_req = readreq i1 @_ssdm_op_ReadReq.m_axi.i128P1A, i128 %gmem_addr_1, i32 1" [main.cpp:56->main.cpp:138->main.cpp:272]   --->   Operation 171 'readreq' 'gmem_load_6_req' <Predicate = true> <Delay = 7.30> <CoreInst = "m_axi">   --->   Core 121 'm_axi' <Latency = 0> <II = 1> <Delay = 1.00> <Adapter> <Opcode : 'read' 'write' 'readreq' 'writereq' 'writeresp'>

State 22 <SV = 21> <Delay = 7.30>
ST_22 : Operation 172 [51/71] (7.30ns)   --->   "%gmem_load_5_req = readreq i1 @_ssdm_op_ReadReq.m_axi.i128P1A, i128 %gmem_addr, i32 1" [main.cpp:54->main.cpp:138->main.cpp:272]   --->   Operation 172 'readreq' 'gmem_load_5_req' <Predicate = true> <Delay = 7.30> <CoreInst = "m_axi">   --->   Core 121 'm_axi' <Latency = 0> <II = 1> <Delay = 1.00> <Adapter> <Opcode : 'read' 'write' 'readreq' 'writereq' 'writeresp'>
ST_22 : Operation 173 [52/71] (7.30ns)   --->   "%gmem_load_6_req = readreq i1 @_ssdm_op_ReadReq.m_axi.i128P1A, i128 %gmem_addr_1, i32 1" [main.cpp:56->main.cpp:138->main.cpp:272]   --->   Operation 173 'readreq' 'gmem_load_6_req' <Predicate = true> <Delay = 7.30> <CoreInst = "m_axi">   --->   Core 121 'm_axi' <Latency = 0> <II = 1> <Delay = 1.00> <Adapter> <Opcode : 'read' 'write' 'readreq' 'writereq' 'writeresp'>

State 23 <SV = 22> <Delay = 7.30>
ST_23 : Operation 174 [50/71] (7.30ns)   --->   "%gmem_load_5_req = readreq i1 @_ssdm_op_ReadReq.m_axi.i128P1A, i128 %gmem_addr, i32 1" [main.cpp:54->main.cpp:138->main.cpp:272]   --->   Operation 174 'readreq' 'gmem_load_5_req' <Predicate = true> <Delay = 7.30> <CoreInst = "m_axi">   --->   Core 121 'm_axi' <Latency = 0> <II = 1> <Delay = 1.00> <Adapter> <Opcode : 'read' 'write' 'readreq' 'writereq' 'writeresp'>
ST_23 : Operation 175 [51/71] (7.30ns)   --->   "%gmem_load_6_req = readreq i1 @_ssdm_op_ReadReq.m_axi.i128P1A, i128 %gmem_addr_1, i32 1" [main.cpp:56->main.cpp:138->main.cpp:272]   --->   Operation 175 'readreq' 'gmem_load_6_req' <Predicate = true> <Delay = 7.30> <CoreInst = "m_axi">   --->   Core 121 'm_axi' <Latency = 0> <II = 1> <Delay = 1.00> <Adapter> <Opcode : 'read' 'write' 'readreq' 'writereq' 'writeresp'>

State 24 <SV = 23> <Delay = 7.30>
ST_24 : Operation 176 [49/71] (7.30ns)   --->   "%gmem_load_5_req = readreq i1 @_ssdm_op_ReadReq.m_axi.i128P1A, i128 %gmem_addr, i32 1" [main.cpp:54->main.cpp:138->main.cpp:272]   --->   Operation 176 'readreq' 'gmem_load_5_req' <Predicate = true> <Delay = 7.30> <CoreInst = "m_axi">   --->   Core 121 'm_axi' <Latency = 0> <II = 1> <Delay = 1.00> <Adapter> <Opcode : 'read' 'write' 'readreq' 'writereq' 'writeresp'>
ST_24 : Operation 177 [50/71] (7.30ns)   --->   "%gmem_load_6_req = readreq i1 @_ssdm_op_ReadReq.m_axi.i128P1A, i128 %gmem_addr_1, i32 1" [main.cpp:56->main.cpp:138->main.cpp:272]   --->   Operation 177 'readreq' 'gmem_load_6_req' <Predicate = true> <Delay = 7.30> <CoreInst = "m_axi">   --->   Core 121 'm_axi' <Latency = 0> <II = 1> <Delay = 1.00> <Adapter> <Opcode : 'read' 'write' 'readreq' 'writereq' 'writeresp'>

State 25 <SV = 24> <Delay = 7.30>
ST_25 : Operation 178 [48/71] (7.30ns)   --->   "%gmem_load_5_req = readreq i1 @_ssdm_op_ReadReq.m_axi.i128P1A, i128 %gmem_addr, i32 1" [main.cpp:54->main.cpp:138->main.cpp:272]   --->   Operation 178 'readreq' 'gmem_load_5_req' <Predicate = true> <Delay = 7.30> <CoreInst = "m_axi">   --->   Core 121 'm_axi' <Latency = 0> <II = 1> <Delay = 1.00> <Adapter> <Opcode : 'read' 'write' 'readreq' 'writereq' 'writeresp'>
ST_25 : Operation 179 [49/71] (7.30ns)   --->   "%gmem_load_6_req = readreq i1 @_ssdm_op_ReadReq.m_axi.i128P1A, i128 %gmem_addr_1, i32 1" [main.cpp:56->main.cpp:138->main.cpp:272]   --->   Operation 179 'readreq' 'gmem_load_6_req' <Predicate = true> <Delay = 7.30> <CoreInst = "m_axi">   --->   Core 121 'm_axi' <Latency = 0> <II = 1> <Delay = 1.00> <Adapter> <Opcode : 'read' 'write' 'readreq' 'writereq' 'writeresp'>

State 26 <SV = 25> <Delay = 7.30>
ST_26 : Operation 180 [47/71] (7.30ns)   --->   "%gmem_load_5_req = readreq i1 @_ssdm_op_ReadReq.m_axi.i128P1A, i128 %gmem_addr, i32 1" [main.cpp:54->main.cpp:138->main.cpp:272]   --->   Operation 180 'readreq' 'gmem_load_5_req' <Predicate = true> <Delay = 7.30> <CoreInst = "m_axi">   --->   Core 121 'm_axi' <Latency = 0> <II = 1> <Delay = 1.00> <Adapter> <Opcode : 'read' 'write' 'readreq' 'writereq' 'writeresp'>
ST_26 : Operation 181 [48/71] (7.30ns)   --->   "%gmem_load_6_req = readreq i1 @_ssdm_op_ReadReq.m_axi.i128P1A, i128 %gmem_addr_1, i32 1" [main.cpp:56->main.cpp:138->main.cpp:272]   --->   Operation 181 'readreq' 'gmem_load_6_req' <Predicate = true> <Delay = 7.30> <CoreInst = "m_axi">   --->   Core 121 'm_axi' <Latency = 0> <II = 1> <Delay = 1.00> <Adapter> <Opcode : 'read' 'write' 'readreq' 'writereq' 'writeresp'>

State 27 <SV = 26> <Delay = 7.30>
ST_27 : Operation 182 [46/71] (7.30ns)   --->   "%gmem_load_5_req = readreq i1 @_ssdm_op_ReadReq.m_axi.i128P1A, i128 %gmem_addr, i32 1" [main.cpp:54->main.cpp:138->main.cpp:272]   --->   Operation 182 'readreq' 'gmem_load_5_req' <Predicate = true> <Delay = 7.30> <CoreInst = "m_axi">   --->   Core 121 'm_axi' <Latency = 0> <II = 1> <Delay = 1.00> <Adapter> <Opcode : 'read' 'write' 'readreq' 'writereq' 'writeresp'>
ST_27 : Operation 183 [47/71] (7.30ns)   --->   "%gmem_load_6_req = readreq i1 @_ssdm_op_ReadReq.m_axi.i128P1A, i128 %gmem_addr_1, i32 1" [main.cpp:56->main.cpp:138->main.cpp:272]   --->   Operation 183 'readreq' 'gmem_load_6_req' <Predicate = true> <Delay = 7.30> <CoreInst = "m_axi">   --->   Core 121 'm_axi' <Latency = 0> <II = 1> <Delay = 1.00> <Adapter> <Opcode : 'read' 'write' 'readreq' 'writereq' 'writeresp'>

State 28 <SV = 27> <Delay = 7.30>
ST_28 : Operation 184 [45/71] (7.30ns)   --->   "%gmem_load_5_req = readreq i1 @_ssdm_op_ReadReq.m_axi.i128P1A, i128 %gmem_addr, i32 1" [main.cpp:54->main.cpp:138->main.cpp:272]   --->   Operation 184 'readreq' 'gmem_load_5_req' <Predicate = true> <Delay = 7.30> <CoreInst = "m_axi">   --->   Core 121 'm_axi' <Latency = 0> <II = 1> <Delay = 1.00> <Adapter> <Opcode : 'read' 'write' 'readreq' 'writereq' 'writeresp'>
ST_28 : Operation 185 [46/71] (7.30ns)   --->   "%gmem_load_6_req = readreq i1 @_ssdm_op_ReadReq.m_axi.i128P1A, i128 %gmem_addr_1, i32 1" [main.cpp:56->main.cpp:138->main.cpp:272]   --->   Operation 185 'readreq' 'gmem_load_6_req' <Predicate = true> <Delay = 7.30> <CoreInst = "m_axi">   --->   Core 121 'm_axi' <Latency = 0> <II = 1> <Delay = 1.00> <Adapter> <Opcode : 'read' 'write' 'readreq' 'writereq' 'writeresp'>

State 29 <SV = 28> <Delay = 7.30>
ST_29 : Operation 186 [44/71] (7.30ns)   --->   "%gmem_load_5_req = readreq i1 @_ssdm_op_ReadReq.m_axi.i128P1A, i128 %gmem_addr, i32 1" [main.cpp:54->main.cpp:138->main.cpp:272]   --->   Operation 186 'readreq' 'gmem_load_5_req' <Predicate = true> <Delay = 7.30> <CoreInst = "m_axi">   --->   Core 121 'm_axi' <Latency = 0> <II = 1> <Delay = 1.00> <Adapter> <Opcode : 'read' 'write' 'readreq' 'writereq' 'writeresp'>
ST_29 : Operation 187 [45/71] (7.30ns)   --->   "%gmem_load_6_req = readreq i1 @_ssdm_op_ReadReq.m_axi.i128P1A, i128 %gmem_addr_1, i32 1" [main.cpp:56->main.cpp:138->main.cpp:272]   --->   Operation 187 'readreq' 'gmem_load_6_req' <Predicate = true> <Delay = 7.30> <CoreInst = "m_axi">   --->   Core 121 'm_axi' <Latency = 0> <II = 1> <Delay = 1.00> <Adapter> <Opcode : 'read' 'write' 'readreq' 'writereq' 'writeresp'>

State 30 <SV = 29> <Delay = 7.30>
ST_30 : Operation 188 [43/71] (7.30ns)   --->   "%gmem_load_5_req = readreq i1 @_ssdm_op_ReadReq.m_axi.i128P1A, i128 %gmem_addr, i32 1" [main.cpp:54->main.cpp:138->main.cpp:272]   --->   Operation 188 'readreq' 'gmem_load_5_req' <Predicate = true> <Delay = 7.30> <CoreInst = "m_axi">   --->   Core 121 'm_axi' <Latency = 0> <II = 1> <Delay = 1.00> <Adapter> <Opcode : 'read' 'write' 'readreq' 'writereq' 'writeresp'>
ST_30 : Operation 189 [44/71] (7.30ns)   --->   "%gmem_load_6_req = readreq i1 @_ssdm_op_ReadReq.m_axi.i128P1A, i128 %gmem_addr_1, i32 1" [main.cpp:56->main.cpp:138->main.cpp:272]   --->   Operation 189 'readreq' 'gmem_load_6_req' <Predicate = true> <Delay = 7.30> <CoreInst = "m_axi">   --->   Core 121 'm_axi' <Latency = 0> <II = 1> <Delay = 1.00> <Adapter> <Opcode : 'read' 'write' 'readreq' 'writereq' 'writeresp'>

State 31 <SV = 30> <Delay = 7.30>
ST_31 : Operation 190 [42/71] (7.30ns)   --->   "%gmem_load_5_req = readreq i1 @_ssdm_op_ReadReq.m_axi.i128P1A, i128 %gmem_addr, i32 1" [main.cpp:54->main.cpp:138->main.cpp:272]   --->   Operation 190 'readreq' 'gmem_load_5_req' <Predicate = true> <Delay = 7.30> <CoreInst = "m_axi">   --->   Core 121 'm_axi' <Latency = 0> <II = 1> <Delay = 1.00> <Adapter> <Opcode : 'read' 'write' 'readreq' 'writereq' 'writeresp'>
ST_31 : Operation 191 [43/71] (7.30ns)   --->   "%gmem_load_6_req = readreq i1 @_ssdm_op_ReadReq.m_axi.i128P1A, i128 %gmem_addr_1, i32 1" [main.cpp:56->main.cpp:138->main.cpp:272]   --->   Operation 191 'readreq' 'gmem_load_6_req' <Predicate = true> <Delay = 7.30> <CoreInst = "m_axi">   --->   Core 121 'm_axi' <Latency = 0> <II = 1> <Delay = 1.00> <Adapter> <Opcode : 'read' 'write' 'readreq' 'writereq' 'writeresp'>

State 32 <SV = 31> <Delay = 7.30>
ST_32 : Operation 192 [41/71] (7.30ns)   --->   "%gmem_load_5_req = readreq i1 @_ssdm_op_ReadReq.m_axi.i128P1A, i128 %gmem_addr, i32 1" [main.cpp:54->main.cpp:138->main.cpp:272]   --->   Operation 192 'readreq' 'gmem_load_5_req' <Predicate = true> <Delay = 7.30> <CoreInst = "m_axi">   --->   Core 121 'm_axi' <Latency = 0> <II = 1> <Delay = 1.00> <Adapter> <Opcode : 'read' 'write' 'readreq' 'writereq' 'writeresp'>
ST_32 : Operation 193 [42/71] (7.30ns)   --->   "%gmem_load_6_req = readreq i1 @_ssdm_op_ReadReq.m_axi.i128P1A, i128 %gmem_addr_1, i32 1" [main.cpp:56->main.cpp:138->main.cpp:272]   --->   Operation 193 'readreq' 'gmem_load_6_req' <Predicate = true> <Delay = 7.30> <CoreInst = "m_axi">   --->   Core 121 'm_axi' <Latency = 0> <II = 1> <Delay = 1.00> <Adapter> <Opcode : 'read' 'write' 'readreq' 'writereq' 'writeresp'>

State 33 <SV = 32> <Delay = 7.30>
ST_33 : Operation 194 [40/71] (7.30ns)   --->   "%gmem_load_5_req = readreq i1 @_ssdm_op_ReadReq.m_axi.i128P1A, i128 %gmem_addr, i32 1" [main.cpp:54->main.cpp:138->main.cpp:272]   --->   Operation 194 'readreq' 'gmem_load_5_req' <Predicate = true> <Delay = 7.30> <CoreInst = "m_axi">   --->   Core 121 'm_axi' <Latency = 0> <II = 1> <Delay = 1.00> <Adapter> <Opcode : 'read' 'write' 'readreq' 'writereq' 'writeresp'>
ST_33 : Operation 195 [41/71] (7.30ns)   --->   "%gmem_load_6_req = readreq i1 @_ssdm_op_ReadReq.m_axi.i128P1A, i128 %gmem_addr_1, i32 1" [main.cpp:56->main.cpp:138->main.cpp:272]   --->   Operation 195 'readreq' 'gmem_load_6_req' <Predicate = true> <Delay = 7.30> <CoreInst = "m_axi">   --->   Core 121 'm_axi' <Latency = 0> <II = 1> <Delay = 1.00> <Adapter> <Opcode : 'read' 'write' 'readreq' 'writereq' 'writeresp'>

State 34 <SV = 33> <Delay = 7.30>
ST_34 : Operation 196 [39/71] (7.30ns)   --->   "%gmem_load_5_req = readreq i1 @_ssdm_op_ReadReq.m_axi.i128P1A, i128 %gmem_addr, i32 1" [main.cpp:54->main.cpp:138->main.cpp:272]   --->   Operation 196 'readreq' 'gmem_load_5_req' <Predicate = true> <Delay = 7.30> <CoreInst = "m_axi">   --->   Core 121 'm_axi' <Latency = 0> <II = 1> <Delay = 1.00> <Adapter> <Opcode : 'read' 'write' 'readreq' 'writereq' 'writeresp'>
ST_34 : Operation 197 [40/71] (7.30ns)   --->   "%gmem_load_6_req = readreq i1 @_ssdm_op_ReadReq.m_axi.i128P1A, i128 %gmem_addr_1, i32 1" [main.cpp:56->main.cpp:138->main.cpp:272]   --->   Operation 197 'readreq' 'gmem_load_6_req' <Predicate = true> <Delay = 7.30> <CoreInst = "m_axi">   --->   Core 121 'm_axi' <Latency = 0> <II = 1> <Delay = 1.00> <Adapter> <Opcode : 'read' 'write' 'readreq' 'writereq' 'writeresp'>

State 35 <SV = 34> <Delay = 7.30>
ST_35 : Operation 198 [38/71] (7.30ns)   --->   "%gmem_load_5_req = readreq i1 @_ssdm_op_ReadReq.m_axi.i128P1A, i128 %gmem_addr, i32 1" [main.cpp:54->main.cpp:138->main.cpp:272]   --->   Operation 198 'readreq' 'gmem_load_5_req' <Predicate = true> <Delay = 7.30> <CoreInst = "m_axi">   --->   Core 121 'm_axi' <Latency = 0> <II = 1> <Delay = 1.00> <Adapter> <Opcode : 'read' 'write' 'readreq' 'writereq' 'writeresp'>
ST_35 : Operation 199 [39/71] (7.30ns)   --->   "%gmem_load_6_req = readreq i1 @_ssdm_op_ReadReq.m_axi.i128P1A, i128 %gmem_addr_1, i32 1" [main.cpp:56->main.cpp:138->main.cpp:272]   --->   Operation 199 'readreq' 'gmem_load_6_req' <Predicate = true> <Delay = 7.30> <CoreInst = "m_axi">   --->   Core 121 'm_axi' <Latency = 0> <II = 1> <Delay = 1.00> <Adapter> <Opcode : 'read' 'write' 'readreq' 'writereq' 'writeresp'>

State 36 <SV = 35> <Delay = 7.30>
ST_36 : Operation 200 [37/71] (7.30ns)   --->   "%gmem_load_5_req = readreq i1 @_ssdm_op_ReadReq.m_axi.i128P1A, i128 %gmem_addr, i32 1" [main.cpp:54->main.cpp:138->main.cpp:272]   --->   Operation 200 'readreq' 'gmem_load_5_req' <Predicate = true> <Delay = 7.30> <CoreInst = "m_axi">   --->   Core 121 'm_axi' <Latency = 0> <II = 1> <Delay = 1.00> <Adapter> <Opcode : 'read' 'write' 'readreq' 'writereq' 'writeresp'>
ST_36 : Operation 201 [38/71] (7.30ns)   --->   "%gmem_load_6_req = readreq i1 @_ssdm_op_ReadReq.m_axi.i128P1A, i128 %gmem_addr_1, i32 1" [main.cpp:56->main.cpp:138->main.cpp:272]   --->   Operation 201 'readreq' 'gmem_load_6_req' <Predicate = true> <Delay = 7.30> <CoreInst = "m_axi">   --->   Core 121 'm_axi' <Latency = 0> <II = 1> <Delay = 1.00> <Adapter> <Opcode : 'read' 'write' 'readreq' 'writereq' 'writeresp'>

State 37 <SV = 36> <Delay = 7.30>
ST_37 : Operation 202 [36/71] (7.30ns)   --->   "%gmem_load_5_req = readreq i1 @_ssdm_op_ReadReq.m_axi.i128P1A, i128 %gmem_addr, i32 1" [main.cpp:54->main.cpp:138->main.cpp:272]   --->   Operation 202 'readreq' 'gmem_load_5_req' <Predicate = true> <Delay = 7.30> <CoreInst = "m_axi">   --->   Core 121 'm_axi' <Latency = 0> <II = 1> <Delay = 1.00> <Adapter> <Opcode : 'read' 'write' 'readreq' 'writereq' 'writeresp'>
ST_37 : Operation 203 [37/71] (7.30ns)   --->   "%gmem_load_6_req = readreq i1 @_ssdm_op_ReadReq.m_axi.i128P1A, i128 %gmem_addr_1, i32 1" [main.cpp:56->main.cpp:138->main.cpp:272]   --->   Operation 203 'readreq' 'gmem_load_6_req' <Predicate = true> <Delay = 7.30> <CoreInst = "m_axi">   --->   Core 121 'm_axi' <Latency = 0> <II = 1> <Delay = 1.00> <Adapter> <Opcode : 'read' 'write' 'readreq' 'writereq' 'writeresp'>

State 38 <SV = 37> <Delay = 7.30>
ST_38 : Operation 204 [35/71] (7.30ns)   --->   "%gmem_load_5_req = readreq i1 @_ssdm_op_ReadReq.m_axi.i128P1A, i128 %gmem_addr, i32 1" [main.cpp:54->main.cpp:138->main.cpp:272]   --->   Operation 204 'readreq' 'gmem_load_5_req' <Predicate = true> <Delay = 7.30> <CoreInst = "m_axi">   --->   Core 121 'm_axi' <Latency = 0> <II = 1> <Delay = 1.00> <Adapter> <Opcode : 'read' 'write' 'readreq' 'writereq' 'writeresp'>
ST_38 : Operation 205 [36/71] (7.30ns)   --->   "%gmem_load_6_req = readreq i1 @_ssdm_op_ReadReq.m_axi.i128P1A, i128 %gmem_addr_1, i32 1" [main.cpp:56->main.cpp:138->main.cpp:272]   --->   Operation 205 'readreq' 'gmem_load_6_req' <Predicate = true> <Delay = 7.30> <CoreInst = "m_axi">   --->   Core 121 'm_axi' <Latency = 0> <II = 1> <Delay = 1.00> <Adapter> <Opcode : 'read' 'write' 'readreq' 'writereq' 'writeresp'>

State 39 <SV = 38> <Delay = 7.30>
ST_39 : Operation 206 [34/71] (7.30ns)   --->   "%gmem_load_5_req = readreq i1 @_ssdm_op_ReadReq.m_axi.i128P1A, i128 %gmem_addr, i32 1" [main.cpp:54->main.cpp:138->main.cpp:272]   --->   Operation 206 'readreq' 'gmem_load_5_req' <Predicate = true> <Delay = 7.30> <CoreInst = "m_axi">   --->   Core 121 'm_axi' <Latency = 0> <II = 1> <Delay = 1.00> <Adapter> <Opcode : 'read' 'write' 'readreq' 'writereq' 'writeresp'>
ST_39 : Operation 207 [35/71] (7.30ns)   --->   "%gmem_load_6_req = readreq i1 @_ssdm_op_ReadReq.m_axi.i128P1A, i128 %gmem_addr_1, i32 1" [main.cpp:56->main.cpp:138->main.cpp:272]   --->   Operation 207 'readreq' 'gmem_load_6_req' <Predicate = true> <Delay = 7.30> <CoreInst = "m_axi">   --->   Core 121 'm_axi' <Latency = 0> <II = 1> <Delay = 1.00> <Adapter> <Opcode : 'read' 'write' 'readreq' 'writereq' 'writeresp'>

State 40 <SV = 39> <Delay = 7.30>
ST_40 : Operation 208 [33/71] (7.30ns)   --->   "%gmem_load_5_req = readreq i1 @_ssdm_op_ReadReq.m_axi.i128P1A, i128 %gmem_addr, i32 1" [main.cpp:54->main.cpp:138->main.cpp:272]   --->   Operation 208 'readreq' 'gmem_load_5_req' <Predicate = true> <Delay = 7.30> <CoreInst = "m_axi">   --->   Core 121 'm_axi' <Latency = 0> <II = 1> <Delay = 1.00> <Adapter> <Opcode : 'read' 'write' 'readreq' 'writereq' 'writeresp'>
ST_40 : Operation 209 [34/71] (7.30ns)   --->   "%gmem_load_6_req = readreq i1 @_ssdm_op_ReadReq.m_axi.i128P1A, i128 %gmem_addr_1, i32 1" [main.cpp:56->main.cpp:138->main.cpp:272]   --->   Operation 209 'readreq' 'gmem_load_6_req' <Predicate = true> <Delay = 7.30> <CoreInst = "m_axi">   --->   Core 121 'm_axi' <Latency = 0> <II = 1> <Delay = 1.00> <Adapter> <Opcode : 'read' 'write' 'readreq' 'writereq' 'writeresp'>

State 41 <SV = 40> <Delay = 7.30>
ST_41 : Operation 210 [32/71] (7.30ns)   --->   "%gmem_load_5_req = readreq i1 @_ssdm_op_ReadReq.m_axi.i128P1A, i128 %gmem_addr, i32 1" [main.cpp:54->main.cpp:138->main.cpp:272]   --->   Operation 210 'readreq' 'gmem_load_5_req' <Predicate = true> <Delay = 7.30> <CoreInst = "m_axi">   --->   Core 121 'm_axi' <Latency = 0> <II = 1> <Delay = 1.00> <Adapter> <Opcode : 'read' 'write' 'readreq' 'writereq' 'writeresp'>
ST_41 : Operation 211 [33/71] (7.30ns)   --->   "%gmem_load_6_req = readreq i1 @_ssdm_op_ReadReq.m_axi.i128P1A, i128 %gmem_addr_1, i32 1" [main.cpp:56->main.cpp:138->main.cpp:272]   --->   Operation 211 'readreq' 'gmem_load_6_req' <Predicate = true> <Delay = 7.30> <CoreInst = "m_axi">   --->   Core 121 'm_axi' <Latency = 0> <II = 1> <Delay = 1.00> <Adapter> <Opcode : 'read' 'write' 'readreq' 'writereq' 'writeresp'>

State 42 <SV = 41> <Delay = 7.30>
ST_42 : Operation 212 [31/71] (7.30ns)   --->   "%gmem_load_5_req = readreq i1 @_ssdm_op_ReadReq.m_axi.i128P1A, i128 %gmem_addr, i32 1" [main.cpp:54->main.cpp:138->main.cpp:272]   --->   Operation 212 'readreq' 'gmem_load_5_req' <Predicate = true> <Delay = 7.30> <CoreInst = "m_axi">   --->   Core 121 'm_axi' <Latency = 0> <II = 1> <Delay = 1.00> <Adapter> <Opcode : 'read' 'write' 'readreq' 'writereq' 'writeresp'>
ST_42 : Operation 213 [32/71] (7.30ns)   --->   "%gmem_load_6_req = readreq i1 @_ssdm_op_ReadReq.m_axi.i128P1A, i128 %gmem_addr_1, i32 1" [main.cpp:56->main.cpp:138->main.cpp:272]   --->   Operation 213 'readreq' 'gmem_load_6_req' <Predicate = true> <Delay = 7.30> <CoreInst = "m_axi">   --->   Core 121 'm_axi' <Latency = 0> <II = 1> <Delay = 1.00> <Adapter> <Opcode : 'read' 'write' 'readreq' 'writereq' 'writeresp'>

State 43 <SV = 42> <Delay = 7.30>
ST_43 : Operation 214 [30/71] (7.30ns)   --->   "%gmem_load_5_req = readreq i1 @_ssdm_op_ReadReq.m_axi.i128P1A, i128 %gmem_addr, i32 1" [main.cpp:54->main.cpp:138->main.cpp:272]   --->   Operation 214 'readreq' 'gmem_load_5_req' <Predicate = true> <Delay = 7.30> <CoreInst = "m_axi">   --->   Core 121 'm_axi' <Latency = 0> <II = 1> <Delay = 1.00> <Adapter> <Opcode : 'read' 'write' 'readreq' 'writereq' 'writeresp'>
ST_43 : Operation 215 [31/71] (7.30ns)   --->   "%gmem_load_6_req = readreq i1 @_ssdm_op_ReadReq.m_axi.i128P1A, i128 %gmem_addr_1, i32 1" [main.cpp:56->main.cpp:138->main.cpp:272]   --->   Operation 215 'readreq' 'gmem_load_6_req' <Predicate = true> <Delay = 7.30> <CoreInst = "m_axi">   --->   Core 121 'm_axi' <Latency = 0> <II = 1> <Delay = 1.00> <Adapter> <Opcode : 'read' 'write' 'readreq' 'writereq' 'writeresp'>

State 44 <SV = 43> <Delay = 7.30>
ST_44 : Operation 216 [29/71] (7.30ns)   --->   "%gmem_load_5_req = readreq i1 @_ssdm_op_ReadReq.m_axi.i128P1A, i128 %gmem_addr, i32 1" [main.cpp:54->main.cpp:138->main.cpp:272]   --->   Operation 216 'readreq' 'gmem_load_5_req' <Predicate = true> <Delay = 7.30> <CoreInst = "m_axi">   --->   Core 121 'm_axi' <Latency = 0> <II = 1> <Delay = 1.00> <Adapter> <Opcode : 'read' 'write' 'readreq' 'writereq' 'writeresp'>
ST_44 : Operation 217 [30/71] (7.30ns)   --->   "%gmem_load_6_req = readreq i1 @_ssdm_op_ReadReq.m_axi.i128P1A, i128 %gmem_addr_1, i32 1" [main.cpp:56->main.cpp:138->main.cpp:272]   --->   Operation 217 'readreq' 'gmem_load_6_req' <Predicate = true> <Delay = 7.30> <CoreInst = "m_axi">   --->   Core 121 'm_axi' <Latency = 0> <II = 1> <Delay = 1.00> <Adapter> <Opcode : 'read' 'write' 'readreq' 'writereq' 'writeresp'>

State 45 <SV = 44> <Delay = 7.30>
ST_45 : Operation 218 [28/71] (7.30ns)   --->   "%gmem_load_5_req = readreq i1 @_ssdm_op_ReadReq.m_axi.i128P1A, i128 %gmem_addr, i32 1" [main.cpp:54->main.cpp:138->main.cpp:272]   --->   Operation 218 'readreq' 'gmem_load_5_req' <Predicate = true> <Delay = 7.30> <CoreInst = "m_axi">   --->   Core 121 'm_axi' <Latency = 0> <II = 1> <Delay = 1.00> <Adapter> <Opcode : 'read' 'write' 'readreq' 'writereq' 'writeresp'>
ST_45 : Operation 219 [29/71] (7.30ns)   --->   "%gmem_load_6_req = readreq i1 @_ssdm_op_ReadReq.m_axi.i128P1A, i128 %gmem_addr_1, i32 1" [main.cpp:56->main.cpp:138->main.cpp:272]   --->   Operation 219 'readreq' 'gmem_load_6_req' <Predicate = true> <Delay = 7.30> <CoreInst = "m_axi">   --->   Core 121 'm_axi' <Latency = 0> <II = 1> <Delay = 1.00> <Adapter> <Opcode : 'read' 'write' 'readreq' 'writereq' 'writeresp'>

State 46 <SV = 45> <Delay = 7.30>
ST_46 : Operation 220 [27/71] (7.30ns)   --->   "%gmem_load_5_req = readreq i1 @_ssdm_op_ReadReq.m_axi.i128P1A, i128 %gmem_addr, i32 1" [main.cpp:54->main.cpp:138->main.cpp:272]   --->   Operation 220 'readreq' 'gmem_load_5_req' <Predicate = true> <Delay = 7.30> <CoreInst = "m_axi">   --->   Core 121 'm_axi' <Latency = 0> <II = 1> <Delay = 1.00> <Adapter> <Opcode : 'read' 'write' 'readreq' 'writereq' 'writeresp'>
ST_46 : Operation 221 [28/71] (7.30ns)   --->   "%gmem_load_6_req = readreq i1 @_ssdm_op_ReadReq.m_axi.i128P1A, i128 %gmem_addr_1, i32 1" [main.cpp:56->main.cpp:138->main.cpp:272]   --->   Operation 221 'readreq' 'gmem_load_6_req' <Predicate = true> <Delay = 7.30> <CoreInst = "m_axi">   --->   Core 121 'm_axi' <Latency = 0> <II = 1> <Delay = 1.00> <Adapter> <Opcode : 'read' 'write' 'readreq' 'writereq' 'writeresp'>

State 47 <SV = 46> <Delay = 7.30>
ST_47 : Operation 222 [26/71] (7.30ns)   --->   "%gmem_load_5_req = readreq i1 @_ssdm_op_ReadReq.m_axi.i128P1A, i128 %gmem_addr, i32 1" [main.cpp:54->main.cpp:138->main.cpp:272]   --->   Operation 222 'readreq' 'gmem_load_5_req' <Predicate = true> <Delay = 7.30> <CoreInst = "m_axi">   --->   Core 121 'm_axi' <Latency = 0> <II = 1> <Delay = 1.00> <Adapter> <Opcode : 'read' 'write' 'readreq' 'writereq' 'writeresp'>
ST_47 : Operation 223 [27/71] (7.30ns)   --->   "%gmem_load_6_req = readreq i1 @_ssdm_op_ReadReq.m_axi.i128P1A, i128 %gmem_addr_1, i32 1" [main.cpp:56->main.cpp:138->main.cpp:272]   --->   Operation 223 'readreq' 'gmem_load_6_req' <Predicate = true> <Delay = 7.30> <CoreInst = "m_axi">   --->   Core 121 'm_axi' <Latency = 0> <II = 1> <Delay = 1.00> <Adapter> <Opcode : 'read' 'write' 'readreq' 'writereq' 'writeresp'>

State 48 <SV = 47> <Delay = 7.30>
ST_48 : Operation 224 [25/71] (7.30ns)   --->   "%gmem_load_5_req = readreq i1 @_ssdm_op_ReadReq.m_axi.i128P1A, i128 %gmem_addr, i32 1" [main.cpp:54->main.cpp:138->main.cpp:272]   --->   Operation 224 'readreq' 'gmem_load_5_req' <Predicate = true> <Delay = 7.30> <CoreInst = "m_axi">   --->   Core 121 'm_axi' <Latency = 0> <II = 1> <Delay = 1.00> <Adapter> <Opcode : 'read' 'write' 'readreq' 'writereq' 'writeresp'>
ST_48 : Operation 225 [26/71] (7.30ns)   --->   "%gmem_load_6_req = readreq i1 @_ssdm_op_ReadReq.m_axi.i128P1A, i128 %gmem_addr_1, i32 1" [main.cpp:56->main.cpp:138->main.cpp:272]   --->   Operation 225 'readreq' 'gmem_load_6_req' <Predicate = true> <Delay = 7.30> <CoreInst = "m_axi">   --->   Core 121 'm_axi' <Latency = 0> <II = 1> <Delay = 1.00> <Adapter> <Opcode : 'read' 'write' 'readreq' 'writereq' 'writeresp'>

State 49 <SV = 48> <Delay = 7.30>
ST_49 : Operation 226 [24/71] (7.30ns)   --->   "%gmem_load_5_req = readreq i1 @_ssdm_op_ReadReq.m_axi.i128P1A, i128 %gmem_addr, i32 1" [main.cpp:54->main.cpp:138->main.cpp:272]   --->   Operation 226 'readreq' 'gmem_load_5_req' <Predicate = true> <Delay = 7.30> <CoreInst = "m_axi">   --->   Core 121 'm_axi' <Latency = 0> <II = 1> <Delay = 1.00> <Adapter> <Opcode : 'read' 'write' 'readreq' 'writereq' 'writeresp'>
ST_49 : Operation 227 [25/71] (7.30ns)   --->   "%gmem_load_6_req = readreq i1 @_ssdm_op_ReadReq.m_axi.i128P1A, i128 %gmem_addr_1, i32 1" [main.cpp:56->main.cpp:138->main.cpp:272]   --->   Operation 227 'readreq' 'gmem_load_6_req' <Predicate = true> <Delay = 7.30> <CoreInst = "m_axi">   --->   Core 121 'm_axi' <Latency = 0> <II = 1> <Delay = 1.00> <Adapter> <Opcode : 'read' 'write' 'readreq' 'writereq' 'writeresp'>

State 50 <SV = 49> <Delay = 7.30>
ST_50 : Operation 228 [23/71] (7.30ns)   --->   "%gmem_load_5_req = readreq i1 @_ssdm_op_ReadReq.m_axi.i128P1A, i128 %gmem_addr, i32 1" [main.cpp:54->main.cpp:138->main.cpp:272]   --->   Operation 228 'readreq' 'gmem_load_5_req' <Predicate = true> <Delay = 7.30> <CoreInst = "m_axi">   --->   Core 121 'm_axi' <Latency = 0> <II = 1> <Delay = 1.00> <Adapter> <Opcode : 'read' 'write' 'readreq' 'writereq' 'writeresp'>
ST_50 : Operation 229 [24/71] (7.30ns)   --->   "%gmem_load_6_req = readreq i1 @_ssdm_op_ReadReq.m_axi.i128P1A, i128 %gmem_addr_1, i32 1" [main.cpp:56->main.cpp:138->main.cpp:272]   --->   Operation 229 'readreq' 'gmem_load_6_req' <Predicate = true> <Delay = 7.30> <CoreInst = "m_axi">   --->   Core 121 'm_axi' <Latency = 0> <II = 1> <Delay = 1.00> <Adapter> <Opcode : 'read' 'write' 'readreq' 'writereq' 'writeresp'>

State 51 <SV = 50> <Delay = 7.30>
ST_51 : Operation 230 [22/71] (7.30ns)   --->   "%gmem_load_5_req = readreq i1 @_ssdm_op_ReadReq.m_axi.i128P1A, i128 %gmem_addr, i32 1" [main.cpp:54->main.cpp:138->main.cpp:272]   --->   Operation 230 'readreq' 'gmem_load_5_req' <Predicate = true> <Delay = 7.30> <CoreInst = "m_axi">   --->   Core 121 'm_axi' <Latency = 0> <II = 1> <Delay = 1.00> <Adapter> <Opcode : 'read' 'write' 'readreq' 'writereq' 'writeresp'>
ST_51 : Operation 231 [23/71] (7.30ns)   --->   "%gmem_load_6_req = readreq i1 @_ssdm_op_ReadReq.m_axi.i128P1A, i128 %gmem_addr_1, i32 1" [main.cpp:56->main.cpp:138->main.cpp:272]   --->   Operation 231 'readreq' 'gmem_load_6_req' <Predicate = true> <Delay = 7.30> <CoreInst = "m_axi">   --->   Core 121 'm_axi' <Latency = 0> <II = 1> <Delay = 1.00> <Adapter> <Opcode : 'read' 'write' 'readreq' 'writereq' 'writeresp'>

State 52 <SV = 51> <Delay = 7.30>
ST_52 : Operation 232 [21/71] (7.30ns)   --->   "%gmem_load_5_req = readreq i1 @_ssdm_op_ReadReq.m_axi.i128P1A, i128 %gmem_addr, i32 1" [main.cpp:54->main.cpp:138->main.cpp:272]   --->   Operation 232 'readreq' 'gmem_load_5_req' <Predicate = true> <Delay = 7.30> <CoreInst = "m_axi">   --->   Core 121 'm_axi' <Latency = 0> <II = 1> <Delay = 1.00> <Adapter> <Opcode : 'read' 'write' 'readreq' 'writereq' 'writeresp'>
ST_52 : Operation 233 [22/71] (7.30ns)   --->   "%gmem_load_6_req = readreq i1 @_ssdm_op_ReadReq.m_axi.i128P1A, i128 %gmem_addr_1, i32 1" [main.cpp:56->main.cpp:138->main.cpp:272]   --->   Operation 233 'readreq' 'gmem_load_6_req' <Predicate = true> <Delay = 7.30> <CoreInst = "m_axi">   --->   Core 121 'm_axi' <Latency = 0> <II = 1> <Delay = 1.00> <Adapter> <Opcode : 'read' 'write' 'readreq' 'writereq' 'writeresp'>

State 53 <SV = 52> <Delay = 7.30>
ST_53 : Operation 234 [20/71] (7.30ns)   --->   "%gmem_load_5_req = readreq i1 @_ssdm_op_ReadReq.m_axi.i128P1A, i128 %gmem_addr, i32 1" [main.cpp:54->main.cpp:138->main.cpp:272]   --->   Operation 234 'readreq' 'gmem_load_5_req' <Predicate = true> <Delay = 7.30> <CoreInst = "m_axi">   --->   Core 121 'm_axi' <Latency = 0> <II = 1> <Delay = 1.00> <Adapter> <Opcode : 'read' 'write' 'readreq' 'writereq' 'writeresp'>
ST_53 : Operation 235 [21/71] (7.30ns)   --->   "%gmem_load_6_req = readreq i1 @_ssdm_op_ReadReq.m_axi.i128P1A, i128 %gmem_addr_1, i32 1" [main.cpp:56->main.cpp:138->main.cpp:272]   --->   Operation 235 'readreq' 'gmem_load_6_req' <Predicate = true> <Delay = 7.30> <CoreInst = "m_axi">   --->   Core 121 'm_axi' <Latency = 0> <II = 1> <Delay = 1.00> <Adapter> <Opcode : 'read' 'write' 'readreq' 'writereq' 'writeresp'>

State 54 <SV = 53> <Delay = 7.30>
ST_54 : Operation 236 [19/71] (7.30ns)   --->   "%gmem_load_5_req = readreq i1 @_ssdm_op_ReadReq.m_axi.i128P1A, i128 %gmem_addr, i32 1" [main.cpp:54->main.cpp:138->main.cpp:272]   --->   Operation 236 'readreq' 'gmem_load_5_req' <Predicate = true> <Delay = 7.30> <CoreInst = "m_axi">   --->   Core 121 'm_axi' <Latency = 0> <II = 1> <Delay = 1.00> <Adapter> <Opcode : 'read' 'write' 'readreq' 'writereq' 'writeresp'>
ST_54 : Operation 237 [20/71] (7.30ns)   --->   "%gmem_load_6_req = readreq i1 @_ssdm_op_ReadReq.m_axi.i128P1A, i128 %gmem_addr_1, i32 1" [main.cpp:56->main.cpp:138->main.cpp:272]   --->   Operation 237 'readreq' 'gmem_load_6_req' <Predicate = true> <Delay = 7.30> <CoreInst = "m_axi">   --->   Core 121 'm_axi' <Latency = 0> <II = 1> <Delay = 1.00> <Adapter> <Opcode : 'read' 'write' 'readreq' 'writereq' 'writeresp'>

State 55 <SV = 54> <Delay = 7.30>
ST_55 : Operation 238 [18/71] (7.30ns)   --->   "%gmem_load_5_req = readreq i1 @_ssdm_op_ReadReq.m_axi.i128P1A, i128 %gmem_addr, i32 1" [main.cpp:54->main.cpp:138->main.cpp:272]   --->   Operation 238 'readreq' 'gmem_load_5_req' <Predicate = true> <Delay = 7.30> <CoreInst = "m_axi">   --->   Core 121 'm_axi' <Latency = 0> <II = 1> <Delay = 1.00> <Adapter> <Opcode : 'read' 'write' 'readreq' 'writereq' 'writeresp'>
ST_55 : Operation 239 [19/71] (7.30ns)   --->   "%gmem_load_6_req = readreq i1 @_ssdm_op_ReadReq.m_axi.i128P1A, i128 %gmem_addr_1, i32 1" [main.cpp:56->main.cpp:138->main.cpp:272]   --->   Operation 239 'readreq' 'gmem_load_6_req' <Predicate = true> <Delay = 7.30> <CoreInst = "m_axi">   --->   Core 121 'm_axi' <Latency = 0> <II = 1> <Delay = 1.00> <Adapter> <Opcode : 'read' 'write' 'readreq' 'writereq' 'writeresp'>

State 56 <SV = 55> <Delay = 7.30>
ST_56 : Operation 240 [17/71] (7.30ns)   --->   "%gmem_load_5_req = readreq i1 @_ssdm_op_ReadReq.m_axi.i128P1A, i128 %gmem_addr, i32 1" [main.cpp:54->main.cpp:138->main.cpp:272]   --->   Operation 240 'readreq' 'gmem_load_5_req' <Predicate = true> <Delay = 7.30> <CoreInst = "m_axi">   --->   Core 121 'm_axi' <Latency = 0> <II = 1> <Delay = 1.00> <Adapter> <Opcode : 'read' 'write' 'readreq' 'writereq' 'writeresp'>
ST_56 : Operation 241 [18/71] (7.30ns)   --->   "%gmem_load_6_req = readreq i1 @_ssdm_op_ReadReq.m_axi.i128P1A, i128 %gmem_addr_1, i32 1" [main.cpp:56->main.cpp:138->main.cpp:272]   --->   Operation 241 'readreq' 'gmem_load_6_req' <Predicate = true> <Delay = 7.30> <CoreInst = "m_axi">   --->   Core 121 'm_axi' <Latency = 0> <II = 1> <Delay = 1.00> <Adapter> <Opcode : 'read' 'write' 'readreq' 'writereq' 'writeresp'>

State 57 <SV = 56> <Delay = 7.30>
ST_57 : Operation 242 [16/71] (7.30ns)   --->   "%gmem_load_5_req = readreq i1 @_ssdm_op_ReadReq.m_axi.i128P1A, i128 %gmem_addr, i32 1" [main.cpp:54->main.cpp:138->main.cpp:272]   --->   Operation 242 'readreq' 'gmem_load_5_req' <Predicate = true> <Delay = 7.30> <CoreInst = "m_axi">   --->   Core 121 'm_axi' <Latency = 0> <II = 1> <Delay = 1.00> <Adapter> <Opcode : 'read' 'write' 'readreq' 'writereq' 'writeresp'>
ST_57 : Operation 243 [17/71] (7.30ns)   --->   "%gmem_load_6_req = readreq i1 @_ssdm_op_ReadReq.m_axi.i128P1A, i128 %gmem_addr_1, i32 1" [main.cpp:56->main.cpp:138->main.cpp:272]   --->   Operation 243 'readreq' 'gmem_load_6_req' <Predicate = true> <Delay = 7.30> <CoreInst = "m_axi">   --->   Core 121 'm_axi' <Latency = 0> <II = 1> <Delay = 1.00> <Adapter> <Opcode : 'read' 'write' 'readreq' 'writereq' 'writeresp'>

State 58 <SV = 57> <Delay = 7.30>
ST_58 : Operation 244 [15/71] (7.30ns)   --->   "%gmem_load_5_req = readreq i1 @_ssdm_op_ReadReq.m_axi.i128P1A, i128 %gmem_addr, i32 1" [main.cpp:54->main.cpp:138->main.cpp:272]   --->   Operation 244 'readreq' 'gmem_load_5_req' <Predicate = true> <Delay = 7.30> <CoreInst = "m_axi">   --->   Core 121 'm_axi' <Latency = 0> <II = 1> <Delay = 1.00> <Adapter> <Opcode : 'read' 'write' 'readreq' 'writereq' 'writeresp'>
ST_58 : Operation 245 [16/71] (7.30ns)   --->   "%gmem_load_6_req = readreq i1 @_ssdm_op_ReadReq.m_axi.i128P1A, i128 %gmem_addr_1, i32 1" [main.cpp:56->main.cpp:138->main.cpp:272]   --->   Operation 245 'readreq' 'gmem_load_6_req' <Predicate = true> <Delay = 7.30> <CoreInst = "m_axi">   --->   Core 121 'm_axi' <Latency = 0> <II = 1> <Delay = 1.00> <Adapter> <Opcode : 'read' 'write' 'readreq' 'writereq' 'writeresp'>

State 59 <SV = 58> <Delay = 7.30>
ST_59 : Operation 246 [14/71] (7.30ns)   --->   "%gmem_load_5_req = readreq i1 @_ssdm_op_ReadReq.m_axi.i128P1A, i128 %gmem_addr, i32 1" [main.cpp:54->main.cpp:138->main.cpp:272]   --->   Operation 246 'readreq' 'gmem_load_5_req' <Predicate = true> <Delay = 7.30> <CoreInst = "m_axi">   --->   Core 121 'm_axi' <Latency = 0> <II = 1> <Delay = 1.00> <Adapter> <Opcode : 'read' 'write' 'readreq' 'writereq' 'writeresp'>
ST_59 : Operation 247 [15/71] (7.30ns)   --->   "%gmem_load_6_req = readreq i1 @_ssdm_op_ReadReq.m_axi.i128P1A, i128 %gmem_addr_1, i32 1" [main.cpp:56->main.cpp:138->main.cpp:272]   --->   Operation 247 'readreq' 'gmem_load_6_req' <Predicate = true> <Delay = 7.30> <CoreInst = "m_axi">   --->   Core 121 'm_axi' <Latency = 0> <II = 1> <Delay = 1.00> <Adapter> <Opcode : 'read' 'write' 'readreq' 'writereq' 'writeresp'>

State 60 <SV = 59> <Delay = 7.30>
ST_60 : Operation 248 [13/71] (7.30ns)   --->   "%gmem_load_5_req = readreq i1 @_ssdm_op_ReadReq.m_axi.i128P1A, i128 %gmem_addr, i32 1" [main.cpp:54->main.cpp:138->main.cpp:272]   --->   Operation 248 'readreq' 'gmem_load_5_req' <Predicate = true> <Delay = 7.30> <CoreInst = "m_axi">   --->   Core 121 'm_axi' <Latency = 0> <II = 1> <Delay = 1.00> <Adapter> <Opcode : 'read' 'write' 'readreq' 'writereq' 'writeresp'>
ST_60 : Operation 249 [14/71] (7.30ns)   --->   "%gmem_load_6_req = readreq i1 @_ssdm_op_ReadReq.m_axi.i128P1A, i128 %gmem_addr_1, i32 1" [main.cpp:56->main.cpp:138->main.cpp:272]   --->   Operation 249 'readreq' 'gmem_load_6_req' <Predicate = true> <Delay = 7.30> <CoreInst = "m_axi">   --->   Core 121 'm_axi' <Latency = 0> <II = 1> <Delay = 1.00> <Adapter> <Opcode : 'read' 'write' 'readreq' 'writereq' 'writeresp'>

State 61 <SV = 60> <Delay = 7.30>
ST_61 : Operation 250 [12/71] (7.30ns)   --->   "%gmem_load_5_req = readreq i1 @_ssdm_op_ReadReq.m_axi.i128P1A, i128 %gmem_addr, i32 1" [main.cpp:54->main.cpp:138->main.cpp:272]   --->   Operation 250 'readreq' 'gmem_load_5_req' <Predicate = true> <Delay = 7.30> <CoreInst = "m_axi">   --->   Core 121 'm_axi' <Latency = 0> <II = 1> <Delay = 1.00> <Adapter> <Opcode : 'read' 'write' 'readreq' 'writereq' 'writeresp'>
ST_61 : Operation 251 [13/71] (7.30ns)   --->   "%gmem_load_6_req = readreq i1 @_ssdm_op_ReadReq.m_axi.i128P1A, i128 %gmem_addr_1, i32 1" [main.cpp:56->main.cpp:138->main.cpp:272]   --->   Operation 251 'readreq' 'gmem_load_6_req' <Predicate = true> <Delay = 7.30> <CoreInst = "m_axi">   --->   Core 121 'm_axi' <Latency = 0> <II = 1> <Delay = 1.00> <Adapter> <Opcode : 'read' 'write' 'readreq' 'writereq' 'writeresp'>

State 62 <SV = 61> <Delay = 7.30>
ST_62 : Operation 252 [11/71] (7.30ns)   --->   "%gmem_load_5_req = readreq i1 @_ssdm_op_ReadReq.m_axi.i128P1A, i128 %gmem_addr, i32 1" [main.cpp:54->main.cpp:138->main.cpp:272]   --->   Operation 252 'readreq' 'gmem_load_5_req' <Predicate = true> <Delay = 7.30> <CoreInst = "m_axi">   --->   Core 121 'm_axi' <Latency = 0> <II = 1> <Delay = 1.00> <Adapter> <Opcode : 'read' 'write' 'readreq' 'writereq' 'writeresp'>
ST_62 : Operation 253 [12/71] (7.30ns)   --->   "%gmem_load_6_req = readreq i1 @_ssdm_op_ReadReq.m_axi.i128P1A, i128 %gmem_addr_1, i32 1" [main.cpp:56->main.cpp:138->main.cpp:272]   --->   Operation 253 'readreq' 'gmem_load_6_req' <Predicate = true> <Delay = 7.30> <CoreInst = "m_axi">   --->   Core 121 'm_axi' <Latency = 0> <II = 1> <Delay = 1.00> <Adapter> <Opcode : 'read' 'write' 'readreq' 'writereq' 'writeresp'>

State 63 <SV = 62> <Delay = 7.30>
ST_63 : Operation 254 [10/71] (7.30ns)   --->   "%gmem_load_5_req = readreq i1 @_ssdm_op_ReadReq.m_axi.i128P1A, i128 %gmem_addr, i32 1" [main.cpp:54->main.cpp:138->main.cpp:272]   --->   Operation 254 'readreq' 'gmem_load_5_req' <Predicate = true> <Delay = 7.30> <CoreInst = "m_axi">   --->   Core 121 'm_axi' <Latency = 0> <II = 1> <Delay = 1.00> <Adapter> <Opcode : 'read' 'write' 'readreq' 'writereq' 'writeresp'>
ST_63 : Operation 255 [11/71] (7.30ns)   --->   "%gmem_load_6_req = readreq i1 @_ssdm_op_ReadReq.m_axi.i128P1A, i128 %gmem_addr_1, i32 1" [main.cpp:56->main.cpp:138->main.cpp:272]   --->   Operation 255 'readreq' 'gmem_load_6_req' <Predicate = true> <Delay = 7.30> <CoreInst = "m_axi">   --->   Core 121 'm_axi' <Latency = 0> <II = 1> <Delay = 1.00> <Adapter> <Opcode : 'read' 'write' 'readreq' 'writereq' 'writeresp'>

State 64 <SV = 63> <Delay = 7.30>
ST_64 : Operation 256 [9/71] (7.30ns)   --->   "%gmem_load_5_req = readreq i1 @_ssdm_op_ReadReq.m_axi.i128P1A, i128 %gmem_addr, i32 1" [main.cpp:54->main.cpp:138->main.cpp:272]   --->   Operation 256 'readreq' 'gmem_load_5_req' <Predicate = true> <Delay = 7.30> <CoreInst = "m_axi">   --->   Core 121 'm_axi' <Latency = 0> <II = 1> <Delay = 1.00> <Adapter> <Opcode : 'read' 'write' 'readreq' 'writereq' 'writeresp'>
ST_64 : Operation 257 [10/71] (7.30ns)   --->   "%gmem_load_6_req = readreq i1 @_ssdm_op_ReadReq.m_axi.i128P1A, i128 %gmem_addr_1, i32 1" [main.cpp:56->main.cpp:138->main.cpp:272]   --->   Operation 257 'readreq' 'gmem_load_6_req' <Predicate = true> <Delay = 7.30> <CoreInst = "m_axi">   --->   Core 121 'm_axi' <Latency = 0> <II = 1> <Delay = 1.00> <Adapter> <Opcode : 'read' 'write' 'readreq' 'writereq' 'writeresp'>

State 65 <SV = 64> <Delay = 7.30>
ST_65 : Operation 258 [8/71] (7.30ns)   --->   "%gmem_load_5_req = readreq i1 @_ssdm_op_ReadReq.m_axi.i128P1A, i128 %gmem_addr, i32 1" [main.cpp:54->main.cpp:138->main.cpp:272]   --->   Operation 258 'readreq' 'gmem_load_5_req' <Predicate = true> <Delay = 7.30> <CoreInst = "m_axi">   --->   Core 121 'm_axi' <Latency = 0> <II = 1> <Delay = 1.00> <Adapter> <Opcode : 'read' 'write' 'readreq' 'writereq' 'writeresp'>
ST_65 : Operation 259 [9/71] (7.30ns)   --->   "%gmem_load_6_req = readreq i1 @_ssdm_op_ReadReq.m_axi.i128P1A, i128 %gmem_addr_1, i32 1" [main.cpp:56->main.cpp:138->main.cpp:272]   --->   Operation 259 'readreq' 'gmem_load_6_req' <Predicate = true> <Delay = 7.30> <CoreInst = "m_axi">   --->   Core 121 'm_axi' <Latency = 0> <II = 1> <Delay = 1.00> <Adapter> <Opcode : 'read' 'write' 'readreq' 'writereq' 'writeresp'>

State 66 <SV = 65> <Delay = 7.30>
ST_66 : Operation 260 [7/71] (7.30ns)   --->   "%gmem_load_5_req = readreq i1 @_ssdm_op_ReadReq.m_axi.i128P1A, i128 %gmem_addr, i32 1" [main.cpp:54->main.cpp:138->main.cpp:272]   --->   Operation 260 'readreq' 'gmem_load_5_req' <Predicate = true> <Delay = 7.30> <CoreInst = "m_axi">   --->   Core 121 'm_axi' <Latency = 0> <II = 1> <Delay = 1.00> <Adapter> <Opcode : 'read' 'write' 'readreq' 'writereq' 'writeresp'>
ST_66 : Operation 261 [8/71] (7.30ns)   --->   "%gmem_load_6_req = readreq i1 @_ssdm_op_ReadReq.m_axi.i128P1A, i128 %gmem_addr_1, i32 1" [main.cpp:56->main.cpp:138->main.cpp:272]   --->   Operation 261 'readreq' 'gmem_load_6_req' <Predicate = true> <Delay = 7.30> <CoreInst = "m_axi">   --->   Core 121 'm_axi' <Latency = 0> <II = 1> <Delay = 1.00> <Adapter> <Opcode : 'read' 'write' 'readreq' 'writereq' 'writeresp'>

State 67 <SV = 66> <Delay = 7.30>
ST_67 : Operation 262 [6/71] (7.30ns)   --->   "%gmem_load_5_req = readreq i1 @_ssdm_op_ReadReq.m_axi.i128P1A, i128 %gmem_addr, i32 1" [main.cpp:54->main.cpp:138->main.cpp:272]   --->   Operation 262 'readreq' 'gmem_load_5_req' <Predicate = true> <Delay = 7.30> <CoreInst = "m_axi">   --->   Core 121 'm_axi' <Latency = 0> <II = 1> <Delay = 1.00> <Adapter> <Opcode : 'read' 'write' 'readreq' 'writereq' 'writeresp'>
ST_67 : Operation 263 [7/71] (7.30ns)   --->   "%gmem_load_6_req = readreq i1 @_ssdm_op_ReadReq.m_axi.i128P1A, i128 %gmem_addr_1, i32 1" [main.cpp:56->main.cpp:138->main.cpp:272]   --->   Operation 263 'readreq' 'gmem_load_6_req' <Predicate = true> <Delay = 7.30> <CoreInst = "m_axi">   --->   Core 121 'm_axi' <Latency = 0> <II = 1> <Delay = 1.00> <Adapter> <Opcode : 'read' 'write' 'readreq' 'writereq' 'writeresp'>

State 68 <SV = 67> <Delay = 7.30>
ST_68 : Operation 264 [5/71] (7.30ns)   --->   "%gmem_load_5_req = readreq i1 @_ssdm_op_ReadReq.m_axi.i128P1A, i128 %gmem_addr, i32 1" [main.cpp:54->main.cpp:138->main.cpp:272]   --->   Operation 264 'readreq' 'gmem_load_5_req' <Predicate = true> <Delay = 7.30> <CoreInst = "m_axi">   --->   Core 121 'm_axi' <Latency = 0> <II = 1> <Delay = 1.00> <Adapter> <Opcode : 'read' 'write' 'readreq' 'writereq' 'writeresp'>
ST_68 : Operation 265 [6/71] (7.30ns)   --->   "%gmem_load_6_req = readreq i1 @_ssdm_op_ReadReq.m_axi.i128P1A, i128 %gmem_addr_1, i32 1" [main.cpp:56->main.cpp:138->main.cpp:272]   --->   Operation 265 'readreq' 'gmem_load_6_req' <Predicate = true> <Delay = 7.30> <CoreInst = "m_axi">   --->   Core 121 'm_axi' <Latency = 0> <II = 1> <Delay = 1.00> <Adapter> <Opcode : 'read' 'write' 'readreq' 'writereq' 'writeresp'>

State 69 <SV = 68> <Delay = 7.30>
ST_69 : Operation 266 [4/71] (7.30ns)   --->   "%gmem_load_5_req = readreq i1 @_ssdm_op_ReadReq.m_axi.i128P1A, i128 %gmem_addr, i32 1" [main.cpp:54->main.cpp:138->main.cpp:272]   --->   Operation 266 'readreq' 'gmem_load_5_req' <Predicate = true> <Delay = 7.30> <CoreInst = "m_axi">   --->   Core 121 'm_axi' <Latency = 0> <II = 1> <Delay = 1.00> <Adapter> <Opcode : 'read' 'write' 'readreq' 'writereq' 'writeresp'>
ST_69 : Operation 267 [5/71] (7.30ns)   --->   "%gmem_load_6_req = readreq i1 @_ssdm_op_ReadReq.m_axi.i128P1A, i128 %gmem_addr_1, i32 1" [main.cpp:56->main.cpp:138->main.cpp:272]   --->   Operation 267 'readreq' 'gmem_load_6_req' <Predicate = true> <Delay = 7.30> <CoreInst = "m_axi">   --->   Core 121 'm_axi' <Latency = 0> <II = 1> <Delay = 1.00> <Adapter> <Opcode : 'read' 'write' 'readreq' 'writereq' 'writeresp'>

State 70 <SV = 69> <Delay = 7.30>
ST_70 : Operation 268 [3/71] (7.30ns)   --->   "%gmem_load_5_req = readreq i1 @_ssdm_op_ReadReq.m_axi.i128P1A, i128 %gmem_addr, i32 1" [main.cpp:54->main.cpp:138->main.cpp:272]   --->   Operation 268 'readreq' 'gmem_load_5_req' <Predicate = true> <Delay = 7.30> <CoreInst = "m_axi">   --->   Core 121 'm_axi' <Latency = 0> <II = 1> <Delay = 1.00> <Adapter> <Opcode : 'read' 'write' 'readreq' 'writereq' 'writeresp'>
ST_70 : Operation 269 [4/71] (7.30ns)   --->   "%gmem_load_6_req = readreq i1 @_ssdm_op_ReadReq.m_axi.i128P1A, i128 %gmem_addr_1, i32 1" [main.cpp:56->main.cpp:138->main.cpp:272]   --->   Operation 269 'readreq' 'gmem_load_6_req' <Predicate = true> <Delay = 7.30> <CoreInst = "m_axi">   --->   Core 121 'm_axi' <Latency = 0> <II = 1> <Delay = 1.00> <Adapter> <Opcode : 'read' 'write' 'readreq' 'writereq' 'writeresp'>

State 71 <SV = 70> <Delay = 7.30>
ST_71 : Operation 270 [2/71] (7.30ns)   --->   "%gmem_load_5_req = readreq i1 @_ssdm_op_ReadReq.m_axi.i128P1A, i128 %gmem_addr, i32 1" [main.cpp:54->main.cpp:138->main.cpp:272]   --->   Operation 270 'readreq' 'gmem_load_5_req' <Predicate = true> <Delay = 7.30> <CoreInst = "m_axi">   --->   Core 121 'm_axi' <Latency = 0> <II = 1> <Delay = 1.00> <Adapter> <Opcode : 'read' 'write' 'readreq' 'writereq' 'writeresp'>
ST_71 : Operation 271 [3/71] (7.30ns)   --->   "%gmem_load_6_req = readreq i1 @_ssdm_op_ReadReq.m_axi.i128P1A, i128 %gmem_addr_1, i32 1" [main.cpp:56->main.cpp:138->main.cpp:272]   --->   Operation 271 'readreq' 'gmem_load_6_req' <Predicate = true> <Delay = 7.30> <CoreInst = "m_axi">   --->   Core 121 'm_axi' <Latency = 0> <II = 1> <Delay = 1.00> <Adapter> <Opcode : 'read' 'write' 'readreq' 'writereq' 'writeresp'>

State 72 <SV = 71> <Delay = 7.30>
ST_72 : Operation 272 [1/71] (7.30ns)   --->   "%gmem_load_5_req = readreq i1 @_ssdm_op_ReadReq.m_axi.i128P1A, i128 %gmem_addr, i32 1" [main.cpp:54->main.cpp:138->main.cpp:272]   --->   Operation 272 'readreq' 'gmem_load_5_req' <Predicate = true> <Delay = 7.30> <CoreInst = "m_axi">   --->   Core 121 'm_axi' <Latency = 0> <II = 1> <Delay = 1.00> <Adapter> <Opcode : 'read' 'write' 'readreq' 'writereq' 'writeresp'>
ST_72 : Operation 273 [2/71] (7.30ns)   --->   "%gmem_load_6_req = readreq i1 @_ssdm_op_ReadReq.m_axi.i128P1A, i128 %gmem_addr_1, i32 1" [main.cpp:56->main.cpp:138->main.cpp:272]   --->   Operation 273 'readreq' 'gmem_load_6_req' <Predicate = true> <Delay = 7.30> <CoreInst = "m_axi">   --->   Core 121 'm_axi' <Latency = 0> <II = 1> <Delay = 1.00> <Adapter> <Opcode : 'read' 'write' 'readreq' 'writereq' 'writeresp'>

State 73 <SV = 72> <Delay = 7.30>
ST_73 : Operation 274 [1/1] (0.00ns)   --->   "%trunc_ln6 = bitconcatenate i4 @_ssdm_op_BitConcatenate.i4.i1.i3, i1 %trunc_ln54, i3 0" [main.cpp:54->main.cpp:138->main.cpp:272]   --->   Operation 274 'bitconcatenate' 'trunc_ln6' <Predicate = true> <Delay = 0.00>
ST_73 : Operation 275 [1/1] (7.30ns)   --->   "%gmem_addr_read = read i128 @_ssdm_op_Read.m_axi.i128P1A, i128 %gmem_addr" [main.cpp:54->main.cpp:138->main.cpp:272]   --->   Operation 275 'read' 'gmem_addr_read' <Predicate = true> <Delay = 7.30> <CoreInst = "m_axi">   --->   Core 121 'm_axi' <Latency = 0> <II = 1> <Delay = 1.00> <Adapter> <Opcode : 'read' 'write' 'readreq' 'writereq' 'writeresp'>
ST_73 : Operation 276 [1/1] (0.80ns)   --->   "%add_ln54_1 = add i4 %trunc_ln6, i4 %trunc_ln3_read" [main.cpp:54->main.cpp:138->main.cpp:272]   --->   Operation 276 'add' 'add_ln54_1' <Predicate = true> <Delay = 0.80> <CoreInst = "Adder">   --->   Core 1 'Adder' <Latency = 0> <II = 1> <Delay = 0.80> <FuncUnit> <Opcode : 'add' 'sub'> <InPorts = 2> <OutPorts = 1>
ST_73 : Operation 277 [1/71] (7.30ns)   --->   "%gmem_load_6_req = readreq i1 @_ssdm_op_ReadReq.m_axi.i128P1A, i128 %gmem_addr_1, i32 1" [main.cpp:56->main.cpp:138->main.cpp:272]   --->   Operation 277 'readreq' 'gmem_load_6_req' <Predicate = true> <Delay = 7.30> <CoreInst = "m_axi">   --->   Core 121 'm_axi' <Latency = 0> <II = 1> <Delay = 1.00> <Adapter> <Opcode : 'read' 'write' 'readreq' 'writereq' 'writeresp'>
ST_73 : Operation 278 [1/1] (0.80ns)   --->   "%add_ln56_1 = add i4 %trunc_ln6, i4 %trunc_ln_read" [main.cpp:56->main.cpp:138->main.cpp:272]   --->   Operation 278 'add' 'add_ln56_1' <Predicate = true> <Delay = 0.80> <CoreInst = "Adder">   --->   Core 1 'Adder' <Latency = 0> <II = 1> <Delay = 0.80> <FuncUnit> <Opcode : 'add' 'sub'> <InPorts = 2> <OutPorts = 1>

State 74 <SV = 73> <Delay = 7.30>
ST_74 : Operation 279 [1/1] (0.00ns)   --->   "%shl_ln54_1 = bitconcatenate i7 @_ssdm_op_BitConcatenate.i7.i4.i3, i4 %add_ln54_1, i3 0" [main.cpp:54->main.cpp:138->main.cpp:272]   --->   Operation 279 'bitconcatenate' 'shl_ln54_1' <Predicate = true> <Delay = 0.00>
ST_74 : Operation 280 [1/1] (0.00ns)   --->   "%zext_ln54_1 = zext i7 %shl_ln54_1" [main.cpp:54->main.cpp:138->main.cpp:272]   --->   Operation 280 'zext' 'zext_ln54_1' <Predicate = true> <Delay = 0.00>
ST_74 : Operation 281 [1/1] (1.40ns)   --->   "%lshr_ln54 = lshr i128 %gmem_addr_read, i128 %zext_ln54_1" [main.cpp:54->main.cpp:138->main.cpp:272]   --->   Operation 281 'lshr' 'lshr_ln54' <Predicate = true> <Delay = 1.40> <CoreInst = "Shifter">   --->   Core 75 'Shifter' <Latency = 0> <II = 1> <Delay = 1.40> <FuncUnit> <Opcode : 'shl' 'lshr' 'ashr'> <InPorts = 2> <OutPorts = 1>
ST_74 : Operation 282 [1/1] (0.00ns)   --->   "%trunc_ln54_1 = trunc i128 %lshr_ln54" [main.cpp:54->main.cpp:138->main.cpp:272]   --->   Operation 282 'trunc' 'trunc_ln54_1' <Predicate = true> <Delay = 0.00>
ST_74 : [1/1] (0.75ns)   --->   Input mux for Operation 283 '%sig = sitodp i64 %trunc_ln54_1'
ST_74 : Operation 283 [2/2] (4.89ns)   --->   "%sig = sitodp i64 %trunc_ln54_1" [main.cpp:54->main.cpp:138->main.cpp:272]   --->   Operation 283 'sitodp' 'sig' <Predicate = true> <Delay = 4.89> <CoreInst = "Int2Double">   --->   Core 66 'Int2Double' <Latency = 1> <II = 1> <Delay = 5.65> <FuncUnit> <Opcode : 'sitodp' 'uitodp'> <InPorts = 1> <OutPorts = 1>
ST_74 : Operation 284 [1/1] (7.30ns)   --->   "%gmem_addr_1_read = read i128 @_ssdm_op_Read.m_axi.i128P1A, i128 %gmem_addr_1" [main.cpp:56->main.cpp:138->main.cpp:272]   --->   Operation 284 'read' 'gmem_addr_1_read' <Predicate = true> <Delay = 7.30> <CoreInst = "m_axi">   --->   Core 121 'm_axi' <Latency = 0> <II = 1> <Delay = 1.00> <Adapter> <Opcode : 'read' 'write' 'readreq' 'writereq' 'writeresp'>

State 75 <SV = 74> <Delay = 7.06>
ST_75 : Operation 285 [1/2] (5.65ns)   --->   "%sig = sitodp i64 %trunc_ln54_1" [main.cpp:54->main.cpp:138->main.cpp:272]   --->   Operation 285 'sitodp' 'sig' <Predicate = true> <Delay = 5.65> <CoreInst = "Int2Double">   --->   Core 66 'Int2Double' <Latency = 1> <II = 1> <Delay = 5.65> <FuncUnit> <Opcode : 'sitodp' 'uitodp'> <InPorts = 1> <OutPorts = 1>
ST_75 : Operation 286 [1/1] (0.00ns)   --->   "%shl_ln4 = bitconcatenate i7 @_ssdm_op_BitConcatenate.i7.i4.i3, i4 %add_ln56_1, i3 0" [main.cpp:56->main.cpp:138->main.cpp:272]   --->   Operation 286 'bitconcatenate' 'shl_ln4' <Predicate = true> <Delay = 0.00>
ST_75 : Operation 287 [1/1] (0.00ns)   --->   "%zext_ln56 = zext i7 %shl_ln4" [main.cpp:56->main.cpp:138->main.cpp:272]   --->   Operation 287 'zext' 'zext_ln56' <Predicate = true> <Delay = 0.00>
ST_75 : Operation 288 [1/1] (1.40ns)   --->   "%lshr_ln56 = lshr i128 %gmem_addr_1_read, i128 %zext_ln56" [main.cpp:56->main.cpp:138->main.cpp:272]   --->   Operation 288 'lshr' 'lshr_ln56' <Predicate = true> <Delay = 1.40> <CoreInst = "Shifter">   --->   Core 75 'Shifter' <Latency = 0> <II = 1> <Delay = 1.40> <FuncUnit> <Opcode : 'shl' 'lshr' 'ashr'> <InPorts = 2> <OutPorts = 1>
ST_75 : Operation 289 [1/1] (0.00ns)   --->   "%trunc_ln56 = trunc i128 %lshr_ln56" [main.cpp:56->main.cpp:138->main.cpp:272]   --->   Operation 289 'trunc' 'trunc_ln56' <Predicate = true> <Delay = 0.00>
ST_75 : [1/1] (0.75ns)   --->   Input mux for Operation 290 '%conv3_i_i = sitodp i64 %trunc_ln56'
ST_75 : Operation 290 [2/2] (4.89ns)   --->   "%conv3_i_i = sitodp i64 %trunc_ln56" [main.cpp:56->main.cpp:138->main.cpp:272]   --->   Operation 290 'sitodp' 'conv3_i_i' <Predicate = true> <Delay = 4.89> <CoreInst = "Int2Double">   --->   Core 66 'Int2Double' <Latency = 1> <II = 1> <Delay = 5.65> <FuncUnit> <Opcode : 'sitodp' 'uitodp'> <InPorts = 1> <OutPorts = 1>

State 76 <SV = 75> <Delay = 7.15>
ST_76 : [1/1] (0.75ns)   --->   Input mux for Operation 291 '%overSig = ddiv i64 1, i64 %sig'
ST_76 : Operation 291 [13/13] (6.40ns)   --->   "%overSig = ddiv i64 1, i64 %sig" [main.cpp:55->main.cpp:138->main.cpp:272]   --->   Operation 291 'ddiv' 'overSig' <Predicate = true> <Delay = 6.40> <CoreInst = "DDiv">   --->   Core 39 'DDiv' <Latency = 12> <II = 1> <Delay = 7.15> <FuncUnit> <Opcode : 'ddiv' 'drem'> <InPorts = 2> <OutPorts = 1>
ST_76 : Operation 292 [1/2] (5.65ns)   --->   "%conv3_i_i = sitodp i64 %trunc_ln56" [main.cpp:56->main.cpp:138->main.cpp:272]   --->   Operation 292 'sitodp' 'conv3_i_i' <Predicate = true> <Delay = 5.65> <CoreInst = "Int2Double">   --->   Core 66 'Int2Double' <Latency = 1> <II = 1> <Delay = 5.65> <FuncUnit> <Opcode : 'sitodp' 'uitodp'> <InPorts = 1> <OutPorts = 1>

State 77 <SV = 76> <Delay = 7.15>
ST_77 : Operation 293 [12/13] (7.15ns)   --->   "%overSig = ddiv i64 1, i64 %sig" [main.cpp:55->main.cpp:138->main.cpp:272]   --->   Operation 293 'ddiv' 'overSig' <Predicate = true> <Delay = 7.15> <CoreInst = "DDiv">   --->   Core 39 'DDiv' <Latency = 12> <II = 1> <Delay = 7.15> <FuncUnit> <Opcode : 'ddiv' 'drem'> <InPorts = 2> <OutPorts = 1>

State 78 <SV = 77> <Delay = 7.15>
ST_78 : Operation 294 [11/13] (7.15ns)   --->   "%overSig = ddiv i64 1, i64 %sig" [main.cpp:55->main.cpp:138->main.cpp:272]   --->   Operation 294 'ddiv' 'overSig' <Predicate = true> <Delay = 7.15> <CoreInst = "DDiv">   --->   Core 39 'DDiv' <Latency = 12> <II = 1> <Delay = 7.15> <FuncUnit> <Opcode : 'ddiv' 'drem'> <InPorts = 2> <OutPorts = 1>

State 79 <SV = 78> <Delay = 7.15>
ST_79 : Operation 295 [10/13] (7.15ns)   --->   "%overSig = ddiv i64 1, i64 %sig" [main.cpp:55->main.cpp:138->main.cpp:272]   --->   Operation 295 'ddiv' 'overSig' <Predicate = true> <Delay = 7.15> <CoreInst = "DDiv">   --->   Core 39 'DDiv' <Latency = 12> <II = 1> <Delay = 7.15> <FuncUnit> <Opcode : 'ddiv' 'drem'> <InPorts = 2> <OutPorts = 1>

State 80 <SV = 79> <Delay = 7.15>
ST_80 : Operation 296 [9/13] (7.15ns)   --->   "%overSig = ddiv i64 1, i64 %sig" [main.cpp:55->main.cpp:138->main.cpp:272]   --->   Operation 296 'ddiv' 'overSig' <Predicate = true> <Delay = 7.15> <CoreInst = "DDiv">   --->   Core 39 'DDiv' <Latency = 12> <II = 1> <Delay = 7.15> <FuncUnit> <Opcode : 'ddiv' 'drem'> <InPorts = 2> <OutPorts = 1>

State 81 <SV = 80> <Delay = 7.15>
ST_81 : Operation 297 [8/13] (7.15ns)   --->   "%overSig = ddiv i64 1, i64 %sig" [main.cpp:55->main.cpp:138->main.cpp:272]   --->   Operation 297 'ddiv' 'overSig' <Predicate = true> <Delay = 7.15> <CoreInst = "DDiv">   --->   Core 39 'DDiv' <Latency = 12> <II = 1> <Delay = 7.15> <FuncUnit> <Opcode : 'ddiv' 'drem'> <InPorts = 2> <OutPorts = 1>

State 82 <SV = 81> <Delay = 7.15>
ST_82 : Operation 298 [7/13] (7.15ns)   --->   "%overSig = ddiv i64 1, i64 %sig" [main.cpp:55->main.cpp:138->main.cpp:272]   --->   Operation 298 'ddiv' 'overSig' <Predicate = true> <Delay = 7.15> <CoreInst = "DDiv">   --->   Core 39 'DDiv' <Latency = 12> <II = 1> <Delay = 7.15> <FuncUnit> <Opcode : 'ddiv' 'drem'> <InPorts = 2> <OutPorts = 1>

State 83 <SV = 82> <Delay = 7.15>
ST_83 : Operation 299 [6/13] (7.15ns)   --->   "%overSig = ddiv i64 1, i64 %sig" [main.cpp:55->main.cpp:138->main.cpp:272]   --->   Operation 299 'ddiv' 'overSig' <Predicate = true> <Delay = 7.15> <CoreInst = "DDiv">   --->   Core 39 'DDiv' <Latency = 12> <II = 1> <Delay = 7.15> <FuncUnit> <Opcode : 'ddiv' 'drem'> <InPorts = 2> <OutPorts = 1>

State 84 <SV = 83> <Delay = 7.15>
ST_84 : Operation 300 [5/13] (7.15ns)   --->   "%overSig = ddiv i64 1, i64 %sig" [main.cpp:55->main.cpp:138->main.cpp:272]   --->   Operation 300 'ddiv' 'overSig' <Predicate = true> <Delay = 7.15> <CoreInst = "DDiv">   --->   Core 39 'DDiv' <Latency = 12> <II = 1> <Delay = 7.15> <FuncUnit> <Opcode : 'ddiv' 'drem'> <InPorts = 2> <OutPorts = 1>

State 85 <SV = 84> <Delay = 7.15>
ST_85 : Operation 301 [4/13] (7.15ns)   --->   "%overSig = ddiv i64 1, i64 %sig" [main.cpp:55->main.cpp:138->main.cpp:272]   --->   Operation 301 'ddiv' 'overSig' <Predicate = true> <Delay = 7.15> <CoreInst = "DDiv">   --->   Core 39 'DDiv' <Latency = 12> <II = 1> <Delay = 7.15> <FuncUnit> <Opcode : 'ddiv' 'drem'> <InPorts = 2> <OutPorts = 1>

State 86 <SV = 85> <Delay = 7.15>
ST_86 : Operation 302 [3/13] (7.15ns)   --->   "%overSig = ddiv i64 1, i64 %sig" [main.cpp:55->main.cpp:138->main.cpp:272]   --->   Operation 302 'ddiv' 'overSig' <Predicate = true> <Delay = 7.15> <CoreInst = "DDiv">   --->   Core 39 'DDiv' <Latency = 12> <II = 1> <Delay = 7.15> <FuncUnit> <Opcode : 'ddiv' 'drem'> <InPorts = 2> <OutPorts = 1>

State 87 <SV = 86> <Delay = 7.15>
ST_87 : Operation 303 [2/13] (7.15ns)   --->   "%overSig = ddiv i64 1, i64 %sig" [main.cpp:55->main.cpp:138->main.cpp:272]   --->   Operation 303 'ddiv' 'overSig' <Predicate = true> <Delay = 7.15> <CoreInst = "DDiv">   --->   Core 39 'DDiv' <Latency = 12> <II = 1> <Delay = 7.15> <FuncUnit> <Opcode : 'ddiv' 'drem'> <InPorts = 2> <OutPorts = 1>

State 88 <SV = 87> <Delay = 7.15>
ST_88 : Operation 304 [1/13] (7.15ns)   --->   "%overSig = ddiv i64 1, i64 %sig" [main.cpp:55->main.cpp:138->main.cpp:272]   --->   Operation 304 'ddiv' 'overSig' <Predicate = true> <Delay = 7.15> <CoreInst = "DDiv">   --->   Core 39 'DDiv' <Latency = 12> <II = 1> <Delay = 7.15> <FuncUnit> <Opcode : 'ddiv' 'drem'> <InPorts = 2> <OutPorts = 1>

State 89 <SV = 88> <Delay = 5.58>
ST_89 : [1/1] (0.65ns)   --->   Input mux for Operation 305 '%mul_i13_i = dmul i64 %conv3_i_i, i64 %overSig'
ST_89 : Operation 305 [4/4] (4.92ns)   --->   "%mul_i13_i = dmul i64 %conv3_i_i, i64 %overSig" [main.cpp:56->main.cpp:138->main.cpp:272]   --->   Operation 305 'dmul' 'mul_i13_i' <Predicate = true> <Delay = 4.92> <CoreInst = "DMul_maxdsp">   --->   Core 49 'DMul_maxdsp' <Latency = 3> <II = 1> <Delay = 5.58> <FuncUnit> <Opcode : 'dmul'> <InPorts = 2> <OutPorts = 1>

State 90 <SV = 89> <Delay = 5.58>
ST_90 : Operation 306 [3/4] (5.58ns)   --->   "%mul_i13_i = dmul i64 %conv3_i_i, i64 %overSig" [main.cpp:56->main.cpp:138->main.cpp:272]   --->   Operation 306 'dmul' 'mul_i13_i' <Predicate = true> <Delay = 5.58> <CoreInst = "DMul_maxdsp">   --->   Core 49 'DMul_maxdsp' <Latency = 3> <II = 1> <Delay = 5.58> <FuncUnit> <Opcode : 'dmul'> <InPorts = 2> <OutPorts = 1>

State 91 <SV = 90> <Delay = 5.58>
ST_91 : Operation 307 [2/4] (5.58ns)   --->   "%mul_i13_i = dmul i64 %conv3_i_i, i64 %overSig" [main.cpp:56->main.cpp:138->main.cpp:272]   --->   Operation 307 'dmul' 'mul_i13_i' <Predicate = true> <Delay = 5.58> <CoreInst = "DMul_maxdsp">   --->   Core 49 'DMul_maxdsp' <Latency = 3> <II = 1> <Delay = 5.58> <FuncUnit> <Opcode : 'dmul'> <InPorts = 2> <OutPorts = 1>

State 92 <SV = 91> <Delay = 5.58>
ST_92 : Operation 308 [1/4] (5.58ns)   --->   "%mul_i13_i = dmul i64 %conv3_i_i, i64 %overSig" [main.cpp:56->main.cpp:138->main.cpp:272]   --->   Operation 308 'dmul' 'mul_i13_i' <Predicate = true> <Delay = 5.58> <CoreInst = "DMul_maxdsp">   --->   Core 49 'DMul_maxdsp' <Latency = 3> <II = 1> <Delay = 5.58> <FuncUnit> <Opcode : 'dmul'> <InPorts = 2> <OutPorts = 1>

State 93 <SV = 92> <Delay = 5.58>
ST_93 : [1/1] (0.65ns)   --->   Input mux for Operation 309 '%mul4_i_i = dmul i64 %mul_i13_i, i64 %overSig'
ST_93 : Operation 309 [4/4] (4.92ns)   --->   "%mul4_i_i = dmul i64 %mul_i13_i, i64 %overSig" [main.cpp:56->main.cpp:138->main.cpp:272]   --->   Operation 309 'dmul' 'mul4_i_i' <Predicate = true> <Delay = 4.92> <CoreInst = "DMul_maxdsp">   --->   Core 49 'DMul_maxdsp' <Latency = 3> <II = 1> <Delay = 5.58> <FuncUnit> <Opcode : 'dmul'> <InPorts = 2> <OutPorts = 1>

State 94 <SV = 93> <Delay = 5.58>
ST_94 : Operation 310 [3/4] (5.58ns)   --->   "%mul4_i_i = dmul i64 %mul_i13_i, i64 %overSig" [main.cpp:56->main.cpp:138->main.cpp:272]   --->   Operation 310 'dmul' 'mul4_i_i' <Predicate = true> <Delay = 5.58> <CoreInst = "DMul_maxdsp">   --->   Core 49 'DMul_maxdsp' <Latency = 3> <II = 1> <Delay = 5.58> <FuncUnit> <Opcode : 'dmul'> <InPorts = 2> <OutPorts = 1>

State 95 <SV = 94> <Delay = 5.58>
ST_95 : Operation 311 [2/4] (5.58ns)   --->   "%mul4_i_i = dmul i64 %mul_i13_i, i64 %overSig" [main.cpp:56->main.cpp:138->main.cpp:272]   --->   Operation 311 'dmul' 'mul4_i_i' <Predicate = true> <Delay = 5.58> <CoreInst = "DMul_maxdsp">   --->   Core 49 'DMul_maxdsp' <Latency = 3> <II = 1> <Delay = 5.58> <FuncUnit> <Opcode : 'dmul'> <InPorts = 2> <OutPorts = 1>

State 96 <SV = 95> <Delay = 5.58>
ST_96 : Operation 312 [1/4] (5.58ns)   --->   "%mul4_i_i = dmul i64 %mul_i13_i, i64 %overSig" [main.cpp:56->main.cpp:138->main.cpp:272]   --->   Operation 312 'dmul' 'mul4_i_i' <Predicate = true> <Delay = 5.58> <CoreInst = "DMul_maxdsp">   --->   Core 49 'DMul_maxdsp' <Latency = 3> <II = 1> <Delay = 5.58> <FuncUnit> <Opcode : 'dmul'> <InPorts = 2> <OutPorts = 1>

State 97 <SV = 96> <Delay = 5.15>
ST_97 : Operation 313 [1/1] (0.00ns)   --->   "%Sx_load = load i64 %Sx" [main.cpp:56->main.cpp:138->main.cpp:272]   --->   Operation 313 'load' 'Sx_load' <Predicate = true> <Delay = 0.00>
ST_97 : [1/1] (0.67ns)   --->   Input mux for Operation 314 '%Sx_1 = dadd i64 %Sx_load, i64 %mul4_i_i'
ST_97 : Operation 314 [4/4] (4.48ns)   --->   "%Sx_1 = dadd i64 %Sx_load, i64 %mul4_i_i" [main.cpp:56->main.cpp:138->main.cpp:272]   --->   Operation 314 'dadd' 'Sx_1' <Predicate = true> <Delay = 4.48> <CoreInst = "DAddSub_fulldsp">   --->   Core 37 'DAddSub_fulldsp' <Latency = 3> <II = 1> <Delay = 5.15> <FuncUnit> <Opcode : 'dadd' 'dsub'> <InPorts = 2> <OutPorts = 1>
ST_97 : Operation 321 [1/1] (0.00ns)   --->   "%Sx_load_1 = load i64 %Sx"   --->   Operation 321 'load' 'Sx_load_1' <Predicate = (!icmp_ln53)> <Delay = 0.00>
ST_97 : Operation 322 [1/1] (0.00ns)   --->   "%write_ln0 = write void @_ssdm_op_Write.ap_auto.doubleP0A, i64 %Sx_out, i64 %Sx_load_1"   --->   Operation 322 'write' 'write_ln0' <Predicate = (!icmp_ln53)> <Delay = 0.00>
ST_97 : Operation 323 [1/1] (0.00ns)   --->   "%ret_ln0 = ret"   --->   Operation 323 'ret' 'ret_ln0' <Predicate = (!icmp_ln53)> <Delay = 0.00>

State 98 <SV = 97> <Delay = 5.15>
ST_98 : Operation 315 [3/4] (5.15ns)   --->   "%Sx_1 = dadd i64 %Sx_load, i64 %mul4_i_i" [main.cpp:56->main.cpp:138->main.cpp:272]   --->   Operation 315 'dadd' 'Sx_1' <Predicate = true> <Delay = 5.15> <CoreInst = "DAddSub_fulldsp">   --->   Core 37 'DAddSub_fulldsp' <Latency = 3> <II = 1> <Delay = 5.15> <FuncUnit> <Opcode : 'dadd' 'dsub'> <InPorts = 2> <OutPorts = 1>

State 99 <SV = 98> <Delay = 5.15>
ST_99 : Operation 316 [2/4] (5.15ns)   --->   "%Sx_1 = dadd i64 %Sx_load, i64 %mul4_i_i" [main.cpp:56->main.cpp:138->main.cpp:272]   --->   Operation 316 'dadd' 'Sx_1' <Predicate = true> <Delay = 5.15> <CoreInst = "DAddSub_fulldsp">   --->   Core 37 'DAddSub_fulldsp' <Latency = 3> <II = 1> <Delay = 5.15> <FuncUnit> <Opcode : 'dadd' 'dsub'> <InPorts = 2> <OutPorts = 1>

State 100 <SV = 99> <Delay = 5.61>
ST_100 : Operation 317 [1/1] (0.00ns)   --->   "%specloopname_ln53 = specloopname void @_ssdm_op_SpecLoopName, void @empty_15" [main.cpp:53->main.cpp:138->main.cpp:272]   --->   Operation 317 'specloopname' 'specloopname_ln53' <Predicate = true> <Delay = 0.00>
ST_100 : Operation 318 [1/4] (5.15ns)   --->   "%Sx_1 = dadd i64 %Sx_load, i64 %mul4_i_i" [main.cpp:56->main.cpp:138->main.cpp:272]   --->   Operation 318 'dadd' 'Sx_1' <Predicate = true> <Delay = 5.15> <CoreInst = "DAddSub_fulldsp">   --->   Core 37 'DAddSub_fulldsp' <Latency = 3> <II = 1> <Delay = 5.15> <FuncUnit> <Opcode : 'dadd' 'dsub'> <InPorts = 2> <OutPorts = 1>
ST_100 : Operation 319 [1/1] (0.46ns)   --->   "%store_ln53 = store i64 %Sx_1, i64 %Sx" [main.cpp:53->main.cpp:138->main.cpp:272]   --->   Operation 319 'store' 'store_ln53' <Predicate = true> <Delay = 0.46>
ST_100 : Operation 320 [1/1] (0.00ns)   --->   "%br_ln53 = br void %for.inc.i17.i" [main.cpp:53->main.cpp:138->main.cpp:272]   --->   Operation 320 'br' 'br_ln53' <Predicate = true> <Delay = 0.00>


============================================================
+ Verbose Summary: Timing violations
============================================================
Target clock period: 10.000ns, clock uncertainty: 2.700ns.

 <State 1>: 1.362ns
The critical path consists of the following:
	'alloca' operation ('i') [9]  (0.000 ns)
	'load' operation ('i', main.cpp:54->main.cpp:138->main.cpp:272) on local variable 'i' [20]  (0.000 ns)
	'add' operation ('add_ln54', main.cpp:54->main.cpp:138->main.cpp:272) [34]  (1.362 ns)

 <State 2>: 7.300ns
The critical path consists of the following:
	'getelementptr' operation ('gmem_addr', main.cpp:54->main.cpp:138->main.cpp:272) [37]  (0.000 ns)
	bus request operation ('gmem_load_5_req', main.cpp:54->main.cpp:138->main.cpp:272) on port 'gmem' (main.cpp:54->main.cpp:138->main.cpp:272) [38]  (7.300 ns)

 <State 3>: 7.300ns
The critical path consists of the following:
	bus request operation ('gmem_load_5_req', main.cpp:54->main.cpp:138->main.cpp:272) on port 'gmem' (main.cpp:54->main.cpp:138->main.cpp:272) [38]  (7.300 ns)

 <State 4>: 7.300ns
The critical path consists of the following:
	bus request operation ('gmem_load_5_req', main.cpp:54->main.cpp:138->main.cpp:272) on port 'gmem' (main.cpp:54->main.cpp:138->main.cpp:272) [38]  (7.300 ns)

 <State 5>: 7.300ns
The critical path consists of the following:
	bus request operation ('gmem_load_5_req', main.cpp:54->main.cpp:138->main.cpp:272) on port 'gmem' (main.cpp:54->main.cpp:138->main.cpp:272) [38]  (7.300 ns)

 <State 6>: 7.300ns
The critical path consists of the following:
	bus request operation ('gmem_load_5_req', main.cpp:54->main.cpp:138->main.cpp:272) on port 'gmem' (main.cpp:54->main.cpp:138->main.cpp:272) [38]  (7.300 ns)

 <State 7>: 7.300ns
The critical path consists of the following:
	bus request operation ('gmem_load_5_req', main.cpp:54->main.cpp:138->main.cpp:272) on port 'gmem' (main.cpp:54->main.cpp:138->main.cpp:272) [38]  (7.300 ns)

 <State 8>: 7.300ns
The critical path consists of the following:
	bus request operation ('gmem_load_5_req', main.cpp:54->main.cpp:138->main.cpp:272) on port 'gmem' (main.cpp:54->main.cpp:138->main.cpp:272) [38]  (7.300 ns)

 <State 9>: 7.300ns
The critical path consists of the following:
	bus request operation ('gmem_load_5_req', main.cpp:54->main.cpp:138->main.cpp:272) on port 'gmem' (main.cpp:54->main.cpp:138->main.cpp:272) [38]  (7.300 ns)

 <State 10>: 7.300ns
The critical path consists of the following:
	bus request operation ('gmem_load_5_req', main.cpp:54->main.cpp:138->main.cpp:272) on port 'gmem' (main.cpp:54->main.cpp:138->main.cpp:272) [38]  (7.300 ns)

 <State 11>: 7.300ns
The critical path consists of the following:
	bus request operation ('gmem_load_5_req', main.cpp:54->main.cpp:138->main.cpp:272) on port 'gmem' (main.cpp:54->main.cpp:138->main.cpp:272) [38]  (7.300 ns)

 <State 12>: 7.300ns
The critical path consists of the following:
	bus request operation ('gmem_load_5_req', main.cpp:54->main.cpp:138->main.cpp:272) on port 'gmem' (main.cpp:54->main.cpp:138->main.cpp:272) [38]  (7.300 ns)

 <State 13>: 7.300ns
The critical path consists of the following:
	bus request operation ('gmem_load_5_req', main.cpp:54->main.cpp:138->main.cpp:272) on port 'gmem' (main.cpp:54->main.cpp:138->main.cpp:272) [38]  (7.300 ns)

 <State 14>: 7.300ns
The critical path consists of the following:
	bus request operation ('gmem_load_5_req', main.cpp:54->main.cpp:138->main.cpp:272) on port 'gmem' (main.cpp:54->main.cpp:138->main.cpp:272) [38]  (7.300 ns)

 <State 15>: 7.300ns
The critical path consists of the following:
	bus request operation ('gmem_load_5_req', main.cpp:54->main.cpp:138->main.cpp:272) on port 'gmem' (main.cpp:54->main.cpp:138->main.cpp:272) [38]  (7.300 ns)

 <State 16>: 7.300ns
The critical path consists of the following:
	bus request operation ('gmem_load_5_req', main.cpp:54->main.cpp:138->main.cpp:272) on port 'gmem' (main.cpp:54->main.cpp:138->main.cpp:272) [38]  (7.300 ns)

 <State 17>: 7.300ns
The critical path consists of the following:
	bus request operation ('gmem_load_5_req', main.cpp:54->main.cpp:138->main.cpp:272) on port 'gmem' (main.cpp:54->main.cpp:138->main.cpp:272) [38]  (7.300 ns)

 <State 18>: 7.300ns
The critical path consists of the following:
	bus request operation ('gmem_load_5_req', main.cpp:54->main.cpp:138->main.cpp:272) on port 'gmem' (main.cpp:54->main.cpp:138->main.cpp:272) [38]  (7.300 ns)

 <State 19>: 7.300ns
The critical path consists of the following:
	bus request operation ('gmem_load_5_req', main.cpp:54->main.cpp:138->main.cpp:272) on port 'gmem' (main.cpp:54->main.cpp:138->main.cpp:272) [38]  (7.300 ns)

 <State 20>: 7.300ns
The critical path consists of the following:
	bus request operation ('gmem_load_5_req', main.cpp:54->main.cpp:138->main.cpp:272) on port 'gmem' (main.cpp:54->main.cpp:138->main.cpp:272) [38]  (7.300 ns)

 <State 21>: 7.300ns
The critical path consists of the following:
	bus request operation ('gmem_load_5_req', main.cpp:54->main.cpp:138->main.cpp:272) on port 'gmem' (main.cpp:54->main.cpp:138->main.cpp:272) [38]  (7.300 ns)

 <State 22>: 7.300ns
The critical path consists of the following:
	bus request operation ('gmem_load_5_req', main.cpp:54->main.cpp:138->main.cpp:272) on port 'gmem' (main.cpp:54->main.cpp:138->main.cpp:272) [38]  (7.300 ns)

 <State 23>: 7.300ns
The critical path consists of the following:
	bus request operation ('gmem_load_5_req', main.cpp:54->main.cpp:138->main.cpp:272) on port 'gmem' (main.cpp:54->main.cpp:138->main.cpp:272) [38]  (7.300 ns)

 <State 24>: 7.300ns
The critical path consists of the following:
	bus request operation ('gmem_load_5_req', main.cpp:54->main.cpp:138->main.cpp:272) on port 'gmem' (main.cpp:54->main.cpp:138->main.cpp:272) [38]  (7.300 ns)

 <State 25>: 7.300ns
The critical path consists of the following:
	bus request operation ('gmem_load_5_req', main.cpp:54->main.cpp:138->main.cpp:272) on port 'gmem' (main.cpp:54->main.cpp:138->main.cpp:272) [38]  (7.300 ns)

 <State 26>: 7.300ns
The critical path consists of the following:
	bus request operation ('gmem_load_5_req', main.cpp:54->main.cpp:138->main.cpp:272) on port 'gmem' (main.cpp:54->main.cpp:138->main.cpp:272) [38]  (7.300 ns)

 <State 27>: 7.300ns
The critical path consists of the following:
	bus request operation ('gmem_load_5_req', main.cpp:54->main.cpp:138->main.cpp:272) on port 'gmem' (main.cpp:54->main.cpp:138->main.cpp:272) [38]  (7.300 ns)

 <State 28>: 7.300ns
The critical path consists of the following:
	bus request operation ('gmem_load_5_req', main.cpp:54->main.cpp:138->main.cpp:272) on port 'gmem' (main.cpp:54->main.cpp:138->main.cpp:272) [38]  (7.300 ns)

 <State 29>: 7.300ns
The critical path consists of the following:
	bus request operation ('gmem_load_5_req', main.cpp:54->main.cpp:138->main.cpp:272) on port 'gmem' (main.cpp:54->main.cpp:138->main.cpp:272) [38]  (7.300 ns)

 <State 30>: 7.300ns
The critical path consists of the following:
	bus request operation ('gmem_load_5_req', main.cpp:54->main.cpp:138->main.cpp:272) on port 'gmem' (main.cpp:54->main.cpp:138->main.cpp:272) [38]  (7.300 ns)

 <State 31>: 7.300ns
The critical path consists of the following:
	bus request operation ('gmem_load_5_req', main.cpp:54->main.cpp:138->main.cpp:272) on port 'gmem' (main.cpp:54->main.cpp:138->main.cpp:272) [38]  (7.300 ns)

 <State 32>: 7.300ns
The critical path consists of the following:
	bus request operation ('gmem_load_5_req', main.cpp:54->main.cpp:138->main.cpp:272) on port 'gmem' (main.cpp:54->main.cpp:138->main.cpp:272) [38]  (7.300 ns)

 <State 33>: 7.300ns
The critical path consists of the following:
	bus request operation ('gmem_load_5_req', main.cpp:54->main.cpp:138->main.cpp:272) on port 'gmem' (main.cpp:54->main.cpp:138->main.cpp:272) [38]  (7.300 ns)

 <State 34>: 7.300ns
The critical path consists of the following:
	bus request operation ('gmem_load_5_req', main.cpp:54->main.cpp:138->main.cpp:272) on port 'gmem' (main.cpp:54->main.cpp:138->main.cpp:272) [38]  (7.300 ns)

 <State 35>: 7.300ns
The critical path consists of the following:
	bus request operation ('gmem_load_5_req', main.cpp:54->main.cpp:138->main.cpp:272) on port 'gmem' (main.cpp:54->main.cpp:138->main.cpp:272) [38]  (7.300 ns)

 <State 36>: 7.300ns
The critical path consists of the following:
	bus request operation ('gmem_load_5_req', main.cpp:54->main.cpp:138->main.cpp:272) on port 'gmem' (main.cpp:54->main.cpp:138->main.cpp:272) [38]  (7.300 ns)

 <State 37>: 7.300ns
The critical path consists of the following:
	bus request operation ('gmem_load_5_req', main.cpp:54->main.cpp:138->main.cpp:272) on port 'gmem' (main.cpp:54->main.cpp:138->main.cpp:272) [38]  (7.300 ns)

 <State 38>: 7.300ns
The critical path consists of the following:
	bus request operation ('gmem_load_5_req', main.cpp:54->main.cpp:138->main.cpp:272) on port 'gmem' (main.cpp:54->main.cpp:138->main.cpp:272) [38]  (7.300 ns)

 <State 39>: 7.300ns
The critical path consists of the following:
	bus request operation ('gmem_load_5_req', main.cpp:54->main.cpp:138->main.cpp:272) on port 'gmem' (main.cpp:54->main.cpp:138->main.cpp:272) [38]  (7.300 ns)

 <State 40>: 7.300ns
The critical path consists of the following:
	bus request operation ('gmem_load_5_req', main.cpp:54->main.cpp:138->main.cpp:272) on port 'gmem' (main.cpp:54->main.cpp:138->main.cpp:272) [38]  (7.300 ns)

 <State 41>: 7.300ns
The critical path consists of the following:
	bus request operation ('gmem_load_5_req', main.cpp:54->main.cpp:138->main.cpp:272) on port 'gmem' (main.cpp:54->main.cpp:138->main.cpp:272) [38]  (7.300 ns)

 <State 42>: 7.300ns
The critical path consists of the following:
	bus request operation ('gmem_load_5_req', main.cpp:54->main.cpp:138->main.cpp:272) on port 'gmem' (main.cpp:54->main.cpp:138->main.cpp:272) [38]  (7.300 ns)

 <State 43>: 7.300ns
The critical path consists of the following:
	bus request operation ('gmem_load_5_req', main.cpp:54->main.cpp:138->main.cpp:272) on port 'gmem' (main.cpp:54->main.cpp:138->main.cpp:272) [38]  (7.300 ns)

 <State 44>: 7.300ns
The critical path consists of the following:
	bus request operation ('gmem_load_5_req', main.cpp:54->main.cpp:138->main.cpp:272) on port 'gmem' (main.cpp:54->main.cpp:138->main.cpp:272) [38]  (7.300 ns)

 <State 45>: 7.300ns
The critical path consists of the following:
	bus request operation ('gmem_load_5_req', main.cpp:54->main.cpp:138->main.cpp:272) on port 'gmem' (main.cpp:54->main.cpp:138->main.cpp:272) [38]  (7.300 ns)

 <State 46>: 7.300ns
The critical path consists of the following:
	bus request operation ('gmem_load_5_req', main.cpp:54->main.cpp:138->main.cpp:272) on port 'gmem' (main.cpp:54->main.cpp:138->main.cpp:272) [38]  (7.300 ns)

 <State 47>: 7.300ns
The critical path consists of the following:
	bus request operation ('gmem_load_5_req', main.cpp:54->main.cpp:138->main.cpp:272) on port 'gmem' (main.cpp:54->main.cpp:138->main.cpp:272) [38]  (7.300 ns)

 <State 48>: 7.300ns
The critical path consists of the following:
	bus request operation ('gmem_load_5_req', main.cpp:54->main.cpp:138->main.cpp:272) on port 'gmem' (main.cpp:54->main.cpp:138->main.cpp:272) [38]  (7.300 ns)

 <State 49>: 7.300ns
The critical path consists of the following:
	bus request operation ('gmem_load_5_req', main.cpp:54->main.cpp:138->main.cpp:272) on port 'gmem' (main.cpp:54->main.cpp:138->main.cpp:272) [38]  (7.300 ns)

 <State 50>: 7.300ns
The critical path consists of the following:
	bus request operation ('gmem_load_5_req', main.cpp:54->main.cpp:138->main.cpp:272) on port 'gmem' (main.cpp:54->main.cpp:138->main.cpp:272) [38]  (7.300 ns)

 <State 51>: 7.300ns
The critical path consists of the following:
	bus request operation ('gmem_load_5_req', main.cpp:54->main.cpp:138->main.cpp:272) on port 'gmem' (main.cpp:54->main.cpp:138->main.cpp:272) [38]  (7.300 ns)

 <State 52>: 7.300ns
The critical path consists of the following:
	bus request operation ('gmem_load_5_req', main.cpp:54->main.cpp:138->main.cpp:272) on port 'gmem' (main.cpp:54->main.cpp:138->main.cpp:272) [38]  (7.300 ns)

 <State 53>: 7.300ns
The critical path consists of the following:
	bus request operation ('gmem_load_5_req', main.cpp:54->main.cpp:138->main.cpp:272) on port 'gmem' (main.cpp:54->main.cpp:138->main.cpp:272) [38]  (7.300 ns)

 <State 54>: 7.300ns
The critical path consists of the following:
	bus request operation ('gmem_load_5_req', main.cpp:54->main.cpp:138->main.cpp:272) on port 'gmem' (main.cpp:54->main.cpp:138->main.cpp:272) [38]  (7.300 ns)

 <State 55>: 7.300ns
The critical path consists of the following:
	bus request operation ('gmem_load_5_req', main.cpp:54->main.cpp:138->main.cpp:272) on port 'gmem' (main.cpp:54->main.cpp:138->main.cpp:272) [38]  (7.300 ns)

 <State 56>: 7.300ns
The critical path consists of the following:
	bus request operation ('gmem_load_5_req', main.cpp:54->main.cpp:138->main.cpp:272) on port 'gmem' (main.cpp:54->main.cpp:138->main.cpp:272) [38]  (7.300 ns)

 <State 57>: 7.300ns
The critical path consists of the following:
	bus request operation ('gmem_load_5_req', main.cpp:54->main.cpp:138->main.cpp:272) on port 'gmem' (main.cpp:54->main.cpp:138->main.cpp:272) [38]  (7.300 ns)

 <State 58>: 7.300ns
The critical path consists of the following:
	bus request operation ('gmem_load_5_req', main.cpp:54->main.cpp:138->main.cpp:272) on port 'gmem' (main.cpp:54->main.cpp:138->main.cpp:272) [38]  (7.300 ns)

 <State 59>: 7.300ns
The critical path consists of the following:
	bus request operation ('gmem_load_5_req', main.cpp:54->main.cpp:138->main.cpp:272) on port 'gmem' (main.cpp:54->main.cpp:138->main.cpp:272) [38]  (7.300 ns)

 <State 60>: 7.300ns
The critical path consists of the following:
	bus request operation ('gmem_load_5_req', main.cpp:54->main.cpp:138->main.cpp:272) on port 'gmem' (main.cpp:54->main.cpp:138->main.cpp:272) [38]  (7.300 ns)

 <State 61>: 7.300ns
The critical path consists of the following:
	bus request operation ('gmem_load_5_req', main.cpp:54->main.cpp:138->main.cpp:272) on port 'gmem' (main.cpp:54->main.cpp:138->main.cpp:272) [38]  (7.300 ns)

 <State 62>: 7.300ns
The critical path consists of the following:
	bus request operation ('gmem_load_5_req', main.cpp:54->main.cpp:138->main.cpp:272) on port 'gmem' (main.cpp:54->main.cpp:138->main.cpp:272) [38]  (7.300 ns)

 <State 63>: 7.300ns
The critical path consists of the following:
	bus request operation ('gmem_load_5_req', main.cpp:54->main.cpp:138->main.cpp:272) on port 'gmem' (main.cpp:54->main.cpp:138->main.cpp:272) [38]  (7.300 ns)

 <State 64>: 7.300ns
The critical path consists of the following:
	bus request operation ('gmem_load_5_req', main.cpp:54->main.cpp:138->main.cpp:272) on port 'gmem' (main.cpp:54->main.cpp:138->main.cpp:272) [38]  (7.300 ns)

 <State 65>: 7.300ns
The critical path consists of the following:
	bus request operation ('gmem_load_5_req', main.cpp:54->main.cpp:138->main.cpp:272) on port 'gmem' (main.cpp:54->main.cpp:138->main.cpp:272) [38]  (7.300 ns)

 <State 66>: 7.300ns
The critical path consists of the following:
	bus request operation ('gmem_load_5_req', main.cpp:54->main.cpp:138->main.cpp:272) on port 'gmem' (main.cpp:54->main.cpp:138->main.cpp:272) [38]  (7.300 ns)

 <State 67>: 7.300ns
The critical path consists of the following:
	bus request operation ('gmem_load_5_req', main.cpp:54->main.cpp:138->main.cpp:272) on port 'gmem' (main.cpp:54->main.cpp:138->main.cpp:272) [38]  (7.300 ns)

 <State 68>: 7.300ns
The critical path consists of the following:
	bus request operation ('gmem_load_5_req', main.cpp:54->main.cpp:138->main.cpp:272) on port 'gmem' (main.cpp:54->main.cpp:138->main.cpp:272) [38]  (7.300 ns)

 <State 69>: 7.300ns
The critical path consists of the following:
	bus request operation ('gmem_load_5_req', main.cpp:54->main.cpp:138->main.cpp:272) on port 'gmem' (main.cpp:54->main.cpp:138->main.cpp:272) [38]  (7.300 ns)

 <State 70>: 7.300ns
The critical path consists of the following:
	bus request operation ('gmem_load_5_req', main.cpp:54->main.cpp:138->main.cpp:272) on port 'gmem' (main.cpp:54->main.cpp:138->main.cpp:272) [38]  (7.300 ns)

 <State 71>: 7.300ns
The critical path consists of the following:
	bus request operation ('gmem_load_5_req', main.cpp:54->main.cpp:138->main.cpp:272) on port 'gmem' (main.cpp:54->main.cpp:138->main.cpp:272) [38]  (7.300 ns)

 <State 72>: 7.300ns
The critical path consists of the following:
	bus request operation ('gmem_load_5_req', main.cpp:54->main.cpp:138->main.cpp:272) on port 'gmem' (main.cpp:54->main.cpp:138->main.cpp:272) [38]  (7.300 ns)

 <State 73>: 7.300ns
The critical path consists of the following:
	bus read operation ('gmem_addr_read', main.cpp:54->main.cpp:138->main.cpp:272) on port 'gmem' (main.cpp:54->main.cpp:138->main.cpp:272) [39]  (7.300 ns)

 <State 74>: 7.300ns
The critical path consists of the following:
	bus read operation ('gmem_addr_1_read', main.cpp:56->main.cpp:138->main.cpp:272) on port 'gmem' (main.cpp:56->main.cpp:138->main.cpp:272) [52]  (7.300 ns)

 <State 75>: 7.061ns
The critical path consists of the following:
	'lshr' operation ('lshr_ln56', main.cpp:56->main.cpp:138->main.cpp:272) [56]  (1.409 ns)
	multiplexor before operation 'sitodp' with delay (0.755 ns)
'sitodp' operation ('conv3_i_i', main.cpp:56->main.cpp:138->main.cpp:272) [58]  (4.897 ns)

 <State 76>: 7.158ns
The critical path consists of the following:
	multiplexor before operation 'ddiv' with delay (0.755 ns)
'ddiv' operation ('overSig', main.cpp:55->main.cpp:138->main.cpp:272) [46]  (6.403 ns)

 <State 77>: 7.158ns
The critical path consists of the following:
	'ddiv' operation ('overSig', main.cpp:55->main.cpp:138->main.cpp:272) [46]  (7.158 ns)

 <State 78>: 7.158ns
The critical path consists of the following:
	'ddiv' operation ('overSig', main.cpp:55->main.cpp:138->main.cpp:272) [46]  (7.158 ns)

 <State 79>: 7.158ns
The critical path consists of the following:
	'ddiv' operation ('overSig', main.cpp:55->main.cpp:138->main.cpp:272) [46]  (7.158 ns)

 <State 80>: 7.158ns
The critical path consists of the following:
	'ddiv' operation ('overSig', main.cpp:55->main.cpp:138->main.cpp:272) [46]  (7.158 ns)

 <State 81>: 7.158ns
The critical path consists of the following:
	'ddiv' operation ('overSig', main.cpp:55->main.cpp:138->main.cpp:272) [46]  (7.158 ns)

 <State 82>: 7.158ns
The critical path consists of the following:
	'ddiv' operation ('overSig', main.cpp:55->main.cpp:138->main.cpp:272) [46]  (7.158 ns)

 <State 83>: 7.158ns
The critical path consists of the following:
	'ddiv' operation ('overSig', main.cpp:55->main.cpp:138->main.cpp:272) [46]  (7.158 ns)

 <State 84>: 7.158ns
The critical path consists of the following:
	'ddiv' operation ('overSig', main.cpp:55->main.cpp:138->main.cpp:272) [46]  (7.158 ns)

 <State 85>: 7.158ns
The critical path consists of the following:
	'ddiv' operation ('overSig', main.cpp:55->main.cpp:138->main.cpp:272) [46]  (7.158 ns)

 <State 86>: 7.158ns
The critical path consists of the following:
	'ddiv' operation ('overSig', main.cpp:55->main.cpp:138->main.cpp:272) [46]  (7.158 ns)

 <State 87>: 7.158ns
The critical path consists of the following:
	'ddiv' operation ('overSig', main.cpp:55->main.cpp:138->main.cpp:272) [46]  (7.158 ns)

 <State 88>: 7.158ns
The critical path consists of the following:
	'ddiv' operation ('overSig', main.cpp:55->main.cpp:138->main.cpp:272) [46]  (7.158 ns)

 <State 89>: 5.580ns
The critical path consists of the following:
	multiplexor before operation 'dmul' with delay (0.657 ns)
'dmul' operation ('mul_i13_i', main.cpp:56->main.cpp:138->main.cpp:272) [59]  (4.923 ns)

 <State 90>: 5.580ns
The critical path consists of the following:
	'dmul' operation ('mul_i13_i', main.cpp:56->main.cpp:138->main.cpp:272) [59]  (5.580 ns)

 <State 91>: 5.580ns
The critical path consists of the following:
	'dmul' operation ('mul_i13_i', main.cpp:56->main.cpp:138->main.cpp:272) [59]  (5.580 ns)

 <State 92>: 5.580ns
The critical path consists of the following:
	'dmul' operation ('mul_i13_i', main.cpp:56->main.cpp:138->main.cpp:272) [59]  (5.580 ns)

 <State 93>: 5.580ns
The critical path consists of the following:
	multiplexor before operation 'dmul' with delay (0.657 ns)
'dmul' operation ('mul4_i_i', main.cpp:56->main.cpp:138->main.cpp:272) [60]  (4.923 ns)

 <State 94>: 5.580ns
The critical path consists of the following:
	'dmul' operation ('mul4_i_i', main.cpp:56->main.cpp:138->main.cpp:272) [60]  (5.580 ns)

 <State 95>: 5.580ns
The critical path consists of the following:
	'dmul' operation ('mul4_i_i', main.cpp:56->main.cpp:138->main.cpp:272) [60]  (5.580 ns)

 <State 96>: 5.580ns
The critical path consists of the following:
	'dmul' operation ('mul4_i_i', main.cpp:56->main.cpp:138->main.cpp:272) [60]  (5.580 ns)

 <State 97>: 5.158ns
The critical path consists of the following:
	'load' operation ('Sx_load', main.cpp:56->main.cpp:138->main.cpp:272) on local variable 'Sx' [28]  (0.000 ns)
	multiplexor before operation 'dadd' with delay (0.671 ns)
'dadd' operation ('Sx', main.cpp:56->main.cpp:138->main.cpp:272) [61]  (4.487 ns)

 <State 98>: 5.158ns
The critical path consists of the following:
	'dadd' operation ('Sx', main.cpp:56->main.cpp:138->main.cpp:272) [61]  (5.158 ns)

 <State 99>: 5.158ns
The critical path consists of the following:
	'dadd' operation ('Sx', main.cpp:56->main.cpp:138->main.cpp:272) [61]  (5.158 ns)

 <State 100>: 5.618ns
The critical path consists of the following:
	'dadd' operation ('Sx', main.cpp:56->main.cpp:138->main.cpp:272) [61]  (5.158 ns)
	'store' operation ('store_ln53', main.cpp:53->main.cpp:138->main.cpp:272) of variable 'Sx', main.cpp:56->main.cpp:138->main.cpp:272 on local variable 'Sx' [63]  (0.460 ns)


============================================================
+ Verbose Summary: Binding
============================================================
N/A
* FSMD analyzer results:
  - Output states:
 - Input state : 
  - Chain level:
	State 1
	State 2
	State 3
	State 4
	State 5
	State 6
	State 7
	State 8
	State 9
	State 10
	State 11
	State 12
	State 13
	State 14
	State 15
	State 16
	State 17
	State 18
	State 19
	State 20
	State 21
	State 22
	State 23
	State 24
	State 25
	State 26
	State 27
	State 28
	State 29
	State 30
	State 31
	State 32
	State 33
	State 34
	State 35
	State 36
	State 37
	State 38
	State 39
	State 40
	State 41
	State 42
	State 43
	State 44
	State 45
	State 46
	State 47
	State 48
	State 49
	State 50
	State 51
	State 52
	State 53
	State 54
	State 55
	State 56
	State 57
	State 58
	State 59
	State 60
	State 61
	State 62
	State 63
	State 64
	State 65
	State 66
	State 67
	State 68
	State 69
	State 70
	State 71
	State 72
	State 73
	State 74
	State 75
	State 76
	State 77
	State 78
	State 79
	State 80
	State 81
	State 82
	State 83
	State 84
	State 85
	State 86
	State 87
	State 88
	State 89
	State 90
	State 91
	State 92
	State 93
	State 94
	State 95
	State 96
	State 97
	State 98
	State 99
	State 100


============================================================
+ Verbose Summary: Datapath Resource usage 
============================================================
N/A
