

================================================================
== Vitis HLS Report for 'fit_Pipeline_VITIS_LOOP_100_1'
================================================================
* Date:           Thu Feb 27 15:44:24 2025

* Version:        2023.1 (Build 3854077 on May  4 2023)
* Project:        hls_fit
* Solution:       solution2 (Vitis Kernel Flow Target)
* Product family: virtexuplus
* Target device:  xcvu11p-flga2577-1-e


================================================================
== Performance Estimates
================================================================
+ Timing: 
    * Summary: 
    +--------+----------+----------+------------+
    |  Clock |  Target  | Estimated| Uncertainty|
    +--------+----------+----------+------------+
    |ap_clk  |  10.00 ns|  7.300 ns|     2.70 ns|
    +--------+----------+----------+------------+

+ Latency: 
    * Summary: 
    +---------+---------+----------+----------+-----+-----+---------+
    |  Latency (cycles) |  Latency (absolute) |  Interval | Pipeline|
    |   min   |   max   |    min   |    max   | min | max |   Type  |
    +---------+---------+----------+----------+-----+-----+---------+
    |        ?|        ?|         ?|         ?|    ?|    ?|       no|
    +---------+---------+----------+----------+-----+-----+---------+

    + Detail: 
        * Instance: 
        N/A

        * Loop: 
        +--------------------+---------+---------+----------+-----------+-----------+------+----------+
        |                    |  Latency (cycles) | Iteration|  Initiation Interval  | Trip |          |
        |      Loop Name     |   min   |   max   |  Latency |  achieved |   target  | Count| Pipelined|
        +--------------------+---------+---------+----------+-----------+-----------+------+----------+
        |- VITIS_LOOP_100_1  |        ?|        ?|        96|          3|          1|     ?|       yes|
        +--------------------+---------+---------+----------+-----------+-----------+------+----------+



================================================================
== Utilization Estimates
================================================================
* Summary: 
+---------------------+---------+------+---------+---------+-----+
|         Name        | BRAM_18K|  DSP |    FF   |   LUT   | URAM|
+---------------------+---------+------+---------+---------+-----+
|DSP                  |        -|     -|        -|        -|    -|
|Expression           |        -|     -|        0|      591|    -|
|FIFO                 |        -|     -|        -|        -|    -|
|Instance             |        -|     -|        -|        -|    -|
|Memory               |        -|     -|        -|        -|    -|
|Multiplexer          |        -|     -|        -|      101|    -|
|Register             |        -|     -|      706|       64|    -|
+---------------------+---------+------+---------+---------+-----+
|Total                |        0|     0|      706|      756|    0|
+---------------------+---------+------+---------+---------+-----+
|Available SLR        |     1344|  3072|   864000|   432000|  320|
+---------------------+---------+------+---------+---------+-----+
|Utilization SLR (%)  |        0|     0|       ~0|       ~0|    0|
+---------------------+---------+------+---------+---------+-----+
|Available            |     4032|  9216|  2592000|  1296000|  960|
+---------------------+---------+------+---------+---------+-----+
|Utilization (%)      |        0|     0|       ~0|       ~0|    0|
+---------------------+---------+------+---------+---------+-----+

+ Detail: 
    * Instance: 
    N/A

    * DSP: 
    N/A

    * Memory: 
    N/A

    * FIFO: 
    N/A

    * Expression: 
    +---------------------------+----------+----+---+-----+------------+------------+
    |       Variable Name       | Operation| DSP| FF| LUT | Bitwidth P0| Bitwidth P1|
    +---------------------------+----------+----+---+-----+------------+------------+
    |add_ln100_fu_196_p2        |         +|   0|  0|   38|          31|           1|
    |add_ln101_1_fu_216_p2      |         +|   0|  0|   12|           4|           4|
    |add_ln101_fu_170_p2        |         +|   0|  0|   71|          64|          64|
    |ap_block_pp0_stage0_11001  |       and|   0|  0|    2|           1|           1|
    |ap_block_pp0_stage1_11001  |       and|   0|  0|    2|           1|           1|
    |ap_block_state2_io         |       and|   0|  0|    2|           1|           1|
    |icmp_ln100_fu_152_p2       |      icmp|   0|  0|   39|          32|          32|
    |lshr_ln101_fu_232_p2       |      lshr|   0|  0|  423|         128|         128|
    |ap_enable_pp0              |       xor|   0|  0|    2|           1|           2|
    +---------------------------+----------+----+---+-----+------------+------------+
    |Total                      |          |   0|  0|  591|         263|         234|
    +---------------------------+----------+----+---+-----+------------+------------+

    * Multiplexer: 
    +-------------------------+----+-----------+-----+-----------+
    |           Name          | LUT| Input Size| Bits| Total Bits|
    +-------------------------+----+-----------+-----+-----------+
    |S_fu_74                  |   9|          2|   64|        128|
    |ap_NS_fsm                |  20|          4|    1|          4|
    |ap_done_int              |   9|          2|    1|          2|
    |ap_enable_reg_pp0_iter0  |   9|          2|    1|          2|
    |ap_enable_reg_pp0_iter1  |   9|          2|    1|          2|
    |ap_sig_allocacmp_S_load  |   9|          2|   64|        128|
    |ap_sig_allocacmp_i       |   9|          2|   31|         62|
    |gmem_blk_n_AR            |   9|          2|    1|          2|
    |gmem_blk_n_R             |   9|          2|    1|          2|
    |i_2_fu_78                |   9|          2|   31|         62|
    +-------------------------+----+-----------+-----+-----------+
    |Total                    | 101|         22|  196|        394|
    +-------------------------+----+-----------+-----+-----------+

    * Register: 
    +-----------------------------------+-----+----+-----+-----------+
    |                Name               |  FF | LUT| Bits| Const Bits|
    +-----------------------------------+-----+----+-----+-----------+
    |S_fu_74                            |   64|   0|   64|          0|
    |add_ln101_1_reg_306                |    4|   0|    4|          0|
    |ap_CS_fsm                          |    3|   0|    3|          0|
    |ap_done_reg                        |    1|   0|    1|          0|
    |ap_enable_reg_pp0_iter0_reg        |    1|   0|    1|          0|
    |ap_enable_reg_pp0_iter1            |    1|   0|    1|          0|
    |ap_enable_reg_pp0_iter10           |    1|   0|    1|          0|
    |ap_enable_reg_pp0_iter11           |    1|   0|    1|          0|
    |ap_enable_reg_pp0_iter12           |    1|   0|    1|          0|
    |ap_enable_reg_pp0_iter13           |    1|   0|    1|          0|
    |ap_enable_reg_pp0_iter14           |    1|   0|    1|          0|
    |ap_enable_reg_pp0_iter15           |    1|   0|    1|          0|
    |ap_enable_reg_pp0_iter16           |    1|   0|    1|          0|
    |ap_enable_reg_pp0_iter17           |    1|   0|    1|          0|
    |ap_enable_reg_pp0_iter18           |    1|   0|    1|          0|
    |ap_enable_reg_pp0_iter19           |    1|   0|    1|          0|
    |ap_enable_reg_pp0_iter2            |    1|   0|    1|          0|
    |ap_enable_reg_pp0_iter20           |    1|   0|    1|          0|
    |ap_enable_reg_pp0_iter21           |    1|   0|    1|          0|
    |ap_enable_reg_pp0_iter22           |    1|   0|    1|          0|
    |ap_enable_reg_pp0_iter23           |    1|   0|    1|          0|
    |ap_enable_reg_pp0_iter24           |    1|   0|    1|          0|
    |ap_enable_reg_pp0_iter25           |    1|   0|    1|          0|
    |ap_enable_reg_pp0_iter26           |    1|   0|    1|          0|
    |ap_enable_reg_pp0_iter27           |    1|   0|    1|          0|
    |ap_enable_reg_pp0_iter28           |    1|   0|    1|          0|
    |ap_enable_reg_pp0_iter29           |    1|   0|    1|          0|
    |ap_enable_reg_pp0_iter3            |    1|   0|    1|          0|
    |ap_enable_reg_pp0_iter30           |    1|   0|    1|          0|
    |ap_enable_reg_pp0_iter31           |    1|   0|    1|          0|
    |ap_enable_reg_pp0_iter4            |    1|   0|    1|          0|
    |ap_enable_reg_pp0_iter5            |    1|   0|    1|          0|
    |ap_enable_reg_pp0_iter6            |    1|   0|    1|          0|
    |ap_enable_reg_pp0_iter7            |    1|   0|    1|          0|
    |ap_enable_reg_pp0_iter8            |    1|   0|    1|          0|
    |ap_enable_reg_pp0_iter9            |    1|   0|    1|          0|
    |ap_loop_exit_ready_pp0_iter10_reg  |    1|   0|    1|          0|
    |ap_loop_exit_ready_pp0_iter11_reg  |    1|   0|    1|          0|
    |ap_loop_exit_ready_pp0_iter12_reg  |    1|   0|    1|          0|
    |ap_loop_exit_ready_pp0_iter13_reg  |    1|   0|    1|          0|
    |ap_loop_exit_ready_pp0_iter14_reg  |    1|   0|    1|          0|
    |ap_loop_exit_ready_pp0_iter15_reg  |    1|   0|    1|          0|
    |ap_loop_exit_ready_pp0_iter16_reg  |    1|   0|    1|          0|
    |ap_loop_exit_ready_pp0_iter17_reg  |    1|   0|    1|          0|
    |ap_loop_exit_ready_pp0_iter18_reg  |    1|   0|    1|          0|
    |ap_loop_exit_ready_pp0_iter19_reg  |    1|   0|    1|          0|
    |ap_loop_exit_ready_pp0_iter1_reg   |    1|   0|    1|          0|
    |ap_loop_exit_ready_pp0_iter20_reg  |    1|   0|    1|          0|
    |ap_loop_exit_ready_pp0_iter21_reg  |    1|   0|    1|          0|
    |ap_loop_exit_ready_pp0_iter22_reg  |    1|   0|    1|          0|
    |ap_loop_exit_ready_pp0_iter23_reg  |    1|   0|    1|          0|
    |ap_loop_exit_ready_pp0_iter24_reg  |    1|   0|    1|          0|
    |ap_loop_exit_ready_pp0_iter25_reg  |    1|   0|    1|          0|
    |ap_loop_exit_ready_pp0_iter26_reg  |    1|   0|    1|          0|
    |ap_loop_exit_ready_pp0_iter27_reg  |    1|   0|    1|          0|
    |ap_loop_exit_ready_pp0_iter28_reg  |    1|   0|    1|          0|
    |ap_loop_exit_ready_pp0_iter29_reg  |    1|   0|    1|          0|
    |ap_loop_exit_ready_pp0_iter2_reg   |    1|   0|    1|          0|
    |ap_loop_exit_ready_pp0_iter30_reg  |    1|   0|    1|          0|
    |ap_loop_exit_ready_pp0_iter3_reg   |    1|   0|    1|          0|
    |ap_loop_exit_ready_pp0_iter4_reg   |    1|   0|    1|          0|
    |ap_loop_exit_ready_pp0_iter5_reg   |    1|   0|    1|          0|
    |ap_loop_exit_ready_pp0_iter6_reg   |    1|   0|    1|          0|
    |ap_loop_exit_ready_pp0_iter7_reg   |    1|   0|    1|          0|
    |ap_loop_exit_ready_pp0_iter8_reg   |    1|   0|    1|          0|
    |ap_loop_exit_ready_pp0_iter9_reg   |    1|   0|    1|          0|
    |gmem_addr_4_read_reg_301           |  128|   0|  128|          0|
    |i_2_fu_78                          |   31|   0|   31|          0|
    |i_reg_275                          |   31|   0|   31|          0|
    |icmp_ln100_reg_281                 |    1|   0|    1|          0|
    |mul_i_i_reg_327                    |   64|   0|   64|          0|
    |overSig_reg_321                    |   64|   0|   64|          0|
    |sig_reg_316                        |   64|   0|   64|          0|
    |trunc_ln101_3_reg_285              |   60|   0|   60|          0|
    |trunc_ln101_reg_296                |    1|   0|    1|          0|
    |icmp_ln100_reg_281                 |   64|  32|    1|          0|
    |trunc_ln101_reg_296                |   64|  32|    1|          0|
    +-----------------------------------+-----+----+-----+-----------+
    |Total                              |  706|  64|  580|          0|
    +-----------------------------------+-----+----+-----+-----------+



================================================================
== Interface
================================================================
* Summary: 
+---------------------+-----+-----+------------+-------------------------------+--------------+
|      RTL Ports      | Dir | Bits|  Protocol  |         Source Object         |    C Type    |
+---------------------+-----+-----+------------+-------------------------------+--------------+
|ap_clk               |   in|    1|  ap_ctrl_hs|  fit_Pipeline_VITIS_LOOP_100_1|  return value|
|ap_rst               |   in|    1|  ap_ctrl_hs|  fit_Pipeline_VITIS_LOOP_100_1|  return value|
|ap_start             |   in|    1|  ap_ctrl_hs|  fit_Pipeline_VITIS_LOOP_100_1|  return value|
|ap_done              |  out|    1|  ap_ctrl_hs|  fit_Pipeline_VITIS_LOOP_100_1|  return value|
|ap_idle              |  out|    1|  ap_ctrl_hs|  fit_Pipeline_VITIS_LOOP_100_1|  return value|
|ap_ready             |  out|    1|  ap_ctrl_hs|  fit_Pipeline_VITIS_LOOP_100_1|  return value|
|grp_fu_663_p_din0    |  out|   64|  ap_ctrl_hs|  fit_Pipeline_VITIS_LOOP_100_1|  return value|
|grp_fu_663_p_din1    |  out|   64|  ap_ctrl_hs|  fit_Pipeline_VITIS_LOOP_100_1|  return value|
|grp_fu_663_p_opcode  |  out|    1|  ap_ctrl_hs|  fit_Pipeline_VITIS_LOOP_100_1|  return value|
|grp_fu_663_p_dout0   |   in|   64|  ap_ctrl_hs|  fit_Pipeline_VITIS_LOOP_100_1|  return value|
|grp_fu_663_p_ce      |  out|    1|  ap_ctrl_hs|  fit_Pipeline_VITIS_LOOP_100_1|  return value|
|grp_fu_224_p_din0    |  out|   64|  ap_ctrl_hs|  fit_Pipeline_VITIS_LOOP_100_1|  return value|
|grp_fu_224_p_din1    |  out|   64|  ap_ctrl_hs|  fit_Pipeline_VITIS_LOOP_100_1|  return value|
|grp_fu_224_p_dout0   |   in|   64|  ap_ctrl_hs|  fit_Pipeline_VITIS_LOOP_100_1|  return value|
|grp_fu_224_p_ce      |  out|    1|  ap_ctrl_hs|  fit_Pipeline_VITIS_LOOP_100_1|  return value|
|grp_fu_240_p_din0    |  out|   64|  ap_ctrl_hs|  fit_Pipeline_VITIS_LOOP_100_1|  return value|
|grp_fu_240_p_din1    |  out|   64|  ap_ctrl_hs|  fit_Pipeline_VITIS_LOOP_100_1|  return value|
|grp_fu_240_p_dout0   |   in|   64|  ap_ctrl_hs|  fit_Pipeline_VITIS_LOOP_100_1|  return value|
|grp_fu_240_p_ce      |  out|    1|  ap_ctrl_hs|  fit_Pipeline_VITIS_LOOP_100_1|  return value|
|grp_fu_248_p_din0    |  out|   64|  ap_ctrl_hs|  fit_Pipeline_VITIS_LOOP_100_1|  return value|
|grp_fu_248_p_dout0   |   in|   64|  ap_ctrl_hs|  fit_Pipeline_VITIS_LOOP_100_1|  return value|
|grp_fu_248_p_ce      |  out|    1|  ap_ctrl_hs|  fit_Pipeline_VITIS_LOOP_100_1|  return value|
|m_axi_gmem_AWVALID   |  out|    1|       m_axi|                           gmem|       pointer|
|m_axi_gmem_AWREADY   |   in|    1|       m_axi|                           gmem|       pointer|
|m_axi_gmem_AWADDR    |  out|   64|       m_axi|                           gmem|       pointer|
|m_axi_gmem_AWID      |  out|    1|       m_axi|                           gmem|       pointer|
|m_axi_gmem_AWLEN     |  out|   32|       m_axi|                           gmem|       pointer|
|m_axi_gmem_AWSIZE    |  out|    3|       m_axi|                           gmem|       pointer|
|m_axi_gmem_AWBURST   |  out|    2|       m_axi|                           gmem|       pointer|
|m_axi_gmem_AWLOCK    |  out|    2|       m_axi|                           gmem|       pointer|
|m_axi_gmem_AWCACHE   |  out|    4|       m_axi|                           gmem|       pointer|
|m_axi_gmem_AWPROT    |  out|    3|       m_axi|                           gmem|       pointer|
|m_axi_gmem_AWQOS     |  out|    4|       m_axi|                           gmem|       pointer|
|m_axi_gmem_AWREGION  |  out|    4|       m_axi|                           gmem|       pointer|
|m_axi_gmem_AWUSER    |  out|    1|       m_axi|                           gmem|       pointer|
|m_axi_gmem_WVALID    |  out|    1|       m_axi|                           gmem|       pointer|
|m_axi_gmem_WREADY    |   in|    1|       m_axi|                           gmem|       pointer|
|m_axi_gmem_WDATA     |  out|  128|       m_axi|                           gmem|       pointer|
|m_axi_gmem_WSTRB     |  out|   16|       m_axi|                           gmem|       pointer|
|m_axi_gmem_WLAST     |  out|    1|       m_axi|                           gmem|       pointer|
|m_axi_gmem_WID       |  out|    1|       m_axi|                           gmem|       pointer|
|m_axi_gmem_WUSER     |  out|    1|       m_axi|                           gmem|       pointer|
|m_axi_gmem_ARVALID   |  out|    1|       m_axi|                           gmem|       pointer|
|m_axi_gmem_ARREADY   |   in|    1|       m_axi|                           gmem|       pointer|
|m_axi_gmem_ARADDR    |  out|   64|       m_axi|                           gmem|       pointer|
|m_axi_gmem_ARID      |  out|    1|       m_axi|                           gmem|       pointer|
|m_axi_gmem_ARLEN     |  out|   32|       m_axi|                           gmem|       pointer|
|m_axi_gmem_ARSIZE    |  out|    3|       m_axi|                           gmem|       pointer|
|m_axi_gmem_ARBURST   |  out|    2|       m_axi|                           gmem|       pointer|
|m_axi_gmem_ARLOCK    |  out|    2|       m_axi|                           gmem|       pointer|
|m_axi_gmem_ARCACHE   |  out|    4|       m_axi|                           gmem|       pointer|
|m_axi_gmem_ARPROT    |  out|    3|       m_axi|                           gmem|       pointer|
|m_axi_gmem_ARQOS     |  out|    4|       m_axi|                           gmem|       pointer|
|m_axi_gmem_ARREGION  |  out|    4|       m_axi|                           gmem|       pointer|
|m_axi_gmem_ARUSER    |  out|    1|       m_axi|                           gmem|       pointer|
|m_axi_gmem_RVALID    |   in|    1|       m_axi|                           gmem|       pointer|
|m_axi_gmem_RREADY    |  out|    1|       m_axi|                           gmem|       pointer|
|m_axi_gmem_RDATA     |   in|  128|       m_axi|                           gmem|       pointer|
|m_axi_gmem_RLAST     |   in|    1|       m_axi|                           gmem|       pointer|
|m_axi_gmem_RID       |   in|    1|       m_axi|                           gmem|       pointer|
|m_axi_gmem_RFIFONUM  |   in|    9|       m_axi|                           gmem|       pointer|
|m_axi_gmem_RUSER     |   in|    1|       m_axi|                           gmem|       pointer|
|m_axi_gmem_RRESP     |   in|    2|       m_axi|                           gmem|       pointer|
|m_axi_gmem_BVALID    |   in|    1|       m_axi|                           gmem|       pointer|
|m_axi_gmem_BREADY    |  out|    1|       m_axi|                           gmem|       pointer|
|m_axi_gmem_BRESP     |   in|    2|       m_axi|                           gmem|       pointer|
|m_axi_gmem_BID       |   in|    1|       m_axi|                           gmem|       pointer|
|m_axi_gmem_BUSER     |   in|    1|       m_axi|                           gmem|       pointer|
|size                 |   in|   32|     ap_none|                           size|        scalar|
|arrsigs              |   in|   64|     ap_none|                        arrsigs|        scalar|
|trunc_ln3            |   in|    4|     ap_none|                      trunc_ln3|        scalar|
|S_out                |  out|   64|      ap_vld|                          S_out|       pointer|
|S_out_ap_vld         |  out|    1|      ap_vld|                          S_out|       pointer|
+---------------------+-----+-----+------------+-------------------------------+--------------+

============================================================
+ Verbose Summary: Synthesis Manager
============================================================
InlineROM: 1
ExposeGlobal: 0
============================================================
+ Verbose Summary: CDFG Model
============================================================
IsTopModel: 0
ResetActiveHigh: 1
IsCombinational: 2
IsDatapathOnly: 2
HasWiredReturn: 1
HasMFsm: 2
HasVarLatency: 1
IsPipeline: 0
IsRtlPipelined: 0
IsInstanceOverlapped: 0
IsDontTouch: 0
HasImplIP: 0
IsGatedGlobalClock: 0

+ Individual pipeline summary: 
  * Pipeline-0: initiation interval (II) = 3, depth = 96


============================================================
+ Verbose Summary: Schedule
============================================================
* Number of FSM states : 96
* Pipeline : 1
  Pipeline-0 : II = 3, D = 96, States = { 1 2 3 4 5 6 7 8 9 10 11 12 13 14 15 16 17 18 19 20 21 22 23 24 25 26 27 28 29 30 31 32 33 34 35 36 37 38 39 40 41 42 43 44 45 46 47 48 49 50 51 52 53 54 55 56 57 58 59 60 61 62 63 64 65 66 67 68 69 70 71 72 73 74 75 76 77 78 79 80 81 82 83 84 85 86 87 88 89 90 91 92 93 94 95 96 }
* Dataflow Pipeline: 0

* FSM state transitions: 
1 --> 2 
2 --> 3 
3 --> 4 
4 --> 5 
5 --> 6 
6 --> 7 
7 --> 8 
8 --> 9 
9 --> 10 
10 --> 11 
11 --> 12 
12 --> 13 
13 --> 14 
14 --> 15 
15 --> 16 
16 --> 17 
17 --> 18 
18 --> 19 
19 --> 20 
20 --> 21 
21 --> 22 
22 --> 23 
23 --> 24 
24 --> 25 
25 --> 26 
26 --> 27 
27 --> 28 
28 --> 29 
29 --> 30 
30 --> 31 
31 --> 32 
32 --> 33 
33 --> 34 
34 --> 35 
35 --> 36 
36 --> 37 
37 --> 38 
38 --> 39 
39 --> 40 
40 --> 41 
41 --> 42 
42 --> 43 
43 --> 44 
44 --> 45 
45 --> 46 
46 --> 47 
47 --> 48 
48 --> 49 
49 --> 50 
50 --> 51 
51 --> 52 
52 --> 53 
53 --> 54 
54 --> 55 
55 --> 56 
56 --> 57 
57 --> 58 
58 --> 59 
59 --> 60 
60 --> 61 
61 --> 62 
62 --> 63 
63 --> 64 
64 --> 65 
65 --> 66 
66 --> 67 
67 --> 68 
68 --> 69 
69 --> 70 
70 --> 71 
71 --> 72 
72 --> 73 
73 --> 74 
74 --> 75 
75 --> 76 
76 --> 77 
77 --> 78 
78 --> 79 
79 --> 80 
80 --> 81 
81 --> 82 
82 --> 83 
83 --> 84 
84 --> 85 
85 --> 86 
86 --> 87 
87 --> 88 
88 --> 89 
89 --> 90 
90 --> 91 
91 --> 92 
92 --> 93 
93 --> 94 
94 --> 95 
95 --> 96 
96 --> 

* FSM state operations: 

State 1 <SV = 0> <Delay = 1.36>
ST_1 : Operation 99 [1/1] (0.00ns)   --->   "%S = alloca i32 1"   --->   Operation 99 'alloca' 'S' <Predicate = true> <Delay = 0.00>
ST_1 : Operation 100 [1/1] (0.00ns)   --->   "%i_2 = alloca i32 1"   --->   Operation 100 'alloca' 'i_2' <Predicate = true> <Delay = 0.00>
ST_1 : Operation 101 [1/1] (0.00ns)   --->   "%specinterface_ln0 = specinterface void @_ssdm_op_SpecInterface, i128 %gmem, void @empty_14, i32 0, i32 0, void @empty_10, i32 64, i32 0, void @empty, void @empty_1, void @empty_10, i32 16, i32 16, i32 16, i32 16, void @empty_10, void @empty_10, i32 4294967295, i32 0"   --->   Operation 101 'specinterface' 'specinterface_ln0' <Predicate = true> <Delay = 0.00>
ST_1 : Operation 102 [1/1] (0.00ns)   --->   "%trunc_ln3_read = read i4 @_ssdm_op_Read.ap_auto.i4, i4 %trunc_ln3"   --->   Operation 102 'read' 'trunc_ln3_read' <Predicate = true> <Delay = 0.00>
ST_1 : Operation 103 [1/1] (0.00ns)   --->   "%arrsigs_read = read i64 @_ssdm_op_Read.ap_auto.i64, i64 %arrsigs"   --->   Operation 103 'read' 'arrsigs_read' <Predicate = true> <Delay = 0.00>
ST_1 : Operation 104 [1/1] (0.00ns)   --->   "%size_read = read i32 @_ssdm_op_Read.ap_auto.i32, i32 %size"   --->   Operation 104 'read' 'size_read' <Predicate = true> <Delay = 0.00>
ST_1 : Operation 105 [1/1] (0.46ns)   --->   "%store_ln0 = store i31 0, i31 %i_2"   --->   Operation 105 'store' 'store_ln0' <Predicate = true> <Delay = 0.46>
ST_1 : Operation 106 [1/1] (0.46ns)   --->   "%store_ln0 = store i64 0, i64 %S"   --->   Operation 106 'store' 'store_ln0' <Predicate = true> <Delay = 0.46>
ST_1 : Operation 107 [1/1] (0.00ns)   --->   "%br_ln0 = br void %for.inc.i.i"   --->   Operation 107 'br' 'br_ln0' <Predicate = true> <Delay = 0.00>
ST_1 : Operation 108 [1/1] (0.00ns)   --->   "%i = load i31 %i_2" [main.cpp:101->main.cpp:133->main.cpp:272]   --->   Operation 108 'load' 'i' <Predicate = true> <Delay = 0.00>
ST_1 : Operation 109 [1/1] (0.00ns)   --->   "%i_2_cast = zext i31 %i" [main.cpp:101->main.cpp:133->main.cpp:272]   --->   Operation 109 'zext' 'i_2_cast' <Predicate = true> <Delay = 0.00>
ST_1 : Operation 110 [1/1] (1.14ns)   --->   "%icmp_ln100 = icmp_slt  i32 %i_2_cast, i32 %size_read" [main.cpp:100->main.cpp:133->main.cpp:272]   --->   Operation 110 'icmp' 'icmp_ln100' <Predicate = true> <Delay = 1.14> <CoreInst = "Cmp">   --->   Core 9 'Cmp' <Latency = 0> <II = 1> <Delay = 1.14> <FuncUnit> <Opcode : 'icmp'> <InPorts = 2> <OutPorts = 1>
ST_1 : Operation 111 [1/1] (0.00ns)   --->   "%br_ln100 = br i1 %icmp_ln100, void %calc_ovr_sig_sqrd.exit.i.loopexit.exitStub, void %for.inc.i.i.split" [main.cpp:100->main.cpp:133->main.cpp:272]   --->   Operation 111 'br' 'br_ln100' <Predicate = true> <Delay = 0.00>
ST_1 : Operation 112 [1/1] (0.00ns)   --->   "%shl_ln2 = bitconcatenate i34 @_ssdm_op_BitConcatenate.i34.i31.i3, i31 %i, i3 0" [main.cpp:101->main.cpp:133->main.cpp:272]   --->   Operation 112 'bitconcatenate' 'shl_ln2' <Predicate = (icmp_ln100)> <Delay = 0.00>
ST_1 : Operation 113 [1/1] (0.00ns)   --->   "%zext_ln101 = zext i34 %shl_ln2" [main.cpp:101->main.cpp:133->main.cpp:272]   --->   Operation 113 'zext' 'zext_ln101' <Predicate = (icmp_ln100)> <Delay = 0.00>
ST_1 : Operation 114 [1/1] (1.36ns)   --->   "%add_ln101 = add i64 %zext_ln101, i64 %arrsigs_read" [main.cpp:101->main.cpp:133->main.cpp:272]   --->   Operation 114 'add' 'add_ln101' <Predicate = (icmp_ln100)> <Delay = 1.36> <CoreInst = "Adder">   --->   Core 1 'Adder' <Latency = 0> <II = 1> <Delay = 1.36> <FuncUnit> <Opcode : 'add' 'sub'> <InPorts = 2> <OutPorts = 1>
ST_1 : Operation 115 [1/1] (0.00ns)   --->   "%trunc_ln101_3 = partselect i60 @_ssdm_op_PartSelect.i60.i64.i32.i32, i64 %add_ln101, i32 4, i32 63" [main.cpp:101->main.cpp:133->main.cpp:272]   --->   Operation 115 'partselect' 'trunc_ln101_3' <Predicate = (icmp_ln100)> <Delay = 0.00>

State 2 <SV = 1> <Delay = 7.30>
ST_2 : Operation 116 [1/1] (0.00ns)   --->   "%sext_ln101 = sext i60 %trunc_ln101_3" [main.cpp:101->main.cpp:133->main.cpp:272]   --->   Operation 116 'sext' 'sext_ln101' <Predicate = (icmp_ln100)> <Delay = 0.00>
ST_2 : Operation 117 [1/1] (0.00ns)   --->   "%gmem_addr_4 = getelementptr i128 %gmem, i64 %sext_ln101" [main.cpp:101->main.cpp:133->main.cpp:272]   --->   Operation 117 'getelementptr' 'gmem_addr_4' <Predicate = (icmp_ln100)> <Delay = 0.00>
ST_2 : Operation 118 [71/71] (7.30ns)   --->   "%gmem_load_4_req = readreq i1 @_ssdm_op_ReadReq.m_axi.i128P1A, i64 %gmem_addr_4, i32 1" [main.cpp:101->main.cpp:133->main.cpp:272]   --->   Operation 118 'readreq' 'gmem_load_4_req' <Predicate = (icmp_ln100)> <Delay = 7.30> <CoreInst = "m_axi">   --->   Core 121 'm_axi' <Latency = 0> <II = 1> <Delay = 1.00> <Adapter> <Opcode : 'read' 'write' 'readreq' 'writereq' 'writeresp'>

State 3 <SV = 2> <Delay = 7.30>
ST_3 : Operation 119 [1/1] (0.00ns)   --->   "%specbitsmap_ln0 = specbitsmap void @_ssdm_op_SpecBitsMap, i128 %gmem"   --->   Operation 119 'specbitsmap' 'specbitsmap_ln0' <Predicate = true> <Delay = 0.00>
ST_3 : Operation 120 [1/1] (0.00ns)   --->   "%specpipeline_ln0 = specpipeline void @_ssdm_op_SpecPipeline, i32 4294967295, i32 0, i32 1, i32 0, void @p_str3"   --->   Operation 120 'specpipeline' 'specpipeline_ln0' <Predicate = true> <Delay = 0.00>
ST_3 : Operation 121 [1/1] (1.14ns)   --->   "%add_ln100 = add i31 %i, i31 1" [main.cpp:100->main.cpp:133->main.cpp:272]   --->   Operation 121 'add' 'add_ln100' <Predicate = true> <Delay = 1.14> <CoreInst = "Adder">   --->   Core 1 'Adder' <Latency = 0> <II = 1> <Delay = 1.14> <FuncUnit> <Opcode : 'add' 'sub'> <InPorts = 2> <OutPorts = 1>
ST_3 : Operation 122 [1/1] (0.00ns)   --->   "%trunc_ln101 = trunc i31 %i" [main.cpp:101->main.cpp:133->main.cpp:272]   --->   Operation 122 'trunc' 'trunc_ln101' <Predicate = (icmp_ln100)> <Delay = 0.00>
ST_3 : Operation 123 [70/71] (7.30ns)   --->   "%gmem_load_4_req = readreq i1 @_ssdm_op_ReadReq.m_axi.i128P1A, i64 %gmem_addr_4, i32 1" [main.cpp:101->main.cpp:133->main.cpp:272]   --->   Operation 123 'readreq' 'gmem_load_4_req' <Predicate = (icmp_ln100)> <Delay = 7.30> <CoreInst = "m_axi">   --->   Core 121 'm_axi' <Latency = 0> <II = 1> <Delay = 1.00> <Adapter> <Opcode : 'read' 'write' 'readreq' 'writereq' 'writeresp'>
ST_3 : Operation 124 [1/1] (0.46ns)   --->   "%store_ln100 = store i31 %add_ln100, i31 %i_2" [main.cpp:100->main.cpp:133->main.cpp:272]   --->   Operation 124 'store' 'store_ln100' <Predicate = (icmp_ln100)> <Delay = 0.46>

State 4 <SV = 3> <Delay = 7.30>
ST_4 : Operation 125 [69/71] (7.30ns)   --->   "%gmem_load_4_req = readreq i1 @_ssdm_op_ReadReq.m_axi.i128P1A, i64 %gmem_addr_4, i32 1" [main.cpp:101->main.cpp:133->main.cpp:272]   --->   Operation 125 'readreq' 'gmem_load_4_req' <Predicate = true> <Delay = 7.30> <CoreInst = "m_axi">   --->   Core 121 'm_axi' <Latency = 0> <II = 1> <Delay = 1.00> <Adapter> <Opcode : 'read' 'write' 'readreq' 'writereq' 'writeresp'>

State 5 <SV = 4> <Delay = 7.30>
ST_5 : Operation 126 [68/71] (7.30ns)   --->   "%gmem_load_4_req = readreq i1 @_ssdm_op_ReadReq.m_axi.i128P1A, i64 %gmem_addr_4, i32 1" [main.cpp:101->main.cpp:133->main.cpp:272]   --->   Operation 126 'readreq' 'gmem_load_4_req' <Predicate = true> <Delay = 7.30> <CoreInst = "m_axi">   --->   Core 121 'm_axi' <Latency = 0> <II = 1> <Delay = 1.00> <Adapter> <Opcode : 'read' 'write' 'readreq' 'writereq' 'writeresp'>

State 6 <SV = 5> <Delay = 7.30>
ST_6 : Operation 127 [67/71] (7.30ns)   --->   "%gmem_load_4_req = readreq i1 @_ssdm_op_ReadReq.m_axi.i128P1A, i64 %gmem_addr_4, i32 1" [main.cpp:101->main.cpp:133->main.cpp:272]   --->   Operation 127 'readreq' 'gmem_load_4_req' <Predicate = true> <Delay = 7.30> <CoreInst = "m_axi">   --->   Core 121 'm_axi' <Latency = 0> <II = 1> <Delay = 1.00> <Adapter> <Opcode : 'read' 'write' 'readreq' 'writereq' 'writeresp'>

State 7 <SV = 6> <Delay = 7.30>
ST_7 : Operation 128 [66/71] (7.30ns)   --->   "%gmem_load_4_req = readreq i1 @_ssdm_op_ReadReq.m_axi.i128P1A, i64 %gmem_addr_4, i32 1" [main.cpp:101->main.cpp:133->main.cpp:272]   --->   Operation 128 'readreq' 'gmem_load_4_req' <Predicate = true> <Delay = 7.30> <CoreInst = "m_axi">   --->   Core 121 'm_axi' <Latency = 0> <II = 1> <Delay = 1.00> <Adapter> <Opcode : 'read' 'write' 'readreq' 'writereq' 'writeresp'>

State 8 <SV = 7> <Delay = 7.30>
ST_8 : Operation 129 [65/71] (7.30ns)   --->   "%gmem_load_4_req = readreq i1 @_ssdm_op_ReadReq.m_axi.i128P1A, i64 %gmem_addr_4, i32 1" [main.cpp:101->main.cpp:133->main.cpp:272]   --->   Operation 129 'readreq' 'gmem_load_4_req' <Predicate = true> <Delay = 7.30> <CoreInst = "m_axi">   --->   Core 121 'm_axi' <Latency = 0> <II = 1> <Delay = 1.00> <Adapter> <Opcode : 'read' 'write' 'readreq' 'writereq' 'writeresp'>

State 9 <SV = 8> <Delay = 7.30>
ST_9 : Operation 130 [64/71] (7.30ns)   --->   "%gmem_load_4_req = readreq i1 @_ssdm_op_ReadReq.m_axi.i128P1A, i64 %gmem_addr_4, i32 1" [main.cpp:101->main.cpp:133->main.cpp:272]   --->   Operation 130 'readreq' 'gmem_load_4_req' <Predicate = true> <Delay = 7.30> <CoreInst = "m_axi">   --->   Core 121 'm_axi' <Latency = 0> <II = 1> <Delay = 1.00> <Adapter> <Opcode : 'read' 'write' 'readreq' 'writereq' 'writeresp'>

State 10 <SV = 9> <Delay = 7.30>
ST_10 : Operation 131 [63/71] (7.30ns)   --->   "%gmem_load_4_req = readreq i1 @_ssdm_op_ReadReq.m_axi.i128P1A, i64 %gmem_addr_4, i32 1" [main.cpp:101->main.cpp:133->main.cpp:272]   --->   Operation 131 'readreq' 'gmem_load_4_req' <Predicate = true> <Delay = 7.30> <CoreInst = "m_axi">   --->   Core 121 'm_axi' <Latency = 0> <II = 1> <Delay = 1.00> <Adapter> <Opcode : 'read' 'write' 'readreq' 'writereq' 'writeresp'>

State 11 <SV = 10> <Delay = 7.30>
ST_11 : Operation 132 [62/71] (7.30ns)   --->   "%gmem_load_4_req = readreq i1 @_ssdm_op_ReadReq.m_axi.i128P1A, i64 %gmem_addr_4, i32 1" [main.cpp:101->main.cpp:133->main.cpp:272]   --->   Operation 132 'readreq' 'gmem_load_4_req' <Predicate = true> <Delay = 7.30> <CoreInst = "m_axi">   --->   Core 121 'm_axi' <Latency = 0> <II = 1> <Delay = 1.00> <Adapter> <Opcode : 'read' 'write' 'readreq' 'writereq' 'writeresp'>

State 12 <SV = 11> <Delay = 7.30>
ST_12 : Operation 133 [61/71] (7.30ns)   --->   "%gmem_load_4_req = readreq i1 @_ssdm_op_ReadReq.m_axi.i128P1A, i64 %gmem_addr_4, i32 1" [main.cpp:101->main.cpp:133->main.cpp:272]   --->   Operation 133 'readreq' 'gmem_load_4_req' <Predicate = true> <Delay = 7.30> <CoreInst = "m_axi">   --->   Core 121 'm_axi' <Latency = 0> <II = 1> <Delay = 1.00> <Adapter> <Opcode : 'read' 'write' 'readreq' 'writereq' 'writeresp'>

State 13 <SV = 12> <Delay = 7.30>
ST_13 : Operation 134 [60/71] (7.30ns)   --->   "%gmem_load_4_req = readreq i1 @_ssdm_op_ReadReq.m_axi.i128P1A, i64 %gmem_addr_4, i32 1" [main.cpp:101->main.cpp:133->main.cpp:272]   --->   Operation 134 'readreq' 'gmem_load_4_req' <Predicate = true> <Delay = 7.30> <CoreInst = "m_axi">   --->   Core 121 'm_axi' <Latency = 0> <II = 1> <Delay = 1.00> <Adapter> <Opcode : 'read' 'write' 'readreq' 'writereq' 'writeresp'>

State 14 <SV = 13> <Delay = 7.30>
ST_14 : Operation 135 [59/71] (7.30ns)   --->   "%gmem_load_4_req = readreq i1 @_ssdm_op_ReadReq.m_axi.i128P1A, i64 %gmem_addr_4, i32 1" [main.cpp:101->main.cpp:133->main.cpp:272]   --->   Operation 135 'readreq' 'gmem_load_4_req' <Predicate = true> <Delay = 7.30> <CoreInst = "m_axi">   --->   Core 121 'm_axi' <Latency = 0> <II = 1> <Delay = 1.00> <Adapter> <Opcode : 'read' 'write' 'readreq' 'writereq' 'writeresp'>

State 15 <SV = 14> <Delay = 7.30>
ST_15 : Operation 136 [58/71] (7.30ns)   --->   "%gmem_load_4_req = readreq i1 @_ssdm_op_ReadReq.m_axi.i128P1A, i64 %gmem_addr_4, i32 1" [main.cpp:101->main.cpp:133->main.cpp:272]   --->   Operation 136 'readreq' 'gmem_load_4_req' <Predicate = true> <Delay = 7.30> <CoreInst = "m_axi">   --->   Core 121 'm_axi' <Latency = 0> <II = 1> <Delay = 1.00> <Adapter> <Opcode : 'read' 'write' 'readreq' 'writereq' 'writeresp'>

State 16 <SV = 15> <Delay = 7.30>
ST_16 : Operation 137 [57/71] (7.30ns)   --->   "%gmem_load_4_req = readreq i1 @_ssdm_op_ReadReq.m_axi.i128P1A, i64 %gmem_addr_4, i32 1" [main.cpp:101->main.cpp:133->main.cpp:272]   --->   Operation 137 'readreq' 'gmem_load_4_req' <Predicate = true> <Delay = 7.30> <CoreInst = "m_axi">   --->   Core 121 'm_axi' <Latency = 0> <II = 1> <Delay = 1.00> <Adapter> <Opcode : 'read' 'write' 'readreq' 'writereq' 'writeresp'>

State 17 <SV = 16> <Delay = 7.30>
ST_17 : Operation 138 [56/71] (7.30ns)   --->   "%gmem_load_4_req = readreq i1 @_ssdm_op_ReadReq.m_axi.i128P1A, i64 %gmem_addr_4, i32 1" [main.cpp:101->main.cpp:133->main.cpp:272]   --->   Operation 138 'readreq' 'gmem_load_4_req' <Predicate = true> <Delay = 7.30> <CoreInst = "m_axi">   --->   Core 121 'm_axi' <Latency = 0> <II = 1> <Delay = 1.00> <Adapter> <Opcode : 'read' 'write' 'readreq' 'writereq' 'writeresp'>

State 18 <SV = 17> <Delay = 7.30>
ST_18 : Operation 139 [55/71] (7.30ns)   --->   "%gmem_load_4_req = readreq i1 @_ssdm_op_ReadReq.m_axi.i128P1A, i64 %gmem_addr_4, i32 1" [main.cpp:101->main.cpp:133->main.cpp:272]   --->   Operation 139 'readreq' 'gmem_load_4_req' <Predicate = true> <Delay = 7.30> <CoreInst = "m_axi">   --->   Core 121 'm_axi' <Latency = 0> <II = 1> <Delay = 1.00> <Adapter> <Opcode : 'read' 'write' 'readreq' 'writereq' 'writeresp'>

State 19 <SV = 18> <Delay = 7.30>
ST_19 : Operation 140 [54/71] (7.30ns)   --->   "%gmem_load_4_req = readreq i1 @_ssdm_op_ReadReq.m_axi.i128P1A, i64 %gmem_addr_4, i32 1" [main.cpp:101->main.cpp:133->main.cpp:272]   --->   Operation 140 'readreq' 'gmem_load_4_req' <Predicate = true> <Delay = 7.30> <CoreInst = "m_axi">   --->   Core 121 'm_axi' <Latency = 0> <II = 1> <Delay = 1.00> <Adapter> <Opcode : 'read' 'write' 'readreq' 'writereq' 'writeresp'>

State 20 <SV = 19> <Delay = 7.30>
ST_20 : Operation 141 [53/71] (7.30ns)   --->   "%gmem_load_4_req = readreq i1 @_ssdm_op_ReadReq.m_axi.i128P1A, i64 %gmem_addr_4, i32 1" [main.cpp:101->main.cpp:133->main.cpp:272]   --->   Operation 141 'readreq' 'gmem_load_4_req' <Predicate = true> <Delay = 7.30> <CoreInst = "m_axi">   --->   Core 121 'm_axi' <Latency = 0> <II = 1> <Delay = 1.00> <Adapter> <Opcode : 'read' 'write' 'readreq' 'writereq' 'writeresp'>

State 21 <SV = 20> <Delay = 7.30>
ST_21 : Operation 142 [52/71] (7.30ns)   --->   "%gmem_load_4_req = readreq i1 @_ssdm_op_ReadReq.m_axi.i128P1A, i64 %gmem_addr_4, i32 1" [main.cpp:101->main.cpp:133->main.cpp:272]   --->   Operation 142 'readreq' 'gmem_load_4_req' <Predicate = true> <Delay = 7.30> <CoreInst = "m_axi">   --->   Core 121 'm_axi' <Latency = 0> <II = 1> <Delay = 1.00> <Adapter> <Opcode : 'read' 'write' 'readreq' 'writereq' 'writeresp'>

State 22 <SV = 21> <Delay = 7.30>
ST_22 : Operation 143 [51/71] (7.30ns)   --->   "%gmem_load_4_req = readreq i1 @_ssdm_op_ReadReq.m_axi.i128P1A, i64 %gmem_addr_4, i32 1" [main.cpp:101->main.cpp:133->main.cpp:272]   --->   Operation 143 'readreq' 'gmem_load_4_req' <Predicate = true> <Delay = 7.30> <CoreInst = "m_axi">   --->   Core 121 'm_axi' <Latency = 0> <II = 1> <Delay = 1.00> <Adapter> <Opcode : 'read' 'write' 'readreq' 'writereq' 'writeresp'>

State 23 <SV = 22> <Delay = 7.30>
ST_23 : Operation 144 [50/71] (7.30ns)   --->   "%gmem_load_4_req = readreq i1 @_ssdm_op_ReadReq.m_axi.i128P1A, i64 %gmem_addr_4, i32 1" [main.cpp:101->main.cpp:133->main.cpp:272]   --->   Operation 144 'readreq' 'gmem_load_4_req' <Predicate = true> <Delay = 7.30> <CoreInst = "m_axi">   --->   Core 121 'm_axi' <Latency = 0> <II = 1> <Delay = 1.00> <Adapter> <Opcode : 'read' 'write' 'readreq' 'writereq' 'writeresp'>

State 24 <SV = 23> <Delay = 7.30>
ST_24 : Operation 145 [49/71] (7.30ns)   --->   "%gmem_load_4_req = readreq i1 @_ssdm_op_ReadReq.m_axi.i128P1A, i64 %gmem_addr_4, i32 1" [main.cpp:101->main.cpp:133->main.cpp:272]   --->   Operation 145 'readreq' 'gmem_load_4_req' <Predicate = true> <Delay = 7.30> <CoreInst = "m_axi">   --->   Core 121 'm_axi' <Latency = 0> <II = 1> <Delay = 1.00> <Adapter> <Opcode : 'read' 'write' 'readreq' 'writereq' 'writeresp'>

State 25 <SV = 24> <Delay = 7.30>
ST_25 : Operation 146 [48/71] (7.30ns)   --->   "%gmem_load_4_req = readreq i1 @_ssdm_op_ReadReq.m_axi.i128P1A, i64 %gmem_addr_4, i32 1" [main.cpp:101->main.cpp:133->main.cpp:272]   --->   Operation 146 'readreq' 'gmem_load_4_req' <Predicate = true> <Delay = 7.30> <CoreInst = "m_axi">   --->   Core 121 'm_axi' <Latency = 0> <II = 1> <Delay = 1.00> <Adapter> <Opcode : 'read' 'write' 'readreq' 'writereq' 'writeresp'>

State 26 <SV = 25> <Delay = 7.30>
ST_26 : Operation 147 [47/71] (7.30ns)   --->   "%gmem_load_4_req = readreq i1 @_ssdm_op_ReadReq.m_axi.i128P1A, i64 %gmem_addr_4, i32 1" [main.cpp:101->main.cpp:133->main.cpp:272]   --->   Operation 147 'readreq' 'gmem_load_4_req' <Predicate = true> <Delay = 7.30> <CoreInst = "m_axi">   --->   Core 121 'm_axi' <Latency = 0> <II = 1> <Delay = 1.00> <Adapter> <Opcode : 'read' 'write' 'readreq' 'writereq' 'writeresp'>

State 27 <SV = 26> <Delay = 7.30>
ST_27 : Operation 148 [46/71] (7.30ns)   --->   "%gmem_load_4_req = readreq i1 @_ssdm_op_ReadReq.m_axi.i128P1A, i64 %gmem_addr_4, i32 1" [main.cpp:101->main.cpp:133->main.cpp:272]   --->   Operation 148 'readreq' 'gmem_load_4_req' <Predicate = true> <Delay = 7.30> <CoreInst = "m_axi">   --->   Core 121 'm_axi' <Latency = 0> <II = 1> <Delay = 1.00> <Adapter> <Opcode : 'read' 'write' 'readreq' 'writereq' 'writeresp'>

State 28 <SV = 27> <Delay = 7.30>
ST_28 : Operation 149 [45/71] (7.30ns)   --->   "%gmem_load_4_req = readreq i1 @_ssdm_op_ReadReq.m_axi.i128P1A, i64 %gmem_addr_4, i32 1" [main.cpp:101->main.cpp:133->main.cpp:272]   --->   Operation 149 'readreq' 'gmem_load_4_req' <Predicate = true> <Delay = 7.30> <CoreInst = "m_axi">   --->   Core 121 'm_axi' <Latency = 0> <II = 1> <Delay = 1.00> <Adapter> <Opcode : 'read' 'write' 'readreq' 'writereq' 'writeresp'>

State 29 <SV = 28> <Delay = 7.30>
ST_29 : Operation 150 [44/71] (7.30ns)   --->   "%gmem_load_4_req = readreq i1 @_ssdm_op_ReadReq.m_axi.i128P1A, i64 %gmem_addr_4, i32 1" [main.cpp:101->main.cpp:133->main.cpp:272]   --->   Operation 150 'readreq' 'gmem_load_4_req' <Predicate = true> <Delay = 7.30> <CoreInst = "m_axi">   --->   Core 121 'm_axi' <Latency = 0> <II = 1> <Delay = 1.00> <Adapter> <Opcode : 'read' 'write' 'readreq' 'writereq' 'writeresp'>

State 30 <SV = 29> <Delay = 7.30>
ST_30 : Operation 151 [43/71] (7.30ns)   --->   "%gmem_load_4_req = readreq i1 @_ssdm_op_ReadReq.m_axi.i128P1A, i64 %gmem_addr_4, i32 1" [main.cpp:101->main.cpp:133->main.cpp:272]   --->   Operation 151 'readreq' 'gmem_load_4_req' <Predicate = true> <Delay = 7.30> <CoreInst = "m_axi">   --->   Core 121 'm_axi' <Latency = 0> <II = 1> <Delay = 1.00> <Adapter> <Opcode : 'read' 'write' 'readreq' 'writereq' 'writeresp'>

State 31 <SV = 30> <Delay = 7.30>
ST_31 : Operation 152 [42/71] (7.30ns)   --->   "%gmem_load_4_req = readreq i1 @_ssdm_op_ReadReq.m_axi.i128P1A, i64 %gmem_addr_4, i32 1" [main.cpp:101->main.cpp:133->main.cpp:272]   --->   Operation 152 'readreq' 'gmem_load_4_req' <Predicate = true> <Delay = 7.30> <CoreInst = "m_axi">   --->   Core 121 'm_axi' <Latency = 0> <II = 1> <Delay = 1.00> <Adapter> <Opcode : 'read' 'write' 'readreq' 'writereq' 'writeresp'>

State 32 <SV = 31> <Delay = 7.30>
ST_32 : Operation 153 [41/71] (7.30ns)   --->   "%gmem_load_4_req = readreq i1 @_ssdm_op_ReadReq.m_axi.i128P1A, i64 %gmem_addr_4, i32 1" [main.cpp:101->main.cpp:133->main.cpp:272]   --->   Operation 153 'readreq' 'gmem_load_4_req' <Predicate = true> <Delay = 7.30> <CoreInst = "m_axi">   --->   Core 121 'm_axi' <Latency = 0> <II = 1> <Delay = 1.00> <Adapter> <Opcode : 'read' 'write' 'readreq' 'writereq' 'writeresp'>

State 33 <SV = 32> <Delay = 7.30>
ST_33 : Operation 154 [40/71] (7.30ns)   --->   "%gmem_load_4_req = readreq i1 @_ssdm_op_ReadReq.m_axi.i128P1A, i64 %gmem_addr_4, i32 1" [main.cpp:101->main.cpp:133->main.cpp:272]   --->   Operation 154 'readreq' 'gmem_load_4_req' <Predicate = true> <Delay = 7.30> <CoreInst = "m_axi">   --->   Core 121 'm_axi' <Latency = 0> <II = 1> <Delay = 1.00> <Adapter> <Opcode : 'read' 'write' 'readreq' 'writereq' 'writeresp'>

State 34 <SV = 33> <Delay = 7.30>
ST_34 : Operation 155 [39/71] (7.30ns)   --->   "%gmem_load_4_req = readreq i1 @_ssdm_op_ReadReq.m_axi.i128P1A, i64 %gmem_addr_4, i32 1" [main.cpp:101->main.cpp:133->main.cpp:272]   --->   Operation 155 'readreq' 'gmem_load_4_req' <Predicate = true> <Delay = 7.30> <CoreInst = "m_axi">   --->   Core 121 'm_axi' <Latency = 0> <II = 1> <Delay = 1.00> <Adapter> <Opcode : 'read' 'write' 'readreq' 'writereq' 'writeresp'>

State 35 <SV = 34> <Delay = 7.30>
ST_35 : Operation 156 [38/71] (7.30ns)   --->   "%gmem_load_4_req = readreq i1 @_ssdm_op_ReadReq.m_axi.i128P1A, i64 %gmem_addr_4, i32 1" [main.cpp:101->main.cpp:133->main.cpp:272]   --->   Operation 156 'readreq' 'gmem_load_4_req' <Predicate = true> <Delay = 7.30> <CoreInst = "m_axi">   --->   Core 121 'm_axi' <Latency = 0> <II = 1> <Delay = 1.00> <Adapter> <Opcode : 'read' 'write' 'readreq' 'writereq' 'writeresp'>

State 36 <SV = 35> <Delay = 7.30>
ST_36 : Operation 157 [37/71] (7.30ns)   --->   "%gmem_load_4_req = readreq i1 @_ssdm_op_ReadReq.m_axi.i128P1A, i64 %gmem_addr_4, i32 1" [main.cpp:101->main.cpp:133->main.cpp:272]   --->   Operation 157 'readreq' 'gmem_load_4_req' <Predicate = true> <Delay = 7.30> <CoreInst = "m_axi">   --->   Core 121 'm_axi' <Latency = 0> <II = 1> <Delay = 1.00> <Adapter> <Opcode : 'read' 'write' 'readreq' 'writereq' 'writeresp'>

State 37 <SV = 36> <Delay = 7.30>
ST_37 : Operation 158 [36/71] (7.30ns)   --->   "%gmem_load_4_req = readreq i1 @_ssdm_op_ReadReq.m_axi.i128P1A, i64 %gmem_addr_4, i32 1" [main.cpp:101->main.cpp:133->main.cpp:272]   --->   Operation 158 'readreq' 'gmem_load_4_req' <Predicate = true> <Delay = 7.30> <CoreInst = "m_axi">   --->   Core 121 'm_axi' <Latency = 0> <II = 1> <Delay = 1.00> <Adapter> <Opcode : 'read' 'write' 'readreq' 'writereq' 'writeresp'>

State 38 <SV = 37> <Delay = 7.30>
ST_38 : Operation 159 [35/71] (7.30ns)   --->   "%gmem_load_4_req = readreq i1 @_ssdm_op_ReadReq.m_axi.i128P1A, i64 %gmem_addr_4, i32 1" [main.cpp:101->main.cpp:133->main.cpp:272]   --->   Operation 159 'readreq' 'gmem_load_4_req' <Predicate = true> <Delay = 7.30> <CoreInst = "m_axi">   --->   Core 121 'm_axi' <Latency = 0> <II = 1> <Delay = 1.00> <Adapter> <Opcode : 'read' 'write' 'readreq' 'writereq' 'writeresp'>

State 39 <SV = 38> <Delay = 7.30>
ST_39 : Operation 160 [34/71] (7.30ns)   --->   "%gmem_load_4_req = readreq i1 @_ssdm_op_ReadReq.m_axi.i128P1A, i64 %gmem_addr_4, i32 1" [main.cpp:101->main.cpp:133->main.cpp:272]   --->   Operation 160 'readreq' 'gmem_load_4_req' <Predicate = true> <Delay = 7.30> <CoreInst = "m_axi">   --->   Core 121 'm_axi' <Latency = 0> <II = 1> <Delay = 1.00> <Adapter> <Opcode : 'read' 'write' 'readreq' 'writereq' 'writeresp'>

State 40 <SV = 39> <Delay = 7.30>
ST_40 : Operation 161 [33/71] (7.30ns)   --->   "%gmem_load_4_req = readreq i1 @_ssdm_op_ReadReq.m_axi.i128P1A, i64 %gmem_addr_4, i32 1" [main.cpp:101->main.cpp:133->main.cpp:272]   --->   Operation 161 'readreq' 'gmem_load_4_req' <Predicate = true> <Delay = 7.30> <CoreInst = "m_axi">   --->   Core 121 'm_axi' <Latency = 0> <II = 1> <Delay = 1.00> <Adapter> <Opcode : 'read' 'write' 'readreq' 'writereq' 'writeresp'>

State 41 <SV = 40> <Delay = 7.30>
ST_41 : Operation 162 [32/71] (7.30ns)   --->   "%gmem_load_4_req = readreq i1 @_ssdm_op_ReadReq.m_axi.i128P1A, i64 %gmem_addr_4, i32 1" [main.cpp:101->main.cpp:133->main.cpp:272]   --->   Operation 162 'readreq' 'gmem_load_4_req' <Predicate = true> <Delay = 7.30> <CoreInst = "m_axi">   --->   Core 121 'm_axi' <Latency = 0> <II = 1> <Delay = 1.00> <Adapter> <Opcode : 'read' 'write' 'readreq' 'writereq' 'writeresp'>

State 42 <SV = 41> <Delay = 7.30>
ST_42 : Operation 163 [31/71] (7.30ns)   --->   "%gmem_load_4_req = readreq i1 @_ssdm_op_ReadReq.m_axi.i128P1A, i64 %gmem_addr_4, i32 1" [main.cpp:101->main.cpp:133->main.cpp:272]   --->   Operation 163 'readreq' 'gmem_load_4_req' <Predicate = true> <Delay = 7.30> <CoreInst = "m_axi">   --->   Core 121 'm_axi' <Latency = 0> <II = 1> <Delay = 1.00> <Adapter> <Opcode : 'read' 'write' 'readreq' 'writereq' 'writeresp'>

State 43 <SV = 42> <Delay = 7.30>
ST_43 : Operation 164 [30/71] (7.30ns)   --->   "%gmem_load_4_req = readreq i1 @_ssdm_op_ReadReq.m_axi.i128P1A, i64 %gmem_addr_4, i32 1" [main.cpp:101->main.cpp:133->main.cpp:272]   --->   Operation 164 'readreq' 'gmem_load_4_req' <Predicate = true> <Delay = 7.30> <CoreInst = "m_axi">   --->   Core 121 'm_axi' <Latency = 0> <II = 1> <Delay = 1.00> <Adapter> <Opcode : 'read' 'write' 'readreq' 'writereq' 'writeresp'>

State 44 <SV = 43> <Delay = 7.30>
ST_44 : Operation 165 [29/71] (7.30ns)   --->   "%gmem_load_4_req = readreq i1 @_ssdm_op_ReadReq.m_axi.i128P1A, i64 %gmem_addr_4, i32 1" [main.cpp:101->main.cpp:133->main.cpp:272]   --->   Operation 165 'readreq' 'gmem_load_4_req' <Predicate = true> <Delay = 7.30> <CoreInst = "m_axi">   --->   Core 121 'm_axi' <Latency = 0> <II = 1> <Delay = 1.00> <Adapter> <Opcode : 'read' 'write' 'readreq' 'writereq' 'writeresp'>

State 45 <SV = 44> <Delay = 7.30>
ST_45 : Operation 166 [28/71] (7.30ns)   --->   "%gmem_load_4_req = readreq i1 @_ssdm_op_ReadReq.m_axi.i128P1A, i64 %gmem_addr_4, i32 1" [main.cpp:101->main.cpp:133->main.cpp:272]   --->   Operation 166 'readreq' 'gmem_load_4_req' <Predicate = true> <Delay = 7.30> <CoreInst = "m_axi">   --->   Core 121 'm_axi' <Latency = 0> <II = 1> <Delay = 1.00> <Adapter> <Opcode : 'read' 'write' 'readreq' 'writereq' 'writeresp'>

State 46 <SV = 45> <Delay = 7.30>
ST_46 : Operation 167 [27/71] (7.30ns)   --->   "%gmem_load_4_req = readreq i1 @_ssdm_op_ReadReq.m_axi.i128P1A, i64 %gmem_addr_4, i32 1" [main.cpp:101->main.cpp:133->main.cpp:272]   --->   Operation 167 'readreq' 'gmem_load_4_req' <Predicate = true> <Delay = 7.30> <CoreInst = "m_axi">   --->   Core 121 'm_axi' <Latency = 0> <II = 1> <Delay = 1.00> <Adapter> <Opcode : 'read' 'write' 'readreq' 'writereq' 'writeresp'>

State 47 <SV = 46> <Delay = 7.30>
ST_47 : Operation 168 [26/71] (7.30ns)   --->   "%gmem_load_4_req = readreq i1 @_ssdm_op_ReadReq.m_axi.i128P1A, i64 %gmem_addr_4, i32 1" [main.cpp:101->main.cpp:133->main.cpp:272]   --->   Operation 168 'readreq' 'gmem_load_4_req' <Predicate = true> <Delay = 7.30> <CoreInst = "m_axi">   --->   Core 121 'm_axi' <Latency = 0> <II = 1> <Delay = 1.00> <Adapter> <Opcode : 'read' 'write' 'readreq' 'writereq' 'writeresp'>

State 48 <SV = 47> <Delay = 7.30>
ST_48 : Operation 169 [25/71] (7.30ns)   --->   "%gmem_load_4_req = readreq i1 @_ssdm_op_ReadReq.m_axi.i128P1A, i64 %gmem_addr_4, i32 1" [main.cpp:101->main.cpp:133->main.cpp:272]   --->   Operation 169 'readreq' 'gmem_load_4_req' <Predicate = true> <Delay = 7.30> <CoreInst = "m_axi">   --->   Core 121 'm_axi' <Latency = 0> <II = 1> <Delay = 1.00> <Adapter> <Opcode : 'read' 'write' 'readreq' 'writereq' 'writeresp'>

State 49 <SV = 48> <Delay = 7.30>
ST_49 : Operation 170 [24/71] (7.30ns)   --->   "%gmem_load_4_req = readreq i1 @_ssdm_op_ReadReq.m_axi.i128P1A, i64 %gmem_addr_4, i32 1" [main.cpp:101->main.cpp:133->main.cpp:272]   --->   Operation 170 'readreq' 'gmem_load_4_req' <Predicate = true> <Delay = 7.30> <CoreInst = "m_axi">   --->   Core 121 'm_axi' <Latency = 0> <II = 1> <Delay = 1.00> <Adapter> <Opcode : 'read' 'write' 'readreq' 'writereq' 'writeresp'>

State 50 <SV = 49> <Delay = 7.30>
ST_50 : Operation 171 [23/71] (7.30ns)   --->   "%gmem_load_4_req = readreq i1 @_ssdm_op_ReadReq.m_axi.i128P1A, i64 %gmem_addr_4, i32 1" [main.cpp:101->main.cpp:133->main.cpp:272]   --->   Operation 171 'readreq' 'gmem_load_4_req' <Predicate = true> <Delay = 7.30> <CoreInst = "m_axi">   --->   Core 121 'm_axi' <Latency = 0> <II = 1> <Delay = 1.00> <Adapter> <Opcode : 'read' 'write' 'readreq' 'writereq' 'writeresp'>

State 51 <SV = 50> <Delay = 7.30>
ST_51 : Operation 172 [22/71] (7.30ns)   --->   "%gmem_load_4_req = readreq i1 @_ssdm_op_ReadReq.m_axi.i128P1A, i64 %gmem_addr_4, i32 1" [main.cpp:101->main.cpp:133->main.cpp:272]   --->   Operation 172 'readreq' 'gmem_load_4_req' <Predicate = true> <Delay = 7.30> <CoreInst = "m_axi">   --->   Core 121 'm_axi' <Latency = 0> <II = 1> <Delay = 1.00> <Adapter> <Opcode : 'read' 'write' 'readreq' 'writereq' 'writeresp'>

State 52 <SV = 51> <Delay = 7.30>
ST_52 : Operation 173 [21/71] (7.30ns)   --->   "%gmem_load_4_req = readreq i1 @_ssdm_op_ReadReq.m_axi.i128P1A, i64 %gmem_addr_4, i32 1" [main.cpp:101->main.cpp:133->main.cpp:272]   --->   Operation 173 'readreq' 'gmem_load_4_req' <Predicate = true> <Delay = 7.30> <CoreInst = "m_axi">   --->   Core 121 'm_axi' <Latency = 0> <II = 1> <Delay = 1.00> <Adapter> <Opcode : 'read' 'write' 'readreq' 'writereq' 'writeresp'>

State 53 <SV = 52> <Delay = 7.30>
ST_53 : Operation 174 [20/71] (7.30ns)   --->   "%gmem_load_4_req = readreq i1 @_ssdm_op_ReadReq.m_axi.i128P1A, i64 %gmem_addr_4, i32 1" [main.cpp:101->main.cpp:133->main.cpp:272]   --->   Operation 174 'readreq' 'gmem_load_4_req' <Predicate = true> <Delay = 7.30> <CoreInst = "m_axi">   --->   Core 121 'm_axi' <Latency = 0> <II = 1> <Delay = 1.00> <Adapter> <Opcode : 'read' 'write' 'readreq' 'writereq' 'writeresp'>

State 54 <SV = 53> <Delay = 7.30>
ST_54 : Operation 175 [19/71] (7.30ns)   --->   "%gmem_load_4_req = readreq i1 @_ssdm_op_ReadReq.m_axi.i128P1A, i64 %gmem_addr_4, i32 1" [main.cpp:101->main.cpp:133->main.cpp:272]   --->   Operation 175 'readreq' 'gmem_load_4_req' <Predicate = true> <Delay = 7.30> <CoreInst = "m_axi">   --->   Core 121 'm_axi' <Latency = 0> <II = 1> <Delay = 1.00> <Adapter> <Opcode : 'read' 'write' 'readreq' 'writereq' 'writeresp'>

State 55 <SV = 54> <Delay = 7.30>
ST_55 : Operation 176 [18/71] (7.30ns)   --->   "%gmem_load_4_req = readreq i1 @_ssdm_op_ReadReq.m_axi.i128P1A, i64 %gmem_addr_4, i32 1" [main.cpp:101->main.cpp:133->main.cpp:272]   --->   Operation 176 'readreq' 'gmem_load_4_req' <Predicate = true> <Delay = 7.30> <CoreInst = "m_axi">   --->   Core 121 'm_axi' <Latency = 0> <II = 1> <Delay = 1.00> <Adapter> <Opcode : 'read' 'write' 'readreq' 'writereq' 'writeresp'>

State 56 <SV = 55> <Delay = 7.30>
ST_56 : Operation 177 [17/71] (7.30ns)   --->   "%gmem_load_4_req = readreq i1 @_ssdm_op_ReadReq.m_axi.i128P1A, i64 %gmem_addr_4, i32 1" [main.cpp:101->main.cpp:133->main.cpp:272]   --->   Operation 177 'readreq' 'gmem_load_4_req' <Predicate = true> <Delay = 7.30> <CoreInst = "m_axi">   --->   Core 121 'm_axi' <Latency = 0> <II = 1> <Delay = 1.00> <Adapter> <Opcode : 'read' 'write' 'readreq' 'writereq' 'writeresp'>

State 57 <SV = 56> <Delay = 7.30>
ST_57 : Operation 178 [16/71] (7.30ns)   --->   "%gmem_load_4_req = readreq i1 @_ssdm_op_ReadReq.m_axi.i128P1A, i64 %gmem_addr_4, i32 1" [main.cpp:101->main.cpp:133->main.cpp:272]   --->   Operation 178 'readreq' 'gmem_load_4_req' <Predicate = true> <Delay = 7.30> <CoreInst = "m_axi">   --->   Core 121 'm_axi' <Latency = 0> <II = 1> <Delay = 1.00> <Adapter> <Opcode : 'read' 'write' 'readreq' 'writereq' 'writeresp'>

State 58 <SV = 57> <Delay = 7.30>
ST_58 : Operation 179 [15/71] (7.30ns)   --->   "%gmem_load_4_req = readreq i1 @_ssdm_op_ReadReq.m_axi.i128P1A, i64 %gmem_addr_4, i32 1" [main.cpp:101->main.cpp:133->main.cpp:272]   --->   Operation 179 'readreq' 'gmem_load_4_req' <Predicate = true> <Delay = 7.30> <CoreInst = "m_axi">   --->   Core 121 'm_axi' <Latency = 0> <II = 1> <Delay = 1.00> <Adapter> <Opcode : 'read' 'write' 'readreq' 'writereq' 'writeresp'>

State 59 <SV = 58> <Delay = 7.30>
ST_59 : Operation 180 [14/71] (7.30ns)   --->   "%gmem_load_4_req = readreq i1 @_ssdm_op_ReadReq.m_axi.i128P1A, i64 %gmem_addr_4, i32 1" [main.cpp:101->main.cpp:133->main.cpp:272]   --->   Operation 180 'readreq' 'gmem_load_4_req' <Predicate = true> <Delay = 7.30> <CoreInst = "m_axi">   --->   Core 121 'm_axi' <Latency = 0> <II = 1> <Delay = 1.00> <Adapter> <Opcode : 'read' 'write' 'readreq' 'writereq' 'writeresp'>

State 60 <SV = 59> <Delay = 7.30>
ST_60 : Operation 181 [13/71] (7.30ns)   --->   "%gmem_load_4_req = readreq i1 @_ssdm_op_ReadReq.m_axi.i128P1A, i64 %gmem_addr_4, i32 1" [main.cpp:101->main.cpp:133->main.cpp:272]   --->   Operation 181 'readreq' 'gmem_load_4_req' <Predicate = true> <Delay = 7.30> <CoreInst = "m_axi">   --->   Core 121 'm_axi' <Latency = 0> <II = 1> <Delay = 1.00> <Adapter> <Opcode : 'read' 'write' 'readreq' 'writereq' 'writeresp'>

State 61 <SV = 60> <Delay = 7.30>
ST_61 : Operation 182 [12/71] (7.30ns)   --->   "%gmem_load_4_req = readreq i1 @_ssdm_op_ReadReq.m_axi.i128P1A, i64 %gmem_addr_4, i32 1" [main.cpp:101->main.cpp:133->main.cpp:272]   --->   Operation 182 'readreq' 'gmem_load_4_req' <Predicate = true> <Delay = 7.30> <CoreInst = "m_axi">   --->   Core 121 'm_axi' <Latency = 0> <II = 1> <Delay = 1.00> <Adapter> <Opcode : 'read' 'write' 'readreq' 'writereq' 'writeresp'>

State 62 <SV = 61> <Delay = 7.30>
ST_62 : Operation 183 [11/71] (7.30ns)   --->   "%gmem_load_4_req = readreq i1 @_ssdm_op_ReadReq.m_axi.i128P1A, i64 %gmem_addr_4, i32 1" [main.cpp:101->main.cpp:133->main.cpp:272]   --->   Operation 183 'readreq' 'gmem_load_4_req' <Predicate = true> <Delay = 7.30> <CoreInst = "m_axi">   --->   Core 121 'm_axi' <Latency = 0> <II = 1> <Delay = 1.00> <Adapter> <Opcode : 'read' 'write' 'readreq' 'writereq' 'writeresp'>

State 63 <SV = 62> <Delay = 7.30>
ST_63 : Operation 184 [10/71] (7.30ns)   --->   "%gmem_load_4_req = readreq i1 @_ssdm_op_ReadReq.m_axi.i128P1A, i64 %gmem_addr_4, i32 1" [main.cpp:101->main.cpp:133->main.cpp:272]   --->   Operation 184 'readreq' 'gmem_load_4_req' <Predicate = true> <Delay = 7.30> <CoreInst = "m_axi">   --->   Core 121 'm_axi' <Latency = 0> <II = 1> <Delay = 1.00> <Adapter> <Opcode : 'read' 'write' 'readreq' 'writereq' 'writeresp'>

State 64 <SV = 63> <Delay = 7.30>
ST_64 : Operation 185 [9/71] (7.30ns)   --->   "%gmem_load_4_req = readreq i1 @_ssdm_op_ReadReq.m_axi.i128P1A, i64 %gmem_addr_4, i32 1" [main.cpp:101->main.cpp:133->main.cpp:272]   --->   Operation 185 'readreq' 'gmem_load_4_req' <Predicate = true> <Delay = 7.30> <CoreInst = "m_axi">   --->   Core 121 'm_axi' <Latency = 0> <II = 1> <Delay = 1.00> <Adapter> <Opcode : 'read' 'write' 'readreq' 'writereq' 'writeresp'>

State 65 <SV = 64> <Delay = 7.30>
ST_65 : Operation 186 [8/71] (7.30ns)   --->   "%gmem_load_4_req = readreq i1 @_ssdm_op_ReadReq.m_axi.i128P1A, i64 %gmem_addr_4, i32 1" [main.cpp:101->main.cpp:133->main.cpp:272]   --->   Operation 186 'readreq' 'gmem_load_4_req' <Predicate = true> <Delay = 7.30> <CoreInst = "m_axi">   --->   Core 121 'm_axi' <Latency = 0> <II = 1> <Delay = 1.00> <Adapter> <Opcode : 'read' 'write' 'readreq' 'writereq' 'writeresp'>

State 66 <SV = 65> <Delay = 7.30>
ST_66 : Operation 187 [7/71] (7.30ns)   --->   "%gmem_load_4_req = readreq i1 @_ssdm_op_ReadReq.m_axi.i128P1A, i64 %gmem_addr_4, i32 1" [main.cpp:101->main.cpp:133->main.cpp:272]   --->   Operation 187 'readreq' 'gmem_load_4_req' <Predicate = true> <Delay = 7.30> <CoreInst = "m_axi">   --->   Core 121 'm_axi' <Latency = 0> <II = 1> <Delay = 1.00> <Adapter> <Opcode : 'read' 'write' 'readreq' 'writereq' 'writeresp'>

State 67 <SV = 66> <Delay = 7.30>
ST_67 : Operation 188 [6/71] (7.30ns)   --->   "%gmem_load_4_req = readreq i1 @_ssdm_op_ReadReq.m_axi.i128P1A, i64 %gmem_addr_4, i32 1" [main.cpp:101->main.cpp:133->main.cpp:272]   --->   Operation 188 'readreq' 'gmem_load_4_req' <Predicate = true> <Delay = 7.30> <CoreInst = "m_axi">   --->   Core 121 'm_axi' <Latency = 0> <II = 1> <Delay = 1.00> <Adapter> <Opcode : 'read' 'write' 'readreq' 'writereq' 'writeresp'>

State 68 <SV = 67> <Delay = 7.30>
ST_68 : Operation 189 [5/71] (7.30ns)   --->   "%gmem_load_4_req = readreq i1 @_ssdm_op_ReadReq.m_axi.i128P1A, i64 %gmem_addr_4, i32 1" [main.cpp:101->main.cpp:133->main.cpp:272]   --->   Operation 189 'readreq' 'gmem_load_4_req' <Predicate = true> <Delay = 7.30> <CoreInst = "m_axi">   --->   Core 121 'm_axi' <Latency = 0> <II = 1> <Delay = 1.00> <Adapter> <Opcode : 'read' 'write' 'readreq' 'writereq' 'writeresp'>

State 69 <SV = 68> <Delay = 7.30>
ST_69 : Operation 190 [4/71] (7.30ns)   --->   "%gmem_load_4_req = readreq i1 @_ssdm_op_ReadReq.m_axi.i128P1A, i64 %gmem_addr_4, i32 1" [main.cpp:101->main.cpp:133->main.cpp:272]   --->   Operation 190 'readreq' 'gmem_load_4_req' <Predicate = true> <Delay = 7.30> <CoreInst = "m_axi">   --->   Core 121 'm_axi' <Latency = 0> <II = 1> <Delay = 1.00> <Adapter> <Opcode : 'read' 'write' 'readreq' 'writereq' 'writeresp'>

State 70 <SV = 69> <Delay = 7.30>
ST_70 : Operation 191 [3/71] (7.30ns)   --->   "%gmem_load_4_req = readreq i1 @_ssdm_op_ReadReq.m_axi.i128P1A, i64 %gmem_addr_4, i32 1" [main.cpp:101->main.cpp:133->main.cpp:272]   --->   Operation 191 'readreq' 'gmem_load_4_req' <Predicate = true> <Delay = 7.30> <CoreInst = "m_axi">   --->   Core 121 'm_axi' <Latency = 0> <II = 1> <Delay = 1.00> <Adapter> <Opcode : 'read' 'write' 'readreq' 'writereq' 'writeresp'>

State 71 <SV = 70> <Delay = 7.30>
ST_71 : Operation 192 [2/71] (7.30ns)   --->   "%gmem_load_4_req = readreq i1 @_ssdm_op_ReadReq.m_axi.i128P1A, i64 %gmem_addr_4, i32 1" [main.cpp:101->main.cpp:133->main.cpp:272]   --->   Operation 192 'readreq' 'gmem_load_4_req' <Predicate = true> <Delay = 7.30> <CoreInst = "m_axi">   --->   Core 121 'm_axi' <Latency = 0> <II = 1> <Delay = 1.00> <Adapter> <Opcode : 'read' 'write' 'readreq' 'writereq' 'writeresp'>

State 72 <SV = 71> <Delay = 7.30>
ST_72 : Operation 193 [1/71] (7.30ns)   --->   "%gmem_load_4_req = readreq i1 @_ssdm_op_ReadReq.m_axi.i128P1A, i64 %gmem_addr_4, i32 1" [main.cpp:101->main.cpp:133->main.cpp:272]   --->   Operation 193 'readreq' 'gmem_load_4_req' <Predicate = true> <Delay = 7.30> <CoreInst = "m_axi">   --->   Core 121 'm_axi' <Latency = 0> <II = 1> <Delay = 1.00> <Adapter> <Opcode : 'read' 'write' 'readreq' 'writereq' 'writeresp'>

State 73 <SV = 72> <Delay = 7.30>
ST_73 : Operation 194 [1/1] (0.00ns)   --->   "%trunc_ln101_2 = bitconcatenate i4 @_ssdm_op_BitConcatenate.i4.i1.i3, i1 %trunc_ln101, i3 0" [main.cpp:101->main.cpp:133->main.cpp:272]   --->   Operation 194 'bitconcatenate' 'trunc_ln101_2' <Predicate = true> <Delay = 0.00>
ST_73 : Operation 195 [1/1] (7.30ns)   --->   "%gmem_addr_4_read = read i128 @_ssdm_op_Read.m_axi.i128P1A, i64 %gmem_addr_4" [main.cpp:101->main.cpp:133->main.cpp:272]   --->   Operation 195 'read' 'gmem_addr_4_read' <Predicate = true> <Delay = 7.30> <CoreInst = "m_axi">   --->   Core 121 'm_axi' <Latency = 0> <II = 1> <Delay = 1.00> <Adapter> <Opcode : 'read' 'write' 'readreq' 'writereq' 'writeresp'>
ST_73 : Operation 196 [1/1] (0.80ns)   --->   "%add_ln101_1 = add i4 %trunc_ln101_2, i4 %trunc_ln3_read" [main.cpp:101->main.cpp:133->main.cpp:272]   --->   Operation 196 'add' 'add_ln101_1' <Predicate = true> <Delay = 0.80> <CoreInst = "Adder">   --->   Core 1 'Adder' <Latency = 0> <II = 1> <Delay = 0.80> <FuncUnit> <Opcode : 'add' 'sub'> <InPorts = 2> <OutPorts = 1>

State 74 <SV = 73> <Delay = 7.06>
ST_74 : Operation 197 [1/1] (0.00ns)   --->   "%shl_ln101_1 = bitconcatenate i7 @_ssdm_op_BitConcatenate.i7.i4.i3, i4 %add_ln101_1, i3 0" [main.cpp:101->main.cpp:133->main.cpp:272]   --->   Operation 197 'bitconcatenate' 'shl_ln101_1' <Predicate = true> <Delay = 0.00>
ST_74 : Operation 198 [1/1] (0.00ns)   --->   "%zext_ln101_1 = zext i7 %shl_ln101_1" [main.cpp:101->main.cpp:133->main.cpp:272]   --->   Operation 198 'zext' 'zext_ln101_1' <Predicate = true> <Delay = 0.00>
ST_74 : Operation 199 [1/1] (1.40ns)   --->   "%lshr_ln101 = lshr i128 %gmem_addr_4_read, i128 %zext_ln101_1" [main.cpp:101->main.cpp:133->main.cpp:272]   --->   Operation 199 'lshr' 'lshr_ln101' <Predicate = true> <Delay = 1.40> <CoreInst = "Shifter">   --->   Core 75 'Shifter' <Latency = 0> <II = 1> <Delay = 1.40> <FuncUnit> <Opcode : 'shl' 'lshr' 'ashr'> <InPorts = 2> <OutPorts = 1>
ST_74 : Operation 200 [1/1] (0.00ns)   --->   "%trunc_ln101_1 = trunc i128 %lshr_ln101" [main.cpp:101->main.cpp:133->main.cpp:272]   --->   Operation 200 'trunc' 'trunc_ln101_1' <Predicate = true> <Delay = 0.00>
ST_74 : [1/1] (0.75ns)   --->   Input mux for Operation 201 '%sig = sitodp i64 %trunc_ln101_1'
ST_74 : Operation 201 [2/2] (4.89ns)   --->   "%sig = sitodp i64 %trunc_ln101_1" [main.cpp:101->main.cpp:133->main.cpp:272]   --->   Operation 201 'sitodp' 'sig' <Predicate = true> <Delay = 4.89> <CoreInst = "Int2Double">   --->   Core 66 'Int2Double' <Latency = 1> <II = 1> <Delay = 5.65> <FuncUnit> <Opcode : 'sitodp' 'uitodp'> <InPorts = 1> <OutPorts = 1>

State 75 <SV = 74> <Delay = 5.65>
ST_75 : Operation 202 [1/2] (5.65ns)   --->   "%sig = sitodp i64 %trunc_ln101_1" [main.cpp:101->main.cpp:133->main.cpp:272]   --->   Operation 202 'sitodp' 'sig' <Predicate = true> <Delay = 5.65> <CoreInst = "Int2Double">   --->   Core 66 'Int2Double' <Latency = 1> <II = 1> <Delay = 5.65> <FuncUnit> <Opcode : 'sitodp' 'uitodp'> <InPorts = 1> <OutPorts = 1>

State 76 <SV = 75> <Delay = 7.15>
ST_76 : [1/1] (0.75ns)   --->   Input mux for Operation 203 '%overSig = ddiv i64 1, i64 %sig'
ST_76 : Operation 203 [13/13] (6.40ns)   --->   "%overSig = ddiv i64 1, i64 %sig" [main.cpp:102->main.cpp:133->main.cpp:272]   --->   Operation 203 'ddiv' 'overSig' <Predicate = true> <Delay = 6.40> <CoreInst = "DDiv">   --->   Core 39 'DDiv' <Latency = 12> <II = 1> <Delay = 7.15> <FuncUnit> <Opcode : 'ddiv' 'drem'> <InPorts = 2> <OutPorts = 1>

State 77 <SV = 76> <Delay = 7.15>
ST_77 : Operation 204 [12/13] (7.15ns)   --->   "%overSig = ddiv i64 1, i64 %sig" [main.cpp:102->main.cpp:133->main.cpp:272]   --->   Operation 204 'ddiv' 'overSig' <Predicate = true> <Delay = 7.15> <CoreInst = "DDiv">   --->   Core 39 'DDiv' <Latency = 12> <II = 1> <Delay = 7.15> <FuncUnit> <Opcode : 'ddiv' 'drem'> <InPorts = 2> <OutPorts = 1>

State 78 <SV = 77> <Delay = 7.15>
ST_78 : Operation 205 [11/13] (7.15ns)   --->   "%overSig = ddiv i64 1, i64 %sig" [main.cpp:102->main.cpp:133->main.cpp:272]   --->   Operation 205 'ddiv' 'overSig' <Predicate = true> <Delay = 7.15> <CoreInst = "DDiv">   --->   Core 39 'DDiv' <Latency = 12> <II = 1> <Delay = 7.15> <FuncUnit> <Opcode : 'ddiv' 'drem'> <InPorts = 2> <OutPorts = 1>

State 79 <SV = 78> <Delay = 7.15>
ST_79 : Operation 206 [10/13] (7.15ns)   --->   "%overSig = ddiv i64 1, i64 %sig" [main.cpp:102->main.cpp:133->main.cpp:272]   --->   Operation 206 'ddiv' 'overSig' <Predicate = true> <Delay = 7.15> <CoreInst = "DDiv">   --->   Core 39 'DDiv' <Latency = 12> <II = 1> <Delay = 7.15> <FuncUnit> <Opcode : 'ddiv' 'drem'> <InPorts = 2> <OutPorts = 1>

State 80 <SV = 79> <Delay = 7.15>
ST_80 : Operation 207 [9/13] (7.15ns)   --->   "%overSig = ddiv i64 1, i64 %sig" [main.cpp:102->main.cpp:133->main.cpp:272]   --->   Operation 207 'ddiv' 'overSig' <Predicate = true> <Delay = 7.15> <CoreInst = "DDiv">   --->   Core 39 'DDiv' <Latency = 12> <II = 1> <Delay = 7.15> <FuncUnit> <Opcode : 'ddiv' 'drem'> <InPorts = 2> <OutPorts = 1>

State 81 <SV = 80> <Delay = 7.15>
ST_81 : Operation 208 [8/13] (7.15ns)   --->   "%overSig = ddiv i64 1, i64 %sig" [main.cpp:102->main.cpp:133->main.cpp:272]   --->   Operation 208 'ddiv' 'overSig' <Predicate = true> <Delay = 7.15> <CoreInst = "DDiv">   --->   Core 39 'DDiv' <Latency = 12> <II = 1> <Delay = 7.15> <FuncUnit> <Opcode : 'ddiv' 'drem'> <InPorts = 2> <OutPorts = 1>

State 82 <SV = 81> <Delay = 7.15>
ST_82 : Operation 209 [7/13] (7.15ns)   --->   "%overSig = ddiv i64 1, i64 %sig" [main.cpp:102->main.cpp:133->main.cpp:272]   --->   Operation 209 'ddiv' 'overSig' <Predicate = true> <Delay = 7.15> <CoreInst = "DDiv">   --->   Core 39 'DDiv' <Latency = 12> <II = 1> <Delay = 7.15> <FuncUnit> <Opcode : 'ddiv' 'drem'> <InPorts = 2> <OutPorts = 1>

State 83 <SV = 82> <Delay = 7.15>
ST_83 : Operation 210 [6/13] (7.15ns)   --->   "%overSig = ddiv i64 1, i64 %sig" [main.cpp:102->main.cpp:133->main.cpp:272]   --->   Operation 210 'ddiv' 'overSig' <Predicate = true> <Delay = 7.15> <CoreInst = "DDiv">   --->   Core 39 'DDiv' <Latency = 12> <II = 1> <Delay = 7.15> <FuncUnit> <Opcode : 'ddiv' 'drem'> <InPorts = 2> <OutPorts = 1>

State 84 <SV = 83> <Delay = 7.15>
ST_84 : Operation 211 [5/13] (7.15ns)   --->   "%overSig = ddiv i64 1, i64 %sig" [main.cpp:102->main.cpp:133->main.cpp:272]   --->   Operation 211 'ddiv' 'overSig' <Predicate = true> <Delay = 7.15> <CoreInst = "DDiv">   --->   Core 39 'DDiv' <Latency = 12> <II = 1> <Delay = 7.15> <FuncUnit> <Opcode : 'ddiv' 'drem'> <InPorts = 2> <OutPorts = 1>

State 85 <SV = 84> <Delay = 7.15>
ST_85 : Operation 212 [4/13] (7.15ns)   --->   "%overSig = ddiv i64 1, i64 %sig" [main.cpp:102->main.cpp:133->main.cpp:272]   --->   Operation 212 'ddiv' 'overSig' <Predicate = true> <Delay = 7.15> <CoreInst = "DDiv">   --->   Core 39 'DDiv' <Latency = 12> <II = 1> <Delay = 7.15> <FuncUnit> <Opcode : 'ddiv' 'drem'> <InPorts = 2> <OutPorts = 1>

State 86 <SV = 85> <Delay = 7.15>
ST_86 : Operation 213 [3/13] (7.15ns)   --->   "%overSig = ddiv i64 1, i64 %sig" [main.cpp:102->main.cpp:133->main.cpp:272]   --->   Operation 213 'ddiv' 'overSig' <Predicate = true> <Delay = 7.15> <CoreInst = "DDiv">   --->   Core 39 'DDiv' <Latency = 12> <II = 1> <Delay = 7.15> <FuncUnit> <Opcode : 'ddiv' 'drem'> <InPorts = 2> <OutPorts = 1>

State 87 <SV = 86> <Delay = 7.15>
ST_87 : Operation 214 [2/13] (7.15ns)   --->   "%overSig = ddiv i64 1, i64 %sig" [main.cpp:102->main.cpp:133->main.cpp:272]   --->   Operation 214 'ddiv' 'overSig' <Predicate = true> <Delay = 7.15> <CoreInst = "DDiv">   --->   Core 39 'DDiv' <Latency = 12> <II = 1> <Delay = 7.15> <FuncUnit> <Opcode : 'ddiv' 'drem'> <InPorts = 2> <OutPorts = 1>

State 88 <SV = 87> <Delay = 7.15>
ST_88 : Operation 215 [1/13] (7.15ns)   --->   "%overSig = ddiv i64 1, i64 %sig" [main.cpp:102->main.cpp:133->main.cpp:272]   --->   Operation 215 'ddiv' 'overSig' <Predicate = true> <Delay = 7.15> <CoreInst = "DDiv">   --->   Core 39 'DDiv' <Latency = 12> <II = 1> <Delay = 7.15> <FuncUnit> <Opcode : 'ddiv' 'drem'> <InPorts = 2> <OutPorts = 1>

State 89 <SV = 88> <Delay = 5.58>
ST_89 : [1/1] (0.65ns)   --->   Input mux for Operation 216 '%mul_i_i = dmul i64 %overSig, i64 %overSig'
ST_89 : Operation 216 [4/4] (4.92ns)   --->   "%mul_i_i = dmul i64 %overSig, i64 %overSig" [main.cpp:105->main.cpp:133->main.cpp:272]   --->   Operation 216 'dmul' 'mul_i_i' <Predicate = true> <Delay = 4.92> <CoreInst = "DMul_maxdsp">   --->   Core 49 'DMul_maxdsp' <Latency = 3> <II = 1> <Delay = 5.58> <FuncUnit> <Opcode : 'dmul'> <InPorts = 2> <OutPorts = 1>

State 90 <SV = 89> <Delay = 5.58>
ST_90 : Operation 217 [3/4] (5.58ns)   --->   "%mul_i_i = dmul i64 %overSig, i64 %overSig" [main.cpp:105->main.cpp:133->main.cpp:272]   --->   Operation 217 'dmul' 'mul_i_i' <Predicate = true> <Delay = 5.58> <CoreInst = "DMul_maxdsp">   --->   Core 49 'DMul_maxdsp' <Latency = 3> <II = 1> <Delay = 5.58> <FuncUnit> <Opcode : 'dmul'> <InPorts = 2> <OutPorts = 1>

State 91 <SV = 90> <Delay = 5.58>
ST_91 : Operation 218 [2/4] (5.58ns)   --->   "%mul_i_i = dmul i64 %overSig, i64 %overSig" [main.cpp:105->main.cpp:133->main.cpp:272]   --->   Operation 218 'dmul' 'mul_i_i' <Predicate = true> <Delay = 5.58> <CoreInst = "DMul_maxdsp">   --->   Core 49 'DMul_maxdsp' <Latency = 3> <II = 1> <Delay = 5.58> <FuncUnit> <Opcode : 'dmul'> <InPorts = 2> <OutPorts = 1>

State 92 <SV = 91> <Delay = 5.58>
ST_92 : Operation 219 [1/4] (5.58ns)   --->   "%mul_i_i = dmul i64 %overSig, i64 %overSig" [main.cpp:105->main.cpp:133->main.cpp:272]   --->   Operation 219 'dmul' 'mul_i_i' <Predicate = true> <Delay = 5.58> <CoreInst = "DMul_maxdsp">   --->   Core 49 'DMul_maxdsp' <Latency = 3> <II = 1> <Delay = 5.58> <FuncUnit> <Opcode : 'dmul'> <InPorts = 2> <OutPorts = 1>

State 93 <SV = 92> <Delay = 5.15>
ST_93 : Operation 220 [1/1] (0.00ns)   --->   "%S_load = load i64 %S" [main.cpp:105->main.cpp:133->main.cpp:272]   --->   Operation 220 'load' 'S_load' <Predicate = true> <Delay = 0.00>
ST_93 : [1/1] (0.67ns)   --->   Input mux for Operation 221 '%S_1 = dadd i64 %S_load, i64 %mul_i_i'
ST_93 : Operation 221 [4/4] (4.48ns)   --->   "%S_1 = dadd i64 %S_load, i64 %mul_i_i" [main.cpp:105->main.cpp:133->main.cpp:272]   --->   Operation 221 'dadd' 'S_1' <Predicate = true> <Delay = 4.48> <CoreInst = "DAddSub_fulldsp">   --->   Core 37 'DAddSub_fulldsp' <Latency = 3> <II = 1> <Delay = 5.15> <FuncUnit> <Opcode : 'dadd' 'dsub'> <InPorts = 2> <OutPorts = 1>
ST_93 : Operation 228 [1/1] (0.00ns)   --->   "%S_load_1 = load i64 %S"   --->   Operation 228 'load' 'S_load_1' <Predicate = (!icmp_ln100)> <Delay = 0.00>
ST_93 : Operation 229 [1/1] (0.00ns)   --->   "%write_ln0 = write void @_ssdm_op_Write.ap_auto.doubleP0A, i64 %S_out, i64 %S_load_1"   --->   Operation 229 'write' 'write_ln0' <Predicate = (!icmp_ln100)> <Delay = 0.00>
ST_93 : Operation 230 [1/1] (0.00ns)   --->   "%ret_ln0 = ret"   --->   Operation 230 'ret' 'ret_ln0' <Predicate = (!icmp_ln100)> <Delay = 0.00>

State 94 <SV = 93> <Delay = 5.15>
ST_94 : Operation 222 [3/4] (5.15ns)   --->   "%S_1 = dadd i64 %S_load, i64 %mul_i_i" [main.cpp:105->main.cpp:133->main.cpp:272]   --->   Operation 222 'dadd' 'S_1' <Predicate = true> <Delay = 5.15> <CoreInst = "DAddSub_fulldsp">   --->   Core 37 'DAddSub_fulldsp' <Latency = 3> <II = 1> <Delay = 5.15> <FuncUnit> <Opcode : 'dadd' 'dsub'> <InPorts = 2> <OutPorts = 1>

State 95 <SV = 94> <Delay = 5.15>
ST_95 : Operation 223 [2/4] (5.15ns)   --->   "%S_1 = dadd i64 %S_load, i64 %mul_i_i" [main.cpp:105->main.cpp:133->main.cpp:272]   --->   Operation 223 'dadd' 'S_1' <Predicate = true> <Delay = 5.15> <CoreInst = "DAddSub_fulldsp">   --->   Core 37 'DAddSub_fulldsp' <Latency = 3> <II = 1> <Delay = 5.15> <FuncUnit> <Opcode : 'dadd' 'dsub'> <InPorts = 2> <OutPorts = 1>

State 96 <SV = 95> <Delay = 5.61>
ST_96 : Operation 224 [1/1] (0.00ns)   --->   "%specloopname_ln100 = specloopname void @_ssdm_op_SpecLoopName, void @empty_11" [main.cpp:100->main.cpp:133->main.cpp:272]   --->   Operation 224 'specloopname' 'specloopname_ln100' <Predicate = true> <Delay = 0.00>
ST_96 : Operation 225 [1/4] (5.15ns)   --->   "%S_1 = dadd i64 %S_load, i64 %mul_i_i" [main.cpp:105->main.cpp:133->main.cpp:272]   --->   Operation 225 'dadd' 'S_1' <Predicate = true> <Delay = 5.15> <CoreInst = "DAddSub_fulldsp">   --->   Core 37 'DAddSub_fulldsp' <Latency = 3> <II = 1> <Delay = 5.15> <FuncUnit> <Opcode : 'dadd' 'dsub'> <InPorts = 2> <OutPorts = 1>
ST_96 : Operation 226 [1/1] (0.46ns)   --->   "%store_ln100 = store i64 %S_1, i64 %S" [main.cpp:100->main.cpp:133->main.cpp:272]   --->   Operation 226 'store' 'store_ln100' <Predicate = true> <Delay = 0.46>
ST_96 : Operation 227 [1/1] (0.00ns)   --->   "%br_ln100 = br void %for.inc.i.i" [main.cpp:100->main.cpp:133->main.cpp:272]   --->   Operation 227 'br' 'br_ln100' <Predicate = true> <Delay = 0.00>


============================================================
+ Verbose Summary: Binding
============================================================
STG Binding: 
---------------- STG Properties BEGIN ----------------
- Is combinational: 0
- Is one-state seq: 0
- Is datapath-only: 0
- Is pipelined: 0
- Is top level: 0
Port [ Return ] is wired: 1; IO mode=ap_ctrl_hs:ce=0
Port [ gmem]:  wired=1; compound=1; hidden=0; nouse=0; global=0; static=0; extern=0; dir=0; type=4; pingpong=0; private_global=0; IO mode=m_axi:ce=0
Port [ size]:  wired=1; compound=0; hidden=0; nouse=0; global=0; static=0; extern=0; dir=0; type=0; pingpong=0; private_global=0; IO mode=ap_none:ce=0
Port [ arrsigs]:  wired=1; compound=0; hidden=0; nouse=0; global=0; static=0; extern=0; dir=0; type=0; pingpong=0; private_global=0; IO mode=ap_none:ce=0
Port [ trunc_ln3]:  wired=1; compound=0; hidden=0; nouse=0; global=0; static=0; extern=0; dir=0; type=0; pingpong=0; private_global=0; IO mode=ap_none:ce=0
Port [ S_out]:  wired=1; compound=0; hidden=0; nouse=0; global=0; static=0; extern=0; dir=1; type=0; pingpong=0; private_global=0; IO mode=ap_vld:ce=0
---------------- STG Properties END ------------------

---------------- Datapath Model BEGIN ----------------

<LifeTime>
<method=bitvector/>
S                  (alloca        ) [ 0111111111111111111111111111111111111111111111111111111111111111111111111111111111111111111111111]
i_2                (alloca        ) [ 0111000000000000000000000000000000000000000000000000000000000000000000000000000000000000000000000]
specinterface_ln0  (specinterface ) [ 0000000000000000000000000000000000000000000000000000000000000000000000000000000000000000000000000]
trunc_ln3_read     (read          ) [ 0111111111111111111111111111111111111111111111111111111111111111111111111100000000000000000000000]
arrsigs_read       (read          ) [ 0000000000000000000000000000000000000000000000000000000000000000000000000000000000000000000000000]
size_read          (read          ) [ 0000000000000000000000000000000000000000000000000000000000000000000000000000000000000000000000000]
store_ln0          (store         ) [ 0000000000000000000000000000000000000000000000000000000000000000000000000000000000000000000000000]
store_ln0          (store         ) [ 0000000000000000000000000000000000000000000000000000000000000000000000000000000000000000000000000]
br_ln0             (br            ) [ 0000000000000000000000000000000000000000000000000000000000000000000000000000000000000000000000000]
i                  (load          ) [ 0011000000000000000000000000000000000000000000000000000000000000000000000000000000000000000000000]
i_2_cast           (zext          ) [ 0000000000000000000000000000000000000000000000000000000000000000000000000000000000000000000000000]
icmp_ln100         (icmp          ) [ 0111111111111111111111111111111111111111111111111111111111111111111111111111111111111111111111000]
br_ln100           (br            ) [ 0000000000000000000000000000000000000000000000000000000000000000000000000000000000000000000000000]
shl_ln2            (bitconcatenate) [ 0000000000000000000000000000000000000000000000000000000000000000000000000000000000000000000000000]
zext_ln101         (zext          ) [ 0000000000000000000000000000000000000000000000000000000000000000000000000000000000000000000000000]
add_ln101          (add           ) [ 0000000000000000000000000000000000000000000000000000000000000000000000000000000000000000000000000]
trunc_ln101_3      (partselect    ) [ 0010000000000000000000000000000000000000000000000000000000000000000000000000000000000000000000000]
sext_ln101         (sext          ) [ 0000000000000000000000000000000000000000000000000000000000000000000000000000000000000000000000000]
gmem_addr_4        (getelementptr ) [ 0111111111111111111111111111111111111111111111111111111111111111111111111100000000000000000000000]
specbitsmap_ln0    (specbitsmap   ) [ 0000000000000000000000000000000000000000000000000000000000000000000000000000000000000000000000000]
specpipeline_ln0   (specpipeline  ) [ 0000000000000000000000000000000000000000000000000000000000000000000000000000000000000000000000000]
add_ln100          (add           ) [ 0000000000000000000000000000000000000000000000000000000000000000000000000000000000000000000000000]
trunc_ln101        (trunc         ) [ 0111111111111111111111111111111111111111111111111111111111111111111111111100000000000000000000000]
store_ln100        (store         ) [ 0000000000000000000000000000000000000000000000000000000000000000000000000000000000000000000000000]
gmem_load_4_req    (readreq       ) [ 0000000000000000000000000000000000000000000000000000000000000000000000000000000000000000000000000]
trunc_ln101_2      (bitconcatenate) [ 0000000000000000000000000000000000000000000000000000000000000000000000000000000000000000000000000]
gmem_addr_4_read   (read          ) [ 0010000000000000000000000000000000000000000000000000000000000000000000000010000000000000000000000]
add_ln101_1        (add           ) [ 0010000000000000000000000000000000000000000000000000000000000000000000000010000000000000000000000]
shl_ln101_1        (bitconcatenate) [ 0000000000000000000000000000000000000000000000000000000000000000000000000000000000000000000000000]
zext_ln101_1       (zext          ) [ 0000000000000000000000000000000000000000000000000000000000000000000000000000000000000000000000000]
lshr_ln101         (lshr          ) [ 0000000000000000000000000000000000000000000000000000000000000000000000000000000000000000000000000]
trunc_ln101_1      (trunc         ) [ 0001000000000000000000000000000000000000000000000000000000000000000000000001000000000000000000000]
sig                (sitodp        ) [ 0111000000000000000000000000000000000000000000000000000000000000000000000000111111111111100000000]
overSig            (ddiv          ) [ 0111000000000000000000000000000000000000000000000000000000000000000000000000000000000000011110000]
mul_i_i            (dmul          ) [ 0111000000000000000000000000000000000000000000000000000000000000000000000000000000000000000001111]
S_load             (load          ) [ 0111000000000000000000000000000000000000000000000000000000000000000000000000000000000000000000111]
specloopname_ln100 (specloopname  ) [ 0000000000000000000000000000000000000000000000000000000000000000000000000000000000000000000000000]
S_1                (dadd          ) [ 0000000000000000000000000000000000000000000000000000000000000000000000000000000000000000000000000]
store_ln100        (store         ) [ 0000000000000000000000000000000000000000000000000000000000000000000000000000000000000000000000000]
br_ln100           (br            ) [ 0000000000000000000000000000000000000000000000000000000000000000000000000000000000000000000000000]
S_load_1           (load          ) [ 0000000000000000000000000000000000000000000000000000000000000000000000000000000000000000000000000]
write_ln0          (write         ) [ 0000000000000000000000000000000000000000000000000000000000000000000000000000000000000000000000000]
ret_ln0            (ret           ) [ 0000000000000000000000000000000000000000000000000000000000000000000000000000000000000000000000000]
</LifeTime>

<model>

<comp_list>
<comp id="0" class="1000" name="gmem">
<pin_list>
<pin id="1" dir="1" index="0" bw="1" slack="0"/>
</pin_list>
<bind>
<StgValue><ssdm name="gmem"/></StgValue>
</bind>
</comp>

<comp id="2" class="1000" name="size">
<pin_list>
<pin id="3" dir="1" index="0" bw="1" slack="0"/>
</pin_list>
<bind>
<StgValue><ssdm name="size"/></StgValue>
</bind>
</comp>

<comp id="4" class="1000" name="arrsigs">
<pin_list>
<pin id="5" dir="1" index="0" bw="1" slack="0"/>
</pin_list>
<bind>
<StgValue><ssdm name="arrsigs"/></StgValue>
</bind>
</comp>

<comp id="6" class="1000" name="trunc_ln3">
<pin_list>
<pin id="7" dir="1" index="0" bw="1" slack="0"/>
</pin_list>
<bind>
<StgValue><ssdm name="trunc_ln3"/></StgValue>
</bind>
</comp>

<comp id="8" class="1000" name="S_out">
<pin_list>
<pin id="9" dir="1" index="0" bw="1" slack="0"/>
</pin_list>
<bind>
<StgValue><ssdm name="S_out"/></StgValue>
</bind>
</comp>

<comp id="10" class="1001" name="const_10">
<pin_list>
<pin id="11" dir="1" index="0" bw="1" slack="0"/>
</pin_list>
<bind>
<StgValue><ssdm name=""/></StgValue>
</bind>
</comp>

<comp id="12" class="1001" name="const_12">
<pin_list>
<pin id="13" dir="1" index="0" bw="1" slack="2147483647"/>
</pin_list>
<bind>
<StgValue><ssdm name="_ssdm_op_SpecInterface"/></StgValue>
</bind>
</comp>

<comp id="14" class="1001" name="const_14">
<pin_list>
<pin id="15" dir="1" index="0" bw="1" slack="2147483647"/>
</pin_list>
<bind>
<StgValue><ssdm name="empty_14"/></StgValue>
</bind>
</comp>

<comp id="16" class="1001" name="const_16">
<pin_list>
<pin id="17" dir="1" index="0" bw="1" slack="2147483647"/>
</pin_list>
<bind>
<StgValue><ssdm name=""/></StgValue>
</bind>
</comp>

<comp id="18" class="1001" name="const_18">
<pin_list>
<pin id="19" dir="1" index="0" bw="1" slack="2147483647"/>
</pin_list>
<bind>
<StgValue><ssdm name="empty_10"/></StgValue>
</bind>
</comp>

<comp id="20" class="1001" name="const_20">
<pin_list>
<pin id="21" dir="1" index="0" bw="1" slack="2147483647"/>
</pin_list>
<bind>
<StgValue><ssdm name=""/></StgValue>
</bind>
</comp>

<comp id="22" class="1001" name="const_22">
<pin_list>
<pin id="23" dir="1" index="0" bw="1" slack="2147483647"/>
</pin_list>
<bind>
<StgValue><ssdm name="empty"/></StgValue>
</bind>
</comp>

<comp id="24" class="1001" name="const_24">
<pin_list>
<pin id="25" dir="1" index="0" bw="1" slack="2147483647"/>
</pin_list>
<bind>
<StgValue><ssdm name="empty_1"/></StgValue>
</bind>
</comp>

<comp id="26" class="1001" name="const_26">
<pin_list>
<pin id="27" dir="1" index="0" bw="1" slack="2147483647"/>
</pin_list>
<bind>
<StgValue><ssdm name=""/></StgValue>
</bind>
</comp>

<comp id="28" class="1001" name="const_28">
<pin_list>
<pin id="29" dir="1" index="0" bw="1" slack="2147483647"/>
</pin_list>
<bind>
<StgValue><ssdm name=""/></StgValue>
</bind>
</comp>

<comp id="30" class="1001" name="const_30">
<pin_list>
<pin id="31" dir="1" index="0" bw="1" slack="0"/>
</pin_list>
<bind>
<StgValue><ssdm name="_ssdm_op_Read.ap_auto.i4"/></StgValue>
</bind>
</comp>

<comp id="32" class="1001" name="const_32">
<pin_list>
<pin id="33" dir="1" index="0" bw="1" slack="0"/>
</pin_list>
<bind>
<StgValue><ssdm name="_ssdm_op_Read.ap_auto.i64"/></StgValue>
</bind>
</comp>

<comp id="34" class="1001" name="const_34">
<pin_list>
<pin id="35" dir="1" index="0" bw="1" slack="0"/>
</pin_list>
<bind>
<StgValue><ssdm name="_ssdm_op_Read.ap_auto.i32"/></StgValue>
</bind>
</comp>

<comp id="36" class="1001" name="const_36">
<pin_list>
<pin id="37" dir="1" index="0" bw="1" slack="0"/>
</pin_list>
<bind>
<StgValue><ssdm name=""/></StgValue>
</bind>
</comp>

<comp id="38" class="1001" name="const_38">
<pin_list>
<pin id="39" dir="1" index="0" bw="1" slack="0"/>
</pin_list>
<bind>
<StgValue><ssdm name=""/></StgValue>
</bind>
</comp>

<comp id="40" class="1001" name="const_40">
<pin_list>
<pin id="41" dir="1" index="0" bw="1" slack="0"/>
</pin_list>
<bind>
<StgValue><ssdm name="_ssdm_op_BitConcatenate.i34.i31.i3"/></StgValue>
</bind>
</comp>

<comp id="42" class="1001" name="const_42">
<pin_list>
<pin id="43" dir="1" index="0" bw="1" slack="0"/>
</pin_list>
<bind>
<StgValue><ssdm name=""/></StgValue>
</bind>
</comp>

<comp id="44" class="1001" name="const_44">
<pin_list>
<pin id="45" dir="1" index="0" bw="1" slack="0"/>
</pin_list>
<bind>
<StgValue><ssdm name="_ssdm_op_PartSelect.i60.i64.i32.i32"/></StgValue>
</bind>
</comp>

<comp id="46" class="1001" name="const_46">
<pin_list>
<pin id="47" dir="1" index="0" bw="1" slack="0"/>
</pin_list>
<bind>
<StgValue><ssdm name=""/></StgValue>
</bind>
</comp>

<comp id="48" class="1001" name="const_48">
<pin_list>
<pin id="49" dir="1" index="0" bw="1" slack="0"/>
</pin_list>
<bind>
<StgValue><ssdm name=""/></StgValue>
</bind>
</comp>

<comp id="50" class="1001" name="const_50">
<pin_list>
<pin id="51" dir="1" index="0" bw="1" slack="0"/>
</pin_list>
<bind>
<StgValue><ssdm name="_ssdm_op_ReadReq.m_axi.i128P1A"/></StgValue>
</bind>
</comp>

<comp id="52" class="1001" name="const_52">
<pin_list>
<pin id="53" dir="1" index="0" bw="1" slack="2147483647"/>
</pin_list>
<bind>
<StgValue><ssdm name="_ssdm_op_SpecBitsMap"/></StgValue>
</bind>
</comp>

<comp id="54" class="1001" name="const_54">
<pin_list>
<pin id="55" dir="1" index="0" bw="1" slack="2147483647"/>
</pin_list>
<bind>
<StgValue><ssdm name="_ssdm_op_SpecPipeline"/></StgValue>
</bind>
</comp>

<comp id="56" class="1001" name="const_56">
<pin_list>
<pin id="57" dir="1" index="0" bw="1" slack="2147483647"/>
</pin_list>
<bind>
<StgValue><ssdm name="p_str3"/></StgValue>
</bind>
</comp>

<comp id="58" class="1001" name="const_58">
<pin_list>
<pin id="59" dir="1" index="0" bw="1" slack="0"/>
</pin_list>
<bind>
<StgValue><ssdm name=""/></StgValue>
</bind>
</comp>

<comp id="60" class="1001" name="const_60">
<pin_list>
<pin id="61" dir="1" index="0" bw="1" slack="0"/>
</pin_list>
<bind>
<StgValue><ssdm name="_ssdm_op_BitConcatenate.i4.i1.i3"/></StgValue>
</bind>
</comp>

<comp id="62" class="1001" name="const_62">
<pin_list>
<pin id="63" dir="1" index="0" bw="1" slack="0"/>
</pin_list>
<bind>
<StgValue><ssdm name="_ssdm_op_Read.m_axi.i128P1A"/></StgValue>
</bind>
</comp>

<comp id="64" class="1001" name="const_64">
<pin_list>
<pin id="65" dir="1" index="0" bw="1" slack="0"/>
</pin_list>
<bind>
<StgValue><ssdm name="_ssdm_op_BitConcatenate.i7.i4.i3"/></StgValue>
</bind>
</comp>

<comp id="66" class="1001" name="const_66">
<pin_list>
<pin id="67" dir="1" index="0" bw="1" slack="0"/>
</pin_list>
<bind>
<StgValue><ssdm name=""/></StgValue>
</bind>
</comp>

<comp id="68" class="1001" name="const_68">
<pin_list>
<pin id="69" dir="1" index="0" bw="1" slack="2147483647"/>
</pin_list>
<bind>
<StgValue><ssdm name="_ssdm_op_SpecLoopName"/></StgValue>
</bind>
</comp>

<comp id="70" class="1001" name="const_70">
<pin_list>
<pin id="71" dir="1" index="0" bw="1" slack="2147483647"/>
</pin_list>
<bind>
<StgValue><ssdm name="empty_11"/></StgValue>
</bind>
</comp>

<comp id="72" class="1001" name="const_72">
<pin_list>
<pin id="73" dir="1" index="0" bw="1" slack="0"/>
</pin_list>
<bind>
<StgValue><ssdm name="_ssdm_op_Write.ap_auto.doubleP0A"/></StgValue>
</bind>
</comp>

<comp id="74" class="1004" name="S_fu_74">
<pin_list>
<pin id="75" dir="0" index="0" bw="1" slack="0"/>
<pin id="76" dir="1" index="1" bw="64" slack="0"/>
</pin_list>
<bind>
<opcode="alloca(26) " fcode="alloca"/>
<opset="S/1 "/>
</bind>
</comp>

<comp id="78" class="1004" name="i_2_fu_78">
<pin_list>
<pin id="79" dir="0" index="0" bw="1" slack="0"/>
<pin id="80" dir="1" index="1" bw="31" slack="0"/>
</pin_list>
<bind>
<opcode="alloca(26) " fcode="alloca"/>
<opset="i_2/1 "/>
</bind>
</comp>

<comp id="82" class="1004" name="trunc_ln3_read_read_fu_82">
<pin_list>
<pin id="83" dir="0" index="0" bw="4" slack="0"/>
<pin id="84" dir="0" index="1" bw="4" slack="0"/>
<pin id="85" dir="1" index="2" bw="4" slack="72"/>
</pin_list>
<bind>
<opcode="read(1150) " fcode="read"/>
<opset="trunc_ln3_read/1 "/>
</bind>
</comp>

<comp id="88" class="1004" name="arrsigs_read_read_fu_88">
<pin_list>
<pin id="89" dir="0" index="0" bw="64" slack="0"/>
<pin id="90" dir="0" index="1" bw="64" slack="0"/>
<pin id="91" dir="1" index="2" bw="64" slack="0"/>
</pin_list>
<bind>
<opcode="read(1150) " fcode="read"/>
<opset="arrsigs_read/1 "/>
</bind>
</comp>

<comp id="94" class="1004" name="size_read_read_fu_94">
<pin_list>
<pin id="95" dir="0" index="0" bw="32" slack="0"/>
<pin id="96" dir="0" index="1" bw="32" slack="0"/>
<pin id="97" dir="1" index="2" bw="32" slack="0"/>
</pin_list>
<bind>
<opcode="read(1150) " fcode="read"/>
<opset="size_read/1 "/>
</bind>
</comp>

<comp id="100" class="1004" name="grp_readreq_fu_100">
<pin_list>
<pin id="101" dir="0" index="0" bw="1" slack="0"/>
<pin id="102" dir="0" index="1" bw="128" slack="0"/>
<pin id="103" dir="0" index="2" bw="1" slack="0"/>
<pin id="104" dir="1" index="3" bw="1" slack="2147483647"/>
</pin_list>
<bind>
<opcode="readreq(1154) " fcode="readreq"/>
<opset="gmem_load_4_req/2 "/>
</bind>
</comp>

<comp id="107" class="1004" name="gmem_addr_4_read_read_fu_107">
<pin_list>
<pin id="108" dir="0" index="0" bw="128" slack="0"/>
<pin id="109" dir="0" index="1" bw="128" slack="71"/>
<pin id="110" dir="1" index="2" bw="128" slack="1"/>
</pin_list>
<bind>
<opcode="read(1150) " fcode="read"/>
<opset="gmem_addr_4_read/73 "/>
</bind>
</comp>

<comp id="112" class="1004" name="write_ln0_write_fu_112">
<pin_list>
<pin id="113" dir="0" index="0" bw="0" slack="0"/>
<pin id="114" dir="0" index="1" bw="64" slack="0"/>
<pin id="115" dir="0" index="2" bw="64" slack="0"/>
<pin id="116" dir="1" index="3" bw="0" slack="2147483647"/>
</pin_list>
<bind>
<opcode="write(1151) " fcode="write"/>
<opset="write_ln0/93 "/>
</bind>
</comp>

<comp id="119" class="1004" name="grp_fu_119">
<pin_list>
<pin id="120" dir="0" index="0" bw="64" slack="0"/>
<pin id="121" dir="0" index="1" bw="64" slack="1"/>
<pin id="122" dir="1" index="2" bw="64" slack="0"/>
</pin_list>
<bind>
<opcode="dadd(508) " fcode="dadd"/>
<opset="S_1/93 "/>
</bind>
</comp>

<comp id="123" class="1004" name="grp_fu_123">
<pin_list>
<pin id="124" dir="0" index="0" bw="64" slack="1"/>
<pin id="125" dir="0" index="1" bw="64" slack="1"/>
<pin id="126" dir="1" index="2" bw="64" slack="1"/>
</pin_list>
<bind>
<opcode="dmul(510) " fcode="dmul"/>
<opset="mul_i_i/89 "/>
</bind>
</comp>

<comp id="127" class="1004" name="grp_fu_127">
<pin_list>
<pin id="128" dir="0" index="0" bw="64" slack="0"/>
<pin id="129" dir="0" index="1" bw="64" slack="1"/>
<pin id="130" dir="1" index="2" bw="64" slack="1"/>
</pin_list>
<bind>
<opcode="ddiv(511) " fcode="ddiv"/>
<opset="overSig/76 "/>
</bind>
</comp>

<comp id="132" class="1004" name="grp_fu_132">
<pin_list>
<pin id="133" dir="0" index="0" bw="64" slack="0"/>
<pin id="134" dir="1" index="1" bw="64" slack="1"/>
</pin_list>
<bind>
<opcode="sitodp(517) " fcode="sitodp"/>
<opset="sig/74 "/>
</bind>
</comp>

<comp id="135" class="1004" name="store_ln0_store_fu_135">
<pin_list>
<pin id="136" dir="0" index="0" bw="1" slack="0"/>
<pin id="137" dir="0" index="1" bw="31" slack="0"/>
<pin id="138" dir="1" index="2" bw="0" slack="2147483647"/>
</pin_list>
<bind>
<opcode="store(28) " fcode="store"/>
<opset="store_ln0/1 "/>
</bind>
</comp>

<comp id="140" class="1004" name="store_ln0_store_fu_140">
<pin_list>
<pin id="141" dir="0" index="0" bw="64" slack="0"/>
<pin id="142" dir="0" index="1" bw="64" slack="0"/>
<pin id="143" dir="1" index="2" bw="0" slack="2147483647"/>
</pin_list>
<bind>
<opcode="store(28) " fcode="store"/>
<opset="store_ln0/1 "/>
</bind>
</comp>

<comp id="145" class="1004" name="i_load_fu_145">
<pin_list>
<pin id="146" dir="0" index="0" bw="31" slack="0"/>
<pin id="147" dir="1" index="1" bw="31" slack="0"/>
</pin_list>
<bind>
<opcode="load(27) " fcode="load"/>
<opset="i/1 "/>
</bind>
</comp>

<comp id="148" class="1004" name="i_2_cast_fu_148">
<pin_list>
<pin id="149" dir="0" index="0" bw="31" slack="0"/>
<pin id="150" dir="1" index="1" bw="32" slack="0"/>
</pin_list>
<bind>
<opcode="zext(34) " fcode="zext"/>
<opset="i_2_cast/1 "/>
</bind>
</comp>

<comp id="152" class="1004" name="icmp_ln100_fu_152">
<pin_list>
<pin id="153" dir="0" index="0" bw="32" slack="0"/>
<pin id="154" dir="0" index="1" bw="32" slack="0"/>
<pin id="155" dir="1" index="2" bw="1" slack="1"/>
</pin_list>
<bind>
<opcode="icmp(45) " fcode="icmp"/>
<opset="icmp_ln100/1 "/>
</bind>
</comp>

<comp id="158" class="1004" name="shl_ln2_fu_158">
<pin_list>
<pin id="159" dir="0" index="0" bw="34" slack="0"/>
<pin id="160" dir="0" index="1" bw="31" slack="0"/>
<pin id="161" dir="0" index="2" bw="1" slack="0"/>
<pin id="162" dir="1" index="3" bw="34" slack="0"/>
</pin_list>
<bind>
<opcode="bitconcatenate(1004) " fcode="bitconcatenate"/>
<opset="shl_ln2/1 "/>
</bind>
</comp>

<comp id="166" class="1004" name="zext_ln101_fu_166">
<pin_list>
<pin id="167" dir="0" index="0" bw="34" slack="0"/>
<pin id="168" dir="1" index="1" bw="64" slack="0"/>
</pin_list>
<bind>
<opcode="zext(34) " fcode="zext"/>
<opset="zext_ln101/1 "/>
</bind>
</comp>

<comp id="170" class="1004" name="add_ln101_fu_170">
<pin_list>
<pin id="171" dir="0" index="0" bw="34" slack="0"/>
<pin id="172" dir="0" index="1" bw="64" slack="0"/>
<pin id="173" dir="1" index="2" bw="64" slack="0"/>
</pin_list>
<bind>
<opcode="add(8) " fcode="add"/>
<opset="add_ln101/1 "/>
</bind>
</comp>

<comp id="176" class="1004" name="trunc_ln101_3_fu_176">
<pin_list>
<pin id="177" dir="0" index="0" bw="60" slack="0"/>
<pin id="178" dir="0" index="1" bw="64" slack="0"/>
<pin id="179" dir="0" index="2" bw="4" slack="0"/>
<pin id="180" dir="0" index="3" bw="7" slack="0"/>
<pin id="181" dir="1" index="4" bw="60" slack="1"/>
</pin_list>
<bind>
<opcode="partselect(1002) " fcode="partselect"/>
<opset="trunc_ln101_3/1 "/>
</bind>
</comp>

<comp id="186" class="1004" name="sext_ln101_fu_186">
<pin_list>
<pin id="187" dir="0" index="0" bw="60" slack="1"/>
<pin id="188" dir="1" index="1" bw="64" slack="0"/>
</pin_list>
<bind>
<opcode="sext(35) " fcode="sext"/>
<opset="sext_ln101/2 "/>
</bind>
</comp>

<comp id="189" class="1004" name="gmem_addr_4_fu_189">
<pin_list>
<pin id="190" dir="0" index="0" bw="64" slack="0"/>
<pin id="191" dir="0" index="1" bw="64" slack="0"/>
<pin id="192" dir="1" index="2" bw="64" slack="0"/>
</pin_list>
<bind>
<opcode="getelementptr(29) " fcode="getelementptr"/>
<opset="gmem_addr_4/2 "/>
</bind>
</comp>

<comp id="196" class="1004" name="add_ln100_fu_196">
<pin_list>
<pin id="197" dir="0" index="0" bw="31" slack="2"/>
<pin id="198" dir="0" index="1" bw="1" slack="0"/>
<pin id="199" dir="1" index="2" bw="31" slack="0"/>
</pin_list>
<bind>
<opcode="add(8) " fcode="add"/>
<opset="add_ln100/3 "/>
</bind>
</comp>

<comp id="201" class="1004" name="trunc_ln101_fu_201">
<pin_list>
<pin id="202" dir="0" index="0" bw="31" slack="2"/>
<pin id="203" dir="1" index="1" bw="1" slack="70"/>
</pin_list>
<bind>
<opcode="trunc(33) " fcode="trunc"/>
<opset="trunc_ln101/3 "/>
</bind>
</comp>

<comp id="204" class="1004" name="store_ln100_store_fu_204">
<pin_list>
<pin id="205" dir="0" index="0" bw="31" slack="0"/>
<pin id="206" dir="0" index="1" bw="31" slack="2"/>
<pin id="207" dir="1" index="2" bw="0" slack="2147483647"/>
</pin_list>
<bind>
<opcode="store(28) " fcode="store"/>
<opset="store_ln100/3 "/>
</bind>
</comp>

<comp id="209" class="1004" name="trunc_ln101_2_fu_209">
<pin_list>
<pin id="210" dir="0" index="0" bw="4" slack="0"/>
<pin id="211" dir="0" index="1" bw="1" slack="70"/>
<pin id="212" dir="0" index="2" bw="1" slack="0"/>
<pin id="213" dir="1" index="3" bw="4" slack="0"/>
</pin_list>
<bind>
<opcode="bitconcatenate(1004) " fcode="bitconcatenate"/>
<opset="trunc_ln101_2/73 "/>
</bind>
</comp>

<comp id="216" class="1004" name="add_ln101_1_fu_216">
<pin_list>
<pin id="217" dir="0" index="0" bw="4" slack="0"/>
<pin id="218" dir="0" index="1" bw="4" slack="72"/>
<pin id="219" dir="1" index="2" bw="4" slack="1"/>
</pin_list>
<bind>
<opcode="add(8) " fcode="add"/>
<opset="add_ln101_1/73 "/>
</bind>
</comp>

<comp id="221" class="1004" name="shl_ln101_1_fu_221">
<pin_list>
<pin id="222" dir="0" index="0" bw="7" slack="0"/>
<pin id="223" dir="0" index="1" bw="4" slack="1"/>
<pin id="224" dir="0" index="2" bw="1" slack="0"/>
<pin id="225" dir="1" index="3" bw="7" slack="0"/>
</pin_list>
<bind>
<opcode="bitconcatenate(1004) " fcode="bitconcatenate"/>
<opset="shl_ln101_1/74 "/>
</bind>
</comp>

<comp id="228" class="1004" name="zext_ln101_1_fu_228">
<pin_list>
<pin id="229" dir="0" index="0" bw="7" slack="0"/>
<pin id="230" dir="1" index="1" bw="128" slack="0"/>
</pin_list>
<bind>
<opcode="zext(34) " fcode="zext"/>
<opset="zext_ln101_1/74 "/>
</bind>
</comp>

<comp id="232" class="1004" name="lshr_ln101_fu_232">
<pin_list>
<pin id="233" dir="0" index="0" bw="128" slack="1"/>
<pin id="234" dir="0" index="1" bw="7" slack="0"/>
<pin id="235" dir="1" index="2" bw="128" slack="0"/>
</pin_list>
<bind>
<opcode="lshr(21) " fcode="lshr"/>
<opset="lshr_ln101/74 "/>
</bind>
</comp>

<comp id="237" class="1004" name="trunc_ln101_1_fu_237">
<pin_list>
<pin id="238" dir="0" index="0" bw="128" slack="0"/>
<pin id="239" dir="1" index="1" bw="64" slack="0"/>
</pin_list>
<bind>
<opcode="trunc(33) " fcode="trunc"/>
<opset="trunc_ln101_1/74 "/>
</bind>
</comp>

<comp id="242" class="1004" name="S_load_load_fu_242">
<pin_list>
<pin id="243" dir="0" index="0" bw="64" slack="92"/>
<pin id="244" dir="1" index="1" bw="64" slack="0"/>
</pin_list>
<bind>
<opcode="load(27) " fcode="load"/>
<opset="S_load/93 "/>
</bind>
</comp>

<comp id="246" class="1004" name="store_ln100_store_fu_246">
<pin_list>
<pin id="247" dir="0" index="0" bw="64" slack="0"/>
<pin id="248" dir="0" index="1" bw="64" slack="95"/>
<pin id="249" dir="1" index="2" bw="0" slack="2147483647"/>
</pin_list>
<bind>
<opcode="store(28) " fcode="store"/>
<opset="store_ln100/96 "/>
</bind>
</comp>

<comp id="251" class="1004" name="S_load_1_load_fu_251">
<pin_list>
<pin id="252" dir="0" index="0" bw="64" slack="92"/>
<pin id="253" dir="1" index="1" bw="64" slack="0"/>
</pin_list>
<bind>
<opcode="load(27) " fcode="load"/>
<opset="S_load_1/93 "/>
</bind>
</comp>

<comp id="255" class="1005" name="S_reg_255">
<pin_list>
<pin id="256" dir="0" index="0" bw="64" slack="0"/>
<pin id="257" dir="1" index="1" bw="64" slack="0"/>
</pin_list>
<bind>
<opset="S "/>
</bind>
</comp>

<comp id="263" class="1005" name="i_2_reg_263">
<pin_list>
<pin id="264" dir="0" index="0" bw="31" slack="0"/>
<pin id="265" dir="1" index="1" bw="31" slack="0"/>
</pin_list>
<bind>
<opset="i_2 "/>
</bind>
</comp>

<comp id="270" class="1005" name="trunc_ln3_read_reg_270">
<pin_list>
<pin id="271" dir="0" index="0" bw="4" slack="72"/>
<pin id="272" dir="1" index="1" bw="4" slack="72"/>
</pin_list>
<bind>
<opset="trunc_ln3_read "/>
</bind>
</comp>

<comp id="275" class="1005" name="i_reg_275">
<pin_list>
<pin id="276" dir="0" index="0" bw="31" slack="2"/>
<pin id="277" dir="1" index="1" bw="31" slack="2"/>
</pin_list>
<bind>
<opset="i "/>
</bind>
</comp>

<comp id="281" class="1005" name="icmp_ln100_reg_281">
<pin_list>
<pin id="282" dir="0" index="0" bw="1" slack="1"/>
<pin id="283" dir="1" index="1" bw="1" slack="2147483647"/>
</pin_list>
<bind>
<opset="icmp_ln100 "/>
</bind>
</comp>

<comp id="285" class="1005" name="trunc_ln101_3_reg_285">
<pin_list>
<pin id="286" dir="0" index="0" bw="60" slack="1"/>
<pin id="287" dir="1" index="1" bw="60" slack="1"/>
</pin_list>
<bind>
<opset="trunc_ln101_3 "/>
</bind>
</comp>

<comp id="290" class="1005" name="gmem_addr_4_reg_290">
<pin_list>
<pin id="291" dir="0" index="0" bw="128" slack="1"/>
<pin id="292" dir="1" index="1" bw="128" slack="1"/>
</pin_list>
<bind>
<opset="gmem_addr_4 "/>
</bind>
</comp>

<comp id="296" class="1005" name="trunc_ln101_reg_296">
<pin_list>
<pin id="297" dir="0" index="0" bw="1" slack="70"/>
<pin id="298" dir="1" index="1" bw="1" slack="70"/>
</pin_list>
<bind>
<opset="trunc_ln101 "/>
</bind>
</comp>

<comp id="301" class="1005" name="gmem_addr_4_read_reg_301">
<pin_list>
<pin id="302" dir="0" index="0" bw="128" slack="1"/>
<pin id="303" dir="1" index="1" bw="128" slack="1"/>
</pin_list>
<bind>
<opset="gmem_addr_4_read "/>
</bind>
</comp>

<comp id="306" class="1005" name="add_ln101_1_reg_306">
<pin_list>
<pin id="307" dir="0" index="0" bw="4" slack="1"/>
<pin id="308" dir="1" index="1" bw="4" slack="1"/>
</pin_list>
<bind>
<opset="add_ln101_1 "/>
</bind>
</comp>

<comp id="311" class="1005" name="trunc_ln101_1_reg_311">
<pin_list>
<pin id="312" dir="0" index="0" bw="64" slack="1"/>
<pin id="313" dir="1" index="1" bw="64" slack="1"/>
</pin_list>
<bind>
<opset="trunc_ln101_1 "/>
</bind>
</comp>

<comp id="316" class="1005" name="sig_reg_316">
<pin_list>
<pin id="317" dir="0" index="0" bw="64" slack="1"/>
<pin id="318" dir="1" index="1" bw="64" slack="1"/>
</pin_list>
<bind>
<opset="sig "/>
</bind>
</comp>

<comp id="321" class="1005" name="overSig_reg_321">
<pin_list>
<pin id="322" dir="0" index="0" bw="64" slack="1"/>
<pin id="323" dir="1" index="1" bw="64" slack="1"/>
</pin_list>
<bind>
<opset="overSig "/>
</bind>
</comp>

<comp id="327" class="1005" name="mul_i_i_reg_327">
<pin_list>
<pin id="328" dir="0" index="0" bw="64" slack="1"/>
<pin id="329" dir="1" index="1" bw="64" slack="1"/>
</pin_list>
<bind>
<opset="mul_i_i "/>
</bind>
</comp>

<comp id="332" class="1005" name="S_load_reg_332">
<pin_list>
<pin id="333" dir="0" index="0" bw="64" slack="1"/>
<pin id="334" dir="1" index="1" bw="64" slack="1"/>
</pin_list>
<bind>
<opset="S_load "/>
</bind>
</comp>

</comp_list>

<net_list>
<net id="77"><net_src comp="10" pin="0"/><net_sink comp="74" pin=0"/></net>

<net id="81"><net_src comp="10" pin="0"/><net_sink comp="78" pin=0"/></net>

<net id="86"><net_src comp="30" pin="0"/><net_sink comp="82" pin=0"/></net>

<net id="87"><net_src comp="6" pin="0"/><net_sink comp="82" pin=1"/></net>

<net id="92"><net_src comp="32" pin="0"/><net_sink comp="88" pin=0"/></net>

<net id="93"><net_src comp="4" pin="0"/><net_sink comp="88" pin=1"/></net>

<net id="98"><net_src comp="34" pin="0"/><net_sink comp="94" pin=0"/></net>

<net id="99"><net_src comp="2" pin="0"/><net_sink comp="94" pin=1"/></net>

<net id="105"><net_src comp="50" pin="0"/><net_sink comp="100" pin=0"/></net>

<net id="106"><net_src comp="10" pin="0"/><net_sink comp="100" pin=2"/></net>

<net id="111"><net_src comp="62" pin="0"/><net_sink comp="107" pin=0"/></net>

<net id="117"><net_src comp="72" pin="0"/><net_sink comp="112" pin=0"/></net>

<net id="118"><net_src comp="8" pin="0"/><net_sink comp="112" pin=1"/></net>

<net id="131"><net_src comp="66" pin="0"/><net_sink comp="127" pin=0"/></net>

<net id="139"><net_src comp="36" pin="0"/><net_sink comp="135" pin=0"/></net>

<net id="144"><net_src comp="38" pin="0"/><net_sink comp="140" pin=0"/></net>

<net id="151"><net_src comp="145" pin="1"/><net_sink comp="148" pin=0"/></net>

<net id="156"><net_src comp="148" pin="1"/><net_sink comp="152" pin=0"/></net>

<net id="157"><net_src comp="94" pin="2"/><net_sink comp="152" pin=1"/></net>

<net id="163"><net_src comp="40" pin="0"/><net_sink comp="158" pin=0"/></net>

<net id="164"><net_src comp="145" pin="1"/><net_sink comp="158" pin=1"/></net>

<net id="165"><net_src comp="42" pin="0"/><net_sink comp="158" pin=2"/></net>

<net id="169"><net_src comp="158" pin="3"/><net_sink comp="166" pin=0"/></net>

<net id="174"><net_src comp="166" pin="1"/><net_sink comp="170" pin=0"/></net>

<net id="175"><net_src comp="88" pin="2"/><net_sink comp="170" pin=1"/></net>

<net id="182"><net_src comp="44" pin="0"/><net_sink comp="176" pin=0"/></net>

<net id="183"><net_src comp="170" pin="2"/><net_sink comp="176" pin=1"/></net>

<net id="184"><net_src comp="46" pin="0"/><net_sink comp="176" pin=2"/></net>

<net id="185"><net_src comp="48" pin="0"/><net_sink comp="176" pin=3"/></net>

<net id="193"><net_src comp="0" pin="0"/><net_sink comp="189" pin=0"/></net>

<net id="194"><net_src comp="186" pin="1"/><net_sink comp="189" pin=1"/></net>

<net id="195"><net_src comp="189" pin="2"/><net_sink comp="100" pin=1"/></net>

<net id="200"><net_src comp="58" pin="0"/><net_sink comp="196" pin=1"/></net>

<net id="208"><net_src comp="196" pin="2"/><net_sink comp="204" pin=0"/></net>

<net id="214"><net_src comp="60" pin="0"/><net_sink comp="209" pin=0"/></net>

<net id="215"><net_src comp="42" pin="0"/><net_sink comp="209" pin=2"/></net>

<net id="220"><net_src comp="209" pin="3"/><net_sink comp="216" pin=0"/></net>

<net id="226"><net_src comp="64" pin="0"/><net_sink comp="221" pin=0"/></net>

<net id="227"><net_src comp="42" pin="0"/><net_sink comp="221" pin=2"/></net>

<net id="231"><net_src comp="221" pin="3"/><net_sink comp="228" pin=0"/></net>

<net id="236"><net_src comp="228" pin="1"/><net_sink comp="232" pin=1"/></net>

<net id="240"><net_src comp="232" pin="2"/><net_sink comp="237" pin=0"/></net>

<net id="241"><net_src comp="237" pin="1"/><net_sink comp="132" pin=0"/></net>

<net id="245"><net_src comp="242" pin="1"/><net_sink comp="119" pin=0"/></net>

<net id="250"><net_src comp="119" pin="2"/><net_sink comp="246" pin=0"/></net>

<net id="254"><net_src comp="251" pin="1"/><net_sink comp="112" pin=2"/></net>

<net id="258"><net_src comp="74" pin="1"/><net_sink comp="255" pin=0"/></net>

<net id="259"><net_src comp="255" pin="1"/><net_sink comp="140" pin=1"/></net>

<net id="260"><net_src comp="255" pin="1"/><net_sink comp="242" pin=0"/></net>

<net id="261"><net_src comp="255" pin="1"/><net_sink comp="246" pin=1"/></net>

<net id="262"><net_src comp="255" pin="1"/><net_sink comp="251" pin=0"/></net>

<net id="266"><net_src comp="78" pin="1"/><net_sink comp="263" pin=0"/></net>

<net id="267"><net_src comp="263" pin="1"/><net_sink comp="135" pin=1"/></net>

<net id="268"><net_src comp="263" pin="1"/><net_sink comp="145" pin=0"/></net>

<net id="269"><net_src comp="263" pin="1"/><net_sink comp="204" pin=1"/></net>

<net id="273"><net_src comp="82" pin="2"/><net_sink comp="270" pin=0"/></net>

<net id="274"><net_src comp="270" pin="1"/><net_sink comp="216" pin=1"/></net>

<net id="278"><net_src comp="145" pin="1"/><net_sink comp="275" pin=0"/></net>

<net id="279"><net_src comp="275" pin="1"/><net_sink comp="196" pin=0"/></net>

<net id="280"><net_src comp="275" pin="1"/><net_sink comp="201" pin=0"/></net>

<net id="284"><net_src comp="152" pin="2"/><net_sink comp="281" pin=0"/></net>

<net id="288"><net_src comp="176" pin="4"/><net_sink comp="285" pin=0"/></net>

<net id="289"><net_src comp="285" pin="1"/><net_sink comp="186" pin=0"/></net>

<net id="293"><net_src comp="189" pin="2"/><net_sink comp="290" pin=0"/></net>

<net id="294"><net_src comp="290" pin="1"/><net_sink comp="100" pin=1"/></net>

<net id="295"><net_src comp="290" pin="1"/><net_sink comp="107" pin=1"/></net>

<net id="299"><net_src comp="201" pin="1"/><net_sink comp="296" pin=0"/></net>

<net id="300"><net_src comp="296" pin="1"/><net_sink comp="209" pin=1"/></net>

<net id="304"><net_src comp="107" pin="2"/><net_sink comp="301" pin=0"/></net>

<net id="305"><net_src comp="301" pin="1"/><net_sink comp="232" pin=0"/></net>

<net id="309"><net_src comp="216" pin="2"/><net_sink comp="306" pin=0"/></net>

<net id="310"><net_src comp="306" pin="1"/><net_sink comp="221" pin=1"/></net>

<net id="314"><net_src comp="237" pin="1"/><net_sink comp="311" pin=0"/></net>

<net id="315"><net_src comp="311" pin="1"/><net_sink comp="132" pin=0"/></net>

<net id="319"><net_src comp="132" pin="1"/><net_sink comp="316" pin=0"/></net>

<net id="320"><net_src comp="316" pin="1"/><net_sink comp="127" pin=1"/></net>

<net id="324"><net_src comp="127" pin="2"/><net_sink comp="321" pin=0"/></net>

<net id="325"><net_src comp="321" pin="1"/><net_sink comp="123" pin=0"/></net>

<net id="326"><net_src comp="321" pin="1"/><net_sink comp="123" pin=1"/></net>

<net id="330"><net_src comp="123" pin="2"/><net_sink comp="327" pin=0"/></net>

<net id="331"><net_src comp="327" pin="1"/><net_sink comp="119" pin=1"/></net>

<net id="335"><net_src comp="242" pin="1"/><net_sink comp="332" pin=0"/></net>

<net id="336"><net_src comp="332" pin="1"/><net_sink comp="119" pin=0"/></net>

</net_list>

</model> 
---------------- Datapath Model END ------------------

* FSMD analyzer results:
  - Output states:
	Port: gmem | {}
	Port: S_out | {93 }
 - Input state : 
	Port: fit_Pipeline_VITIS_LOOP_100_1 : gmem | {2 3 4 5 6 7 8 9 10 11 12 13 14 15 16 17 18 19 20 21 22 23 24 25 26 27 28 29 30 31 32 33 34 35 36 37 38 39 40 41 42 43 44 45 46 47 48 49 50 51 52 53 54 55 56 57 58 59 60 61 62 63 64 65 66 67 68 69 70 71 72 73 }
	Port: fit_Pipeline_VITIS_LOOP_100_1 : size | {1 }
	Port: fit_Pipeline_VITIS_LOOP_100_1 : arrsigs | {1 }
	Port: fit_Pipeline_VITIS_LOOP_100_1 : trunc_ln3 | {1 }
  - Chain level:
	State 1
		store_ln0 : 1
		store_ln0 : 1
		i : 1
		i_2_cast : 2
		icmp_ln100 : 3
		br_ln100 : 4
		shl_ln2 : 2
		zext_ln101 : 3
		add_ln101 : 4
		trunc_ln101_3 : 5
	State 2
		gmem_addr_4 : 1
		gmem_load_4_req : 2
	State 3
		store_ln100 : 1
	State 4
	State 5
	State 6
	State 7
	State 8
	State 9
	State 10
	State 11
	State 12
	State 13
	State 14
	State 15
	State 16
	State 17
	State 18
	State 19
	State 20
	State 21
	State 22
	State 23
	State 24
	State 25
	State 26
	State 27
	State 28
	State 29
	State 30
	State 31
	State 32
	State 33
	State 34
	State 35
	State 36
	State 37
	State 38
	State 39
	State 40
	State 41
	State 42
	State 43
	State 44
	State 45
	State 46
	State 47
	State 48
	State 49
	State 50
	State 51
	State 52
	State 53
	State 54
	State 55
	State 56
	State 57
	State 58
	State 59
	State 60
	State 61
	State 62
	State 63
	State 64
	State 65
	State 66
	State 67
	State 68
	State 69
	State 70
	State 71
	State 72
	State 73
		add_ln101_1 : 1
	State 74
		zext_ln101_1 : 1
		lshr_ln101 : 2
		trunc_ln101_1 : 3
		sig : 4
	State 75
	State 76
	State 77
	State 78
	State 79
	State 80
	State 81
	State 82
	State 83
	State 84
	State 85
	State 86
	State 87
	State 88
	State 89
	State 90
	State 91
	State 92
	State 93
		S_1 : 1
		write_ln0 : 1
	State 94
	State 95
	State 96
		store_ln100 : 1


============================================================
+ Verbose Summary: Datapath Resource usage 
============================================================

* Functional unit list:
|----------|------------------------------|---------|---------|---------|
| Operation|        Functional Unit       |   DSP   |    FF   |   LUT   |
|----------|------------------------------|---------|---------|---------|
|   dadd   |          grp_fu_119          |    3    |   430   |   710   |
|----------|------------------------------|---------|---------|---------|
|   lshr   |       lshr_ln101_fu_232      |    0    |    0    |   423   |
|----------|------------------------------|---------|---------|---------|
|   dmul   |          grp_fu_123          |    8    |   275   |   107   |
|----------|------------------------------|---------|---------|---------|
|          |       add_ln101_fu_170       |    0    |    0    |    71   |
|    add   |       add_ln100_fu_196       |    0    |    0    |    38   |
|          |      add_ln101_1_fu_216      |    0    |    0    |    12   |
|----------|------------------------------|---------|---------|---------|
|   icmp   |       icmp_ln100_fu_152      |    0    |    0    |    39   |
|----------|------------------------------|---------|---------|---------|
|          |   trunc_ln3_read_read_fu_82  |    0    |    0    |    0    |
|   read   |    arrsigs_read_read_fu_88   |    0    |    0    |    0    |
|          |     size_read_read_fu_94     |    0    |    0    |    0    |
|          | gmem_addr_4_read_read_fu_107 |    0    |    0    |    0    |
|----------|------------------------------|---------|---------|---------|
|  readreq |      grp_readreq_fu_100      |    0    |    0    |    0    |
|----------|------------------------------|---------|---------|---------|
|   write  |    write_ln0_write_fu_112    |    0    |    0    |    0    |
|----------|------------------------------|---------|---------|---------|
|   ddiv   |          grp_fu_127          |    0    |    0    |    0    |
|----------|------------------------------|---------|---------|---------|
|  sitodp  |          grp_fu_132          |    0    |    0    |    0    |
|----------|------------------------------|---------|---------|---------|
|          |        i_2_cast_fu_148       |    0    |    0    |    0    |
|   zext   |       zext_ln101_fu_166      |    0    |    0    |    0    |
|          |      zext_ln101_1_fu_228     |    0    |    0    |    0    |
|----------|------------------------------|---------|---------|---------|
|          |        shl_ln2_fu_158        |    0    |    0    |    0    |
|bitconcatenate|     trunc_ln101_2_fu_209     |    0    |    0    |    0    |
|          |      shl_ln101_1_fu_221      |    0    |    0    |    0    |
|----------|------------------------------|---------|---------|---------|
|partselect|     trunc_ln101_3_fu_176     |    0    |    0    |    0    |
|----------|------------------------------|---------|---------|---------|
|   sext   |       sext_ln101_fu_186      |    0    |    0    |    0    |
|----------|------------------------------|---------|---------|---------|
|   trunc  |      trunc_ln101_fu_201      |    0    |    0    |    0    |
|          |     trunc_ln101_1_fu_237     |    0    |    0    |    0    |
|----------|------------------------------|---------|---------|---------|
|   Total  |                              |    11   |   705   |   1400  |
|----------|------------------------------|---------|---------|---------|

Memories:
N/A

* Register list:
+------------------------+--------+
|                        |   FF   |
+------------------------+--------+
|     S_load_reg_332     |   64   |
|        S_reg_255       |   64   |
|   add_ln101_1_reg_306  |    4   |
|gmem_addr_4_read_reg_301|   128  |
|   gmem_addr_4_reg_290  |   128  |
|       i_2_reg_263      |   31   |
|        i_reg_275       |   31   |
|   icmp_ln100_reg_281   |    1   |
|     mul_i_i_reg_327    |   64   |
|     overSig_reg_321    |   64   |
|       sig_reg_316      |   64   |
|  trunc_ln101_1_reg_311 |   64   |
|  trunc_ln101_3_reg_285 |   60   |
|   trunc_ln101_reg_296  |    1   |
| trunc_ln3_read_reg_270 |    4   |
+------------------------+--------+
|          Total         |   772  |
+------------------------+--------+

* Multiplexer (MUX) list: 
|--------------------|------|------|------|--------||---------||---------|
|        Comp        |  Pin | Size |  BW  | S x BW ||  Delay  ||   LUT   |
|--------------------|------|------|------|--------||---------||---------|
| grp_readreq_fu_100 |  p1  |   2  |  128 |   256  ||    9    |
|     grp_fu_119     |  p0  |   2  |  64  |   128  ||    9    |
|     grp_fu_132     |  p0  |   2  |  64  |   128  ||    9    |
|--------------------|------|------|------|--------||---------||---------|
|        Total       |      |      |      |   512  ||   1.38  ||    27   |
|--------------------|------|------|------|--------||---------||---------|



* Summary:
+-----------+--------+--------+--------+--------+
|           |   DSP  |  Delay |   FF   |   LUT  |
+-----------+--------+--------+--------+--------+
|  Function |   11   |    -   |   705  |  1400  |
|   Memory  |    -   |    -   |    -   |    -   |
|Multiplexer|    -   |    1   |    -   |   27   |
|  Register |    -   |    -   |   772  |    -   |
+-----------+--------+--------+--------+--------+
|   Total   |   11   |    1   |  1477  |  1427  |
+-----------+--------+--------+--------+--------+
