

================================================================
== Vitis HLS Report for 'fit_Pipeline_VITIS_LOOP_148_1'
================================================================
* Date:           Thu Feb 27 15:44:21 2025

* Version:        2023.1 (Build 3854077 on May  4 2023)
* Project:        hls_fit
* Solution:       solution2 (Vitis Kernel Flow Target)
* Product family: virtexuplus
* Target device:  xcvu11p-flga2577-1-e


================================================================
== Performance Estimates
================================================================
+ Timing: 
    * Summary: 
    +--------+----------+----------+------------+
    |  Clock |  Target  | Estimated| Uncertainty|
    +--------+----------+----------+------------+
    |ap_clk  |  10.00 ns|  7.300 ns|     2.70 ns|
    +--------+----------+----------+------------+

+ Latency: 
    * Summary: 
    +---------+---------+----------+----------+-----+-----+---------+
    |  Latency (cycles) |  Latency (absolute) |  Interval | Pipeline|
    |   min   |   max   |    min   |    max   | min | max |   Type  |
    +---------+---------+----------+----------+-----+-----+---------+
    |        ?|        ?|         ?|         ?|    ?|    ?|       no|
    +---------+---------+----------+----------+-----+-----+---------+

    + Detail: 
        * Instance: 
        N/A

        * Loop: 
        +--------------------+---------+---------+----------+-----------+-----------+------+----------+
        |                    |  Latency (cycles) | Iteration|  Initiation Interval  | Trip |          |
        |      Loop Name     |   min   |   max   |  Latency |  achieved |   target  | Count| Pipelined|
        +--------------------+---------+---------+----------+-----------+-----------+------+----------+
        |- VITIS_LOOP_148_1  |        ?|        ?|       103|          3|          1|     ?|       yes|
        +--------------------+---------+---------+----------+-----------+-----------+------+----------+

============================================================
+ Verbose Summary: Synthesis Manager
============================================================
InlineROM: 1
ExposeGlobal: 0
============================================================
+ Verbose Summary: CDFG Model
============================================================
IsTopModel: 0
ResetActiveHigh: 1
IsCombinational: 0
IsDatapathOnly: 0
HasWiredReturn: 1
HasMFsm: 2
HasVarLatency: 1
IsPipeline: 0
IsRtlPipelined: 0
IsInstanceOverlapped: 0
IsDontTouch: 0
HasImplIP: 0
IsGatedGlobalClock: 0

+ Individual pipeline summary: 
  * Pipeline-0: initiation interval (II) = 3, depth = 103


============================================================
+ Verbose Summary: Schedule
============================================================
* Number of FSM states : 103
* Pipeline : 1
  Pipeline-0 : II = 3, D = 103, States = { 1 2 3 4 5 6 7 8 9 10 11 12 13 14 15 16 17 18 19 20 21 22 23 24 25 26 27 28 29 30 31 32 33 34 35 36 37 38 39 40 41 42 43 44 45 46 47 48 49 50 51 52 53 54 55 56 57 58 59 60 61 62 63 64 65 66 67 68 69 70 71 72 73 74 75 76 77 78 79 80 81 82 83 84 85 86 87 88 89 90 91 92 93 94 95 96 97 98 99 100 101 102 103 }
* Dataflow Pipeline: 0

* FSM state transitions: 
1 --> 2 
2 --> 3 
3 --> 4 
4 --> 5 
5 --> 6 
6 --> 7 
7 --> 8 
8 --> 9 
9 --> 10 
10 --> 11 
11 --> 12 
12 --> 13 
13 --> 14 
14 --> 15 
15 --> 16 
16 --> 17 
17 --> 18 
18 --> 19 
19 --> 20 
20 --> 21 
21 --> 22 
22 --> 23 
23 --> 24 
24 --> 25 
25 --> 26 
26 --> 27 
27 --> 28 
28 --> 29 
29 --> 30 
30 --> 31 
31 --> 32 
32 --> 33 
33 --> 34 
34 --> 35 
35 --> 36 
36 --> 37 
37 --> 38 
38 --> 39 
39 --> 40 
40 --> 41 
41 --> 42 
42 --> 43 
43 --> 44 
44 --> 45 
45 --> 46 
46 --> 47 
47 --> 48 
48 --> 49 
49 --> 50 
50 --> 51 
51 --> 52 
52 --> 53 
53 --> 54 
54 --> 55 
55 --> 56 
56 --> 57 
57 --> 58 
58 --> 59 
59 --> 60 
60 --> 61 
61 --> 62 
62 --> 63 
63 --> 64 
64 --> 65 
65 --> 66 
66 --> 67 
67 --> 68 
68 --> 69 
69 --> 70 
70 --> 71 
71 --> 72 
72 --> 73 
73 --> 74 
74 --> 75 
75 --> 76 
76 --> 77 
77 --> 78 
78 --> 79 
79 --> 80 
80 --> 81 
81 --> 82 
82 --> 83 
83 --> 84 
84 --> 85 
85 --> 86 
86 --> 87 
87 --> 88 
88 --> 89 
89 --> 90 
90 --> 91 
91 --> 92 
92 --> 93 
93 --> 94 
94 --> 95 
95 --> 96 
96 --> 97 
97 --> 98 
98 --> 99 
99 --> 100 
100 --> 101 
101 --> 102 
102 --> 103 
103 --> 

* FSM state operations: 

State 1 <SV = 0> <Delay = 1.36>
ST_1 : Operation 106 [1/1] (0.00ns)   --->   "%term2 = alloca i32 1"   --->   Operation 106 'alloca' 'term2' <Predicate = true> <Delay = 0.00>
ST_1 : Operation 107 [1/1] (0.00ns)   --->   "%Stt = alloca i32 1"   --->   Operation 107 'alloca' 'Stt' <Predicate = true> <Delay = 0.00>
ST_1 : Operation 108 [1/1] (0.00ns)   --->   "%i = alloca i32 1"   --->   Operation 108 'alloca' 'i' <Predicate = true> <Delay = 0.00>
ST_1 : Operation 109 [1/1] (0.00ns)   --->   "%specinterface_ln0 = specinterface void @_ssdm_op_SpecInterface, i128 %gmem, void @empty_14, i32 0, i32 0, void @empty_10, i32 64, i32 0, void @empty, void @empty_1, void @empty_10, i32 16, i32 16, i32 16, i32 16, void @empty_10, void @empty_10, i32 4294967295, i32 0"   --->   Operation 109 'specinterface' 'specinterface_ln0' <Predicate = true> <Delay = 0.00>
ST_1 : Operation 110 [1/1] (0.00ns)   --->   "%b_read = read i64 @_ssdm_op_Read.ap_auto.double, i64 %b"   --->   Operation 110 'read' 'b_read' <Predicate = true> <Delay = 0.00>
ST_1 : Operation 111 [1/1] (0.00ns)   --->   "%a_read = read i64 @_ssdm_op_Read.ap_auto.double, i64 %a"   --->   Operation 111 'read' 'a_read' <Predicate = true> <Delay = 0.00>
ST_1 : Operation 112 [1/1] (0.00ns)   --->   "%SxoS_read = read i64 @_ssdm_op_Read.ap_auto.double, i64 %SxoS"   --->   Operation 112 'read' 'SxoS_read' <Predicate = true> <Delay = 0.00>
ST_1 : Operation 113 [1/1] (0.00ns)   --->   "%trunc_ln3_read = read i4 @_ssdm_op_Read.ap_auto.i4, i4 %trunc_ln3"   --->   Operation 113 'read' 'trunc_ln3_read' <Predicate = true> <Delay = 0.00>
ST_1 : Operation 114 [1/1] (0.00ns)   --->   "%arrsigs_read = read i64 @_ssdm_op_Read.ap_auto.i64, i64 %arrsigs"   --->   Operation 114 'read' 'arrsigs_read' <Predicate = true> <Delay = 0.00>
ST_1 : Operation 115 [1/1] (0.00ns)   --->   "%trunc_ln1_read = read i4 @_ssdm_op_Read.ap_auto.i4, i4 %trunc_ln1"   --->   Operation 115 'read' 'trunc_ln1_read' <Predicate = true> <Delay = 0.00>
ST_1 : Operation 116 [1/1] (0.00ns)   --->   "%arry_read = read i64 @_ssdm_op_Read.ap_auto.i64, i64 %arry"   --->   Operation 116 'read' 'arry_read' <Predicate = true> <Delay = 0.00>
ST_1 : Operation 117 [1/1] (0.00ns)   --->   "%trunc_ln_read = read i4 @_ssdm_op_Read.ap_auto.i4, i4 %trunc_ln"   --->   Operation 117 'read' 'trunc_ln_read' <Predicate = true> <Delay = 0.00>
ST_1 : Operation 118 [1/1] (0.00ns)   --->   "%arrx_read = read i64 @_ssdm_op_Read.ap_auto.i64, i64 %arrx"   --->   Operation 118 'read' 'arrx_read' <Predicate = true> <Delay = 0.00>
ST_1 : Operation 119 [1/1] (0.00ns)   --->   "%size_read = read i32 @_ssdm_op_Read.ap_auto.i32, i32 %size"   --->   Operation 119 'read' 'size_read' <Predicate = true> <Delay = 0.00>
ST_1 : Operation 120 [1/1] (0.46ns)   --->   "%store_ln0 = store i31 0, i31 %i"   --->   Operation 120 'store' 'store_ln0' <Predicate = true> <Delay = 0.46>
ST_1 : Operation 121 [1/1] (0.46ns)   --->   "%store_ln0 = store i64 0, i64 %Stt"   --->   Operation 121 'store' 'store_ln0' <Predicate = true> <Delay = 0.46>
ST_1 : Operation 122 [1/1] (0.46ns)   --->   "%store_ln0 = store i64 0, i64 %term2"   --->   Operation 122 'store' 'store_ln0' <Predicate = true> <Delay = 0.46>
ST_1 : Operation 123 [1/1] (0.00ns)   --->   "%br_ln0 = br void %for.inc.i21"   --->   Operation 123 'br' 'br_ln0' <Predicate = true> <Delay = 0.00>
ST_1 : Operation 124 [1/1] (0.00ns)   --->   "%i_3 = load i31 %i" [main.cpp:150->main.cpp:272]   --->   Operation 124 'load' 'i_3' <Predicate = true> <Delay = 0.00>
ST_1 : Operation 125 [1/1] (0.00ns)   --->   "%i_4_cast = zext i31 %i_3" [main.cpp:150->main.cpp:272]   --->   Operation 125 'zext' 'i_4_cast' <Predicate = true> <Delay = 0.00>
ST_1 : Operation 126 [1/1] (1.14ns)   --->   "%icmp_ln148 = icmp_slt  i32 %i_4_cast, i32 %size_read" [main.cpp:148->main.cpp:272]   --->   Operation 126 'icmp' 'icmp_ln148' <Predicate = true> <Delay = 1.14> <CoreInst = "Cmp">   --->   Core 9 'Cmp' <Latency = 0> <II = 1> <Delay = 1.14> <FuncUnit> <Opcode : 'icmp'> <InPorts = 2> <OutPorts = 1>
ST_1 : Operation 127 [1/1] (0.00ns)   --->   "%br_ln148 = br i1 %icmp_ln148, void %calc_chi_squared.exit.loopexit.exitStub, void %for.inc.i21.split" [main.cpp:148->main.cpp:272]   --->   Operation 127 'br' 'br_ln148' <Predicate = true> <Delay = 0.00>
ST_1 : Operation 128 [1/1] (0.00ns)   --->   "%shl_ln5 = bitconcatenate i34 @_ssdm_op_BitConcatenate.i34.i31.i3, i31 %i_3, i3 0" [main.cpp:150->main.cpp:272]   --->   Operation 128 'bitconcatenate' 'shl_ln5' <Predicate = (icmp_ln148)> <Delay = 0.00>
ST_1 : Operation 129 [1/1] (0.00ns)   --->   "%zext_ln150 = zext i34 %shl_ln5" [main.cpp:150->main.cpp:272]   --->   Operation 129 'zext' 'zext_ln150' <Predicate = (icmp_ln148)> <Delay = 0.00>
ST_1 : Operation 130 [1/1] (1.36ns)   --->   "%add_ln150 = add i64 %zext_ln150, i64 %arrx_read" [main.cpp:150->main.cpp:272]   --->   Operation 130 'add' 'add_ln150' <Predicate = (icmp_ln148)> <Delay = 1.36> <CoreInst = "Adder">   --->   Core 1 'Adder' <Latency = 0> <II = 1> <Delay = 1.36> <FuncUnit> <Opcode : 'add' 'sub'> <InPorts = 2> <OutPorts = 1>
ST_1 : Operation 131 [1/1] (0.00ns)   --->   "%trunc_ln150_2 = partselect i60 @_ssdm_op_PartSelect.i60.i64.i32.i32, i64 %add_ln150, i32 4, i32 63" [main.cpp:150->main.cpp:272]   --->   Operation 131 'partselect' 'trunc_ln150_2' <Predicate = (icmp_ln148)> <Delay = 0.00>

State 2 <SV = 1> <Delay = 7.30>
ST_2 : Operation 132 [1/1] (0.00ns)   --->   "%sext_ln150 = sext i60 %trunc_ln150_2" [main.cpp:150->main.cpp:272]   --->   Operation 132 'sext' 'sext_ln150' <Predicate = (icmp_ln148)> <Delay = 0.00>
ST_2 : Operation 133 [1/1] (0.00ns)   --->   "%gmem_addr = getelementptr i128 %gmem, i64 %sext_ln150" [main.cpp:150->main.cpp:272]   --->   Operation 133 'getelementptr' 'gmem_addr' <Predicate = (icmp_ln148)> <Delay = 0.00>
ST_2 : Operation 134 [71/71] (7.30ns)   --->   "%gmem_load_7_req = readreq i1 @_ssdm_op_ReadReq.m_axi.i128P1A, i128 %gmem_addr, i32 1" [main.cpp:150->main.cpp:272]   --->   Operation 134 'readreq' 'gmem_load_7_req' <Predicate = (icmp_ln148)> <Delay = 7.30> <CoreInst = "m_axi">   --->   Core 121 'm_axi' <Latency = 0> <II = 1> <Delay = 1.00> <Adapter> <Opcode : 'read' 'write' 'readreq' 'writereq' 'writeresp'>
ST_2 : Operation 135 [1/1] (1.36ns)   --->   "%add_ln151 = add i64 %zext_ln150, i64 %arry_read" [main.cpp:151->main.cpp:272]   --->   Operation 135 'add' 'add_ln151' <Predicate = (icmp_ln148)> <Delay = 1.36> <CoreInst = "Adder">   --->   Core 1 'Adder' <Latency = 0> <II = 1> <Delay = 1.36> <FuncUnit> <Opcode : 'add' 'sub'> <InPorts = 2> <OutPorts = 1>
ST_2 : Operation 136 [1/1] (0.00ns)   --->   "%trunc_ln9 = partselect i60 @_ssdm_op_PartSelect.i60.i64.i32.i32, i64 %add_ln151, i32 4, i32 63" [main.cpp:151->main.cpp:272]   --->   Operation 136 'partselect' 'trunc_ln9' <Predicate = (icmp_ln148)> <Delay = 0.00>
ST_2 : Operation 137 [1/1] (1.36ns)   --->   "%add_ln152 = add i64 %zext_ln150, i64 %arrsigs_read" [main.cpp:152->main.cpp:272]   --->   Operation 137 'add' 'add_ln152' <Predicate = (icmp_ln148)> <Delay = 1.36> <CoreInst = "Adder">   --->   Core 1 'Adder' <Latency = 0> <II = 1> <Delay = 1.36> <FuncUnit> <Opcode : 'add' 'sub'> <InPorts = 2> <OutPorts = 1>
ST_2 : Operation 138 [1/1] (0.00ns)   --->   "%trunc_ln2 = partselect i60 @_ssdm_op_PartSelect.i60.i64.i32.i32, i64 %add_ln152, i32 4, i32 63" [main.cpp:152->main.cpp:272]   --->   Operation 138 'partselect' 'trunc_ln2' <Predicate = (icmp_ln148)> <Delay = 0.00>

State 3 <SV = 2> <Delay = 7.30>
ST_3 : Operation 139 [1/1] (0.00ns)   --->   "%specbitsmap_ln0 = specbitsmap void @_ssdm_op_SpecBitsMap, i128 %gmem"   --->   Operation 139 'specbitsmap' 'specbitsmap_ln0' <Predicate = true> <Delay = 0.00>
ST_3 : Operation 140 [1/1] (0.00ns)   --->   "%specpipeline_ln0 = specpipeline void @_ssdm_op_SpecPipeline, i32 4294967295, i32 0, i32 1, i32 0, void @p_str5"   --->   Operation 140 'specpipeline' 'specpipeline_ln0' <Predicate = true> <Delay = 0.00>
ST_3 : Operation 141 [1/1] (1.14ns)   --->   "%add_ln148 = add i31 %i_3, i31 1" [main.cpp:148->main.cpp:272]   --->   Operation 141 'add' 'add_ln148' <Predicate = true> <Delay = 1.14> <CoreInst = "Adder">   --->   Core 1 'Adder' <Latency = 0> <II = 1> <Delay = 1.14> <FuncUnit> <Opcode : 'add' 'sub'> <InPorts = 2> <OutPorts = 1>
ST_3 : Operation 142 [1/1] (0.00ns)   --->   "%trunc_ln150 = trunc i31 %i_3" [main.cpp:150->main.cpp:272]   --->   Operation 142 'trunc' 'trunc_ln150' <Predicate = (icmp_ln148)> <Delay = 0.00>
ST_3 : Operation 143 [70/71] (7.30ns)   --->   "%gmem_load_7_req = readreq i1 @_ssdm_op_ReadReq.m_axi.i128P1A, i128 %gmem_addr, i32 1" [main.cpp:150->main.cpp:272]   --->   Operation 143 'readreq' 'gmem_load_7_req' <Predicate = (icmp_ln148)> <Delay = 7.30> <CoreInst = "m_axi">   --->   Core 121 'm_axi' <Latency = 0> <II = 1> <Delay = 1.00> <Adapter> <Opcode : 'read' 'write' 'readreq' 'writereq' 'writeresp'>
ST_3 : Operation 144 [1/1] (0.00ns)   --->   "%sext_ln151 = sext i60 %trunc_ln9" [main.cpp:151->main.cpp:272]   --->   Operation 144 'sext' 'sext_ln151' <Predicate = (icmp_ln148)> <Delay = 0.00>
ST_3 : Operation 145 [1/1] (0.00ns)   --->   "%gmem_addr_3 = getelementptr i128 %gmem, i64 %sext_ln151" [main.cpp:151->main.cpp:272]   --->   Operation 145 'getelementptr' 'gmem_addr_3' <Predicate = (icmp_ln148)> <Delay = 0.00>
ST_3 : Operation 146 [71/71] (7.30ns)   --->   "%gmem_load_8_req = readreq i1 @_ssdm_op_ReadReq.m_axi.i128P1A, i128 %gmem_addr_3, i32 1" [main.cpp:151->main.cpp:272]   --->   Operation 146 'readreq' 'gmem_load_8_req' <Predicate = (icmp_ln148)> <Delay = 7.30> <CoreInst = "m_axi">   --->   Core 121 'm_axi' <Latency = 0> <II = 1> <Delay = 1.00> <Adapter> <Opcode : 'read' 'write' 'readreq' 'writereq' 'writeresp'>
ST_3 : Operation 147 [1/1] (0.46ns)   --->   "%store_ln148 = store i31 %add_ln148, i31 %i" [main.cpp:148->main.cpp:272]   --->   Operation 147 'store' 'store_ln148' <Predicate = (icmp_ln148)> <Delay = 0.46>

State 4 <SV = 3> <Delay = 7.30>
ST_4 : Operation 148 [69/71] (7.30ns)   --->   "%gmem_load_7_req = readreq i1 @_ssdm_op_ReadReq.m_axi.i128P1A, i128 %gmem_addr, i32 1" [main.cpp:150->main.cpp:272]   --->   Operation 148 'readreq' 'gmem_load_7_req' <Predicate = true> <Delay = 7.30> <CoreInst = "m_axi">   --->   Core 121 'm_axi' <Latency = 0> <II = 1> <Delay = 1.00> <Adapter> <Opcode : 'read' 'write' 'readreq' 'writereq' 'writeresp'>
ST_4 : Operation 149 [70/71] (7.30ns)   --->   "%gmem_load_8_req = readreq i1 @_ssdm_op_ReadReq.m_axi.i128P1A, i128 %gmem_addr_3, i32 1" [main.cpp:151->main.cpp:272]   --->   Operation 149 'readreq' 'gmem_load_8_req' <Predicate = true> <Delay = 7.30> <CoreInst = "m_axi">   --->   Core 121 'm_axi' <Latency = 0> <II = 1> <Delay = 1.00> <Adapter> <Opcode : 'read' 'write' 'readreq' 'writereq' 'writeresp'>
ST_4 : Operation 150 [1/1] (0.00ns)   --->   "%sext_ln152 = sext i60 %trunc_ln2" [main.cpp:152->main.cpp:272]   --->   Operation 150 'sext' 'sext_ln152' <Predicate = true> <Delay = 0.00>
ST_4 : Operation 151 [1/1] (0.00ns)   --->   "%gmem_addr_4 = getelementptr i128 %gmem, i64 %sext_ln152" [main.cpp:152->main.cpp:272]   --->   Operation 151 'getelementptr' 'gmem_addr_4' <Predicate = true> <Delay = 0.00>
ST_4 : Operation 152 [71/71] (7.30ns)   --->   "%gmem_load_9_req = readreq i1 @_ssdm_op_ReadReq.m_axi.i128P1A, i128 %gmem_addr_4, i32 1" [main.cpp:152->main.cpp:272]   --->   Operation 152 'readreq' 'gmem_load_9_req' <Predicate = true> <Delay = 7.30> <CoreInst = "m_axi">   --->   Core 121 'm_axi' <Latency = 0> <II = 1> <Delay = 1.00> <Adapter> <Opcode : 'read' 'write' 'readreq' 'writereq' 'writeresp'>

State 5 <SV = 4> <Delay = 7.30>
ST_5 : Operation 153 [68/71] (7.30ns)   --->   "%gmem_load_7_req = readreq i1 @_ssdm_op_ReadReq.m_axi.i128P1A, i128 %gmem_addr, i32 1" [main.cpp:150->main.cpp:272]   --->   Operation 153 'readreq' 'gmem_load_7_req' <Predicate = true> <Delay = 7.30> <CoreInst = "m_axi">   --->   Core 121 'm_axi' <Latency = 0> <II = 1> <Delay = 1.00> <Adapter> <Opcode : 'read' 'write' 'readreq' 'writereq' 'writeresp'>
ST_5 : Operation 154 [69/71] (7.30ns)   --->   "%gmem_load_8_req = readreq i1 @_ssdm_op_ReadReq.m_axi.i128P1A, i128 %gmem_addr_3, i32 1" [main.cpp:151->main.cpp:272]   --->   Operation 154 'readreq' 'gmem_load_8_req' <Predicate = true> <Delay = 7.30> <CoreInst = "m_axi">   --->   Core 121 'm_axi' <Latency = 0> <II = 1> <Delay = 1.00> <Adapter> <Opcode : 'read' 'write' 'readreq' 'writereq' 'writeresp'>
ST_5 : Operation 155 [70/71] (7.30ns)   --->   "%gmem_load_9_req = readreq i1 @_ssdm_op_ReadReq.m_axi.i128P1A, i128 %gmem_addr_4, i32 1" [main.cpp:152->main.cpp:272]   --->   Operation 155 'readreq' 'gmem_load_9_req' <Predicate = true> <Delay = 7.30> <CoreInst = "m_axi">   --->   Core 121 'm_axi' <Latency = 0> <II = 1> <Delay = 1.00> <Adapter> <Opcode : 'read' 'write' 'readreq' 'writereq' 'writeresp'>

State 6 <SV = 5> <Delay = 7.30>
ST_6 : Operation 156 [67/71] (7.30ns)   --->   "%gmem_load_7_req = readreq i1 @_ssdm_op_ReadReq.m_axi.i128P1A, i128 %gmem_addr, i32 1" [main.cpp:150->main.cpp:272]   --->   Operation 156 'readreq' 'gmem_load_7_req' <Predicate = true> <Delay = 7.30> <CoreInst = "m_axi">   --->   Core 121 'm_axi' <Latency = 0> <II = 1> <Delay = 1.00> <Adapter> <Opcode : 'read' 'write' 'readreq' 'writereq' 'writeresp'>
ST_6 : Operation 157 [68/71] (7.30ns)   --->   "%gmem_load_8_req = readreq i1 @_ssdm_op_ReadReq.m_axi.i128P1A, i128 %gmem_addr_3, i32 1" [main.cpp:151->main.cpp:272]   --->   Operation 157 'readreq' 'gmem_load_8_req' <Predicate = true> <Delay = 7.30> <CoreInst = "m_axi">   --->   Core 121 'm_axi' <Latency = 0> <II = 1> <Delay = 1.00> <Adapter> <Opcode : 'read' 'write' 'readreq' 'writereq' 'writeresp'>
ST_6 : Operation 158 [69/71] (7.30ns)   --->   "%gmem_load_9_req = readreq i1 @_ssdm_op_ReadReq.m_axi.i128P1A, i128 %gmem_addr_4, i32 1" [main.cpp:152->main.cpp:272]   --->   Operation 158 'readreq' 'gmem_load_9_req' <Predicate = true> <Delay = 7.30> <CoreInst = "m_axi">   --->   Core 121 'm_axi' <Latency = 0> <II = 1> <Delay = 1.00> <Adapter> <Opcode : 'read' 'write' 'readreq' 'writereq' 'writeresp'>

State 7 <SV = 6> <Delay = 7.30>
ST_7 : Operation 159 [66/71] (7.30ns)   --->   "%gmem_load_7_req = readreq i1 @_ssdm_op_ReadReq.m_axi.i128P1A, i128 %gmem_addr, i32 1" [main.cpp:150->main.cpp:272]   --->   Operation 159 'readreq' 'gmem_load_7_req' <Predicate = true> <Delay = 7.30> <CoreInst = "m_axi">   --->   Core 121 'm_axi' <Latency = 0> <II = 1> <Delay = 1.00> <Adapter> <Opcode : 'read' 'write' 'readreq' 'writereq' 'writeresp'>
ST_7 : Operation 160 [67/71] (7.30ns)   --->   "%gmem_load_8_req = readreq i1 @_ssdm_op_ReadReq.m_axi.i128P1A, i128 %gmem_addr_3, i32 1" [main.cpp:151->main.cpp:272]   --->   Operation 160 'readreq' 'gmem_load_8_req' <Predicate = true> <Delay = 7.30> <CoreInst = "m_axi">   --->   Core 121 'm_axi' <Latency = 0> <II = 1> <Delay = 1.00> <Adapter> <Opcode : 'read' 'write' 'readreq' 'writereq' 'writeresp'>
ST_7 : Operation 161 [68/71] (7.30ns)   --->   "%gmem_load_9_req = readreq i1 @_ssdm_op_ReadReq.m_axi.i128P1A, i128 %gmem_addr_4, i32 1" [main.cpp:152->main.cpp:272]   --->   Operation 161 'readreq' 'gmem_load_9_req' <Predicate = true> <Delay = 7.30> <CoreInst = "m_axi">   --->   Core 121 'm_axi' <Latency = 0> <II = 1> <Delay = 1.00> <Adapter> <Opcode : 'read' 'write' 'readreq' 'writereq' 'writeresp'>

State 8 <SV = 7> <Delay = 7.30>
ST_8 : Operation 162 [65/71] (7.30ns)   --->   "%gmem_load_7_req = readreq i1 @_ssdm_op_ReadReq.m_axi.i128P1A, i128 %gmem_addr, i32 1" [main.cpp:150->main.cpp:272]   --->   Operation 162 'readreq' 'gmem_load_7_req' <Predicate = true> <Delay = 7.30> <CoreInst = "m_axi">   --->   Core 121 'm_axi' <Latency = 0> <II = 1> <Delay = 1.00> <Adapter> <Opcode : 'read' 'write' 'readreq' 'writereq' 'writeresp'>
ST_8 : Operation 163 [66/71] (7.30ns)   --->   "%gmem_load_8_req = readreq i1 @_ssdm_op_ReadReq.m_axi.i128P1A, i128 %gmem_addr_3, i32 1" [main.cpp:151->main.cpp:272]   --->   Operation 163 'readreq' 'gmem_load_8_req' <Predicate = true> <Delay = 7.30> <CoreInst = "m_axi">   --->   Core 121 'm_axi' <Latency = 0> <II = 1> <Delay = 1.00> <Adapter> <Opcode : 'read' 'write' 'readreq' 'writereq' 'writeresp'>
ST_8 : Operation 164 [67/71] (7.30ns)   --->   "%gmem_load_9_req = readreq i1 @_ssdm_op_ReadReq.m_axi.i128P1A, i128 %gmem_addr_4, i32 1" [main.cpp:152->main.cpp:272]   --->   Operation 164 'readreq' 'gmem_load_9_req' <Predicate = true> <Delay = 7.30> <CoreInst = "m_axi">   --->   Core 121 'm_axi' <Latency = 0> <II = 1> <Delay = 1.00> <Adapter> <Opcode : 'read' 'write' 'readreq' 'writereq' 'writeresp'>

State 9 <SV = 8> <Delay = 7.30>
ST_9 : Operation 165 [64/71] (7.30ns)   --->   "%gmem_load_7_req = readreq i1 @_ssdm_op_ReadReq.m_axi.i128P1A, i128 %gmem_addr, i32 1" [main.cpp:150->main.cpp:272]   --->   Operation 165 'readreq' 'gmem_load_7_req' <Predicate = true> <Delay = 7.30> <CoreInst = "m_axi">   --->   Core 121 'm_axi' <Latency = 0> <II = 1> <Delay = 1.00> <Adapter> <Opcode : 'read' 'write' 'readreq' 'writereq' 'writeresp'>
ST_9 : Operation 166 [65/71] (7.30ns)   --->   "%gmem_load_8_req = readreq i1 @_ssdm_op_ReadReq.m_axi.i128P1A, i128 %gmem_addr_3, i32 1" [main.cpp:151->main.cpp:272]   --->   Operation 166 'readreq' 'gmem_load_8_req' <Predicate = true> <Delay = 7.30> <CoreInst = "m_axi">   --->   Core 121 'm_axi' <Latency = 0> <II = 1> <Delay = 1.00> <Adapter> <Opcode : 'read' 'write' 'readreq' 'writereq' 'writeresp'>
ST_9 : Operation 167 [66/71] (7.30ns)   --->   "%gmem_load_9_req = readreq i1 @_ssdm_op_ReadReq.m_axi.i128P1A, i128 %gmem_addr_4, i32 1" [main.cpp:152->main.cpp:272]   --->   Operation 167 'readreq' 'gmem_load_9_req' <Predicate = true> <Delay = 7.30> <CoreInst = "m_axi">   --->   Core 121 'm_axi' <Latency = 0> <II = 1> <Delay = 1.00> <Adapter> <Opcode : 'read' 'write' 'readreq' 'writereq' 'writeresp'>

State 10 <SV = 9> <Delay = 7.30>
ST_10 : Operation 168 [63/71] (7.30ns)   --->   "%gmem_load_7_req = readreq i1 @_ssdm_op_ReadReq.m_axi.i128P1A, i128 %gmem_addr, i32 1" [main.cpp:150->main.cpp:272]   --->   Operation 168 'readreq' 'gmem_load_7_req' <Predicate = true> <Delay = 7.30> <CoreInst = "m_axi">   --->   Core 121 'm_axi' <Latency = 0> <II = 1> <Delay = 1.00> <Adapter> <Opcode : 'read' 'write' 'readreq' 'writereq' 'writeresp'>
ST_10 : Operation 169 [64/71] (7.30ns)   --->   "%gmem_load_8_req = readreq i1 @_ssdm_op_ReadReq.m_axi.i128P1A, i128 %gmem_addr_3, i32 1" [main.cpp:151->main.cpp:272]   --->   Operation 169 'readreq' 'gmem_load_8_req' <Predicate = true> <Delay = 7.30> <CoreInst = "m_axi">   --->   Core 121 'm_axi' <Latency = 0> <II = 1> <Delay = 1.00> <Adapter> <Opcode : 'read' 'write' 'readreq' 'writereq' 'writeresp'>
ST_10 : Operation 170 [65/71] (7.30ns)   --->   "%gmem_load_9_req = readreq i1 @_ssdm_op_ReadReq.m_axi.i128P1A, i128 %gmem_addr_4, i32 1" [main.cpp:152->main.cpp:272]   --->   Operation 170 'readreq' 'gmem_load_9_req' <Predicate = true> <Delay = 7.30> <CoreInst = "m_axi">   --->   Core 121 'm_axi' <Latency = 0> <II = 1> <Delay = 1.00> <Adapter> <Opcode : 'read' 'write' 'readreq' 'writereq' 'writeresp'>

State 11 <SV = 10> <Delay = 7.30>
ST_11 : Operation 171 [62/71] (7.30ns)   --->   "%gmem_load_7_req = readreq i1 @_ssdm_op_ReadReq.m_axi.i128P1A, i128 %gmem_addr, i32 1" [main.cpp:150->main.cpp:272]   --->   Operation 171 'readreq' 'gmem_load_7_req' <Predicate = true> <Delay = 7.30> <CoreInst = "m_axi">   --->   Core 121 'm_axi' <Latency = 0> <II = 1> <Delay = 1.00> <Adapter> <Opcode : 'read' 'write' 'readreq' 'writereq' 'writeresp'>
ST_11 : Operation 172 [63/71] (7.30ns)   --->   "%gmem_load_8_req = readreq i1 @_ssdm_op_ReadReq.m_axi.i128P1A, i128 %gmem_addr_3, i32 1" [main.cpp:151->main.cpp:272]   --->   Operation 172 'readreq' 'gmem_load_8_req' <Predicate = true> <Delay = 7.30> <CoreInst = "m_axi">   --->   Core 121 'm_axi' <Latency = 0> <II = 1> <Delay = 1.00> <Adapter> <Opcode : 'read' 'write' 'readreq' 'writereq' 'writeresp'>
ST_11 : Operation 173 [64/71] (7.30ns)   --->   "%gmem_load_9_req = readreq i1 @_ssdm_op_ReadReq.m_axi.i128P1A, i128 %gmem_addr_4, i32 1" [main.cpp:152->main.cpp:272]   --->   Operation 173 'readreq' 'gmem_load_9_req' <Predicate = true> <Delay = 7.30> <CoreInst = "m_axi">   --->   Core 121 'm_axi' <Latency = 0> <II = 1> <Delay = 1.00> <Adapter> <Opcode : 'read' 'write' 'readreq' 'writereq' 'writeresp'>

State 12 <SV = 11> <Delay = 7.30>
ST_12 : Operation 174 [61/71] (7.30ns)   --->   "%gmem_load_7_req = readreq i1 @_ssdm_op_ReadReq.m_axi.i128P1A, i128 %gmem_addr, i32 1" [main.cpp:150->main.cpp:272]   --->   Operation 174 'readreq' 'gmem_load_7_req' <Predicate = true> <Delay = 7.30> <CoreInst = "m_axi">   --->   Core 121 'm_axi' <Latency = 0> <II = 1> <Delay = 1.00> <Adapter> <Opcode : 'read' 'write' 'readreq' 'writereq' 'writeresp'>
ST_12 : Operation 175 [62/71] (7.30ns)   --->   "%gmem_load_8_req = readreq i1 @_ssdm_op_ReadReq.m_axi.i128P1A, i128 %gmem_addr_3, i32 1" [main.cpp:151->main.cpp:272]   --->   Operation 175 'readreq' 'gmem_load_8_req' <Predicate = true> <Delay = 7.30> <CoreInst = "m_axi">   --->   Core 121 'm_axi' <Latency = 0> <II = 1> <Delay = 1.00> <Adapter> <Opcode : 'read' 'write' 'readreq' 'writereq' 'writeresp'>
ST_12 : Operation 176 [63/71] (7.30ns)   --->   "%gmem_load_9_req = readreq i1 @_ssdm_op_ReadReq.m_axi.i128P1A, i128 %gmem_addr_4, i32 1" [main.cpp:152->main.cpp:272]   --->   Operation 176 'readreq' 'gmem_load_9_req' <Predicate = true> <Delay = 7.30> <CoreInst = "m_axi">   --->   Core 121 'm_axi' <Latency = 0> <II = 1> <Delay = 1.00> <Adapter> <Opcode : 'read' 'write' 'readreq' 'writereq' 'writeresp'>

State 13 <SV = 12> <Delay = 7.30>
ST_13 : Operation 177 [60/71] (7.30ns)   --->   "%gmem_load_7_req = readreq i1 @_ssdm_op_ReadReq.m_axi.i128P1A, i128 %gmem_addr, i32 1" [main.cpp:150->main.cpp:272]   --->   Operation 177 'readreq' 'gmem_load_7_req' <Predicate = true> <Delay = 7.30> <CoreInst = "m_axi">   --->   Core 121 'm_axi' <Latency = 0> <II = 1> <Delay = 1.00> <Adapter> <Opcode : 'read' 'write' 'readreq' 'writereq' 'writeresp'>
ST_13 : Operation 178 [61/71] (7.30ns)   --->   "%gmem_load_8_req = readreq i1 @_ssdm_op_ReadReq.m_axi.i128P1A, i128 %gmem_addr_3, i32 1" [main.cpp:151->main.cpp:272]   --->   Operation 178 'readreq' 'gmem_load_8_req' <Predicate = true> <Delay = 7.30> <CoreInst = "m_axi">   --->   Core 121 'm_axi' <Latency = 0> <II = 1> <Delay = 1.00> <Adapter> <Opcode : 'read' 'write' 'readreq' 'writereq' 'writeresp'>
ST_13 : Operation 179 [62/71] (7.30ns)   --->   "%gmem_load_9_req = readreq i1 @_ssdm_op_ReadReq.m_axi.i128P1A, i128 %gmem_addr_4, i32 1" [main.cpp:152->main.cpp:272]   --->   Operation 179 'readreq' 'gmem_load_9_req' <Predicate = true> <Delay = 7.30> <CoreInst = "m_axi">   --->   Core 121 'm_axi' <Latency = 0> <II = 1> <Delay = 1.00> <Adapter> <Opcode : 'read' 'write' 'readreq' 'writereq' 'writeresp'>

State 14 <SV = 13> <Delay = 7.30>
ST_14 : Operation 180 [59/71] (7.30ns)   --->   "%gmem_load_7_req = readreq i1 @_ssdm_op_ReadReq.m_axi.i128P1A, i128 %gmem_addr, i32 1" [main.cpp:150->main.cpp:272]   --->   Operation 180 'readreq' 'gmem_load_7_req' <Predicate = true> <Delay = 7.30> <CoreInst = "m_axi">   --->   Core 121 'm_axi' <Latency = 0> <II = 1> <Delay = 1.00> <Adapter> <Opcode : 'read' 'write' 'readreq' 'writereq' 'writeresp'>
ST_14 : Operation 181 [60/71] (7.30ns)   --->   "%gmem_load_8_req = readreq i1 @_ssdm_op_ReadReq.m_axi.i128P1A, i128 %gmem_addr_3, i32 1" [main.cpp:151->main.cpp:272]   --->   Operation 181 'readreq' 'gmem_load_8_req' <Predicate = true> <Delay = 7.30> <CoreInst = "m_axi">   --->   Core 121 'm_axi' <Latency = 0> <II = 1> <Delay = 1.00> <Adapter> <Opcode : 'read' 'write' 'readreq' 'writereq' 'writeresp'>
ST_14 : Operation 182 [61/71] (7.30ns)   --->   "%gmem_load_9_req = readreq i1 @_ssdm_op_ReadReq.m_axi.i128P1A, i128 %gmem_addr_4, i32 1" [main.cpp:152->main.cpp:272]   --->   Operation 182 'readreq' 'gmem_load_9_req' <Predicate = true> <Delay = 7.30> <CoreInst = "m_axi">   --->   Core 121 'm_axi' <Latency = 0> <II = 1> <Delay = 1.00> <Adapter> <Opcode : 'read' 'write' 'readreq' 'writereq' 'writeresp'>

State 15 <SV = 14> <Delay = 7.30>
ST_15 : Operation 183 [58/71] (7.30ns)   --->   "%gmem_load_7_req = readreq i1 @_ssdm_op_ReadReq.m_axi.i128P1A, i128 %gmem_addr, i32 1" [main.cpp:150->main.cpp:272]   --->   Operation 183 'readreq' 'gmem_load_7_req' <Predicate = true> <Delay = 7.30> <CoreInst = "m_axi">   --->   Core 121 'm_axi' <Latency = 0> <II = 1> <Delay = 1.00> <Adapter> <Opcode : 'read' 'write' 'readreq' 'writereq' 'writeresp'>
ST_15 : Operation 184 [59/71] (7.30ns)   --->   "%gmem_load_8_req = readreq i1 @_ssdm_op_ReadReq.m_axi.i128P1A, i128 %gmem_addr_3, i32 1" [main.cpp:151->main.cpp:272]   --->   Operation 184 'readreq' 'gmem_load_8_req' <Predicate = true> <Delay = 7.30> <CoreInst = "m_axi">   --->   Core 121 'm_axi' <Latency = 0> <II = 1> <Delay = 1.00> <Adapter> <Opcode : 'read' 'write' 'readreq' 'writereq' 'writeresp'>
ST_15 : Operation 185 [60/71] (7.30ns)   --->   "%gmem_load_9_req = readreq i1 @_ssdm_op_ReadReq.m_axi.i128P1A, i128 %gmem_addr_4, i32 1" [main.cpp:152->main.cpp:272]   --->   Operation 185 'readreq' 'gmem_load_9_req' <Predicate = true> <Delay = 7.30> <CoreInst = "m_axi">   --->   Core 121 'm_axi' <Latency = 0> <II = 1> <Delay = 1.00> <Adapter> <Opcode : 'read' 'write' 'readreq' 'writereq' 'writeresp'>

State 16 <SV = 15> <Delay = 7.30>
ST_16 : Operation 186 [57/71] (7.30ns)   --->   "%gmem_load_7_req = readreq i1 @_ssdm_op_ReadReq.m_axi.i128P1A, i128 %gmem_addr, i32 1" [main.cpp:150->main.cpp:272]   --->   Operation 186 'readreq' 'gmem_load_7_req' <Predicate = true> <Delay = 7.30> <CoreInst = "m_axi">   --->   Core 121 'm_axi' <Latency = 0> <II = 1> <Delay = 1.00> <Adapter> <Opcode : 'read' 'write' 'readreq' 'writereq' 'writeresp'>
ST_16 : Operation 187 [58/71] (7.30ns)   --->   "%gmem_load_8_req = readreq i1 @_ssdm_op_ReadReq.m_axi.i128P1A, i128 %gmem_addr_3, i32 1" [main.cpp:151->main.cpp:272]   --->   Operation 187 'readreq' 'gmem_load_8_req' <Predicate = true> <Delay = 7.30> <CoreInst = "m_axi">   --->   Core 121 'm_axi' <Latency = 0> <II = 1> <Delay = 1.00> <Adapter> <Opcode : 'read' 'write' 'readreq' 'writereq' 'writeresp'>
ST_16 : Operation 188 [59/71] (7.30ns)   --->   "%gmem_load_9_req = readreq i1 @_ssdm_op_ReadReq.m_axi.i128P1A, i128 %gmem_addr_4, i32 1" [main.cpp:152->main.cpp:272]   --->   Operation 188 'readreq' 'gmem_load_9_req' <Predicate = true> <Delay = 7.30> <CoreInst = "m_axi">   --->   Core 121 'm_axi' <Latency = 0> <II = 1> <Delay = 1.00> <Adapter> <Opcode : 'read' 'write' 'readreq' 'writereq' 'writeresp'>

State 17 <SV = 16> <Delay = 7.30>
ST_17 : Operation 189 [56/71] (7.30ns)   --->   "%gmem_load_7_req = readreq i1 @_ssdm_op_ReadReq.m_axi.i128P1A, i128 %gmem_addr, i32 1" [main.cpp:150->main.cpp:272]   --->   Operation 189 'readreq' 'gmem_load_7_req' <Predicate = true> <Delay = 7.30> <CoreInst = "m_axi">   --->   Core 121 'm_axi' <Latency = 0> <II = 1> <Delay = 1.00> <Adapter> <Opcode : 'read' 'write' 'readreq' 'writereq' 'writeresp'>
ST_17 : Operation 190 [57/71] (7.30ns)   --->   "%gmem_load_8_req = readreq i1 @_ssdm_op_ReadReq.m_axi.i128P1A, i128 %gmem_addr_3, i32 1" [main.cpp:151->main.cpp:272]   --->   Operation 190 'readreq' 'gmem_load_8_req' <Predicate = true> <Delay = 7.30> <CoreInst = "m_axi">   --->   Core 121 'm_axi' <Latency = 0> <II = 1> <Delay = 1.00> <Adapter> <Opcode : 'read' 'write' 'readreq' 'writereq' 'writeresp'>
ST_17 : Operation 191 [58/71] (7.30ns)   --->   "%gmem_load_9_req = readreq i1 @_ssdm_op_ReadReq.m_axi.i128P1A, i128 %gmem_addr_4, i32 1" [main.cpp:152->main.cpp:272]   --->   Operation 191 'readreq' 'gmem_load_9_req' <Predicate = true> <Delay = 7.30> <CoreInst = "m_axi">   --->   Core 121 'm_axi' <Latency = 0> <II = 1> <Delay = 1.00> <Adapter> <Opcode : 'read' 'write' 'readreq' 'writereq' 'writeresp'>

State 18 <SV = 17> <Delay = 7.30>
ST_18 : Operation 192 [55/71] (7.30ns)   --->   "%gmem_load_7_req = readreq i1 @_ssdm_op_ReadReq.m_axi.i128P1A, i128 %gmem_addr, i32 1" [main.cpp:150->main.cpp:272]   --->   Operation 192 'readreq' 'gmem_load_7_req' <Predicate = true> <Delay = 7.30> <CoreInst = "m_axi">   --->   Core 121 'm_axi' <Latency = 0> <II = 1> <Delay = 1.00> <Adapter> <Opcode : 'read' 'write' 'readreq' 'writereq' 'writeresp'>
ST_18 : Operation 193 [56/71] (7.30ns)   --->   "%gmem_load_8_req = readreq i1 @_ssdm_op_ReadReq.m_axi.i128P1A, i128 %gmem_addr_3, i32 1" [main.cpp:151->main.cpp:272]   --->   Operation 193 'readreq' 'gmem_load_8_req' <Predicate = true> <Delay = 7.30> <CoreInst = "m_axi">   --->   Core 121 'm_axi' <Latency = 0> <II = 1> <Delay = 1.00> <Adapter> <Opcode : 'read' 'write' 'readreq' 'writereq' 'writeresp'>
ST_18 : Operation 194 [57/71] (7.30ns)   --->   "%gmem_load_9_req = readreq i1 @_ssdm_op_ReadReq.m_axi.i128P1A, i128 %gmem_addr_4, i32 1" [main.cpp:152->main.cpp:272]   --->   Operation 194 'readreq' 'gmem_load_9_req' <Predicate = true> <Delay = 7.30> <CoreInst = "m_axi">   --->   Core 121 'm_axi' <Latency = 0> <II = 1> <Delay = 1.00> <Adapter> <Opcode : 'read' 'write' 'readreq' 'writereq' 'writeresp'>

State 19 <SV = 18> <Delay = 7.30>
ST_19 : Operation 195 [54/71] (7.30ns)   --->   "%gmem_load_7_req = readreq i1 @_ssdm_op_ReadReq.m_axi.i128P1A, i128 %gmem_addr, i32 1" [main.cpp:150->main.cpp:272]   --->   Operation 195 'readreq' 'gmem_load_7_req' <Predicate = true> <Delay = 7.30> <CoreInst = "m_axi">   --->   Core 121 'm_axi' <Latency = 0> <II = 1> <Delay = 1.00> <Adapter> <Opcode : 'read' 'write' 'readreq' 'writereq' 'writeresp'>
ST_19 : Operation 196 [55/71] (7.30ns)   --->   "%gmem_load_8_req = readreq i1 @_ssdm_op_ReadReq.m_axi.i128P1A, i128 %gmem_addr_3, i32 1" [main.cpp:151->main.cpp:272]   --->   Operation 196 'readreq' 'gmem_load_8_req' <Predicate = true> <Delay = 7.30> <CoreInst = "m_axi">   --->   Core 121 'm_axi' <Latency = 0> <II = 1> <Delay = 1.00> <Adapter> <Opcode : 'read' 'write' 'readreq' 'writereq' 'writeresp'>
ST_19 : Operation 197 [56/71] (7.30ns)   --->   "%gmem_load_9_req = readreq i1 @_ssdm_op_ReadReq.m_axi.i128P1A, i128 %gmem_addr_4, i32 1" [main.cpp:152->main.cpp:272]   --->   Operation 197 'readreq' 'gmem_load_9_req' <Predicate = true> <Delay = 7.30> <CoreInst = "m_axi">   --->   Core 121 'm_axi' <Latency = 0> <II = 1> <Delay = 1.00> <Adapter> <Opcode : 'read' 'write' 'readreq' 'writereq' 'writeresp'>

State 20 <SV = 19> <Delay = 7.30>
ST_20 : Operation 198 [53/71] (7.30ns)   --->   "%gmem_load_7_req = readreq i1 @_ssdm_op_ReadReq.m_axi.i128P1A, i128 %gmem_addr, i32 1" [main.cpp:150->main.cpp:272]   --->   Operation 198 'readreq' 'gmem_load_7_req' <Predicate = true> <Delay = 7.30> <CoreInst = "m_axi">   --->   Core 121 'm_axi' <Latency = 0> <II = 1> <Delay = 1.00> <Adapter> <Opcode : 'read' 'write' 'readreq' 'writereq' 'writeresp'>
ST_20 : Operation 199 [54/71] (7.30ns)   --->   "%gmem_load_8_req = readreq i1 @_ssdm_op_ReadReq.m_axi.i128P1A, i128 %gmem_addr_3, i32 1" [main.cpp:151->main.cpp:272]   --->   Operation 199 'readreq' 'gmem_load_8_req' <Predicate = true> <Delay = 7.30> <CoreInst = "m_axi">   --->   Core 121 'm_axi' <Latency = 0> <II = 1> <Delay = 1.00> <Adapter> <Opcode : 'read' 'write' 'readreq' 'writereq' 'writeresp'>
ST_20 : Operation 200 [55/71] (7.30ns)   --->   "%gmem_load_9_req = readreq i1 @_ssdm_op_ReadReq.m_axi.i128P1A, i128 %gmem_addr_4, i32 1" [main.cpp:152->main.cpp:272]   --->   Operation 200 'readreq' 'gmem_load_9_req' <Predicate = true> <Delay = 7.30> <CoreInst = "m_axi">   --->   Core 121 'm_axi' <Latency = 0> <II = 1> <Delay = 1.00> <Adapter> <Opcode : 'read' 'write' 'readreq' 'writereq' 'writeresp'>

State 21 <SV = 20> <Delay = 7.30>
ST_21 : Operation 201 [52/71] (7.30ns)   --->   "%gmem_load_7_req = readreq i1 @_ssdm_op_ReadReq.m_axi.i128P1A, i128 %gmem_addr, i32 1" [main.cpp:150->main.cpp:272]   --->   Operation 201 'readreq' 'gmem_load_7_req' <Predicate = true> <Delay = 7.30> <CoreInst = "m_axi">   --->   Core 121 'm_axi' <Latency = 0> <II = 1> <Delay = 1.00> <Adapter> <Opcode : 'read' 'write' 'readreq' 'writereq' 'writeresp'>
ST_21 : Operation 202 [53/71] (7.30ns)   --->   "%gmem_load_8_req = readreq i1 @_ssdm_op_ReadReq.m_axi.i128P1A, i128 %gmem_addr_3, i32 1" [main.cpp:151->main.cpp:272]   --->   Operation 202 'readreq' 'gmem_load_8_req' <Predicate = true> <Delay = 7.30> <CoreInst = "m_axi">   --->   Core 121 'm_axi' <Latency = 0> <II = 1> <Delay = 1.00> <Adapter> <Opcode : 'read' 'write' 'readreq' 'writereq' 'writeresp'>
ST_21 : Operation 203 [54/71] (7.30ns)   --->   "%gmem_load_9_req = readreq i1 @_ssdm_op_ReadReq.m_axi.i128P1A, i128 %gmem_addr_4, i32 1" [main.cpp:152->main.cpp:272]   --->   Operation 203 'readreq' 'gmem_load_9_req' <Predicate = true> <Delay = 7.30> <CoreInst = "m_axi">   --->   Core 121 'm_axi' <Latency = 0> <II = 1> <Delay = 1.00> <Adapter> <Opcode : 'read' 'write' 'readreq' 'writereq' 'writeresp'>

State 22 <SV = 21> <Delay = 7.30>
ST_22 : Operation 204 [51/71] (7.30ns)   --->   "%gmem_load_7_req = readreq i1 @_ssdm_op_ReadReq.m_axi.i128P1A, i128 %gmem_addr, i32 1" [main.cpp:150->main.cpp:272]   --->   Operation 204 'readreq' 'gmem_load_7_req' <Predicate = true> <Delay = 7.30> <CoreInst = "m_axi">   --->   Core 121 'm_axi' <Latency = 0> <II = 1> <Delay = 1.00> <Adapter> <Opcode : 'read' 'write' 'readreq' 'writereq' 'writeresp'>
ST_22 : Operation 205 [52/71] (7.30ns)   --->   "%gmem_load_8_req = readreq i1 @_ssdm_op_ReadReq.m_axi.i128P1A, i128 %gmem_addr_3, i32 1" [main.cpp:151->main.cpp:272]   --->   Operation 205 'readreq' 'gmem_load_8_req' <Predicate = true> <Delay = 7.30> <CoreInst = "m_axi">   --->   Core 121 'm_axi' <Latency = 0> <II = 1> <Delay = 1.00> <Adapter> <Opcode : 'read' 'write' 'readreq' 'writereq' 'writeresp'>
ST_22 : Operation 206 [53/71] (7.30ns)   --->   "%gmem_load_9_req = readreq i1 @_ssdm_op_ReadReq.m_axi.i128P1A, i128 %gmem_addr_4, i32 1" [main.cpp:152->main.cpp:272]   --->   Operation 206 'readreq' 'gmem_load_9_req' <Predicate = true> <Delay = 7.30> <CoreInst = "m_axi">   --->   Core 121 'm_axi' <Latency = 0> <II = 1> <Delay = 1.00> <Adapter> <Opcode : 'read' 'write' 'readreq' 'writereq' 'writeresp'>

State 23 <SV = 22> <Delay = 7.30>
ST_23 : Operation 207 [50/71] (7.30ns)   --->   "%gmem_load_7_req = readreq i1 @_ssdm_op_ReadReq.m_axi.i128P1A, i128 %gmem_addr, i32 1" [main.cpp:150->main.cpp:272]   --->   Operation 207 'readreq' 'gmem_load_7_req' <Predicate = true> <Delay = 7.30> <CoreInst = "m_axi">   --->   Core 121 'm_axi' <Latency = 0> <II = 1> <Delay = 1.00> <Adapter> <Opcode : 'read' 'write' 'readreq' 'writereq' 'writeresp'>
ST_23 : Operation 208 [51/71] (7.30ns)   --->   "%gmem_load_8_req = readreq i1 @_ssdm_op_ReadReq.m_axi.i128P1A, i128 %gmem_addr_3, i32 1" [main.cpp:151->main.cpp:272]   --->   Operation 208 'readreq' 'gmem_load_8_req' <Predicate = true> <Delay = 7.30> <CoreInst = "m_axi">   --->   Core 121 'm_axi' <Latency = 0> <II = 1> <Delay = 1.00> <Adapter> <Opcode : 'read' 'write' 'readreq' 'writereq' 'writeresp'>
ST_23 : Operation 209 [52/71] (7.30ns)   --->   "%gmem_load_9_req = readreq i1 @_ssdm_op_ReadReq.m_axi.i128P1A, i128 %gmem_addr_4, i32 1" [main.cpp:152->main.cpp:272]   --->   Operation 209 'readreq' 'gmem_load_9_req' <Predicate = true> <Delay = 7.30> <CoreInst = "m_axi">   --->   Core 121 'm_axi' <Latency = 0> <II = 1> <Delay = 1.00> <Adapter> <Opcode : 'read' 'write' 'readreq' 'writereq' 'writeresp'>

State 24 <SV = 23> <Delay = 7.30>
ST_24 : Operation 210 [49/71] (7.30ns)   --->   "%gmem_load_7_req = readreq i1 @_ssdm_op_ReadReq.m_axi.i128P1A, i128 %gmem_addr, i32 1" [main.cpp:150->main.cpp:272]   --->   Operation 210 'readreq' 'gmem_load_7_req' <Predicate = true> <Delay = 7.30> <CoreInst = "m_axi">   --->   Core 121 'm_axi' <Latency = 0> <II = 1> <Delay = 1.00> <Adapter> <Opcode : 'read' 'write' 'readreq' 'writereq' 'writeresp'>
ST_24 : Operation 211 [50/71] (7.30ns)   --->   "%gmem_load_8_req = readreq i1 @_ssdm_op_ReadReq.m_axi.i128P1A, i128 %gmem_addr_3, i32 1" [main.cpp:151->main.cpp:272]   --->   Operation 211 'readreq' 'gmem_load_8_req' <Predicate = true> <Delay = 7.30> <CoreInst = "m_axi">   --->   Core 121 'm_axi' <Latency = 0> <II = 1> <Delay = 1.00> <Adapter> <Opcode : 'read' 'write' 'readreq' 'writereq' 'writeresp'>
ST_24 : Operation 212 [51/71] (7.30ns)   --->   "%gmem_load_9_req = readreq i1 @_ssdm_op_ReadReq.m_axi.i128P1A, i128 %gmem_addr_4, i32 1" [main.cpp:152->main.cpp:272]   --->   Operation 212 'readreq' 'gmem_load_9_req' <Predicate = true> <Delay = 7.30> <CoreInst = "m_axi">   --->   Core 121 'm_axi' <Latency = 0> <II = 1> <Delay = 1.00> <Adapter> <Opcode : 'read' 'write' 'readreq' 'writereq' 'writeresp'>

State 25 <SV = 24> <Delay = 7.30>
ST_25 : Operation 213 [48/71] (7.30ns)   --->   "%gmem_load_7_req = readreq i1 @_ssdm_op_ReadReq.m_axi.i128P1A, i128 %gmem_addr, i32 1" [main.cpp:150->main.cpp:272]   --->   Operation 213 'readreq' 'gmem_load_7_req' <Predicate = true> <Delay = 7.30> <CoreInst = "m_axi">   --->   Core 121 'm_axi' <Latency = 0> <II = 1> <Delay = 1.00> <Adapter> <Opcode : 'read' 'write' 'readreq' 'writereq' 'writeresp'>
ST_25 : Operation 214 [49/71] (7.30ns)   --->   "%gmem_load_8_req = readreq i1 @_ssdm_op_ReadReq.m_axi.i128P1A, i128 %gmem_addr_3, i32 1" [main.cpp:151->main.cpp:272]   --->   Operation 214 'readreq' 'gmem_load_8_req' <Predicate = true> <Delay = 7.30> <CoreInst = "m_axi">   --->   Core 121 'm_axi' <Latency = 0> <II = 1> <Delay = 1.00> <Adapter> <Opcode : 'read' 'write' 'readreq' 'writereq' 'writeresp'>
ST_25 : Operation 215 [50/71] (7.30ns)   --->   "%gmem_load_9_req = readreq i1 @_ssdm_op_ReadReq.m_axi.i128P1A, i128 %gmem_addr_4, i32 1" [main.cpp:152->main.cpp:272]   --->   Operation 215 'readreq' 'gmem_load_9_req' <Predicate = true> <Delay = 7.30> <CoreInst = "m_axi">   --->   Core 121 'm_axi' <Latency = 0> <II = 1> <Delay = 1.00> <Adapter> <Opcode : 'read' 'write' 'readreq' 'writereq' 'writeresp'>

State 26 <SV = 25> <Delay = 7.30>
ST_26 : Operation 216 [47/71] (7.30ns)   --->   "%gmem_load_7_req = readreq i1 @_ssdm_op_ReadReq.m_axi.i128P1A, i128 %gmem_addr, i32 1" [main.cpp:150->main.cpp:272]   --->   Operation 216 'readreq' 'gmem_load_7_req' <Predicate = true> <Delay = 7.30> <CoreInst = "m_axi">   --->   Core 121 'm_axi' <Latency = 0> <II = 1> <Delay = 1.00> <Adapter> <Opcode : 'read' 'write' 'readreq' 'writereq' 'writeresp'>
ST_26 : Operation 217 [48/71] (7.30ns)   --->   "%gmem_load_8_req = readreq i1 @_ssdm_op_ReadReq.m_axi.i128P1A, i128 %gmem_addr_3, i32 1" [main.cpp:151->main.cpp:272]   --->   Operation 217 'readreq' 'gmem_load_8_req' <Predicate = true> <Delay = 7.30> <CoreInst = "m_axi">   --->   Core 121 'm_axi' <Latency = 0> <II = 1> <Delay = 1.00> <Adapter> <Opcode : 'read' 'write' 'readreq' 'writereq' 'writeresp'>
ST_26 : Operation 218 [49/71] (7.30ns)   --->   "%gmem_load_9_req = readreq i1 @_ssdm_op_ReadReq.m_axi.i128P1A, i128 %gmem_addr_4, i32 1" [main.cpp:152->main.cpp:272]   --->   Operation 218 'readreq' 'gmem_load_9_req' <Predicate = true> <Delay = 7.30> <CoreInst = "m_axi">   --->   Core 121 'm_axi' <Latency = 0> <II = 1> <Delay = 1.00> <Adapter> <Opcode : 'read' 'write' 'readreq' 'writereq' 'writeresp'>

State 27 <SV = 26> <Delay = 7.30>
ST_27 : Operation 219 [46/71] (7.30ns)   --->   "%gmem_load_7_req = readreq i1 @_ssdm_op_ReadReq.m_axi.i128P1A, i128 %gmem_addr, i32 1" [main.cpp:150->main.cpp:272]   --->   Operation 219 'readreq' 'gmem_load_7_req' <Predicate = true> <Delay = 7.30> <CoreInst = "m_axi">   --->   Core 121 'm_axi' <Latency = 0> <II = 1> <Delay = 1.00> <Adapter> <Opcode : 'read' 'write' 'readreq' 'writereq' 'writeresp'>
ST_27 : Operation 220 [47/71] (7.30ns)   --->   "%gmem_load_8_req = readreq i1 @_ssdm_op_ReadReq.m_axi.i128P1A, i128 %gmem_addr_3, i32 1" [main.cpp:151->main.cpp:272]   --->   Operation 220 'readreq' 'gmem_load_8_req' <Predicate = true> <Delay = 7.30> <CoreInst = "m_axi">   --->   Core 121 'm_axi' <Latency = 0> <II = 1> <Delay = 1.00> <Adapter> <Opcode : 'read' 'write' 'readreq' 'writereq' 'writeresp'>
ST_27 : Operation 221 [48/71] (7.30ns)   --->   "%gmem_load_9_req = readreq i1 @_ssdm_op_ReadReq.m_axi.i128P1A, i128 %gmem_addr_4, i32 1" [main.cpp:152->main.cpp:272]   --->   Operation 221 'readreq' 'gmem_load_9_req' <Predicate = true> <Delay = 7.30> <CoreInst = "m_axi">   --->   Core 121 'm_axi' <Latency = 0> <II = 1> <Delay = 1.00> <Adapter> <Opcode : 'read' 'write' 'readreq' 'writereq' 'writeresp'>

State 28 <SV = 27> <Delay = 7.30>
ST_28 : Operation 222 [45/71] (7.30ns)   --->   "%gmem_load_7_req = readreq i1 @_ssdm_op_ReadReq.m_axi.i128P1A, i128 %gmem_addr, i32 1" [main.cpp:150->main.cpp:272]   --->   Operation 222 'readreq' 'gmem_load_7_req' <Predicate = true> <Delay = 7.30> <CoreInst = "m_axi">   --->   Core 121 'm_axi' <Latency = 0> <II = 1> <Delay = 1.00> <Adapter> <Opcode : 'read' 'write' 'readreq' 'writereq' 'writeresp'>
ST_28 : Operation 223 [46/71] (7.30ns)   --->   "%gmem_load_8_req = readreq i1 @_ssdm_op_ReadReq.m_axi.i128P1A, i128 %gmem_addr_3, i32 1" [main.cpp:151->main.cpp:272]   --->   Operation 223 'readreq' 'gmem_load_8_req' <Predicate = true> <Delay = 7.30> <CoreInst = "m_axi">   --->   Core 121 'm_axi' <Latency = 0> <II = 1> <Delay = 1.00> <Adapter> <Opcode : 'read' 'write' 'readreq' 'writereq' 'writeresp'>
ST_28 : Operation 224 [47/71] (7.30ns)   --->   "%gmem_load_9_req = readreq i1 @_ssdm_op_ReadReq.m_axi.i128P1A, i128 %gmem_addr_4, i32 1" [main.cpp:152->main.cpp:272]   --->   Operation 224 'readreq' 'gmem_load_9_req' <Predicate = true> <Delay = 7.30> <CoreInst = "m_axi">   --->   Core 121 'm_axi' <Latency = 0> <II = 1> <Delay = 1.00> <Adapter> <Opcode : 'read' 'write' 'readreq' 'writereq' 'writeresp'>

State 29 <SV = 28> <Delay = 7.30>
ST_29 : Operation 225 [44/71] (7.30ns)   --->   "%gmem_load_7_req = readreq i1 @_ssdm_op_ReadReq.m_axi.i128P1A, i128 %gmem_addr, i32 1" [main.cpp:150->main.cpp:272]   --->   Operation 225 'readreq' 'gmem_load_7_req' <Predicate = true> <Delay = 7.30> <CoreInst = "m_axi">   --->   Core 121 'm_axi' <Latency = 0> <II = 1> <Delay = 1.00> <Adapter> <Opcode : 'read' 'write' 'readreq' 'writereq' 'writeresp'>
ST_29 : Operation 226 [45/71] (7.30ns)   --->   "%gmem_load_8_req = readreq i1 @_ssdm_op_ReadReq.m_axi.i128P1A, i128 %gmem_addr_3, i32 1" [main.cpp:151->main.cpp:272]   --->   Operation 226 'readreq' 'gmem_load_8_req' <Predicate = true> <Delay = 7.30> <CoreInst = "m_axi">   --->   Core 121 'm_axi' <Latency = 0> <II = 1> <Delay = 1.00> <Adapter> <Opcode : 'read' 'write' 'readreq' 'writereq' 'writeresp'>
ST_29 : Operation 227 [46/71] (7.30ns)   --->   "%gmem_load_9_req = readreq i1 @_ssdm_op_ReadReq.m_axi.i128P1A, i128 %gmem_addr_4, i32 1" [main.cpp:152->main.cpp:272]   --->   Operation 227 'readreq' 'gmem_load_9_req' <Predicate = true> <Delay = 7.30> <CoreInst = "m_axi">   --->   Core 121 'm_axi' <Latency = 0> <II = 1> <Delay = 1.00> <Adapter> <Opcode : 'read' 'write' 'readreq' 'writereq' 'writeresp'>

State 30 <SV = 29> <Delay = 7.30>
ST_30 : Operation 228 [43/71] (7.30ns)   --->   "%gmem_load_7_req = readreq i1 @_ssdm_op_ReadReq.m_axi.i128P1A, i128 %gmem_addr, i32 1" [main.cpp:150->main.cpp:272]   --->   Operation 228 'readreq' 'gmem_load_7_req' <Predicate = true> <Delay = 7.30> <CoreInst = "m_axi">   --->   Core 121 'm_axi' <Latency = 0> <II = 1> <Delay = 1.00> <Adapter> <Opcode : 'read' 'write' 'readreq' 'writereq' 'writeresp'>
ST_30 : Operation 229 [44/71] (7.30ns)   --->   "%gmem_load_8_req = readreq i1 @_ssdm_op_ReadReq.m_axi.i128P1A, i128 %gmem_addr_3, i32 1" [main.cpp:151->main.cpp:272]   --->   Operation 229 'readreq' 'gmem_load_8_req' <Predicate = true> <Delay = 7.30> <CoreInst = "m_axi">   --->   Core 121 'm_axi' <Latency = 0> <II = 1> <Delay = 1.00> <Adapter> <Opcode : 'read' 'write' 'readreq' 'writereq' 'writeresp'>
ST_30 : Operation 230 [45/71] (7.30ns)   --->   "%gmem_load_9_req = readreq i1 @_ssdm_op_ReadReq.m_axi.i128P1A, i128 %gmem_addr_4, i32 1" [main.cpp:152->main.cpp:272]   --->   Operation 230 'readreq' 'gmem_load_9_req' <Predicate = true> <Delay = 7.30> <CoreInst = "m_axi">   --->   Core 121 'm_axi' <Latency = 0> <II = 1> <Delay = 1.00> <Adapter> <Opcode : 'read' 'write' 'readreq' 'writereq' 'writeresp'>

State 31 <SV = 30> <Delay = 7.30>
ST_31 : Operation 231 [42/71] (7.30ns)   --->   "%gmem_load_7_req = readreq i1 @_ssdm_op_ReadReq.m_axi.i128P1A, i128 %gmem_addr, i32 1" [main.cpp:150->main.cpp:272]   --->   Operation 231 'readreq' 'gmem_load_7_req' <Predicate = true> <Delay = 7.30> <CoreInst = "m_axi">   --->   Core 121 'm_axi' <Latency = 0> <II = 1> <Delay = 1.00> <Adapter> <Opcode : 'read' 'write' 'readreq' 'writereq' 'writeresp'>
ST_31 : Operation 232 [43/71] (7.30ns)   --->   "%gmem_load_8_req = readreq i1 @_ssdm_op_ReadReq.m_axi.i128P1A, i128 %gmem_addr_3, i32 1" [main.cpp:151->main.cpp:272]   --->   Operation 232 'readreq' 'gmem_load_8_req' <Predicate = true> <Delay = 7.30> <CoreInst = "m_axi">   --->   Core 121 'm_axi' <Latency = 0> <II = 1> <Delay = 1.00> <Adapter> <Opcode : 'read' 'write' 'readreq' 'writereq' 'writeresp'>
ST_31 : Operation 233 [44/71] (7.30ns)   --->   "%gmem_load_9_req = readreq i1 @_ssdm_op_ReadReq.m_axi.i128P1A, i128 %gmem_addr_4, i32 1" [main.cpp:152->main.cpp:272]   --->   Operation 233 'readreq' 'gmem_load_9_req' <Predicate = true> <Delay = 7.30> <CoreInst = "m_axi">   --->   Core 121 'm_axi' <Latency = 0> <II = 1> <Delay = 1.00> <Adapter> <Opcode : 'read' 'write' 'readreq' 'writereq' 'writeresp'>

State 32 <SV = 31> <Delay = 7.30>
ST_32 : Operation 234 [41/71] (7.30ns)   --->   "%gmem_load_7_req = readreq i1 @_ssdm_op_ReadReq.m_axi.i128P1A, i128 %gmem_addr, i32 1" [main.cpp:150->main.cpp:272]   --->   Operation 234 'readreq' 'gmem_load_7_req' <Predicate = true> <Delay = 7.30> <CoreInst = "m_axi">   --->   Core 121 'm_axi' <Latency = 0> <II = 1> <Delay = 1.00> <Adapter> <Opcode : 'read' 'write' 'readreq' 'writereq' 'writeresp'>
ST_32 : Operation 235 [42/71] (7.30ns)   --->   "%gmem_load_8_req = readreq i1 @_ssdm_op_ReadReq.m_axi.i128P1A, i128 %gmem_addr_3, i32 1" [main.cpp:151->main.cpp:272]   --->   Operation 235 'readreq' 'gmem_load_8_req' <Predicate = true> <Delay = 7.30> <CoreInst = "m_axi">   --->   Core 121 'm_axi' <Latency = 0> <II = 1> <Delay = 1.00> <Adapter> <Opcode : 'read' 'write' 'readreq' 'writereq' 'writeresp'>
ST_32 : Operation 236 [43/71] (7.30ns)   --->   "%gmem_load_9_req = readreq i1 @_ssdm_op_ReadReq.m_axi.i128P1A, i128 %gmem_addr_4, i32 1" [main.cpp:152->main.cpp:272]   --->   Operation 236 'readreq' 'gmem_load_9_req' <Predicate = true> <Delay = 7.30> <CoreInst = "m_axi">   --->   Core 121 'm_axi' <Latency = 0> <II = 1> <Delay = 1.00> <Adapter> <Opcode : 'read' 'write' 'readreq' 'writereq' 'writeresp'>

State 33 <SV = 32> <Delay = 7.30>
ST_33 : Operation 237 [40/71] (7.30ns)   --->   "%gmem_load_7_req = readreq i1 @_ssdm_op_ReadReq.m_axi.i128P1A, i128 %gmem_addr, i32 1" [main.cpp:150->main.cpp:272]   --->   Operation 237 'readreq' 'gmem_load_7_req' <Predicate = true> <Delay = 7.30> <CoreInst = "m_axi">   --->   Core 121 'm_axi' <Latency = 0> <II = 1> <Delay = 1.00> <Adapter> <Opcode : 'read' 'write' 'readreq' 'writereq' 'writeresp'>
ST_33 : Operation 238 [41/71] (7.30ns)   --->   "%gmem_load_8_req = readreq i1 @_ssdm_op_ReadReq.m_axi.i128P1A, i128 %gmem_addr_3, i32 1" [main.cpp:151->main.cpp:272]   --->   Operation 238 'readreq' 'gmem_load_8_req' <Predicate = true> <Delay = 7.30> <CoreInst = "m_axi">   --->   Core 121 'm_axi' <Latency = 0> <II = 1> <Delay = 1.00> <Adapter> <Opcode : 'read' 'write' 'readreq' 'writereq' 'writeresp'>
ST_33 : Operation 239 [42/71] (7.30ns)   --->   "%gmem_load_9_req = readreq i1 @_ssdm_op_ReadReq.m_axi.i128P1A, i128 %gmem_addr_4, i32 1" [main.cpp:152->main.cpp:272]   --->   Operation 239 'readreq' 'gmem_load_9_req' <Predicate = true> <Delay = 7.30> <CoreInst = "m_axi">   --->   Core 121 'm_axi' <Latency = 0> <II = 1> <Delay = 1.00> <Adapter> <Opcode : 'read' 'write' 'readreq' 'writereq' 'writeresp'>

State 34 <SV = 33> <Delay = 7.30>
ST_34 : Operation 240 [39/71] (7.30ns)   --->   "%gmem_load_7_req = readreq i1 @_ssdm_op_ReadReq.m_axi.i128P1A, i128 %gmem_addr, i32 1" [main.cpp:150->main.cpp:272]   --->   Operation 240 'readreq' 'gmem_load_7_req' <Predicate = true> <Delay = 7.30> <CoreInst = "m_axi">   --->   Core 121 'm_axi' <Latency = 0> <II = 1> <Delay = 1.00> <Adapter> <Opcode : 'read' 'write' 'readreq' 'writereq' 'writeresp'>
ST_34 : Operation 241 [40/71] (7.30ns)   --->   "%gmem_load_8_req = readreq i1 @_ssdm_op_ReadReq.m_axi.i128P1A, i128 %gmem_addr_3, i32 1" [main.cpp:151->main.cpp:272]   --->   Operation 241 'readreq' 'gmem_load_8_req' <Predicate = true> <Delay = 7.30> <CoreInst = "m_axi">   --->   Core 121 'm_axi' <Latency = 0> <II = 1> <Delay = 1.00> <Adapter> <Opcode : 'read' 'write' 'readreq' 'writereq' 'writeresp'>
ST_34 : Operation 242 [41/71] (7.30ns)   --->   "%gmem_load_9_req = readreq i1 @_ssdm_op_ReadReq.m_axi.i128P1A, i128 %gmem_addr_4, i32 1" [main.cpp:152->main.cpp:272]   --->   Operation 242 'readreq' 'gmem_load_9_req' <Predicate = true> <Delay = 7.30> <CoreInst = "m_axi">   --->   Core 121 'm_axi' <Latency = 0> <II = 1> <Delay = 1.00> <Adapter> <Opcode : 'read' 'write' 'readreq' 'writereq' 'writeresp'>

State 35 <SV = 34> <Delay = 7.30>
ST_35 : Operation 243 [38/71] (7.30ns)   --->   "%gmem_load_7_req = readreq i1 @_ssdm_op_ReadReq.m_axi.i128P1A, i128 %gmem_addr, i32 1" [main.cpp:150->main.cpp:272]   --->   Operation 243 'readreq' 'gmem_load_7_req' <Predicate = true> <Delay = 7.30> <CoreInst = "m_axi">   --->   Core 121 'm_axi' <Latency = 0> <II = 1> <Delay = 1.00> <Adapter> <Opcode : 'read' 'write' 'readreq' 'writereq' 'writeresp'>
ST_35 : Operation 244 [39/71] (7.30ns)   --->   "%gmem_load_8_req = readreq i1 @_ssdm_op_ReadReq.m_axi.i128P1A, i128 %gmem_addr_3, i32 1" [main.cpp:151->main.cpp:272]   --->   Operation 244 'readreq' 'gmem_load_8_req' <Predicate = true> <Delay = 7.30> <CoreInst = "m_axi">   --->   Core 121 'm_axi' <Latency = 0> <II = 1> <Delay = 1.00> <Adapter> <Opcode : 'read' 'write' 'readreq' 'writereq' 'writeresp'>
ST_35 : Operation 245 [40/71] (7.30ns)   --->   "%gmem_load_9_req = readreq i1 @_ssdm_op_ReadReq.m_axi.i128P1A, i128 %gmem_addr_4, i32 1" [main.cpp:152->main.cpp:272]   --->   Operation 245 'readreq' 'gmem_load_9_req' <Predicate = true> <Delay = 7.30> <CoreInst = "m_axi">   --->   Core 121 'm_axi' <Latency = 0> <II = 1> <Delay = 1.00> <Adapter> <Opcode : 'read' 'write' 'readreq' 'writereq' 'writeresp'>

State 36 <SV = 35> <Delay = 7.30>
ST_36 : Operation 246 [37/71] (7.30ns)   --->   "%gmem_load_7_req = readreq i1 @_ssdm_op_ReadReq.m_axi.i128P1A, i128 %gmem_addr, i32 1" [main.cpp:150->main.cpp:272]   --->   Operation 246 'readreq' 'gmem_load_7_req' <Predicate = true> <Delay = 7.30> <CoreInst = "m_axi">   --->   Core 121 'm_axi' <Latency = 0> <II = 1> <Delay = 1.00> <Adapter> <Opcode : 'read' 'write' 'readreq' 'writereq' 'writeresp'>
ST_36 : Operation 247 [38/71] (7.30ns)   --->   "%gmem_load_8_req = readreq i1 @_ssdm_op_ReadReq.m_axi.i128P1A, i128 %gmem_addr_3, i32 1" [main.cpp:151->main.cpp:272]   --->   Operation 247 'readreq' 'gmem_load_8_req' <Predicate = true> <Delay = 7.30> <CoreInst = "m_axi">   --->   Core 121 'm_axi' <Latency = 0> <II = 1> <Delay = 1.00> <Adapter> <Opcode : 'read' 'write' 'readreq' 'writereq' 'writeresp'>
ST_36 : Operation 248 [39/71] (7.30ns)   --->   "%gmem_load_9_req = readreq i1 @_ssdm_op_ReadReq.m_axi.i128P1A, i128 %gmem_addr_4, i32 1" [main.cpp:152->main.cpp:272]   --->   Operation 248 'readreq' 'gmem_load_9_req' <Predicate = true> <Delay = 7.30> <CoreInst = "m_axi">   --->   Core 121 'm_axi' <Latency = 0> <II = 1> <Delay = 1.00> <Adapter> <Opcode : 'read' 'write' 'readreq' 'writereq' 'writeresp'>

State 37 <SV = 36> <Delay = 7.30>
ST_37 : Operation 249 [36/71] (7.30ns)   --->   "%gmem_load_7_req = readreq i1 @_ssdm_op_ReadReq.m_axi.i128P1A, i128 %gmem_addr, i32 1" [main.cpp:150->main.cpp:272]   --->   Operation 249 'readreq' 'gmem_load_7_req' <Predicate = true> <Delay = 7.30> <CoreInst = "m_axi">   --->   Core 121 'm_axi' <Latency = 0> <II = 1> <Delay = 1.00> <Adapter> <Opcode : 'read' 'write' 'readreq' 'writereq' 'writeresp'>
ST_37 : Operation 250 [37/71] (7.30ns)   --->   "%gmem_load_8_req = readreq i1 @_ssdm_op_ReadReq.m_axi.i128P1A, i128 %gmem_addr_3, i32 1" [main.cpp:151->main.cpp:272]   --->   Operation 250 'readreq' 'gmem_load_8_req' <Predicate = true> <Delay = 7.30> <CoreInst = "m_axi">   --->   Core 121 'm_axi' <Latency = 0> <II = 1> <Delay = 1.00> <Adapter> <Opcode : 'read' 'write' 'readreq' 'writereq' 'writeresp'>
ST_37 : Operation 251 [38/71] (7.30ns)   --->   "%gmem_load_9_req = readreq i1 @_ssdm_op_ReadReq.m_axi.i128P1A, i128 %gmem_addr_4, i32 1" [main.cpp:152->main.cpp:272]   --->   Operation 251 'readreq' 'gmem_load_9_req' <Predicate = true> <Delay = 7.30> <CoreInst = "m_axi">   --->   Core 121 'm_axi' <Latency = 0> <II = 1> <Delay = 1.00> <Adapter> <Opcode : 'read' 'write' 'readreq' 'writereq' 'writeresp'>

State 38 <SV = 37> <Delay = 7.30>
ST_38 : Operation 252 [35/71] (7.30ns)   --->   "%gmem_load_7_req = readreq i1 @_ssdm_op_ReadReq.m_axi.i128P1A, i128 %gmem_addr, i32 1" [main.cpp:150->main.cpp:272]   --->   Operation 252 'readreq' 'gmem_load_7_req' <Predicate = true> <Delay = 7.30> <CoreInst = "m_axi">   --->   Core 121 'm_axi' <Latency = 0> <II = 1> <Delay = 1.00> <Adapter> <Opcode : 'read' 'write' 'readreq' 'writereq' 'writeresp'>
ST_38 : Operation 253 [36/71] (7.30ns)   --->   "%gmem_load_8_req = readreq i1 @_ssdm_op_ReadReq.m_axi.i128P1A, i128 %gmem_addr_3, i32 1" [main.cpp:151->main.cpp:272]   --->   Operation 253 'readreq' 'gmem_load_8_req' <Predicate = true> <Delay = 7.30> <CoreInst = "m_axi">   --->   Core 121 'm_axi' <Latency = 0> <II = 1> <Delay = 1.00> <Adapter> <Opcode : 'read' 'write' 'readreq' 'writereq' 'writeresp'>
ST_38 : Operation 254 [37/71] (7.30ns)   --->   "%gmem_load_9_req = readreq i1 @_ssdm_op_ReadReq.m_axi.i128P1A, i128 %gmem_addr_4, i32 1" [main.cpp:152->main.cpp:272]   --->   Operation 254 'readreq' 'gmem_load_9_req' <Predicate = true> <Delay = 7.30> <CoreInst = "m_axi">   --->   Core 121 'm_axi' <Latency = 0> <II = 1> <Delay = 1.00> <Adapter> <Opcode : 'read' 'write' 'readreq' 'writereq' 'writeresp'>

State 39 <SV = 38> <Delay = 7.30>
ST_39 : Operation 255 [34/71] (7.30ns)   --->   "%gmem_load_7_req = readreq i1 @_ssdm_op_ReadReq.m_axi.i128P1A, i128 %gmem_addr, i32 1" [main.cpp:150->main.cpp:272]   --->   Operation 255 'readreq' 'gmem_load_7_req' <Predicate = true> <Delay = 7.30> <CoreInst = "m_axi">   --->   Core 121 'm_axi' <Latency = 0> <II = 1> <Delay = 1.00> <Adapter> <Opcode : 'read' 'write' 'readreq' 'writereq' 'writeresp'>
ST_39 : Operation 256 [35/71] (7.30ns)   --->   "%gmem_load_8_req = readreq i1 @_ssdm_op_ReadReq.m_axi.i128P1A, i128 %gmem_addr_3, i32 1" [main.cpp:151->main.cpp:272]   --->   Operation 256 'readreq' 'gmem_load_8_req' <Predicate = true> <Delay = 7.30> <CoreInst = "m_axi">   --->   Core 121 'm_axi' <Latency = 0> <II = 1> <Delay = 1.00> <Adapter> <Opcode : 'read' 'write' 'readreq' 'writereq' 'writeresp'>
ST_39 : Operation 257 [36/71] (7.30ns)   --->   "%gmem_load_9_req = readreq i1 @_ssdm_op_ReadReq.m_axi.i128P1A, i128 %gmem_addr_4, i32 1" [main.cpp:152->main.cpp:272]   --->   Operation 257 'readreq' 'gmem_load_9_req' <Predicate = true> <Delay = 7.30> <CoreInst = "m_axi">   --->   Core 121 'm_axi' <Latency = 0> <II = 1> <Delay = 1.00> <Adapter> <Opcode : 'read' 'write' 'readreq' 'writereq' 'writeresp'>

State 40 <SV = 39> <Delay = 7.30>
ST_40 : Operation 258 [33/71] (7.30ns)   --->   "%gmem_load_7_req = readreq i1 @_ssdm_op_ReadReq.m_axi.i128P1A, i128 %gmem_addr, i32 1" [main.cpp:150->main.cpp:272]   --->   Operation 258 'readreq' 'gmem_load_7_req' <Predicate = true> <Delay = 7.30> <CoreInst = "m_axi">   --->   Core 121 'm_axi' <Latency = 0> <II = 1> <Delay = 1.00> <Adapter> <Opcode : 'read' 'write' 'readreq' 'writereq' 'writeresp'>
ST_40 : Operation 259 [34/71] (7.30ns)   --->   "%gmem_load_8_req = readreq i1 @_ssdm_op_ReadReq.m_axi.i128P1A, i128 %gmem_addr_3, i32 1" [main.cpp:151->main.cpp:272]   --->   Operation 259 'readreq' 'gmem_load_8_req' <Predicate = true> <Delay = 7.30> <CoreInst = "m_axi">   --->   Core 121 'm_axi' <Latency = 0> <II = 1> <Delay = 1.00> <Adapter> <Opcode : 'read' 'write' 'readreq' 'writereq' 'writeresp'>
ST_40 : Operation 260 [35/71] (7.30ns)   --->   "%gmem_load_9_req = readreq i1 @_ssdm_op_ReadReq.m_axi.i128P1A, i128 %gmem_addr_4, i32 1" [main.cpp:152->main.cpp:272]   --->   Operation 260 'readreq' 'gmem_load_9_req' <Predicate = true> <Delay = 7.30> <CoreInst = "m_axi">   --->   Core 121 'm_axi' <Latency = 0> <II = 1> <Delay = 1.00> <Adapter> <Opcode : 'read' 'write' 'readreq' 'writereq' 'writeresp'>

State 41 <SV = 40> <Delay = 7.30>
ST_41 : Operation 261 [32/71] (7.30ns)   --->   "%gmem_load_7_req = readreq i1 @_ssdm_op_ReadReq.m_axi.i128P1A, i128 %gmem_addr, i32 1" [main.cpp:150->main.cpp:272]   --->   Operation 261 'readreq' 'gmem_load_7_req' <Predicate = true> <Delay = 7.30> <CoreInst = "m_axi">   --->   Core 121 'm_axi' <Latency = 0> <II = 1> <Delay = 1.00> <Adapter> <Opcode : 'read' 'write' 'readreq' 'writereq' 'writeresp'>
ST_41 : Operation 262 [33/71] (7.30ns)   --->   "%gmem_load_8_req = readreq i1 @_ssdm_op_ReadReq.m_axi.i128P1A, i128 %gmem_addr_3, i32 1" [main.cpp:151->main.cpp:272]   --->   Operation 262 'readreq' 'gmem_load_8_req' <Predicate = true> <Delay = 7.30> <CoreInst = "m_axi">   --->   Core 121 'm_axi' <Latency = 0> <II = 1> <Delay = 1.00> <Adapter> <Opcode : 'read' 'write' 'readreq' 'writereq' 'writeresp'>
ST_41 : Operation 263 [34/71] (7.30ns)   --->   "%gmem_load_9_req = readreq i1 @_ssdm_op_ReadReq.m_axi.i128P1A, i128 %gmem_addr_4, i32 1" [main.cpp:152->main.cpp:272]   --->   Operation 263 'readreq' 'gmem_load_9_req' <Predicate = true> <Delay = 7.30> <CoreInst = "m_axi">   --->   Core 121 'm_axi' <Latency = 0> <II = 1> <Delay = 1.00> <Adapter> <Opcode : 'read' 'write' 'readreq' 'writereq' 'writeresp'>

State 42 <SV = 41> <Delay = 7.30>
ST_42 : Operation 264 [31/71] (7.30ns)   --->   "%gmem_load_7_req = readreq i1 @_ssdm_op_ReadReq.m_axi.i128P1A, i128 %gmem_addr, i32 1" [main.cpp:150->main.cpp:272]   --->   Operation 264 'readreq' 'gmem_load_7_req' <Predicate = true> <Delay = 7.30> <CoreInst = "m_axi">   --->   Core 121 'm_axi' <Latency = 0> <II = 1> <Delay = 1.00> <Adapter> <Opcode : 'read' 'write' 'readreq' 'writereq' 'writeresp'>
ST_42 : Operation 265 [32/71] (7.30ns)   --->   "%gmem_load_8_req = readreq i1 @_ssdm_op_ReadReq.m_axi.i128P1A, i128 %gmem_addr_3, i32 1" [main.cpp:151->main.cpp:272]   --->   Operation 265 'readreq' 'gmem_load_8_req' <Predicate = true> <Delay = 7.30> <CoreInst = "m_axi">   --->   Core 121 'm_axi' <Latency = 0> <II = 1> <Delay = 1.00> <Adapter> <Opcode : 'read' 'write' 'readreq' 'writereq' 'writeresp'>
ST_42 : Operation 266 [33/71] (7.30ns)   --->   "%gmem_load_9_req = readreq i1 @_ssdm_op_ReadReq.m_axi.i128P1A, i128 %gmem_addr_4, i32 1" [main.cpp:152->main.cpp:272]   --->   Operation 266 'readreq' 'gmem_load_9_req' <Predicate = true> <Delay = 7.30> <CoreInst = "m_axi">   --->   Core 121 'm_axi' <Latency = 0> <II = 1> <Delay = 1.00> <Adapter> <Opcode : 'read' 'write' 'readreq' 'writereq' 'writeresp'>

State 43 <SV = 42> <Delay = 7.30>
ST_43 : Operation 267 [30/71] (7.30ns)   --->   "%gmem_load_7_req = readreq i1 @_ssdm_op_ReadReq.m_axi.i128P1A, i128 %gmem_addr, i32 1" [main.cpp:150->main.cpp:272]   --->   Operation 267 'readreq' 'gmem_load_7_req' <Predicate = true> <Delay = 7.30> <CoreInst = "m_axi">   --->   Core 121 'm_axi' <Latency = 0> <II = 1> <Delay = 1.00> <Adapter> <Opcode : 'read' 'write' 'readreq' 'writereq' 'writeresp'>
ST_43 : Operation 268 [31/71] (7.30ns)   --->   "%gmem_load_8_req = readreq i1 @_ssdm_op_ReadReq.m_axi.i128P1A, i128 %gmem_addr_3, i32 1" [main.cpp:151->main.cpp:272]   --->   Operation 268 'readreq' 'gmem_load_8_req' <Predicate = true> <Delay = 7.30> <CoreInst = "m_axi">   --->   Core 121 'm_axi' <Latency = 0> <II = 1> <Delay = 1.00> <Adapter> <Opcode : 'read' 'write' 'readreq' 'writereq' 'writeresp'>
ST_43 : Operation 269 [32/71] (7.30ns)   --->   "%gmem_load_9_req = readreq i1 @_ssdm_op_ReadReq.m_axi.i128P1A, i128 %gmem_addr_4, i32 1" [main.cpp:152->main.cpp:272]   --->   Operation 269 'readreq' 'gmem_load_9_req' <Predicate = true> <Delay = 7.30> <CoreInst = "m_axi">   --->   Core 121 'm_axi' <Latency = 0> <II = 1> <Delay = 1.00> <Adapter> <Opcode : 'read' 'write' 'readreq' 'writereq' 'writeresp'>

State 44 <SV = 43> <Delay = 7.30>
ST_44 : Operation 270 [29/71] (7.30ns)   --->   "%gmem_load_7_req = readreq i1 @_ssdm_op_ReadReq.m_axi.i128P1A, i128 %gmem_addr, i32 1" [main.cpp:150->main.cpp:272]   --->   Operation 270 'readreq' 'gmem_load_7_req' <Predicate = true> <Delay = 7.30> <CoreInst = "m_axi">   --->   Core 121 'm_axi' <Latency = 0> <II = 1> <Delay = 1.00> <Adapter> <Opcode : 'read' 'write' 'readreq' 'writereq' 'writeresp'>
ST_44 : Operation 271 [30/71] (7.30ns)   --->   "%gmem_load_8_req = readreq i1 @_ssdm_op_ReadReq.m_axi.i128P1A, i128 %gmem_addr_3, i32 1" [main.cpp:151->main.cpp:272]   --->   Operation 271 'readreq' 'gmem_load_8_req' <Predicate = true> <Delay = 7.30> <CoreInst = "m_axi">   --->   Core 121 'm_axi' <Latency = 0> <II = 1> <Delay = 1.00> <Adapter> <Opcode : 'read' 'write' 'readreq' 'writereq' 'writeresp'>
ST_44 : Operation 272 [31/71] (7.30ns)   --->   "%gmem_load_9_req = readreq i1 @_ssdm_op_ReadReq.m_axi.i128P1A, i128 %gmem_addr_4, i32 1" [main.cpp:152->main.cpp:272]   --->   Operation 272 'readreq' 'gmem_load_9_req' <Predicate = true> <Delay = 7.30> <CoreInst = "m_axi">   --->   Core 121 'm_axi' <Latency = 0> <II = 1> <Delay = 1.00> <Adapter> <Opcode : 'read' 'write' 'readreq' 'writereq' 'writeresp'>

State 45 <SV = 44> <Delay = 7.30>
ST_45 : Operation 273 [28/71] (7.30ns)   --->   "%gmem_load_7_req = readreq i1 @_ssdm_op_ReadReq.m_axi.i128P1A, i128 %gmem_addr, i32 1" [main.cpp:150->main.cpp:272]   --->   Operation 273 'readreq' 'gmem_load_7_req' <Predicate = true> <Delay = 7.30> <CoreInst = "m_axi">   --->   Core 121 'm_axi' <Latency = 0> <II = 1> <Delay = 1.00> <Adapter> <Opcode : 'read' 'write' 'readreq' 'writereq' 'writeresp'>
ST_45 : Operation 274 [29/71] (7.30ns)   --->   "%gmem_load_8_req = readreq i1 @_ssdm_op_ReadReq.m_axi.i128P1A, i128 %gmem_addr_3, i32 1" [main.cpp:151->main.cpp:272]   --->   Operation 274 'readreq' 'gmem_load_8_req' <Predicate = true> <Delay = 7.30> <CoreInst = "m_axi">   --->   Core 121 'm_axi' <Latency = 0> <II = 1> <Delay = 1.00> <Adapter> <Opcode : 'read' 'write' 'readreq' 'writereq' 'writeresp'>
ST_45 : Operation 275 [30/71] (7.30ns)   --->   "%gmem_load_9_req = readreq i1 @_ssdm_op_ReadReq.m_axi.i128P1A, i128 %gmem_addr_4, i32 1" [main.cpp:152->main.cpp:272]   --->   Operation 275 'readreq' 'gmem_load_9_req' <Predicate = true> <Delay = 7.30> <CoreInst = "m_axi">   --->   Core 121 'm_axi' <Latency = 0> <II = 1> <Delay = 1.00> <Adapter> <Opcode : 'read' 'write' 'readreq' 'writereq' 'writeresp'>

State 46 <SV = 45> <Delay = 7.30>
ST_46 : Operation 276 [27/71] (7.30ns)   --->   "%gmem_load_7_req = readreq i1 @_ssdm_op_ReadReq.m_axi.i128P1A, i128 %gmem_addr, i32 1" [main.cpp:150->main.cpp:272]   --->   Operation 276 'readreq' 'gmem_load_7_req' <Predicate = true> <Delay = 7.30> <CoreInst = "m_axi">   --->   Core 121 'm_axi' <Latency = 0> <II = 1> <Delay = 1.00> <Adapter> <Opcode : 'read' 'write' 'readreq' 'writereq' 'writeresp'>
ST_46 : Operation 277 [28/71] (7.30ns)   --->   "%gmem_load_8_req = readreq i1 @_ssdm_op_ReadReq.m_axi.i128P1A, i128 %gmem_addr_3, i32 1" [main.cpp:151->main.cpp:272]   --->   Operation 277 'readreq' 'gmem_load_8_req' <Predicate = true> <Delay = 7.30> <CoreInst = "m_axi">   --->   Core 121 'm_axi' <Latency = 0> <II = 1> <Delay = 1.00> <Adapter> <Opcode : 'read' 'write' 'readreq' 'writereq' 'writeresp'>
ST_46 : Operation 278 [29/71] (7.30ns)   --->   "%gmem_load_9_req = readreq i1 @_ssdm_op_ReadReq.m_axi.i128P1A, i128 %gmem_addr_4, i32 1" [main.cpp:152->main.cpp:272]   --->   Operation 278 'readreq' 'gmem_load_9_req' <Predicate = true> <Delay = 7.30> <CoreInst = "m_axi">   --->   Core 121 'm_axi' <Latency = 0> <II = 1> <Delay = 1.00> <Adapter> <Opcode : 'read' 'write' 'readreq' 'writereq' 'writeresp'>

State 47 <SV = 46> <Delay = 7.30>
ST_47 : Operation 279 [26/71] (7.30ns)   --->   "%gmem_load_7_req = readreq i1 @_ssdm_op_ReadReq.m_axi.i128P1A, i128 %gmem_addr, i32 1" [main.cpp:150->main.cpp:272]   --->   Operation 279 'readreq' 'gmem_load_7_req' <Predicate = true> <Delay = 7.30> <CoreInst = "m_axi">   --->   Core 121 'm_axi' <Latency = 0> <II = 1> <Delay = 1.00> <Adapter> <Opcode : 'read' 'write' 'readreq' 'writereq' 'writeresp'>
ST_47 : Operation 280 [27/71] (7.30ns)   --->   "%gmem_load_8_req = readreq i1 @_ssdm_op_ReadReq.m_axi.i128P1A, i128 %gmem_addr_3, i32 1" [main.cpp:151->main.cpp:272]   --->   Operation 280 'readreq' 'gmem_load_8_req' <Predicate = true> <Delay = 7.30> <CoreInst = "m_axi">   --->   Core 121 'm_axi' <Latency = 0> <II = 1> <Delay = 1.00> <Adapter> <Opcode : 'read' 'write' 'readreq' 'writereq' 'writeresp'>
ST_47 : Operation 281 [28/71] (7.30ns)   --->   "%gmem_load_9_req = readreq i1 @_ssdm_op_ReadReq.m_axi.i128P1A, i128 %gmem_addr_4, i32 1" [main.cpp:152->main.cpp:272]   --->   Operation 281 'readreq' 'gmem_load_9_req' <Predicate = true> <Delay = 7.30> <CoreInst = "m_axi">   --->   Core 121 'm_axi' <Latency = 0> <II = 1> <Delay = 1.00> <Adapter> <Opcode : 'read' 'write' 'readreq' 'writereq' 'writeresp'>

State 48 <SV = 47> <Delay = 7.30>
ST_48 : Operation 282 [25/71] (7.30ns)   --->   "%gmem_load_7_req = readreq i1 @_ssdm_op_ReadReq.m_axi.i128P1A, i128 %gmem_addr, i32 1" [main.cpp:150->main.cpp:272]   --->   Operation 282 'readreq' 'gmem_load_7_req' <Predicate = true> <Delay = 7.30> <CoreInst = "m_axi">   --->   Core 121 'm_axi' <Latency = 0> <II = 1> <Delay = 1.00> <Adapter> <Opcode : 'read' 'write' 'readreq' 'writereq' 'writeresp'>
ST_48 : Operation 283 [26/71] (7.30ns)   --->   "%gmem_load_8_req = readreq i1 @_ssdm_op_ReadReq.m_axi.i128P1A, i128 %gmem_addr_3, i32 1" [main.cpp:151->main.cpp:272]   --->   Operation 283 'readreq' 'gmem_load_8_req' <Predicate = true> <Delay = 7.30> <CoreInst = "m_axi">   --->   Core 121 'm_axi' <Latency = 0> <II = 1> <Delay = 1.00> <Adapter> <Opcode : 'read' 'write' 'readreq' 'writereq' 'writeresp'>
ST_48 : Operation 284 [27/71] (7.30ns)   --->   "%gmem_load_9_req = readreq i1 @_ssdm_op_ReadReq.m_axi.i128P1A, i128 %gmem_addr_4, i32 1" [main.cpp:152->main.cpp:272]   --->   Operation 284 'readreq' 'gmem_load_9_req' <Predicate = true> <Delay = 7.30> <CoreInst = "m_axi">   --->   Core 121 'm_axi' <Latency = 0> <II = 1> <Delay = 1.00> <Adapter> <Opcode : 'read' 'write' 'readreq' 'writereq' 'writeresp'>

State 49 <SV = 48> <Delay = 7.30>
ST_49 : Operation 285 [24/71] (7.30ns)   --->   "%gmem_load_7_req = readreq i1 @_ssdm_op_ReadReq.m_axi.i128P1A, i128 %gmem_addr, i32 1" [main.cpp:150->main.cpp:272]   --->   Operation 285 'readreq' 'gmem_load_7_req' <Predicate = true> <Delay = 7.30> <CoreInst = "m_axi">   --->   Core 121 'm_axi' <Latency = 0> <II = 1> <Delay = 1.00> <Adapter> <Opcode : 'read' 'write' 'readreq' 'writereq' 'writeresp'>
ST_49 : Operation 286 [25/71] (7.30ns)   --->   "%gmem_load_8_req = readreq i1 @_ssdm_op_ReadReq.m_axi.i128P1A, i128 %gmem_addr_3, i32 1" [main.cpp:151->main.cpp:272]   --->   Operation 286 'readreq' 'gmem_load_8_req' <Predicate = true> <Delay = 7.30> <CoreInst = "m_axi">   --->   Core 121 'm_axi' <Latency = 0> <II = 1> <Delay = 1.00> <Adapter> <Opcode : 'read' 'write' 'readreq' 'writereq' 'writeresp'>
ST_49 : Operation 287 [26/71] (7.30ns)   --->   "%gmem_load_9_req = readreq i1 @_ssdm_op_ReadReq.m_axi.i128P1A, i128 %gmem_addr_4, i32 1" [main.cpp:152->main.cpp:272]   --->   Operation 287 'readreq' 'gmem_load_9_req' <Predicate = true> <Delay = 7.30> <CoreInst = "m_axi">   --->   Core 121 'm_axi' <Latency = 0> <II = 1> <Delay = 1.00> <Adapter> <Opcode : 'read' 'write' 'readreq' 'writereq' 'writeresp'>

State 50 <SV = 49> <Delay = 7.30>
ST_50 : Operation 288 [23/71] (7.30ns)   --->   "%gmem_load_7_req = readreq i1 @_ssdm_op_ReadReq.m_axi.i128P1A, i128 %gmem_addr, i32 1" [main.cpp:150->main.cpp:272]   --->   Operation 288 'readreq' 'gmem_load_7_req' <Predicate = true> <Delay = 7.30> <CoreInst = "m_axi">   --->   Core 121 'm_axi' <Latency = 0> <II = 1> <Delay = 1.00> <Adapter> <Opcode : 'read' 'write' 'readreq' 'writereq' 'writeresp'>
ST_50 : Operation 289 [24/71] (7.30ns)   --->   "%gmem_load_8_req = readreq i1 @_ssdm_op_ReadReq.m_axi.i128P1A, i128 %gmem_addr_3, i32 1" [main.cpp:151->main.cpp:272]   --->   Operation 289 'readreq' 'gmem_load_8_req' <Predicate = true> <Delay = 7.30> <CoreInst = "m_axi">   --->   Core 121 'm_axi' <Latency = 0> <II = 1> <Delay = 1.00> <Adapter> <Opcode : 'read' 'write' 'readreq' 'writereq' 'writeresp'>
ST_50 : Operation 290 [25/71] (7.30ns)   --->   "%gmem_load_9_req = readreq i1 @_ssdm_op_ReadReq.m_axi.i128P1A, i128 %gmem_addr_4, i32 1" [main.cpp:152->main.cpp:272]   --->   Operation 290 'readreq' 'gmem_load_9_req' <Predicate = true> <Delay = 7.30> <CoreInst = "m_axi">   --->   Core 121 'm_axi' <Latency = 0> <II = 1> <Delay = 1.00> <Adapter> <Opcode : 'read' 'write' 'readreq' 'writereq' 'writeresp'>

State 51 <SV = 50> <Delay = 7.30>
ST_51 : Operation 291 [22/71] (7.30ns)   --->   "%gmem_load_7_req = readreq i1 @_ssdm_op_ReadReq.m_axi.i128P1A, i128 %gmem_addr, i32 1" [main.cpp:150->main.cpp:272]   --->   Operation 291 'readreq' 'gmem_load_7_req' <Predicate = true> <Delay = 7.30> <CoreInst = "m_axi">   --->   Core 121 'm_axi' <Latency = 0> <II = 1> <Delay = 1.00> <Adapter> <Opcode : 'read' 'write' 'readreq' 'writereq' 'writeresp'>
ST_51 : Operation 292 [23/71] (7.30ns)   --->   "%gmem_load_8_req = readreq i1 @_ssdm_op_ReadReq.m_axi.i128P1A, i128 %gmem_addr_3, i32 1" [main.cpp:151->main.cpp:272]   --->   Operation 292 'readreq' 'gmem_load_8_req' <Predicate = true> <Delay = 7.30> <CoreInst = "m_axi">   --->   Core 121 'm_axi' <Latency = 0> <II = 1> <Delay = 1.00> <Adapter> <Opcode : 'read' 'write' 'readreq' 'writereq' 'writeresp'>
ST_51 : Operation 293 [24/71] (7.30ns)   --->   "%gmem_load_9_req = readreq i1 @_ssdm_op_ReadReq.m_axi.i128P1A, i128 %gmem_addr_4, i32 1" [main.cpp:152->main.cpp:272]   --->   Operation 293 'readreq' 'gmem_load_9_req' <Predicate = true> <Delay = 7.30> <CoreInst = "m_axi">   --->   Core 121 'm_axi' <Latency = 0> <II = 1> <Delay = 1.00> <Adapter> <Opcode : 'read' 'write' 'readreq' 'writereq' 'writeresp'>

State 52 <SV = 51> <Delay = 7.30>
ST_52 : Operation 294 [21/71] (7.30ns)   --->   "%gmem_load_7_req = readreq i1 @_ssdm_op_ReadReq.m_axi.i128P1A, i128 %gmem_addr, i32 1" [main.cpp:150->main.cpp:272]   --->   Operation 294 'readreq' 'gmem_load_7_req' <Predicate = true> <Delay = 7.30> <CoreInst = "m_axi">   --->   Core 121 'm_axi' <Latency = 0> <II = 1> <Delay = 1.00> <Adapter> <Opcode : 'read' 'write' 'readreq' 'writereq' 'writeresp'>
ST_52 : Operation 295 [22/71] (7.30ns)   --->   "%gmem_load_8_req = readreq i1 @_ssdm_op_ReadReq.m_axi.i128P1A, i128 %gmem_addr_3, i32 1" [main.cpp:151->main.cpp:272]   --->   Operation 295 'readreq' 'gmem_load_8_req' <Predicate = true> <Delay = 7.30> <CoreInst = "m_axi">   --->   Core 121 'm_axi' <Latency = 0> <II = 1> <Delay = 1.00> <Adapter> <Opcode : 'read' 'write' 'readreq' 'writereq' 'writeresp'>
ST_52 : Operation 296 [23/71] (7.30ns)   --->   "%gmem_load_9_req = readreq i1 @_ssdm_op_ReadReq.m_axi.i128P1A, i128 %gmem_addr_4, i32 1" [main.cpp:152->main.cpp:272]   --->   Operation 296 'readreq' 'gmem_load_9_req' <Predicate = true> <Delay = 7.30> <CoreInst = "m_axi">   --->   Core 121 'm_axi' <Latency = 0> <II = 1> <Delay = 1.00> <Adapter> <Opcode : 'read' 'write' 'readreq' 'writereq' 'writeresp'>

State 53 <SV = 52> <Delay = 7.30>
ST_53 : Operation 297 [20/71] (7.30ns)   --->   "%gmem_load_7_req = readreq i1 @_ssdm_op_ReadReq.m_axi.i128P1A, i128 %gmem_addr, i32 1" [main.cpp:150->main.cpp:272]   --->   Operation 297 'readreq' 'gmem_load_7_req' <Predicate = true> <Delay = 7.30> <CoreInst = "m_axi">   --->   Core 121 'm_axi' <Latency = 0> <II = 1> <Delay = 1.00> <Adapter> <Opcode : 'read' 'write' 'readreq' 'writereq' 'writeresp'>
ST_53 : Operation 298 [21/71] (7.30ns)   --->   "%gmem_load_8_req = readreq i1 @_ssdm_op_ReadReq.m_axi.i128P1A, i128 %gmem_addr_3, i32 1" [main.cpp:151->main.cpp:272]   --->   Operation 298 'readreq' 'gmem_load_8_req' <Predicate = true> <Delay = 7.30> <CoreInst = "m_axi">   --->   Core 121 'm_axi' <Latency = 0> <II = 1> <Delay = 1.00> <Adapter> <Opcode : 'read' 'write' 'readreq' 'writereq' 'writeresp'>
ST_53 : Operation 299 [22/71] (7.30ns)   --->   "%gmem_load_9_req = readreq i1 @_ssdm_op_ReadReq.m_axi.i128P1A, i128 %gmem_addr_4, i32 1" [main.cpp:152->main.cpp:272]   --->   Operation 299 'readreq' 'gmem_load_9_req' <Predicate = true> <Delay = 7.30> <CoreInst = "m_axi">   --->   Core 121 'm_axi' <Latency = 0> <II = 1> <Delay = 1.00> <Adapter> <Opcode : 'read' 'write' 'readreq' 'writereq' 'writeresp'>

State 54 <SV = 53> <Delay = 7.30>
ST_54 : Operation 300 [19/71] (7.30ns)   --->   "%gmem_load_7_req = readreq i1 @_ssdm_op_ReadReq.m_axi.i128P1A, i128 %gmem_addr, i32 1" [main.cpp:150->main.cpp:272]   --->   Operation 300 'readreq' 'gmem_load_7_req' <Predicate = true> <Delay = 7.30> <CoreInst = "m_axi">   --->   Core 121 'm_axi' <Latency = 0> <II = 1> <Delay = 1.00> <Adapter> <Opcode : 'read' 'write' 'readreq' 'writereq' 'writeresp'>
ST_54 : Operation 301 [20/71] (7.30ns)   --->   "%gmem_load_8_req = readreq i1 @_ssdm_op_ReadReq.m_axi.i128P1A, i128 %gmem_addr_3, i32 1" [main.cpp:151->main.cpp:272]   --->   Operation 301 'readreq' 'gmem_load_8_req' <Predicate = true> <Delay = 7.30> <CoreInst = "m_axi">   --->   Core 121 'm_axi' <Latency = 0> <II = 1> <Delay = 1.00> <Adapter> <Opcode : 'read' 'write' 'readreq' 'writereq' 'writeresp'>
ST_54 : Operation 302 [21/71] (7.30ns)   --->   "%gmem_load_9_req = readreq i1 @_ssdm_op_ReadReq.m_axi.i128P1A, i128 %gmem_addr_4, i32 1" [main.cpp:152->main.cpp:272]   --->   Operation 302 'readreq' 'gmem_load_9_req' <Predicate = true> <Delay = 7.30> <CoreInst = "m_axi">   --->   Core 121 'm_axi' <Latency = 0> <II = 1> <Delay = 1.00> <Adapter> <Opcode : 'read' 'write' 'readreq' 'writereq' 'writeresp'>

State 55 <SV = 54> <Delay = 7.30>
ST_55 : Operation 303 [18/71] (7.30ns)   --->   "%gmem_load_7_req = readreq i1 @_ssdm_op_ReadReq.m_axi.i128P1A, i128 %gmem_addr, i32 1" [main.cpp:150->main.cpp:272]   --->   Operation 303 'readreq' 'gmem_load_7_req' <Predicate = true> <Delay = 7.30> <CoreInst = "m_axi">   --->   Core 121 'm_axi' <Latency = 0> <II = 1> <Delay = 1.00> <Adapter> <Opcode : 'read' 'write' 'readreq' 'writereq' 'writeresp'>
ST_55 : Operation 304 [19/71] (7.30ns)   --->   "%gmem_load_8_req = readreq i1 @_ssdm_op_ReadReq.m_axi.i128P1A, i128 %gmem_addr_3, i32 1" [main.cpp:151->main.cpp:272]   --->   Operation 304 'readreq' 'gmem_load_8_req' <Predicate = true> <Delay = 7.30> <CoreInst = "m_axi">   --->   Core 121 'm_axi' <Latency = 0> <II = 1> <Delay = 1.00> <Adapter> <Opcode : 'read' 'write' 'readreq' 'writereq' 'writeresp'>
ST_55 : Operation 305 [20/71] (7.30ns)   --->   "%gmem_load_9_req = readreq i1 @_ssdm_op_ReadReq.m_axi.i128P1A, i128 %gmem_addr_4, i32 1" [main.cpp:152->main.cpp:272]   --->   Operation 305 'readreq' 'gmem_load_9_req' <Predicate = true> <Delay = 7.30> <CoreInst = "m_axi">   --->   Core 121 'm_axi' <Latency = 0> <II = 1> <Delay = 1.00> <Adapter> <Opcode : 'read' 'write' 'readreq' 'writereq' 'writeresp'>

State 56 <SV = 55> <Delay = 7.30>
ST_56 : Operation 306 [17/71] (7.30ns)   --->   "%gmem_load_7_req = readreq i1 @_ssdm_op_ReadReq.m_axi.i128P1A, i128 %gmem_addr, i32 1" [main.cpp:150->main.cpp:272]   --->   Operation 306 'readreq' 'gmem_load_7_req' <Predicate = true> <Delay = 7.30> <CoreInst = "m_axi">   --->   Core 121 'm_axi' <Latency = 0> <II = 1> <Delay = 1.00> <Adapter> <Opcode : 'read' 'write' 'readreq' 'writereq' 'writeresp'>
ST_56 : Operation 307 [18/71] (7.30ns)   --->   "%gmem_load_8_req = readreq i1 @_ssdm_op_ReadReq.m_axi.i128P1A, i128 %gmem_addr_3, i32 1" [main.cpp:151->main.cpp:272]   --->   Operation 307 'readreq' 'gmem_load_8_req' <Predicate = true> <Delay = 7.30> <CoreInst = "m_axi">   --->   Core 121 'm_axi' <Latency = 0> <II = 1> <Delay = 1.00> <Adapter> <Opcode : 'read' 'write' 'readreq' 'writereq' 'writeresp'>
ST_56 : Operation 308 [19/71] (7.30ns)   --->   "%gmem_load_9_req = readreq i1 @_ssdm_op_ReadReq.m_axi.i128P1A, i128 %gmem_addr_4, i32 1" [main.cpp:152->main.cpp:272]   --->   Operation 308 'readreq' 'gmem_load_9_req' <Predicate = true> <Delay = 7.30> <CoreInst = "m_axi">   --->   Core 121 'm_axi' <Latency = 0> <II = 1> <Delay = 1.00> <Adapter> <Opcode : 'read' 'write' 'readreq' 'writereq' 'writeresp'>

State 57 <SV = 56> <Delay = 7.30>
ST_57 : Operation 309 [16/71] (7.30ns)   --->   "%gmem_load_7_req = readreq i1 @_ssdm_op_ReadReq.m_axi.i128P1A, i128 %gmem_addr, i32 1" [main.cpp:150->main.cpp:272]   --->   Operation 309 'readreq' 'gmem_load_7_req' <Predicate = true> <Delay = 7.30> <CoreInst = "m_axi">   --->   Core 121 'm_axi' <Latency = 0> <II = 1> <Delay = 1.00> <Adapter> <Opcode : 'read' 'write' 'readreq' 'writereq' 'writeresp'>
ST_57 : Operation 310 [17/71] (7.30ns)   --->   "%gmem_load_8_req = readreq i1 @_ssdm_op_ReadReq.m_axi.i128P1A, i128 %gmem_addr_3, i32 1" [main.cpp:151->main.cpp:272]   --->   Operation 310 'readreq' 'gmem_load_8_req' <Predicate = true> <Delay = 7.30> <CoreInst = "m_axi">   --->   Core 121 'm_axi' <Latency = 0> <II = 1> <Delay = 1.00> <Adapter> <Opcode : 'read' 'write' 'readreq' 'writereq' 'writeresp'>
ST_57 : Operation 311 [18/71] (7.30ns)   --->   "%gmem_load_9_req = readreq i1 @_ssdm_op_ReadReq.m_axi.i128P1A, i128 %gmem_addr_4, i32 1" [main.cpp:152->main.cpp:272]   --->   Operation 311 'readreq' 'gmem_load_9_req' <Predicate = true> <Delay = 7.30> <CoreInst = "m_axi">   --->   Core 121 'm_axi' <Latency = 0> <II = 1> <Delay = 1.00> <Adapter> <Opcode : 'read' 'write' 'readreq' 'writereq' 'writeresp'>

State 58 <SV = 57> <Delay = 7.30>
ST_58 : Operation 312 [15/71] (7.30ns)   --->   "%gmem_load_7_req = readreq i1 @_ssdm_op_ReadReq.m_axi.i128P1A, i128 %gmem_addr, i32 1" [main.cpp:150->main.cpp:272]   --->   Operation 312 'readreq' 'gmem_load_7_req' <Predicate = true> <Delay = 7.30> <CoreInst = "m_axi">   --->   Core 121 'm_axi' <Latency = 0> <II = 1> <Delay = 1.00> <Adapter> <Opcode : 'read' 'write' 'readreq' 'writereq' 'writeresp'>
ST_58 : Operation 313 [16/71] (7.30ns)   --->   "%gmem_load_8_req = readreq i1 @_ssdm_op_ReadReq.m_axi.i128P1A, i128 %gmem_addr_3, i32 1" [main.cpp:151->main.cpp:272]   --->   Operation 313 'readreq' 'gmem_load_8_req' <Predicate = true> <Delay = 7.30> <CoreInst = "m_axi">   --->   Core 121 'm_axi' <Latency = 0> <II = 1> <Delay = 1.00> <Adapter> <Opcode : 'read' 'write' 'readreq' 'writereq' 'writeresp'>
ST_58 : Operation 314 [17/71] (7.30ns)   --->   "%gmem_load_9_req = readreq i1 @_ssdm_op_ReadReq.m_axi.i128P1A, i128 %gmem_addr_4, i32 1" [main.cpp:152->main.cpp:272]   --->   Operation 314 'readreq' 'gmem_load_9_req' <Predicate = true> <Delay = 7.30> <CoreInst = "m_axi">   --->   Core 121 'm_axi' <Latency = 0> <II = 1> <Delay = 1.00> <Adapter> <Opcode : 'read' 'write' 'readreq' 'writereq' 'writeresp'>

State 59 <SV = 58> <Delay = 7.30>
ST_59 : Operation 315 [14/71] (7.30ns)   --->   "%gmem_load_7_req = readreq i1 @_ssdm_op_ReadReq.m_axi.i128P1A, i128 %gmem_addr, i32 1" [main.cpp:150->main.cpp:272]   --->   Operation 315 'readreq' 'gmem_load_7_req' <Predicate = true> <Delay = 7.30> <CoreInst = "m_axi">   --->   Core 121 'm_axi' <Latency = 0> <II = 1> <Delay = 1.00> <Adapter> <Opcode : 'read' 'write' 'readreq' 'writereq' 'writeresp'>
ST_59 : Operation 316 [15/71] (7.30ns)   --->   "%gmem_load_8_req = readreq i1 @_ssdm_op_ReadReq.m_axi.i128P1A, i128 %gmem_addr_3, i32 1" [main.cpp:151->main.cpp:272]   --->   Operation 316 'readreq' 'gmem_load_8_req' <Predicate = true> <Delay = 7.30> <CoreInst = "m_axi">   --->   Core 121 'm_axi' <Latency = 0> <II = 1> <Delay = 1.00> <Adapter> <Opcode : 'read' 'write' 'readreq' 'writereq' 'writeresp'>
ST_59 : Operation 317 [16/71] (7.30ns)   --->   "%gmem_load_9_req = readreq i1 @_ssdm_op_ReadReq.m_axi.i128P1A, i128 %gmem_addr_4, i32 1" [main.cpp:152->main.cpp:272]   --->   Operation 317 'readreq' 'gmem_load_9_req' <Predicate = true> <Delay = 7.30> <CoreInst = "m_axi">   --->   Core 121 'm_axi' <Latency = 0> <II = 1> <Delay = 1.00> <Adapter> <Opcode : 'read' 'write' 'readreq' 'writereq' 'writeresp'>

State 60 <SV = 59> <Delay = 7.30>
ST_60 : Operation 318 [13/71] (7.30ns)   --->   "%gmem_load_7_req = readreq i1 @_ssdm_op_ReadReq.m_axi.i128P1A, i128 %gmem_addr, i32 1" [main.cpp:150->main.cpp:272]   --->   Operation 318 'readreq' 'gmem_load_7_req' <Predicate = true> <Delay = 7.30> <CoreInst = "m_axi">   --->   Core 121 'm_axi' <Latency = 0> <II = 1> <Delay = 1.00> <Adapter> <Opcode : 'read' 'write' 'readreq' 'writereq' 'writeresp'>
ST_60 : Operation 319 [14/71] (7.30ns)   --->   "%gmem_load_8_req = readreq i1 @_ssdm_op_ReadReq.m_axi.i128P1A, i128 %gmem_addr_3, i32 1" [main.cpp:151->main.cpp:272]   --->   Operation 319 'readreq' 'gmem_load_8_req' <Predicate = true> <Delay = 7.30> <CoreInst = "m_axi">   --->   Core 121 'm_axi' <Latency = 0> <II = 1> <Delay = 1.00> <Adapter> <Opcode : 'read' 'write' 'readreq' 'writereq' 'writeresp'>
ST_60 : Operation 320 [15/71] (7.30ns)   --->   "%gmem_load_9_req = readreq i1 @_ssdm_op_ReadReq.m_axi.i128P1A, i128 %gmem_addr_4, i32 1" [main.cpp:152->main.cpp:272]   --->   Operation 320 'readreq' 'gmem_load_9_req' <Predicate = true> <Delay = 7.30> <CoreInst = "m_axi">   --->   Core 121 'm_axi' <Latency = 0> <II = 1> <Delay = 1.00> <Adapter> <Opcode : 'read' 'write' 'readreq' 'writereq' 'writeresp'>

State 61 <SV = 60> <Delay = 7.30>
ST_61 : Operation 321 [12/71] (7.30ns)   --->   "%gmem_load_7_req = readreq i1 @_ssdm_op_ReadReq.m_axi.i128P1A, i128 %gmem_addr, i32 1" [main.cpp:150->main.cpp:272]   --->   Operation 321 'readreq' 'gmem_load_7_req' <Predicate = true> <Delay = 7.30> <CoreInst = "m_axi">   --->   Core 121 'm_axi' <Latency = 0> <II = 1> <Delay = 1.00> <Adapter> <Opcode : 'read' 'write' 'readreq' 'writereq' 'writeresp'>
ST_61 : Operation 322 [13/71] (7.30ns)   --->   "%gmem_load_8_req = readreq i1 @_ssdm_op_ReadReq.m_axi.i128P1A, i128 %gmem_addr_3, i32 1" [main.cpp:151->main.cpp:272]   --->   Operation 322 'readreq' 'gmem_load_8_req' <Predicate = true> <Delay = 7.30> <CoreInst = "m_axi">   --->   Core 121 'm_axi' <Latency = 0> <II = 1> <Delay = 1.00> <Adapter> <Opcode : 'read' 'write' 'readreq' 'writereq' 'writeresp'>
ST_61 : Operation 323 [14/71] (7.30ns)   --->   "%gmem_load_9_req = readreq i1 @_ssdm_op_ReadReq.m_axi.i128P1A, i128 %gmem_addr_4, i32 1" [main.cpp:152->main.cpp:272]   --->   Operation 323 'readreq' 'gmem_load_9_req' <Predicate = true> <Delay = 7.30> <CoreInst = "m_axi">   --->   Core 121 'm_axi' <Latency = 0> <II = 1> <Delay = 1.00> <Adapter> <Opcode : 'read' 'write' 'readreq' 'writereq' 'writeresp'>

State 62 <SV = 61> <Delay = 7.30>
ST_62 : Operation 324 [11/71] (7.30ns)   --->   "%gmem_load_7_req = readreq i1 @_ssdm_op_ReadReq.m_axi.i128P1A, i128 %gmem_addr, i32 1" [main.cpp:150->main.cpp:272]   --->   Operation 324 'readreq' 'gmem_load_7_req' <Predicate = true> <Delay = 7.30> <CoreInst = "m_axi">   --->   Core 121 'm_axi' <Latency = 0> <II = 1> <Delay = 1.00> <Adapter> <Opcode : 'read' 'write' 'readreq' 'writereq' 'writeresp'>
ST_62 : Operation 325 [12/71] (7.30ns)   --->   "%gmem_load_8_req = readreq i1 @_ssdm_op_ReadReq.m_axi.i128P1A, i128 %gmem_addr_3, i32 1" [main.cpp:151->main.cpp:272]   --->   Operation 325 'readreq' 'gmem_load_8_req' <Predicate = true> <Delay = 7.30> <CoreInst = "m_axi">   --->   Core 121 'm_axi' <Latency = 0> <II = 1> <Delay = 1.00> <Adapter> <Opcode : 'read' 'write' 'readreq' 'writereq' 'writeresp'>
ST_62 : Operation 326 [13/71] (7.30ns)   --->   "%gmem_load_9_req = readreq i1 @_ssdm_op_ReadReq.m_axi.i128P1A, i128 %gmem_addr_4, i32 1" [main.cpp:152->main.cpp:272]   --->   Operation 326 'readreq' 'gmem_load_9_req' <Predicate = true> <Delay = 7.30> <CoreInst = "m_axi">   --->   Core 121 'm_axi' <Latency = 0> <II = 1> <Delay = 1.00> <Adapter> <Opcode : 'read' 'write' 'readreq' 'writereq' 'writeresp'>

State 63 <SV = 62> <Delay = 7.30>
ST_63 : Operation 327 [10/71] (7.30ns)   --->   "%gmem_load_7_req = readreq i1 @_ssdm_op_ReadReq.m_axi.i128P1A, i128 %gmem_addr, i32 1" [main.cpp:150->main.cpp:272]   --->   Operation 327 'readreq' 'gmem_load_7_req' <Predicate = true> <Delay = 7.30> <CoreInst = "m_axi">   --->   Core 121 'm_axi' <Latency = 0> <II = 1> <Delay = 1.00> <Adapter> <Opcode : 'read' 'write' 'readreq' 'writereq' 'writeresp'>
ST_63 : Operation 328 [11/71] (7.30ns)   --->   "%gmem_load_8_req = readreq i1 @_ssdm_op_ReadReq.m_axi.i128P1A, i128 %gmem_addr_3, i32 1" [main.cpp:151->main.cpp:272]   --->   Operation 328 'readreq' 'gmem_load_8_req' <Predicate = true> <Delay = 7.30> <CoreInst = "m_axi">   --->   Core 121 'm_axi' <Latency = 0> <II = 1> <Delay = 1.00> <Adapter> <Opcode : 'read' 'write' 'readreq' 'writereq' 'writeresp'>
ST_63 : Operation 329 [12/71] (7.30ns)   --->   "%gmem_load_9_req = readreq i1 @_ssdm_op_ReadReq.m_axi.i128P1A, i128 %gmem_addr_4, i32 1" [main.cpp:152->main.cpp:272]   --->   Operation 329 'readreq' 'gmem_load_9_req' <Predicate = true> <Delay = 7.30> <CoreInst = "m_axi">   --->   Core 121 'm_axi' <Latency = 0> <II = 1> <Delay = 1.00> <Adapter> <Opcode : 'read' 'write' 'readreq' 'writereq' 'writeresp'>

State 64 <SV = 63> <Delay = 7.30>
ST_64 : Operation 330 [9/71] (7.30ns)   --->   "%gmem_load_7_req = readreq i1 @_ssdm_op_ReadReq.m_axi.i128P1A, i128 %gmem_addr, i32 1" [main.cpp:150->main.cpp:272]   --->   Operation 330 'readreq' 'gmem_load_7_req' <Predicate = true> <Delay = 7.30> <CoreInst = "m_axi">   --->   Core 121 'm_axi' <Latency = 0> <II = 1> <Delay = 1.00> <Adapter> <Opcode : 'read' 'write' 'readreq' 'writereq' 'writeresp'>
ST_64 : Operation 331 [10/71] (7.30ns)   --->   "%gmem_load_8_req = readreq i1 @_ssdm_op_ReadReq.m_axi.i128P1A, i128 %gmem_addr_3, i32 1" [main.cpp:151->main.cpp:272]   --->   Operation 331 'readreq' 'gmem_load_8_req' <Predicate = true> <Delay = 7.30> <CoreInst = "m_axi">   --->   Core 121 'm_axi' <Latency = 0> <II = 1> <Delay = 1.00> <Adapter> <Opcode : 'read' 'write' 'readreq' 'writereq' 'writeresp'>
ST_64 : Operation 332 [11/71] (7.30ns)   --->   "%gmem_load_9_req = readreq i1 @_ssdm_op_ReadReq.m_axi.i128P1A, i128 %gmem_addr_4, i32 1" [main.cpp:152->main.cpp:272]   --->   Operation 332 'readreq' 'gmem_load_9_req' <Predicate = true> <Delay = 7.30> <CoreInst = "m_axi">   --->   Core 121 'm_axi' <Latency = 0> <II = 1> <Delay = 1.00> <Adapter> <Opcode : 'read' 'write' 'readreq' 'writereq' 'writeresp'>

State 65 <SV = 64> <Delay = 7.30>
ST_65 : Operation 333 [8/71] (7.30ns)   --->   "%gmem_load_7_req = readreq i1 @_ssdm_op_ReadReq.m_axi.i128P1A, i128 %gmem_addr, i32 1" [main.cpp:150->main.cpp:272]   --->   Operation 333 'readreq' 'gmem_load_7_req' <Predicate = true> <Delay = 7.30> <CoreInst = "m_axi">   --->   Core 121 'm_axi' <Latency = 0> <II = 1> <Delay = 1.00> <Adapter> <Opcode : 'read' 'write' 'readreq' 'writereq' 'writeresp'>
ST_65 : Operation 334 [9/71] (7.30ns)   --->   "%gmem_load_8_req = readreq i1 @_ssdm_op_ReadReq.m_axi.i128P1A, i128 %gmem_addr_3, i32 1" [main.cpp:151->main.cpp:272]   --->   Operation 334 'readreq' 'gmem_load_8_req' <Predicate = true> <Delay = 7.30> <CoreInst = "m_axi">   --->   Core 121 'm_axi' <Latency = 0> <II = 1> <Delay = 1.00> <Adapter> <Opcode : 'read' 'write' 'readreq' 'writereq' 'writeresp'>
ST_65 : Operation 335 [10/71] (7.30ns)   --->   "%gmem_load_9_req = readreq i1 @_ssdm_op_ReadReq.m_axi.i128P1A, i128 %gmem_addr_4, i32 1" [main.cpp:152->main.cpp:272]   --->   Operation 335 'readreq' 'gmem_load_9_req' <Predicate = true> <Delay = 7.30> <CoreInst = "m_axi">   --->   Core 121 'm_axi' <Latency = 0> <II = 1> <Delay = 1.00> <Adapter> <Opcode : 'read' 'write' 'readreq' 'writereq' 'writeresp'>

State 66 <SV = 65> <Delay = 7.30>
ST_66 : Operation 336 [7/71] (7.30ns)   --->   "%gmem_load_7_req = readreq i1 @_ssdm_op_ReadReq.m_axi.i128P1A, i128 %gmem_addr, i32 1" [main.cpp:150->main.cpp:272]   --->   Operation 336 'readreq' 'gmem_load_7_req' <Predicate = true> <Delay = 7.30> <CoreInst = "m_axi">   --->   Core 121 'm_axi' <Latency = 0> <II = 1> <Delay = 1.00> <Adapter> <Opcode : 'read' 'write' 'readreq' 'writereq' 'writeresp'>
ST_66 : Operation 337 [8/71] (7.30ns)   --->   "%gmem_load_8_req = readreq i1 @_ssdm_op_ReadReq.m_axi.i128P1A, i128 %gmem_addr_3, i32 1" [main.cpp:151->main.cpp:272]   --->   Operation 337 'readreq' 'gmem_load_8_req' <Predicate = true> <Delay = 7.30> <CoreInst = "m_axi">   --->   Core 121 'm_axi' <Latency = 0> <II = 1> <Delay = 1.00> <Adapter> <Opcode : 'read' 'write' 'readreq' 'writereq' 'writeresp'>
ST_66 : Operation 338 [9/71] (7.30ns)   --->   "%gmem_load_9_req = readreq i1 @_ssdm_op_ReadReq.m_axi.i128P1A, i128 %gmem_addr_4, i32 1" [main.cpp:152->main.cpp:272]   --->   Operation 338 'readreq' 'gmem_load_9_req' <Predicate = true> <Delay = 7.30> <CoreInst = "m_axi">   --->   Core 121 'm_axi' <Latency = 0> <II = 1> <Delay = 1.00> <Adapter> <Opcode : 'read' 'write' 'readreq' 'writereq' 'writeresp'>

State 67 <SV = 66> <Delay = 7.30>
ST_67 : Operation 339 [6/71] (7.30ns)   --->   "%gmem_load_7_req = readreq i1 @_ssdm_op_ReadReq.m_axi.i128P1A, i128 %gmem_addr, i32 1" [main.cpp:150->main.cpp:272]   --->   Operation 339 'readreq' 'gmem_load_7_req' <Predicate = true> <Delay = 7.30> <CoreInst = "m_axi">   --->   Core 121 'm_axi' <Latency = 0> <II = 1> <Delay = 1.00> <Adapter> <Opcode : 'read' 'write' 'readreq' 'writereq' 'writeresp'>
ST_67 : Operation 340 [7/71] (7.30ns)   --->   "%gmem_load_8_req = readreq i1 @_ssdm_op_ReadReq.m_axi.i128P1A, i128 %gmem_addr_3, i32 1" [main.cpp:151->main.cpp:272]   --->   Operation 340 'readreq' 'gmem_load_8_req' <Predicate = true> <Delay = 7.30> <CoreInst = "m_axi">   --->   Core 121 'm_axi' <Latency = 0> <II = 1> <Delay = 1.00> <Adapter> <Opcode : 'read' 'write' 'readreq' 'writereq' 'writeresp'>
ST_67 : Operation 341 [8/71] (7.30ns)   --->   "%gmem_load_9_req = readreq i1 @_ssdm_op_ReadReq.m_axi.i128P1A, i128 %gmem_addr_4, i32 1" [main.cpp:152->main.cpp:272]   --->   Operation 341 'readreq' 'gmem_load_9_req' <Predicate = true> <Delay = 7.30> <CoreInst = "m_axi">   --->   Core 121 'm_axi' <Latency = 0> <II = 1> <Delay = 1.00> <Adapter> <Opcode : 'read' 'write' 'readreq' 'writereq' 'writeresp'>

State 68 <SV = 67> <Delay = 7.30>
ST_68 : Operation 342 [5/71] (7.30ns)   --->   "%gmem_load_7_req = readreq i1 @_ssdm_op_ReadReq.m_axi.i128P1A, i128 %gmem_addr, i32 1" [main.cpp:150->main.cpp:272]   --->   Operation 342 'readreq' 'gmem_load_7_req' <Predicate = true> <Delay = 7.30> <CoreInst = "m_axi">   --->   Core 121 'm_axi' <Latency = 0> <II = 1> <Delay = 1.00> <Adapter> <Opcode : 'read' 'write' 'readreq' 'writereq' 'writeresp'>
ST_68 : Operation 343 [6/71] (7.30ns)   --->   "%gmem_load_8_req = readreq i1 @_ssdm_op_ReadReq.m_axi.i128P1A, i128 %gmem_addr_3, i32 1" [main.cpp:151->main.cpp:272]   --->   Operation 343 'readreq' 'gmem_load_8_req' <Predicate = true> <Delay = 7.30> <CoreInst = "m_axi">   --->   Core 121 'm_axi' <Latency = 0> <II = 1> <Delay = 1.00> <Adapter> <Opcode : 'read' 'write' 'readreq' 'writereq' 'writeresp'>
ST_68 : Operation 344 [7/71] (7.30ns)   --->   "%gmem_load_9_req = readreq i1 @_ssdm_op_ReadReq.m_axi.i128P1A, i128 %gmem_addr_4, i32 1" [main.cpp:152->main.cpp:272]   --->   Operation 344 'readreq' 'gmem_load_9_req' <Predicate = true> <Delay = 7.30> <CoreInst = "m_axi">   --->   Core 121 'm_axi' <Latency = 0> <II = 1> <Delay = 1.00> <Adapter> <Opcode : 'read' 'write' 'readreq' 'writereq' 'writeresp'>

State 69 <SV = 68> <Delay = 7.30>
ST_69 : Operation 345 [4/71] (7.30ns)   --->   "%gmem_load_7_req = readreq i1 @_ssdm_op_ReadReq.m_axi.i128P1A, i128 %gmem_addr, i32 1" [main.cpp:150->main.cpp:272]   --->   Operation 345 'readreq' 'gmem_load_7_req' <Predicate = true> <Delay = 7.30> <CoreInst = "m_axi">   --->   Core 121 'm_axi' <Latency = 0> <II = 1> <Delay = 1.00> <Adapter> <Opcode : 'read' 'write' 'readreq' 'writereq' 'writeresp'>
ST_69 : Operation 346 [5/71] (7.30ns)   --->   "%gmem_load_8_req = readreq i1 @_ssdm_op_ReadReq.m_axi.i128P1A, i128 %gmem_addr_3, i32 1" [main.cpp:151->main.cpp:272]   --->   Operation 346 'readreq' 'gmem_load_8_req' <Predicate = true> <Delay = 7.30> <CoreInst = "m_axi">   --->   Core 121 'm_axi' <Latency = 0> <II = 1> <Delay = 1.00> <Adapter> <Opcode : 'read' 'write' 'readreq' 'writereq' 'writeresp'>
ST_69 : Operation 347 [6/71] (7.30ns)   --->   "%gmem_load_9_req = readreq i1 @_ssdm_op_ReadReq.m_axi.i128P1A, i128 %gmem_addr_4, i32 1" [main.cpp:152->main.cpp:272]   --->   Operation 347 'readreq' 'gmem_load_9_req' <Predicate = true> <Delay = 7.30> <CoreInst = "m_axi">   --->   Core 121 'm_axi' <Latency = 0> <II = 1> <Delay = 1.00> <Adapter> <Opcode : 'read' 'write' 'readreq' 'writereq' 'writeresp'>

State 70 <SV = 69> <Delay = 7.30>
ST_70 : Operation 348 [3/71] (7.30ns)   --->   "%gmem_load_7_req = readreq i1 @_ssdm_op_ReadReq.m_axi.i128P1A, i128 %gmem_addr, i32 1" [main.cpp:150->main.cpp:272]   --->   Operation 348 'readreq' 'gmem_load_7_req' <Predicate = true> <Delay = 7.30> <CoreInst = "m_axi">   --->   Core 121 'm_axi' <Latency = 0> <II = 1> <Delay = 1.00> <Adapter> <Opcode : 'read' 'write' 'readreq' 'writereq' 'writeresp'>
ST_70 : Operation 349 [4/71] (7.30ns)   --->   "%gmem_load_8_req = readreq i1 @_ssdm_op_ReadReq.m_axi.i128P1A, i128 %gmem_addr_3, i32 1" [main.cpp:151->main.cpp:272]   --->   Operation 349 'readreq' 'gmem_load_8_req' <Predicate = true> <Delay = 7.30> <CoreInst = "m_axi">   --->   Core 121 'm_axi' <Latency = 0> <II = 1> <Delay = 1.00> <Adapter> <Opcode : 'read' 'write' 'readreq' 'writereq' 'writeresp'>
ST_70 : Operation 350 [5/71] (7.30ns)   --->   "%gmem_load_9_req = readreq i1 @_ssdm_op_ReadReq.m_axi.i128P1A, i128 %gmem_addr_4, i32 1" [main.cpp:152->main.cpp:272]   --->   Operation 350 'readreq' 'gmem_load_9_req' <Predicate = true> <Delay = 7.30> <CoreInst = "m_axi">   --->   Core 121 'm_axi' <Latency = 0> <II = 1> <Delay = 1.00> <Adapter> <Opcode : 'read' 'write' 'readreq' 'writereq' 'writeresp'>

State 71 <SV = 70> <Delay = 7.30>
ST_71 : Operation 351 [2/71] (7.30ns)   --->   "%gmem_load_7_req = readreq i1 @_ssdm_op_ReadReq.m_axi.i128P1A, i128 %gmem_addr, i32 1" [main.cpp:150->main.cpp:272]   --->   Operation 351 'readreq' 'gmem_load_7_req' <Predicate = true> <Delay = 7.30> <CoreInst = "m_axi">   --->   Core 121 'm_axi' <Latency = 0> <II = 1> <Delay = 1.00> <Adapter> <Opcode : 'read' 'write' 'readreq' 'writereq' 'writeresp'>
ST_71 : Operation 352 [3/71] (7.30ns)   --->   "%gmem_load_8_req = readreq i1 @_ssdm_op_ReadReq.m_axi.i128P1A, i128 %gmem_addr_3, i32 1" [main.cpp:151->main.cpp:272]   --->   Operation 352 'readreq' 'gmem_load_8_req' <Predicate = true> <Delay = 7.30> <CoreInst = "m_axi">   --->   Core 121 'm_axi' <Latency = 0> <II = 1> <Delay = 1.00> <Adapter> <Opcode : 'read' 'write' 'readreq' 'writereq' 'writeresp'>
ST_71 : Operation 353 [4/71] (7.30ns)   --->   "%gmem_load_9_req = readreq i1 @_ssdm_op_ReadReq.m_axi.i128P1A, i128 %gmem_addr_4, i32 1" [main.cpp:152->main.cpp:272]   --->   Operation 353 'readreq' 'gmem_load_9_req' <Predicate = true> <Delay = 7.30> <CoreInst = "m_axi">   --->   Core 121 'm_axi' <Latency = 0> <II = 1> <Delay = 1.00> <Adapter> <Opcode : 'read' 'write' 'readreq' 'writereq' 'writeresp'>

State 72 <SV = 71> <Delay = 7.30>
ST_72 : Operation 354 [1/71] (7.30ns)   --->   "%gmem_load_7_req = readreq i1 @_ssdm_op_ReadReq.m_axi.i128P1A, i128 %gmem_addr, i32 1" [main.cpp:150->main.cpp:272]   --->   Operation 354 'readreq' 'gmem_load_7_req' <Predicate = true> <Delay = 7.30> <CoreInst = "m_axi">   --->   Core 121 'm_axi' <Latency = 0> <II = 1> <Delay = 1.00> <Adapter> <Opcode : 'read' 'write' 'readreq' 'writereq' 'writeresp'>
ST_72 : Operation 355 [2/71] (7.30ns)   --->   "%gmem_load_8_req = readreq i1 @_ssdm_op_ReadReq.m_axi.i128P1A, i128 %gmem_addr_3, i32 1" [main.cpp:151->main.cpp:272]   --->   Operation 355 'readreq' 'gmem_load_8_req' <Predicate = true> <Delay = 7.30> <CoreInst = "m_axi">   --->   Core 121 'm_axi' <Latency = 0> <II = 1> <Delay = 1.00> <Adapter> <Opcode : 'read' 'write' 'readreq' 'writereq' 'writeresp'>
ST_72 : Operation 356 [3/71] (7.30ns)   --->   "%gmem_load_9_req = readreq i1 @_ssdm_op_ReadReq.m_axi.i128P1A, i128 %gmem_addr_4, i32 1" [main.cpp:152->main.cpp:272]   --->   Operation 356 'readreq' 'gmem_load_9_req' <Predicate = true> <Delay = 7.30> <CoreInst = "m_axi">   --->   Core 121 'm_axi' <Latency = 0> <II = 1> <Delay = 1.00> <Adapter> <Opcode : 'read' 'write' 'readreq' 'writereq' 'writeresp'>

State 73 <SV = 72> <Delay = 7.30>
ST_73 : Operation 357 [1/1] (0.00ns)   --->   "%trunc_ln8 = bitconcatenate i4 @_ssdm_op_BitConcatenate.i4.i1.i3, i1 %trunc_ln150, i3 0" [main.cpp:150->main.cpp:272]   --->   Operation 357 'bitconcatenate' 'trunc_ln8' <Predicate = true> <Delay = 0.00>
ST_73 : Operation 358 [1/1] (7.30ns)   --->   "%gmem_addr_read = read i128 @_ssdm_op_Read.m_axi.i128P1A, i128 %gmem_addr" [main.cpp:150->main.cpp:272]   --->   Operation 358 'read' 'gmem_addr_read' <Predicate = true> <Delay = 7.30> <CoreInst = "m_axi">   --->   Core 121 'm_axi' <Latency = 0> <II = 1> <Delay = 1.00> <Adapter> <Opcode : 'read' 'write' 'readreq' 'writereq' 'writeresp'>
ST_73 : Operation 359 [1/1] (0.80ns)   --->   "%add_ln150_1 = add i4 %trunc_ln8, i4 %trunc_ln_read" [main.cpp:150->main.cpp:272]   --->   Operation 359 'add' 'add_ln150_1' <Predicate = true> <Delay = 0.80> <CoreInst = "Adder">   --->   Core 1 'Adder' <Latency = 0> <II = 1> <Delay = 0.80> <FuncUnit> <Opcode : 'add' 'sub'> <InPorts = 2> <OutPorts = 1>
ST_73 : Operation 360 [1/71] (7.30ns)   --->   "%gmem_load_8_req = readreq i1 @_ssdm_op_ReadReq.m_axi.i128P1A, i128 %gmem_addr_3, i32 1" [main.cpp:151->main.cpp:272]   --->   Operation 360 'readreq' 'gmem_load_8_req' <Predicate = true> <Delay = 7.30> <CoreInst = "m_axi">   --->   Core 121 'm_axi' <Latency = 0> <II = 1> <Delay = 1.00> <Adapter> <Opcode : 'read' 'write' 'readreq' 'writereq' 'writeresp'>
ST_73 : Operation 361 [2/71] (7.30ns)   --->   "%gmem_load_9_req = readreq i1 @_ssdm_op_ReadReq.m_axi.i128P1A, i128 %gmem_addr_4, i32 1" [main.cpp:152->main.cpp:272]   --->   Operation 361 'readreq' 'gmem_load_9_req' <Predicate = true> <Delay = 7.30> <CoreInst = "m_axi">   --->   Core 121 'm_axi' <Latency = 0> <II = 1> <Delay = 1.00> <Adapter> <Opcode : 'read' 'write' 'readreq' 'writereq' 'writeresp'>

State 74 <SV = 73> <Delay = 7.30>
ST_74 : Operation 362 [1/1] (0.00ns)   --->   "%shl_ln150_1 = bitconcatenate i7 @_ssdm_op_BitConcatenate.i7.i4.i3, i4 %add_ln150_1, i3 0" [main.cpp:150->main.cpp:272]   --->   Operation 362 'bitconcatenate' 'shl_ln150_1' <Predicate = true> <Delay = 0.00>
ST_74 : Operation 363 [1/1] (0.00ns)   --->   "%zext_ln150_1 = zext i7 %shl_ln150_1" [main.cpp:150->main.cpp:272]   --->   Operation 363 'zext' 'zext_ln150_1' <Predicate = true> <Delay = 0.00>
ST_74 : Operation 364 [1/1] (1.40ns)   --->   "%lshr_ln150 = lshr i128 %gmem_addr_read, i128 %zext_ln150_1" [main.cpp:150->main.cpp:272]   --->   Operation 364 'lshr' 'lshr_ln150' <Predicate = true> <Delay = 1.40> <CoreInst = "Shifter">   --->   Core 75 'Shifter' <Latency = 0> <II = 1> <Delay = 1.40> <FuncUnit> <Opcode : 'shl' 'lshr' 'ashr'> <InPorts = 2> <OutPorts = 1>
ST_74 : Operation 365 [1/1] (0.00ns)   --->   "%trunc_ln150_1 = trunc i128 %lshr_ln150" [main.cpp:150->main.cpp:272]   --->   Operation 365 'trunc' 'trunc_ln150_1' <Predicate = true> <Delay = 0.00>
ST_74 : [1/1] (0.75ns)   --->   Input mux for Operation 366 '%x = sitodp i64 %trunc_ln150_1'
ST_74 : Operation 366 [2/2] (4.89ns)   --->   "%x = sitodp i64 %trunc_ln150_1" [main.cpp:150->main.cpp:272]   --->   Operation 366 'sitodp' 'x' <Predicate = true> <Delay = 4.89> <CoreInst = "Int2Double">   --->   Core 66 'Int2Double' <Latency = 1> <II = 1> <Delay = 5.65> <FuncUnit> <Opcode : 'sitodp' 'uitodp'> <InPorts = 1> <OutPorts = 1>
ST_74 : Operation 367 [1/1] (7.30ns)   --->   "%gmem_addr_3_read = read i128 @_ssdm_op_Read.m_axi.i128P1A, i128 %gmem_addr_3" [main.cpp:151->main.cpp:272]   --->   Operation 367 'read' 'gmem_addr_3_read' <Predicate = true> <Delay = 7.30> <CoreInst = "m_axi">   --->   Core 121 'm_axi' <Latency = 0> <II = 1> <Delay = 1.00> <Adapter> <Opcode : 'read' 'write' 'readreq' 'writereq' 'writeresp'>
ST_74 : Operation 368 [1/1] (0.80ns)   --->   "%add_ln151_1 = add i4 %trunc_ln8, i4 %trunc_ln1_read" [main.cpp:151->main.cpp:272]   --->   Operation 368 'add' 'add_ln151_1' <Predicate = true> <Delay = 0.80> <CoreInst = "Adder">   --->   Core 1 'Adder' <Latency = 0> <II = 1> <Delay = 0.80> <FuncUnit> <Opcode : 'add' 'sub'> <InPorts = 2> <OutPorts = 1>
ST_74 : Operation 369 [1/71] (7.30ns)   --->   "%gmem_load_9_req = readreq i1 @_ssdm_op_ReadReq.m_axi.i128P1A, i128 %gmem_addr_4, i32 1" [main.cpp:152->main.cpp:272]   --->   Operation 369 'readreq' 'gmem_load_9_req' <Predicate = true> <Delay = 7.30> <CoreInst = "m_axi">   --->   Core 121 'm_axi' <Latency = 0> <II = 1> <Delay = 1.00> <Adapter> <Opcode : 'read' 'write' 'readreq' 'writereq' 'writeresp'>
ST_74 : Operation 370 [1/1] (0.80ns)   --->   "%add_ln152_1 = add i4 %trunc_ln8, i4 %trunc_ln3_read" [main.cpp:152->main.cpp:272]   --->   Operation 370 'add' 'add_ln152_1' <Predicate = true> <Delay = 0.80> <CoreInst = "Adder">   --->   Core 1 'Adder' <Latency = 0> <II = 1> <Delay = 0.80> <FuncUnit> <Opcode : 'add' 'sub'> <InPorts = 2> <OutPorts = 1>

State 75 <SV = 74> <Delay = 7.30>
ST_75 : Operation 371 [1/2] (5.65ns)   --->   "%x = sitodp i64 %trunc_ln150_1" [main.cpp:150->main.cpp:272]   --->   Operation 371 'sitodp' 'x' <Predicate = true> <Delay = 5.65> <CoreInst = "Int2Double">   --->   Core 66 'Int2Double' <Latency = 1> <II = 1> <Delay = 5.65> <FuncUnit> <Opcode : 'sitodp' 'uitodp'> <InPorts = 1> <OutPorts = 1>
ST_75 : Operation 372 [1/1] (0.00ns)   --->   "%shl_ln6 = bitconcatenate i7 @_ssdm_op_BitConcatenate.i7.i4.i3, i4 %add_ln151_1, i3 0" [main.cpp:151->main.cpp:272]   --->   Operation 372 'bitconcatenate' 'shl_ln6' <Predicate = true> <Delay = 0.00>
ST_75 : Operation 373 [1/1] (0.00ns)   --->   "%zext_ln151 = zext i7 %shl_ln6" [main.cpp:151->main.cpp:272]   --->   Operation 373 'zext' 'zext_ln151' <Predicate = true> <Delay = 0.00>
ST_75 : Operation 374 [1/1] (1.40ns)   --->   "%lshr_ln151 = lshr i128 %gmem_addr_3_read, i128 %zext_ln151" [main.cpp:151->main.cpp:272]   --->   Operation 374 'lshr' 'lshr_ln151' <Predicate = true> <Delay = 1.40> <CoreInst = "Shifter">   --->   Core 75 'Shifter' <Latency = 0> <II = 1> <Delay = 1.40> <FuncUnit> <Opcode : 'shl' 'lshr' 'ashr'> <InPorts = 2> <OutPorts = 1>
ST_75 : Operation 375 [1/1] (0.00ns)   --->   "%trunc_ln151 = trunc i128 %lshr_ln151" [main.cpp:151->main.cpp:272]   --->   Operation 375 'trunc' 'trunc_ln151' <Predicate = true> <Delay = 0.00>
ST_75 : [1/1] (0.75ns)   --->   Input mux for Operation 376 '%y = sitodp i64 %trunc_ln151'
ST_75 : Operation 376 [2/2] (4.89ns)   --->   "%y = sitodp i64 %trunc_ln151" [main.cpp:151->main.cpp:272]   --->   Operation 376 'sitodp' 'y' <Predicate = true> <Delay = 4.89> <CoreInst = "Int2Double">   --->   Core 66 'Int2Double' <Latency = 1> <II = 1> <Delay = 5.65> <FuncUnit> <Opcode : 'sitodp' 'uitodp'> <InPorts = 1> <OutPorts = 1>
ST_75 : Operation 377 [1/1] (7.30ns)   --->   "%gmem_addr_4_read = read i128 @_ssdm_op_Read.m_axi.i128P1A, i128 %gmem_addr_4" [main.cpp:152->main.cpp:272]   --->   Operation 377 'read' 'gmem_addr_4_read' <Predicate = true> <Delay = 7.30> <CoreInst = "m_axi">   --->   Core 121 'm_axi' <Latency = 0> <II = 1> <Delay = 1.00> <Adapter> <Opcode : 'read' 'write' 'readreq' 'writereq' 'writeresp'>

State 76 <SV = 75> <Delay = 7.06>
ST_76 : Operation 378 [1/2] (5.65ns)   --->   "%y = sitodp i64 %trunc_ln151" [main.cpp:151->main.cpp:272]   --->   Operation 378 'sitodp' 'y' <Predicate = true> <Delay = 5.65> <CoreInst = "Int2Double">   --->   Core 66 'Int2Double' <Latency = 1> <II = 1> <Delay = 5.65> <FuncUnit> <Opcode : 'sitodp' 'uitodp'> <InPorts = 1> <OutPorts = 1>
ST_76 : Operation 379 [1/1] (0.00ns)   --->   "%shl_ln7 = bitconcatenate i7 @_ssdm_op_BitConcatenate.i7.i4.i3, i4 %add_ln152_1, i3 0" [main.cpp:152->main.cpp:272]   --->   Operation 379 'bitconcatenate' 'shl_ln7' <Predicate = true> <Delay = 0.00>
ST_76 : Operation 380 [1/1] (0.00ns)   --->   "%zext_ln152 = zext i7 %shl_ln7" [main.cpp:152->main.cpp:272]   --->   Operation 380 'zext' 'zext_ln152' <Predicate = true> <Delay = 0.00>
ST_76 : Operation 381 [1/1] (1.40ns)   --->   "%lshr_ln152 = lshr i128 %gmem_addr_4_read, i128 %zext_ln152" [main.cpp:152->main.cpp:272]   --->   Operation 381 'lshr' 'lshr_ln152' <Predicate = true> <Delay = 1.40> <CoreInst = "Shifter">   --->   Core 75 'Shifter' <Latency = 0> <II = 1> <Delay = 1.40> <FuncUnit> <Opcode : 'shl' 'lshr' 'ashr'> <InPorts = 2> <OutPorts = 1>
ST_76 : Operation 382 [1/1] (0.00ns)   --->   "%trunc_ln152 = trunc i128 %lshr_ln152" [main.cpp:152->main.cpp:272]   --->   Operation 382 'trunc' 'trunc_ln152' <Predicate = true> <Delay = 0.00>
ST_76 : [1/1] (0.75ns)   --->   Input mux for Operation 383 '%sig = sitodp i64 %trunc_ln152'
ST_76 : Operation 383 [2/2] (4.89ns)   --->   "%sig = sitodp i64 %trunc_ln152" [main.cpp:152->main.cpp:272]   --->   Operation 383 'sitodp' 'sig' <Predicate = true> <Delay = 4.89> <CoreInst = "Int2Double">   --->   Core 66 'Int2Double' <Latency = 1> <II = 1> <Delay = 5.65> <FuncUnit> <Opcode : 'sitodp' 'uitodp'> <InPorts = 1> <OutPorts = 1>
ST_76 : [1/1] (0.58ns)   --->   Input mux for Operation 384 '%sub12_i = dsub i64 %x, i64 %SxoS_read'
ST_76 : Operation 384 [4/4] (4.57ns)   --->   "%sub12_i = dsub i64 %x, i64 %SxoS_read" [main.cpp:157->main.cpp:272]   --->   Operation 384 'dsub' 'sub12_i' <Predicate = true> <Delay = 4.57> <CoreInst = "DAddSub_fulldsp">   --->   Core 37 'DAddSub_fulldsp' <Latency = 3> <II = 1> <Delay = 5.15> <FuncUnit> <Opcode : 'dadd' 'dsub'> <InPorts = 2> <OutPorts = 1>
ST_76 : [1/1] (0.65ns)   --->   Input mux for Operation 385 '%mul16_i = dmul i64 %b_read, i64 %x'
ST_76 : Operation 385 [4/4] (4.92ns)   --->   "%mul16_i = dmul i64 %b_read, i64 %x" [main.cpp:161->main.cpp:272]   --->   Operation 385 'dmul' 'mul16_i' <Predicate = true> <Delay = 4.92> <CoreInst = "DMul_maxdsp">   --->   Core 49 'DMul_maxdsp' <Latency = 3> <II = 1> <Delay = 5.58> <FuncUnit> <Opcode : 'dmul'> <InPorts = 2> <OutPorts = 1>

State 77 <SV = 76> <Delay = 5.65>
ST_77 : Operation 386 [1/2] (5.65ns)   --->   "%sig = sitodp i64 %trunc_ln152" [main.cpp:152->main.cpp:272]   --->   Operation 386 'sitodp' 'sig' <Predicate = true> <Delay = 5.65> <CoreInst = "Int2Double">   --->   Core 66 'Int2Double' <Latency = 1> <II = 1> <Delay = 5.65> <FuncUnit> <Opcode : 'sitodp' 'uitodp'> <InPorts = 1> <OutPorts = 1>
ST_77 : Operation 387 [3/4] (5.15ns)   --->   "%sub12_i = dsub i64 %x, i64 %SxoS_read" [main.cpp:157->main.cpp:272]   --->   Operation 387 'dsub' 'sub12_i' <Predicate = true> <Delay = 5.15> <CoreInst = "DAddSub_fulldsp">   --->   Core 37 'DAddSub_fulldsp' <Latency = 3> <II = 1> <Delay = 5.15> <FuncUnit> <Opcode : 'dadd' 'dsub'> <InPorts = 2> <OutPorts = 1>
ST_77 : [1/1] (0.58ns)   --->   Input mux for Operation 388 '%sub15_i = dsub i64 %y, i64 %a_read'
ST_77 : Operation 388 [4/4] (4.57ns)   --->   "%sub15_i = dsub i64 %y, i64 %a_read" [main.cpp:161->main.cpp:272]   --->   Operation 388 'dsub' 'sub15_i' <Predicate = true> <Delay = 4.57> <CoreInst = "DAddSub_fulldsp">   --->   Core 37 'DAddSub_fulldsp' <Latency = 3> <II = 1> <Delay = 5.15> <FuncUnit> <Opcode : 'dadd' 'dsub'> <InPorts = 2> <OutPorts = 1>
ST_77 : Operation 389 [3/4] (5.58ns)   --->   "%mul16_i = dmul i64 %b_read, i64 %x" [main.cpp:161->main.cpp:272]   --->   Operation 389 'dmul' 'mul16_i' <Predicate = true> <Delay = 5.58> <CoreInst = "DMul_maxdsp">   --->   Core 49 'DMul_maxdsp' <Latency = 3> <II = 1> <Delay = 5.58> <FuncUnit> <Opcode : 'dmul'> <InPorts = 2> <OutPorts = 1>

State 78 <SV = 77> <Delay = 7.15>
ST_78 : [1/1] (0.75ns)   --->   Input mux for Operation 390 '%overSig = ddiv i64 1, i64 %sig'
ST_78 : Operation 390 [13/13] (6.40ns)   --->   "%overSig = ddiv i64 1, i64 %sig" [main.cpp:153->main.cpp:272]   --->   Operation 390 'ddiv' 'overSig' <Predicate = true> <Delay = 6.40> <CoreInst = "DDiv">   --->   Core 39 'DDiv' <Latency = 12> <II = 1> <Delay = 7.15> <FuncUnit> <Opcode : 'ddiv' 'drem'> <InPorts = 2> <OutPorts = 1>
ST_78 : Operation 391 [2/4] (5.15ns)   --->   "%sub12_i = dsub i64 %x, i64 %SxoS_read" [main.cpp:157->main.cpp:272]   --->   Operation 391 'dsub' 'sub12_i' <Predicate = true> <Delay = 5.15> <CoreInst = "DAddSub_fulldsp">   --->   Core 37 'DAddSub_fulldsp' <Latency = 3> <II = 1> <Delay = 5.15> <FuncUnit> <Opcode : 'dadd' 'dsub'> <InPorts = 2> <OutPorts = 1>
ST_78 : Operation 392 [3/4] (5.15ns)   --->   "%sub15_i = dsub i64 %y, i64 %a_read" [main.cpp:161->main.cpp:272]   --->   Operation 392 'dsub' 'sub15_i' <Predicate = true> <Delay = 5.15> <CoreInst = "DAddSub_fulldsp">   --->   Core 37 'DAddSub_fulldsp' <Latency = 3> <II = 1> <Delay = 5.15> <FuncUnit> <Opcode : 'dadd' 'dsub'> <InPorts = 2> <OutPorts = 1>
ST_78 : Operation 393 [2/4] (5.58ns)   --->   "%mul16_i = dmul i64 %b_read, i64 %x" [main.cpp:161->main.cpp:272]   --->   Operation 393 'dmul' 'mul16_i' <Predicate = true> <Delay = 5.58> <CoreInst = "DMul_maxdsp">   --->   Core 49 'DMul_maxdsp' <Latency = 3> <II = 1> <Delay = 5.58> <FuncUnit> <Opcode : 'dmul'> <InPorts = 2> <OutPorts = 1>

State 79 <SV = 78> <Delay = 7.15>
ST_79 : Operation 394 [12/13] (7.15ns)   --->   "%overSig = ddiv i64 1, i64 %sig" [main.cpp:153->main.cpp:272]   --->   Operation 394 'ddiv' 'overSig' <Predicate = true> <Delay = 7.15> <CoreInst = "DDiv">   --->   Core 39 'DDiv' <Latency = 12> <II = 1> <Delay = 7.15> <FuncUnit> <Opcode : 'ddiv' 'drem'> <InPorts = 2> <OutPorts = 1>
ST_79 : Operation 395 [1/4] (5.15ns)   --->   "%sub12_i = dsub i64 %x, i64 %SxoS_read" [main.cpp:157->main.cpp:272]   --->   Operation 395 'dsub' 'sub12_i' <Predicate = true> <Delay = 5.15> <CoreInst = "DAddSub_fulldsp">   --->   Core 37 'DAddSub_fulldsp' <Latency = 3> <II = 1> <Delay = 5.15> <FuncUnit> <Opcode : 'dadd' 'dsub'> <InPorts = 2> <OutPorts = 1>
ST_79 : Operation 396 [2/4] (5.15ns)   --->   "%sub15_i = dsub i64 %y, i64 %a_read" [main.cpp:161->main.cpp:272]   --->   Operation 396 'dsub' 'sub15_i' <Predicate = true> <Delay = 5.15> <CoreInst = "DAddSub_fulldsp">   --->   Core 37 'DAddSub_fulldsp' <Latency = 3> <II = 1> <Delay = 5.15> <FuncUnit> <Opcode : 'dadd' 'dsub'> <InPorts = 2> <OutPorts = 1>
ST_79 : Operation 397 [1/4] (5.58ns)   --->   "%mul16_i = dmul i64 %b_read, i64 %x" [main.cpp:161->main.cpp:272]   --->   Operation 397 'dmul' 'mul16_i' <Predicate = true> <Delay = 5.58> <CoreInst = "DMul_maxdsp">   --->   Core 49 'DMul_maxdsp' <Latency = 3> <II = 1> <Delay = 5.58> <FuncUnit> <Opcode : 'dmul'> <InPorts = 2> <OutPorts = 1>

State 80 <SV = 79> <Delay = 7.15>
ST_80 : Operation 398 [11/13] (7.15ns)   --->   "%overSig = ddiv i64 1, i64 %sig" [main.cpp:153->main.cpp:272]   --->   Operation 398 'ddiv' 'overSig' <Predicate = true> <Delay = 7.15> <CoreInst = "DDiv">   --->   Core 39 'DDiv' <Latency = 12> <II = 1> <Delay = 7.15> <FuncUnit> <Opcode : 'ddiv' 'drem'> <InPorts = 2> <OutPorts = 1>
ST_80 : Operation 399 [1/4] (5.15ns)   --->   "%sub15_i = dsub i64 %y, i64 %a_read" [main.cpp:161->main.cpp:272]   --->   Operation 399 'dsub' 'sub15_i' <Predicate = true> <Delay = 5.15> <CoreInst = "DAddSub_fulldsp">   --->   Core 37 'DAddSub_fulldsp' <Latency = 3> <II = 1> <Delay = 5.15> <FuncUnit> <Opcode : 'dadd' 'dsub'> <InPorts = 2> <OutPorts = 1>

State 81 <SV = 80> <Delay = 7.15>
ST_81 : Operation 400 [10/13] (7.15ns)   --->   "%overSig = ddiv i64 1, i64 %sig" [main.cpp:153->main.cpp:272]   --->   Operation 400 'ddiv' 'overSig' <Predicate = true> <Delay = 7.15> <CoreInst = "DDiv">   --->   Core 39 'DDiv' <Latency = 12> <II = 1> <Delay = 7.15> <FuncUnit> <Opcode : 'ddiv' 'drem'> <InPorts = 2> <OutPorts = 1>
ST_81 : [1/1] (0.58ns)   --->   Input mux for Operation 401 '%temp = dsub i64 %sub15_i, i64 %mul16_i'
ST_81 : Operation 401 [4/4] (4.57ns)   --->   "%temp = dsub i64 %sub15_i, i64 %mul16_i" [main.cpp:161->main.cpp:272]   --->   Operation 401 'dsub' 'temp' <Predicate = true> <Delay = 4.57> <CoreInst = "DAddSub_fulldsp">   --->   Core 37 'DAddSub_fulldsp' <Latency = 3> <II = 1> <Delay = 5.15> <FuncUnit> <Opcode : 'dadd' 'dsub'> <InPorts = 2> <OutPorts = 1>

State 82 <SV = 81> <Delay = 7.15>
ST_82 : Operation 402 [9/13] (7.15ns)   --->   "%overSig = ddiv i64 1, i64 %sig" [main.cpp:153->main.cpp:272]   --->   Operation 402 'ddiv' 'overSig' <Predicate = true> <Delay = 7.15> <CoreInst = "DDiv">   --->   Core 39 'DDiv' <Latency = 12> <II = 1> <Delay = 7.15> <FuncUnit> <Opcode : 'ddiv' 'drem'> <InPorts = 2> <OutPorts = 1>
ST_82 : Operation 403 [3/4] (5.15ns)   --->   "%temp = dsub i64 %sub15_i, i64 %mul16_i" [main.cpp:161->main.cpp:272]   --->   Operation 403 'dsub' 'temp' <Predicate = true> <Delay = 5.15> <CoreInst = "DAddSub_fulldsp">   --->   Core 37 'DAddSub_fulldsp' <Latency = 3> <II = 1> <Delay = 5.15> <FuncUnit> <Opcode : 'dadd' 'dsub'> <InPorts = 2> <OutPorts = 1>

State 83 <SV = 82> <Delay = 7.15>
ST_83 : Operation 404 [8/13] (7.15ns)   --->   "%overSig = ddiv i64 1, i64 %sig" [main.cpp:153->main.cpp:272]   --->   Operation 404 'ddiv' 'overSig' <Predicate = true> <Delay = 7.15> <CoreInst = "DDiv">   --->   Core 39 'DDiv' <Latency = 12> <II = 1> <Delay = 7.15> <FuncUnit> <Opcode : 'ddiv' 'drem'> <InPorts = 2> <OutPorts = 1>
ST_83 : Operation 405 [2/4] (5.15ns)   --->   "%temp = dsub i64 %sub15_i, i64 %mul16_i" [main.cpp:161->main.cpp:272]   --->   Operation 405 'dsub' 'temp' <Predicate = true> <Delay = 5.15> <CoreInst = "DAddSub_fulldsp">   --->   Core 37 'DAddSub_fulldsp' <Latency = 3> <II = 1> <Delay = 5.15> <FuncUnit> <Opcode : 'dadd' 'dsub'> <InPorts = 2> <OutPorts = 1>

State 84 <SV = 83> <Delay = 7.15>
ST_84 : Operation 406 [7/13] (7.15ns)   --->   "%overSig = ddiv i64 1, i64 %sig" [main.cpp:153->main.cpp:272]   --->   Operation 406 'ddiv' 'overSig' <Predicate = true> <Delay = 7.15> <CoreInst = "DDiv">   --->   Core 39 'DDiv' <Latency = 12> <II = 1> <Delay = 7.15> <FuncUnit> <Opcode : 'ddiv' 'drem'> <InPorts = 2> <OutPorts = 1>
ST_84 : Operation 407 [1/4] (5.15ns)   --->   "%temp = dsub i64 %sub15_i, i64 %mul16_i" [main.cpp:161->main.cpp:272]   --->   Operation 407 'dsub' 'temp' <Predicate = true> <Delay = 5.15> <CoreInst = "DAddSub_fulldsp">   --->   Core 37 'DAddSub_fulldsp' <Latency = 3> <II = 1> <Delay = 5.15> <FuncUnit> <Opcode : 'dadd' 'dsub'> <InPorts = 2> <OutPorts = 1>

State 85 <SV = 84> <Delay = 7.15>
ST_85 : Operation 408 [6/13] (7.15ns)   --->   "%overSig = ddiv i64 1, i64 %sig" [main.cpp:153->main.cpp:272]   --->   Operation 408 'ddiv' 'overSig' <Predicate = true> <Delay = 7.15> <CoreInst = "DDiv">   --->   Core 39 'DDiv' <Latency = 12> <II = 1> <Delay = 7.15> <FuncUnit> <Opcode : 'ddiv' 'drem'> <InPorts = 2> <OutPorts = 1>

State 86 <SV = 85> <Delay = 7.15>
ST_86 : Operation 409 [5/13] (7.15ns)   --->   "%overSig = ddiv i64 1, i64 %sig" [main.cpp:153->main.cpp:272]   --->   Operation 409 'ddiv' 'overSig' <Predicate = true> <Delay = 7.15> <CoreInst = "DDiv">   --->   Core 39 'DDiv' <Latency = 12> <II = 1> <Delay = 7.15> <FuncUnit> <Opcode : 'ddiv' 'drem'> <InPorts = 2> <OutPorts = 1>

State 87 <SV = 86> <Delay = 7.15>
ST_87 : Operation 410 [4/13] (7.15ns)   --->   "%overSig = ddiv i64 1, i64 %sig" [main.cpp:153->main.cpp:272]   --->   Operation 410 'ddiv' 'overSig' <Predicate = true> <Delay = 7.15> <CoreInst = "DDiv">   --->   Core 39 'DDiv' <Latency = 12> <II = 1> <Delay = 7.15> <FuncUnit> <Opcode : 'ddiv' 'drem'> <InPorts = 2> <OutPorts = 1>

State 88 <SV = 87> <Delay = 7.15>
ST_88 : Operation 411 [3/13] (7.15ns)   --->   "%overSig = ddiv i64 1, i64 %sig" [main.cpp:153->main.cpp:272]   --->   Operation 411 'ddiv' 'overSig' <Predicate = true> <Delay = 7.15> <CoreInst = "DDiv">   --->   Core 39 'DDiv' <Latency = 12> <II = 1> <Delay = 7.15> <FuncUnit> <Opcode : 'ddiv' 'drem'> <InPorts = 2> <OutPorts = 1>

State 89 <SV = 88> <Delay = 7.15>
ST_89 : Operation 412 [2/13] (7.15ns)   --->   "%overSig = ddiv i64 1, i64 %sig" [main.cpp:153->main.cpp:272]   --->   Operation 412 'ddiv' 'overSig' <Predicate = true> <Delay = 7.15> <CoreInst = "DDiv">   --->   Core 39 'DDiv' <Latency = 12> <II = 1> <Delay = 7.15> <FuncUnit> <Opcode : 'ddiv' 'drem'> <InPorts = 2> <OutPorts = 1>

State 90 <SV = 89> <Delay = 7.15>
ST_90 : Operation 413 [1/13] (7.15ns)   --->   "%overSig = ddiv i64 1, i64 %sig" [main.cpp:153->main.cpp:272]   --->   Operation 413 'ddiv' 'overSig' <Predicate = true> <Delay = 7.15> <CoreInst = "DDiv">   --->   Core 39 'DDiv' <Latency = 12> <II = 1> <Delay = 7.15> <FuncUnit> <Opcode : 'ddiv' 'drem'> <InPorts = 2> <OutPorts = 1>

State 91 <SV = 90> <Delay = 5.58>
ST_91 : [1/1] (0.65ns)   --->   Input mux for Operation 414 '%t = dmul i64 %overSig, i64 %sub12_i'
ST_91 : Operation 414 [4/4] (4.92ns)   --->   "%t = dmul i64 %overSig, i64 %sub12_i" [main.cpp:157->main.cpp:272]   --->   Operation 414 'dmul' 't' <Predicate = true> <Delay = 4.92> <CoreInst = "DMul_maxdsp">   --->   Core 49 'DMul_maxdsp' <Latency = 3> <II = 1> <Delay = 5.58> <FuncUnit> <Opcode : 'dmul'> <InPorts = 2> <OutPorts = 1>

State 92 <SV = 91> <Delay = 5.58>
ST_92 : Operation 415 [3/4] (5.58ns)   --->   "%t = dmul i64 %overSig, i64 %sub12_i" [main.cpp:157->main.cpp:272]   --->   Operation 415 'dmul' 't' <Predicate = true> <Delay = 5.58> <CoreInst = "DMul_maxdsp">   --->   Core 49 'DMul_maxdsp' <Latency = 3> <II = 1> <Delay = 5.58> <FuncUnit> <Opcode : 'dmul'> <InPorts = 2> <OutPorts = 1>
ST_92 : [1/1] (0.65ns)   --->   Input mux for Operation 416 '%tempOverSig = dmul i64 %temp, i64 %overSig'
ST_92 : Operation 416 [4/4] (4.92ns)   --->   "%tempOverSig = dmul i64 %temp, i64 %overSig" [main.cpp:162->main.cpp:272]   --->   Operation 416 'dmul' 'tempOverSig' <Predicate = true> <Delay = 4.92> <CoreInst = "DMul_maxdsp">   --->   Core 49 'DMul_maxdsp' <Latency = 3> <II = 1> <Delay = 5.58> <FuncUnit> <Opcode : 'dmul'> <InPorts = 2> <OutPorts = 1>

State 93 <SV = 92> <Delay = 5.58>
ST_93 : Operation 417 [2/4] (5.58ns)   --->   "%t = dmul i64 %overSig, i64 %sub12_i" [main.cpp:157->main.cpp:272]   --->   Operation 417 'dmul' 't' <Predicate = true> <Delay = 5.58> <CoreInst = "DMul_maxdsp">   --->   Core 49 'DMul_maxdsp' <Latency = 3> <II = 1> <Delay = 5.58> <FuncUnit> <Opcode : 'dmul'> <InPorts = 2> <OutPorts = 1>
ST_93 : Operation 418 [3/4] (5.58ns)   --->   "%tempOverSig = dmul i64 %temp, i64 %overSig" [main.cpp:162->main.cpp:272]   --->   Operation 418 'dmul' 'tempOverSig' <Predicate = true> <Delay = 5.58> <CoreInst = "DMul_maxdsp">   --->   Core 49 'DMul_maxdsp' <Latency = 3> <II = 1> <Delay = 5.58> <FuncUnit> <Opcode : 'dmul'> <InPorts = 2> <OutPorts = 1>

State 94 <SV = 93> <Delay = 5.58>
ST_94 : Operation 419 [1/4] (5.58ns)   --->   "%t = dmul i64 %overSig, i64 %sub12_i" [main.cpp:157->main.cpp:272]   --->   Operation 419 'dmul' 't' <Predicate = true> <Delay = 5.58> <CoreInst = "DMul_maxdsp">   --->   Core 49 'DMul_maxdsp' <Latency = 3> <II = 1> <Delay = 5.58> <FuncUnit> <Opcode : 'dmul'> <InPorts = 2> <OutPorts = 1>
ST_94 : Operation 420 [2/4] (5.58ns)   --->   "%tempOverSig = dmul i64 %temp, i64 %overSig" [main.cpp:162->main.cpp:272]   --->   Operation 420 'dmul' 'tempOverSig' <Predicate = true> <Delay = 5.58> <CoreInst = "DMul_maxdsp">   --->   Core 49 'DMul_maxdsp' <Latency = 3> <II = 1> <Delay = 5.58> <FuncUnit> <Opcode : 'dmul'> <InPorts = 2> <OutPorts = 1>

State 95 <SV = 94> <Delay = 5.58>
ST_95 : [1/1] (0.65ns)   --->   Input mux for Operation 421 '%mul14_i = dmul i64 %t, i64 %t'
ST_95 : Operation 421 [4/4] (4.92ns)   --->   "%mul14_i = dmul i64 %t, i64 %t" [main.cpp:159->main.cpp:272]   --->   Operation 421 'dmul' 'mul14_i' <Predicate = true> <Delay = 4.92> <CoreInst = "DMul_maxdsp">   --->   Core 49 'DMul_maxdsp' <Latency = 3> <II = 1> <Delay = 5.58> <FuncUnit> <Opcode : 'dmul'> <InPorts = 2> <OutPorts = 1>
ST_95 : Operation 422 [1/4] (5.58ns)   --->   "%tempOverSig = dmul i64 %temp, i64 %overSig" [main.cpp:162->main.cpp:272]   --->   Operation 422 'dmul' 'tempOverSig' <Predicate = true> <Delay = 5.58> <CoreInst = "DMul_maxdsp">   --->   Core 49 'DMul_maxdsp' <Latency = 3> <II = 1> <Delay = 5.58> <FuncUnit> <Opcode : 'dmul'> <InPorts = 2> <OutPorts = 1>

State 96 <SV = 95> <Delay = 5.58>
ST_96 : Operation 423 [3/4] (5.58ns)   --->   "%mul14_i = dmul i64 %t, i64 %t" [main.cpp:159->main.cpp:272]   --->   Operation 423 'dmul' 'mul14_i' <Predicate = true> <Delay = 5.58> <CoreInst = "DMul_maxdsp">   --->   Core 49 'DMul_maxdsp' <Latency = 3> <II = 1> <Delay = 5.58> <FuncUnit> <Opcode : 'dmul'> <InPorts = 2> <OutPorts = 1>
ST_96 : [1/1] (0.65ns)   --->   Input mux for Operation 424 '%tempOverSigSquared = dmul i64 %tempOverSig, i64 %tempOverSig'
ST_96 : Operation 424 [4/4] (4.92ns)   --->   "%tempOverSigSquared = dmul i64 %tempOverSig, i64 %tempOverSig" [main.cpp:163->main.cpp:272]   --->   Operation 424 'dmul' 'tempOverSigSquared' <Predicate = true> <Delay = 4.92> <CoreInst = "DMul_maxdsp">   --->   Core 49 'DMul_maxdsp' <Latency = 3> <II = 1> <Delay = 5.58> <FuncUnit> <Opcode : 'dmul'> <InPorts = 2> <OutPorts = 1>

State 97 <SV = 96> <Delay = 5.58>
ST_97 : Operation 425 [2/4] (5.58ns)   --->   "%mul14_i = dmul i64 %t, i64 %t" [main.cpp:159->main.cpp:272]   --->   Operation 425 'dmul' 'mul14_i' <Predicate = true> <Delay = 5.58> <CoreInst = "DMul_maxdsp">   --->   Core 49 'DMul_maxdsp' <Latency = 3> <II = 1> <Delay = 5.58> <FuncUnit> <Opcode : 'dmul'> <InPorts = 2> <OutPorts = 1>
ST_97 : Operation 426 [3/4] (5.58ns)   --->   "%tempOverSigSquared = dmul i64 %tempOverSig, i64 %tempOverSig" [main.cpp:163->main.cpp:272]   --->   Operation 426 'dmul' 'tempOverSigSquared' <Predicate = true> <Delay = 5.58> <CoreInst = "DMul_maxdsp">   --->   Core 49 'DMul_maxdsp' <Latency = 3> <II = 1> <Delay = 5.58> <FuncUnit> <Opcode : 'dmul'> <InPorts = 2> <OutPorts = 1>

State 98 <SV = 97> <Delay = 5.58>
ST_98 : Operation 427 [1/4] (5.58ns)   --->   "%mul14_i = dmul i64 %t, i64 %t" [main.cpp:159->main.cpp:272]   --->   Operation 427 'dmul' 'mul14_i' <Predicate = true> <Delay = 5.58> <CoreInst = "DMul_maxdsp">   --->   Core 49 'DMul_maxdsp' <Latency = 3> <II = 1> <Delay = 5.58> <FuncUnit> <Opcode : 'dmul'> <InPorts = 2> <OutPorts = 1>
ST_98 : Operation 428 [2/4] (5.58ns)   --->   "%tempOverSigSquared = dmul i64 %tempOverSig, i64 %tempOverSig" [main.cpp:163->main.cpp:272]   --->   Operation 428 'dmul' 'tempOverSigSquared' <Predicate = true> <Delay = 5.58> <CoreInst = "DMul_maxdsp">   --->   Core 49 'DMul_maxdsp' <Latency = 3> <II = 1> <Delay = 5.58> <FuncUnit> <Opcode : 'dmul'> <InPorts = 2> <OutPorts = 1>

State 99 <SV = 98> <Delay = 5.58>
ST_99 : Operation 429 [1/1] (0.00ns)   --->   "%Stt_load = load i64 %Stt" [main.cpp:159->main.cpp:272]   --->   Operation 429 'load' 'Stt_load' <Predicate = true> <Delay = 0.00>
ST_99 : [1/1] (0.67ns)   --->   Input mux for Operation 430 '%Stt_1 = dadd i64 %Stt_load, i64 %mul14_i'
ST_99 : Operation 430 [4/4] (4.48ns)   --->   "%Stt_1 = dadd i64 %Stt_load, i64 %mul14_i" [main.cpp:159->main.cpp:272]   --->   Operation 430 'dadd' 'Stt_1' <Predicate = true> <Delay = 4.48> <CoreInst = "DAddSub_fulldsp">   --->   Core 37 'DAddSub_fulldsp' <Latency = 3> <II = 1> <Delay = 5.15> <FuncUnit> <Opcode : 'dadd' 'dsub'> <InPorts = 2> <OutPorts = 1>
ST_99 : Operation 431 [1/4] (5.58ns)   --->   "%tempOverSigSquared = dmul i64 %tempOverSig, i64 %tempOverSig" [main.cpp:163->main.cpp:272]   --->   Operation 431 'dmul' 'tempOverSigSquared' <Predicate = true> <Delay = 5.58> <CoreInst = "DMul_maxdsp">   --->   Core 49 'DMul_maxdsp' <Latency = 3> <II = 1> <Delay = 5.58> <FuncUnit> <Opcode : 'dmul'> <InPorts = 2> <OutPorts = 1>

State 100 <SV = 99> <Delay = 5.15>
ST_100 : Operation 432 [1/1] (0.00ns)   --->   "%term2_load = load i64 %term2" [main.cpp:165->main.cpp:272]   --->   Operation 432 'load' 'term2_load' <Predicate = true> <Delay = 0.00>
ST_100 : Operation 433 [3/4] (5.15ns)   --->   "%Stt_1 = dadd i64 %Stt_load, i64 %mul14_i" [main.cpp:159->main.cpp:272]   --->   Operation 433 'dadd' 'Stt_1' <Predicate = true> <Delay = 5.15> <CoreInst = "DAddSub_fulldsp">   --->   Core 37 'DAddSub_fulldsp' <Latency = 3> <II = 1> <Delay = 5.15> <FuncUnit> <Opcode : 'dadd' 'dsub'> <InPorts = 2> <OutPorts = 1>
ST_100 : [1/1] (0.67ns)   --->   Input mux for Operation 434 '%term2_1 = dadd i64 %term2_load, i64 %tempOverSigSquared'
ST_100 : Operation 434 [4/4] (4.48ns)   --->   "%term2_1 = dadd i64 %term2_load, i64 %tempOverSigSquared" [main.cpp:165->main.cpp:272]   --->   Operation 434 'dadd' 'term2_1' <Predicate = true> <Delay = 4.48> <CoreInst = "DAddSub_fulldsp">   --->   Core 37 'DAddSub_fulldsp' <Latency = 3> <II = 1> <Delay = 5.15> <FuncUnit> <Opcode : 'dadd' 'dsub'> <InPorts = 2> <OutPorts = 1>
ST_100 : Operation 444 [1/1] (0.00ns)   --->   "%term2_load_1 = load i64 %term2"   --->   Operation 444 'load' 'term2_load_1' <Predicate = (!icmp_ln148)> <Delay = 0.00>
ST_100 : Operation 445 [1/1] (0.00ns)   --->   "%Stt_load_1 = load i64 %Stt"   --->   Operation 445 'load' 'Stt_load_1' <Predicate = (!icmp_ln148)> <Delay = 0.00>
ST_100 : Operation 446 [1/1] (0.00ns)   --->   "%write_ln0 = write void @_ssdm_op_Write.ap_auto.doubleP0A, i64 %Stt_out, i64 %Stt_load_1"   --->   Operation 446 'write' 'write_ln0' <Predicate = (!icmp_ln148)> <Delay = 0.00>
ST_100 : Operation 447 [1/1] (0.00ns)   --->   "%write_ln0 = write void @_ssdm_op_Write.ap_auto.doubleP0A, i64 %term2_out, i64 %term2_load_1"   --->   Operation 447 'write' 'write_ln0' <Predicate = (!icmp_ln148)> <Delay = 0.00>
ST_100 : Operation 448 [1/1] (0.00ns)   --->   "%ret_ln0 = ret"   --->   Operation 448 'ret' 'ret_ln0' <Predicate = (!icmp_ln148)> <Delay = 0.00>

State 101 <SV = 100> <Delay = 5.15>
ST_101 : Operation 435 [2/4] (5.15ns)   --->   "%Stt_1 = dadd i64 %Stt_load, i64 %mul14_i" [main.cpp:159->main.cpp:272]   --->   Operation 435 'dadd' 'Stt_1' <Predicate = true> <Delay = 5.15> <CoreInst = "DAddSub_fulldsp">   --->   Core 37 'DAddSub_fulldsp' <Latency = 3> <II = 1> <Delay = 5.15> <FuncUnit> <Opcode : 'dadd' 'dsub'> <InPorts = 2> <OutPorts = 1>
ST_101 : Operation 436 [3/4] (5.15ns)   --->   "%term2_1 = dadd i64 %term2_load, i64 %tempOverSigSquared" [main.cpp:165->main.cpp:272]   --->   Operation 436 'dadd' 'term2_1' <Predicate = true> <Delay = 5.15> <CoreInst = "DAddSub_fulldsp">   --->   Core 37 'DAddSub_fulldsp' <Latency = 3> <II = 1> <Delay = 5.15> <FuncUnit> <Opcode : 'dadd' 'dsub'> <InPorts = 2> <OutPorts = 1>

State 102 <SV = 101> <Delay = 5.61>
ST_102 : Operation 437 [1/4] (5.15ns)   --->   "%Stt_1 = dadd i64 %Stt_load, i64 %mul14_i" [main.cpp:159->main.cpp:272]   --->   Operation 437 'dadd' 'Stt_1' <Predicate = true> <Delay = 5.15> <CoreInst = "DAddSub_fulldsp">   --->   Core 37 'DAddSub_fulldsp' <Latency = 3> <II = 1> <Delay = 5.15> <FuncUnit> <Opcode : 'dadd' 'dsub'> <InPorts = 2> <OutPorts = 1>
ST_102 : Operation 438 [2/4] (5.15ns)   --->   "%term2_1 = dadd i64 %term2_load, i64 %tempOverSigSquared" [main.cpp:165->main.cpp:272]   --->   Operation 438 'dadd' 'term2_1' <Predicate = true> <Delay = 5.15> <CoreInst = "DAddSub_fulldsp">   --->   Core 37 'DAddSub_fulldsp' <Latency = 3> <II = 1> <Delay = 5.15> <FuncUnit> <Opcode : 'dadd' 'dsub'> <InPorts = 2> <OutPorts = 1>
ST_102 : Operation 439 [1/1] (0.46ns)   --->   "%store_ln148 = store i64 %Stt_1, i64 %Stt" [main.cpp:148->main.cpp:272]   --->   Operation 439 'store' 'store_ln148' <Predicate = true> <Delay = 0.46>

State 103 <SV = 102> <Delay = 5.61>
ST_103 : Operation 440 [1/1] (0.00ns)   --->   "%specloopname_ln148 = specloopname void @_ssdm_op_SpecLoopName, void @empty_16" [main.cpp:148->main.cpp:272]   --->   Operation 440 'specloopname' 'specloopname_ln148' <Predicate = true> <Delay = 0.00>
ST_103 : Operation 441 [1/4] (5.15ns)   --->   "%term2_1 = dadd i64 %term2_load, i64 %tempOverSigSquared" [main.cpp:165->main.cpp:272]   --->   Operation 441 'dadd' 'term2_1' <Predicate = true> <Delay = 5.15> <CoreInst = "DAddSub_fulldsp">   --->   Core 37 'DAddSub_fulldsp' <Latency = 3> <II = 1> <Delay = 5.15> <FuncUnit> <Opcode : 'dadd' 'dsub'> <InPorts = 2> <OutPorts = 1>
ST_103 : Operation 442 [1/1] (0.46ns)   --->   "%store_ln148 = store i64 %term2_1, i64 %term2" [main.cpp:148->main.cpp:272]   --->   Operation 442 'store' 'store_ln148' <Predicate = true> <Delay = 0.46>
ST_103 : Operation 443 [1/1] (0.00ns)   --->   "%br_ln148 = br void %for.inc.i21" [main.cpp:148->main.cpp:272]   --->   Operation 443 'br' 'br_ln148' <Predicate = true> <Delay = 0.00>


============================================================
+ Verbose Summary: Timing violations
============================================================
Target clock period: 10.000ns, clock uncertainty: 2.700ns.

 <State 1>: 1.362ns
The critical path consists of the following:
	'alloca' operation ('i') [16]  (0.000 ns)
	'load' operation ('i', main.cpp:150->main.cpp:272) on local variable 'i' [33]  (0.000 ns)
	'add' operation ('add_ln150', main.cpp:150->main.cpp:272) [48]  (1.362 ns)

 <State 2>: 7.300ns
The critical path consists of the following:
	'getelementptr' operation ('gmem_addr', main.cpp:150->main.cpp:272) [51]  (0.000 ns)
	bus request operation ('gmem_load_7_req', main.cpp:150->main.cpp:272) on port 'gmem' (main.cpp:150->main.cpp:272) [52]  (7.300 ns)

 <State 3>: 7.300ns
The critical path consists of the following:
	bus request operation ('gmem_load_7_req', main.cpp:150->main.cpp:272) on port 'gmem' (main.cpp:150->main.cpp:272) [52]  (7.300 ns)

 <State 4>: 7.300ns
The critical path consists of the following:
	bus request operation ('gmem_load_7_req', main.cpp:150->main.cpp:272) on port 'gmem' (main.cpp:150->main.cpp:272) [52]  (7.300 ns)

 <State 5>: 7.300ns
The critical path consists of the following:
	bus request operation ('gmem_load_7_req', main.cpp:150->main.cpp:272) on port 'gmem' (main.cpp:150->main.cpp:272) [52]  (7.300 ns)

 <State 6>: 7.300ns
The critical path consists of the following:
	bus request operation ('gmem_load_7_req', main.cpp:150->main.cpp:272) on port 'gmem' (main.cpp:150->main.cpp:272) [52]  (7.300 ns)

 <State 7>: 7.300ns
The critical path consists of the following:
	bus request operation ('gmem_load_7_req', main.cpp:150->main.cpp:272) on port 'gmem' (main.cpp:150->main.cpp:272) [52]  (7.300 ns)

 <State 8>: 7.300ns
The critical path consists of the following:
	bus request operation ('gmem_load_7_req', main.cpp:150->main.cpp:272) on port 'gmem' (main.cpp:150->main.cpp:272) [52]  (7.300 ns)

 <State 9>: 7.300ns
The critical path consists of the following:
	bus request operation ('gmem_load_7_req', main.cpp:150->main.cpp:272) on port 'gmem' (main.cpp:150->main.cpp:272) [52]  (7.300 ns)

 <State 10>: 7.300ns
The critical path consists of the following:
	bus request operation ('gmem_load_7_req', main.cpp:150->main.cpp:272) on port 'gmem' (main.cpp:150->main.cpp:272) [52]  (7.300 ns)

 <State 11>: 7.300ns
The critical path consists of the following:
	bus request operation ('gmem_load_7_req', main.cpp:150->main.cpp:272) on port 'gmem' (main.cpp:150->main.cpp:272) [52]  (7.300 ns)

 <State 12>: 7.300ns
The critical path consists of the following:
	bus request operation ('gmem_load_7_req', main.cpp:150->main.cpp:272) on port 'gmem' (main.cpp:150->main.cpp:272) [52]  (7.300 ns)

 <State 13>: 7.300ns
The critical path consists of the following:
	bus request operation ('gmem_load_7_req', main.cpp:150->main.cpp:272) on port 'gmem' (main.cpp:150->main.cpp:272) [52]  (7.300 ns)

 <State 14>: 7.300ns
The critical path consists of the following:
	bus request operation ('gmem_load_7_req', main.cpp:150->main.cpp:272) on port 'gmem' (main.cpp:150->main.cpp:272) [52]  (7.300 ns)

 <State 15>: 7.300ns
The critical path consists of the following:
	bus request operation ('gmem_load_7_req', main.cpp:150->main.cpp:272) on port 'gmem' (main.cpp:150->main.cpp:272) [52]  (7.300 ns)

 <State 16>: 7.300ns
The critical path consists of the following:
	bus request operation ('gmem_load_7_req', main.cpp:150->main.cpp:272) on port 'gmem' (main.cpp:150->main.cpp:272) [52]  (7.300 ns)

 <State 17>: 7.300ns
The critical path consists of the following:
	bus request operation ('gmem_load_7_req', main.cpp:150->main.cpp:272) on port 'gmem' (main.cpp:150->main.cpp:272) [52]  (7.300 ns)

 <State 18>: 7.300ns
The critical path consists of the following:
	bus request operation ('gmem_load_7_req', main.cpp:150->main.cpp:272) on port 'gmem' (main.cpp:150->main.cpp:272) [52]  (7.300 ns)

 <State 19>: 7.300ns
The critical path consists of the following:
	bus request operation ('gmem_load_7_req', main.cpp:150->main.cpp:272) on port 'gmem' (main.cpp:150->main.cpp:272) [52]  (7.300 ns)

 <State 20>: 7.300ns
The critical path consists of the following:
	bus request operation ('gmem_load_7_req', main.cpp:150->main.cpp:272) on port 'gmem' (main.cpp:150->main.cpp:272) [52]  (7.300 ns)

 <State 21>: 7.300ns
The critical path consists of the following:
	bus request operation ('gmem_load_7_req', main.cpp:150->main.cpp:272) on port 'gmem' (main.cpp:150->main.cpp:272) [52]  (7.300 ns)

 <State 22>: 7.300ns
The critical path consists of the following:
	bus request operation ('gmem_load_7_req', main.cpp:150->main.cpp:272) on port 'gmem' (main.cpp:150->main.cpp:272) [52]  (7.300 ns)

 <State 23>: 7.300ns
The critical path consists of the following:
	bus request operation ('gmem_load_7_req', main.cpp:150->main.cpp:272) on port 'gmem' (main.cpp:150->main.cpp:272) [52]  (7.300 ns)

 <State 24>: 7.300ns
The critical path consists of the following:
	bus request operation ('gmem_load_7_req', main.cpp:150->main.cpp:272) on port 'gmem' (main.cpp:150->main.cpp:272) [52]  (7.300 ns)

 <State 25>: 7.300ns
The critical path consists of the following:
	bus request operation ('gmem_load_7_req', main.cpp:150->main.cpp:272) on port 'gmem' (main.cpp:150->main.cpp:272) [52]  (7.300 ns)

 <State 26>: 7.300ns
The critical path consists of the following:
	bus request operation ('gmem_load_7_req', main.cpp:150->main.cpp:272) on port 'gmem' (main.cpp:150->main.cpp:272) [52]  (7.300 ns)

 <State 27>: 7.300ns
The critical path consists of the following:
	bus request operation ('gmem_load_7_req', main.cpp:150->main.cpp:272) on port 'gmem' (main.cpp:150->main.cpp:272) [52]  (7.300 ns)

 <State 28>: 7.300ns
The critical path consists of the following:
	bus request operation ('gmem_load_7_req', main.cpp:150->main.cpp:272) on port 'gmem' (main.cpp:150->main.cpp:272) [52]  (7.300 ns)

 <State 29>: 7.300ns
The critical path consists of the following:
	bus request operation ('gmem_load_7_req', main.cpp:150->main.cpp:272) on port 'gmem' (main.cpp:150->main.cpp:272) [52]  (7.300 ns)

 <State 30>: 7.300ns
The critical path consists of the following:
	bus request operation ('gmem_load_7_req', main.cpp:150->main.cpp:272) on port 'gmem' (main.cpp:150->main.cpp:272) [52]  (7.300 ns)

 <State 31>: 7.300ns
The critical path consists of the following:
	bus request operation ('gmem_load_7_req', main.cpp:150->main.cpp:272) on port 'gmem' (main.cpp:150->main.cpp:272) [52]  (7.300 ns)

 <State 32>: 7.300ns
The critical path consists of the following:
	bus request operation ('gmem_load_7_req', main.cpp:150->main.cpp:272) on port 'gmem' (main.cpp:150->main.cpp:272) [52]  (7.300 ns)

 <State 33>: 7.300ns
The critical path consists of the following:
	bus request operation ('gmem_load_7_req', main.cpp:150->main.cpp:272) on port 'gmem' (main.cpp:150->main.cpp:272) [52]  (7.300 ns)

 <State 34>: 7.300ns
The critical path consists of the following:
	bus request operation ('gmem_load_7_req', main.cpp:150->main.cpp:272) on port 'gmem' (main.cpp:150->main.cpp:272) [52]  (7.300 ns)

 <State 35>: 7.300ns
The critical path consists of the following:
	bus request operation ('gmem_load_7_req', main.cpp:150->main.cpp:272) on port 'gmem' (main.cpp:150->main.cpp:272) [52]  (7.300 ns)

 <State 36>: 7.300ns
The critical path consists of the following:
	bus request operation ('gmem_load_7_req', main.cpp:150->main.cpp:272) on port 'gmem' (main.cpp:150->main.cpp:272) [52]  (7.300 ns)

 <State 37>: 7.300ns
The critical path consists of the following:
	bus request operation ('gmem_load_7_req', main.cpp:150->main.cpp:272) on port 'gmem' (main.cpp:150->main.cpp:272) [52]  (7.300 ns)

 <State 38>: 7.300ns
The critical path consists of the following:
	bus request operation ('gmem_load_7_req', main.cpp:150->main.cpp:272) on port 'gmem' (main.cpp:150->main.cpp:272) [52]  (7.300 ns)

 <State 39>: 7.300ns
The critical path consists of the following:
	bus request operation ('gmem_load_7_req', main.cpp:150->main.cpp:272) on port 'gmem' (main.cpp:150->main.cpp:272) [52]  (7.300 ns)

 <State 40>: 7.300ns
The critical path consists of the following:
	bus request operation ('gmem_load_7_req', main.cpp:150->main.cpp:272) on port 'gmem' (main.cpp:150->main.cpp:272) [52]  (7.300 ns)

 <State 41>: 7.300ns
The critical path consists of the following:
	bus request operation ('gmem_load_7_req', main.cpp:150->main.cpp:272) on port 'gmem' (main.cpp:150->main.cpp:272) [52]  (7.300 ns)

 <State 42>: 7.300ns
The critical path consists of the following:
	bus request operation ('gmem_load_7_req', main.cpp:150->main.cpp:272) on port 'gmem' (main.cpp:150->main.cpp:272) [52]  (7.300 ns)

 <State 43>: 7.300ns
The critical path consists of the following:
	bus request operation ('gmem_load_7_req', main.cpp:150->main.cpp:272) on port 'gmem' (main.cpp:150->main.cpp:272) [52]  (7.300 ns)

 <State 44>: 7.300ns
The critical path consists of the following:
	bus request operation ('gmem_load_7_req', main.cpp:150->main.cpp:272) on port 'gmem' (main.cpp:150->main.cpp:272) [52]  (7.300 ns)

 <State 45>: 7.300ns
The critical path consists of the following:
	bus request operation ('gmem_load_7_req', main.cpp:150->main.cpp:272) on port 'gmem' (main.cpp:150->main.cpp:272) [52]  (7.300 ns)

 <State 46>: 7.300ns
The critical path consists of the following:
	bus request operation ('gmem_load_7_req', main.cpp:150->main.cpp:272) on port 'gmem' (main.cpp:150->main.cpp:272) [52]  (7.300 ns)

 <State 47>: 7.300ns
The critical path consists of the following:
	bus request operation ('gmem_load_7_req', main.cpp:150->main.cpp:272) on port 'gmem' (main.cpp:150->main.cpp:272) [52]  (7.300 ns)

 <State 48>: 7.300ns
The critical path consists of the following:
	bus request operation ('gmem_load_7_req', main.cpp:150->main.cpp:272) on port 'gmem' (main.cpp:150->main.cpp:272) [52]  (7.300 ns)

 <State 49>: 7.300ns
The critical path consists of the following:
	bus request operation ('gmem_load_7_req', main.cpp:150->main.cpp:272) on port 'gmem' (main.cpp:150->main.cpp:272) [52]  (7.300 ns)

 <State 50>: 7.300ns
The critical path consists of the following:
	bus request operation ('gmem_load_7_req', main.cpp:150->main.cpp:272) on port 'gmem' (main.cpp:150->main.cpp:272) [52]  (7.300 ns)

 <State 51>: 7.300ns
The critical path consists of the following:
	bus request operation ('gmem_load_7_req', main.cpp:150->main.cpp:272) on port 'gmem' (main.cpp:150->main.cpp:272) [52]  (7.300 ns)

 <State 52>: 7.300ns
The critical path consists of the following:
	bus request operation ('gmem_load_7_req', main.cpp:150->main.cpp:272) on port 'gmem' (main.cpp:150->main.cpp:272) [52]  (7.300 ns)

 <State 53>: 7.300ns
The critical path consists of the following:
	bus request operation ('gmem_load_7_req', main.cpp:150->main.cpp:272) on port 'gmem' (main.cpp:150->main.cpp:272) [52]  (7.300 ns)

 <State 54>: 7.300ns
The critical path consists of the following:
	bus request operation ('gmem_load_7_req', main.cpp:150->main.cpp:272) on port 'gmem' (main.cpp:150->main.cpp:272) [52]  (7.300 ns)

 <State 55>: 7.300ns
The critical path consists of the following:
	bus request operation ('gmem_load_7_req', main.cpp:150->main.cpp:272) on port 'gmem' (main.cpp:150->main.cpp:272) [52]  (7.300 ns)

 <State 56>: 7.300ns
The critical path consists of the following:
	bus request operation ('gmem_load_7_req', main.cpp:150->main.cpp:272) on port 'gmem' (main.cpp:150->main.cpp:272) [52]  (7.300 ns)

 <State 57>: 7.300ns
The critical path consists of the following:
	bus request operation ('gmem_load_7_req', main.cpp:150->main.cpp:272) on port 'gmem' (main.cpp:150->main.cpp:272) [52]  (7.300 ns)

 <State 58>: 7.300ns
The critical path consists of the following:
	bus request operation ('gmem_load_7_req', main.cpp:150->main.cpp:272) on port 'gmem' (main.cpp:150->main.cpp:272) [52]  (7.300 ns)

 <State 59>: 7.300ns
The critical path consists of the following:
	bus request operation ('gmem_load_7_req', main.cpp:150->main.cpp:272) on port 'gmem' (main.cpp:150->main.cpp:272) [52]  (7.300 ns)

 <State 60>: 7.300ns
The critical path consists of the following:
	bus request operation ('gmem_load_7_req', main.cpp:150->main.cpp:272) on port 'gmem' (main.cpp:150->main.cpp:272) [52]  (7.300 ns)

 <State 61>: 7.300ns
The critical path consists of the following:
	bus request operation ('gmem_load_7_req', main.cpp:150->main.cpp:272) on port 'gmem' (main.cpp:150->main.cpp:272) [52]  (7.300 ns)

 <State 62>: 7.300ns
The critical path consists of the following:
	bus request operation ('gmem_load_7_req', main.cpp:150->main.cpp:272) on port 'gmem' (main.cpp:150->main.cpp:272) [52]  (7.300 ns)

 <State 63>: 7.300ns
The critical path consists of the following:
	bus request operation ('gmem_load_7_req', main.cpp:150->main.cpp:272) on port 'gmem' (main.cpp:150->main.cpp:272) [52]  (7.300 ns)

 <State 64>: 7.300ns
The critical path consists of the following:
	bus request operation ('gmem_load_7_req', main.cpp:150->main.cpp:272) on port 'gmem' (main.cpp:150->main.cpp:272) [52]  (7.300 ns)

 <State 65>: 7.300ns
The critical path consists of the following:
	bus request operation ('gmem_load_7_req', main.cpp:150->main.cpp:272) on port 'gmem' (main.cpp:150->main.cpp:272) [52]  (7.300 ns)

 <State 66>: 7.300ns
The critical path consists of the following:
	bus request operation ('gmem_load_7_req', main.cpp:150->main.cpp:272) on port 'gmem' (main.cpp:150->main.cpp:272) [52]  (7.300 ns)

 <State 67>: 7.300ns
The critical path consists of the following:
	bus request operation ('gmem_load_7_req', main.cpp:150->main.cpp:272) on port 'gmem' (main.cpp:150->main.cpp:272) [52]  (7.300 ns)

 <State 68>: 7.300ns
The critical path consists of the following:
	bus request operation ('gmem_load_7_req', main.cpp:150->main.cpp:272) on port 'gmem' (main.cpp:150->main.cpp:272) [52]  (7.300 ns)

 <State 69>: 7.300ns
The critical path consists of the following:
	bus request operation ('gmem_load_7_req', main.cpp:150->main.cpp:272) on port 'gmem' (main.cpp:150->main.cpp:272) [52]  (7.300 ns)

 <State 70>: 7.300ns
The critical path consists of the following:
	bus request operation ('gmem_load_7_req', main.cpp:150->main.cpp:272) on port 'gmem' (main.cpp:150->main.cpp:272) [52]  (7.300 ns)

 <State 71>: 7.300ns
The critical path consists of the following:
	bus request operation ('gmem_load_7_req', main.cpp:150->main.cpp:272) on port 'gmem' (main.cpp:150->main.cpp:272) [52]  (7.300 ns)

 <State 72>: 7.300ns
The critical path consists of the following:
	bus request operation ('gmem_load_7_req', main.cpp:150->main.cpp:272) on port 'gmem' (main.cpp:150->main.cpp:272) [52]  (7.300 ns)

 <State 73>: 7.300ns
The critical path consists of the following:
	bus read operation ('gmem_addr_read', main.cpp:150->main.cpp:272) on port 'gmem' (main.cpp:150->main.cpp:272) [53]  (7.300 ns)

 <State 74>: 7.300ns
The critical path consists of the following:
	bus read operation ('gmem_addr_3_read', main.cpp:151->main.cpp:272) on port 'gmem' (main.cpp:151->main.cpp:272) [65]  (7.300 ns)

 <State 75>: 7.300ns
The critical path consists of the following:
	bus read operation ('gmem_addr_4_read', main.cpp:152->main.cpp:272) on port 'gmem' (main.cpp:152->main.cpp:272) [77]  (7.300 ns)

 <State 76>: 7.061ns
The critical path consists of the following:
	'lshr' operation ('lshr_ln152', main.cpp:152->main.cpp:272) [81]  (1.409 ns)
	multiplexor before operation 'sitodp' with delay (0.755 ns)
'sitodp' operation ('sig', main.cpp:152->main.cpp:272) [83]  (4.897 ns)

 <State 77>: 5.652ns
The critical path consists of the following:
	'sitodp' operation ('sig', main.cpp:152->main.cpp:272) [83]  (5.652 ns)

 <State 78>: 7.158ns
The critical path consists of the following:
	multiplexor before operation 'ddiv' with delay (0.755 ns)
'ddiv' operation ('overSig', main.cpp:153->main.cpp:272) [84]  (6.403 ns)

 <State 79>: 7.158ns
The critical path consists of the following:
	'ddiv' operation ('overSig', main.cpp:153->main.cpp:272) [84]  (7.158 ns)

 <State 80>: 7.158ns
The critical path consists of the following:
	'ddiv' operation ('overSig', main.cpp:153->main.cpp:272) [84]  (7.158 ns)

 <State 81>: 7.158ns
The critical path consists of the following:
	'ddiv' operation ('overSig', main.cpp:153->main.cpp:272) [84]  (7.158 ns)

 <State 82>: 7.158ns
The critical path consists of the following:
	'ddiv' operation ('overSig', main.cpp:153->main.cpp:272) [84]  (7.158 ns)

 <State 83>: 7.158ns
The critical path consists of the following:
	'ddiv' operation ('overSig', main.cpp:153->main.cpp:272) [84]  (7.158 ns)

 <State 84>: 7.158ns
The critical path consists of the following:
	'ddiv' operation ('overSig', main.cpp:153->main.cpp:272) [84]  (7.158 ns)

 <State 85>: 7.158ns
The critical path consists of the following:
	'ddiv' operation ('overSig', main.cpp:153->main.cpp:272) [84]  (7.158 ns)

 <State 86>: 7.158ns
The critical path consists of the following:
	'ddiv' operation ('overSig', main.cpp:153->main.cpp:272) [84]  (7.158 ns)

 <State 87>: 7.158ns
The critical path consists of the following:
	'ddiv' operation ('overSig', main.cpp:153->main.cpp:272) [84]  (7.158 ns)

 <State 88>: 7.158ns
The critical path consists of the following:
	'ddiv' operation ('overSig', main.cpp:153->main.cpp:272) [84]  (7.158 ns)

 <State 89>: 7.158ns
The critical path consists of the following:
	'ddiv' operation ('overSig', main.cpp:153->main.cpp:272) [84]  (7.158 ns)

 <State 90>: 7.158ns
The critical path consists of the following:
	'ddiv' operation ('overSig', main.cpp:153->main.cpp:272) [84]  (7.158 ns)

 <State 91>: 5.580ns
The critical path consists of the following:
	multiplexor before operation 'dmul' with delay (0.657 ns)
'dmul' operation ('t', main.cpp:157->main.cpp:272) [86]  (4.923 ns)

 <State 92>: 5.580ns
The critical path consists of the following:
	'dmul' operation ('t', main.cpp:157->main.cpp:272) [86]  (5.580 ns)

 <State 93>: 5.580ns
The critical path consists of the following:
	'dmul' operation ('t', main.cpp:157->main.cpp:272) [86]  (5.580 ns)

 <State 94>: 5.580ns
The critical path consists of the following:
	'dmul' operation ('t', main.cpp:157->main.cpp:272) [86]  (5.580 ns)

 <State 95>: 5.580ns
The critical path consists of the following:
	multiplexor before operation 'dmul' with delay (0.657 ns)
'dmul' operation ('mul14_i', main.cpp:159->main.cpp:272) [87]  (4.923 ns)

 <State 96>: 5.580ns
The critical path consists of the following:
	'dmul' operation ('mul14_i', main.cpp:159->main.cpp:272) [87]  (5.580 ns)

 <State 97>: 5.580ns
The critical path consists of the following:
	'dmul' operation ('mul14_i', main.cpp:159->main.cpp:272) [87]  (5.580 ns)

 <State 98>: 5.580ns
The critical path consists of the following:
	'dmul' operation ('mul14_i', main.cpp:159->main.cpp:272) [87]  (5.580 ns)

 <State 99>: 5.580ns
The critical path consists of the following:
	'dmul' operation ('tempOverSigSquared', main.cpp:163->main.cpp:272) [93]  (5.580 ns)

 <State 100>: 5.158ns
The critical path consists of the following:
	'dadd' operation ('Stt', main.cpp:159->main.cpp:272) [88]  (5.158 ns)

 <State 101>: 5.158ns
The critical path consists of the following:
	'dadd' operation ('Stt', main.cpp:159->main.cpp:272) [88]  (5.158 ns)

 <State 102>: 5.618ns
The critical path consists of the following:
	'dadd' operation ('Stt', main.cpp:159->main.cpp:272) [88]  (5.158 ns)
	'store' operation ('store_ln148', main.cpp:148->main.cpp:272) of variable 'Stt', main.cpp:159->main.cpp:272 on local variable 'Stt' [96]  (0.460 ns)

 <State 103>: 5.618ns
The critical path consists of the following:
	'dadd' operation ('term2', main.cpp:165->main.cpp:272) [94]  (5.158 ns)
	'store' operation ('store_ln148', main.cpp:148->main.cpp:272) of variable 'term2', main.cpp:165->main.cpp:272 on local variable 'term2' [97]  (0.460 ns)


============================================================
+ Verbose Summary: Binding
============================================================
N/A
* FSMD analyzer results:
  - Output states:
 - Input state : 
  - Chain level:
	State 1
	State 2
	State 3
	State 4
	State 5
	State 6
	State 7
	State 8
	State 9
	State 10
	State 11
	State 12
	State 13
	State 14
	State 15
	State 16
	State 17
	State 18
	State 19
	State 20
	State 21
	State 22
	State 23
	State 24
	State 25
	State 26
	State 27
	State 28
	State 29
	State 30
	State 31
	State 32
	State 33
	State 34
	State 35
	State 36
	State 37
	State 38
	State 39
	State 40
	State 41
	State 42
	State 43
	State 44
	State 45
	State 46
	State 47
	State 48
	State 49
	State 50
	State 51
	State 52
	State 53
	State 54
	State 55
	State 56
	State 57
	State 58
	State 59
	State 60
	State 61
	State 62
	State 63
	State 64
	State 65
	State 66
	State 67
	State 68
	State 69
	State 70
	State 71
	State 72
	State 73
	State 74
	State 75
	State 76
	State 77
	State 78
	State 79
	State 80
	State 81
	State 82
	State 83
	State 84
	State 85
	State 86
	State 87
	State 88
	State 89
	State 90
	State 91
	State 92
	State 93
	State 94
	State 95
	State 96
	State 97
	State 98
	State 99
	State 100
	State 101
	State 102
	State 103


============================================================
+ Verbose Summary: Datapath Resource usage 
============================================================
N/A
