

================================================================
== Vitis HLS Report for 'fit_Pipeline_VITIS_LOOP_204_1'
================================================================
* Date:           Thu Feb 27 15:44:17 2025

* Version:        2023.1 (Build 3854077 on May  4 2023)
* Project:        hls_fit
* Solution:       solution2 (Vitis Kernel Flow Target)
* Product family: virtexuplus
* Target device:  xcvu11p-flga2577-1-e


================================================================
== Performance Estimates
================================================================
+ Timing: 
    * Summary: 
    +--------+----------+----------+------------+
    |  Clock |  Target  | Estimated| Uncertainty|
    +--------+----------+----------+------------+
    |ap_clk  |  10.00 ns|  7.300 ns|     2.70 ns|
    +--------+----------+----------+------------+

+ Latency: 
    * Summary: 
    +---------+---------+-----------+-----------+------+------+---------+
    |  Latency (cycles) |   Latency (absolute)  |   Interval  | Pipeline|
    |   min   |   max   |    min    |    max    |  min |  max |   Type  |
    +---------+---------+-----------+-----------+------+------+---------+
    |     4179|     4179|  41.790 us|  41.790 us|  4179|  4179|       no|
    +---------+---------+-----------+-----------+------+------+---------+

    + Detail: 
        * Instance: 
        N/A

        * Loop: 
        +--------------------+---------+---------+----------+-----------+-----------+------+----------+
        |                    |  Latency (cycles) | Iteration|  Initiation Interval  | Trip |          |
        |      Loop Name     |   min   |   max   |  Latency |  achieved |   target  | Count| Pipelined|
        +--------------------+---------+---------+----------+-----------+-----------+------+----------+
        |- VITIS_LOOP_204_1  |     4177|     4177|        95|          3|          1|  1362|       yes|
        +--------------------+---------+---------+----------+-----------+-----------+------+----------+

============================================================
+ Verbose Summary: Synthesis Manager
============================================================
InlineROM: 1
ExposeGlobal: 0
============================================================
+ Verbose Summary: CDFG Model
============================================================
IsTopModel: 0
ResetActiveHigh: 1
IsCombinational: 0
IsDatapathOnly: 0
HasWiredReturn: 1
HasMFsm: 2
HasVarLatency: 1
IsPipeline: 0
IsRtlPipelined: 0
IsInstanceOverlapped: 0
IsDontTouch: 0
HasImplIP: 0
IsGatedGlobalClock: 0

+ Individual pipeline summary: 
  * Pipeline-0: initiation interval (II) = 3, depth = 95


============================================================
+ Verbose Summary: Schedule
============================================================
* Number of FSM states : 95
* Pipeline : 1
  Pipeline-0 : II = 3, D = 95, States = { 1 2 3 4 5 6 7 8 9 10 11 12 13 14 15 16 17 18 19 20 21 22 23 24 25 26 27 28 29 30 31 32 33 34 35 36 37 38 39 40 41 42 43 44 45 46 47 48 49 50 51 52 53 54 55 56 57 58 59 60 61 62 63 64 65 66 67 68 69 70 71 72 73 74 75 76 77 78 79 80 81 82 83 84 85 86 87 88 89 90 91 92 93 94 95 }
* Dataflow Pipeline: 0

* FSM state transitions: 
1 --> 2 
2 --> 3 
3 --> 4 
4 --> 5 
5 --> 6 
6 --> 7 
7 --> 8 
8 --> 9 
9 --> 10 
10 --> 11 
11 --> 12 
12 --> 13 
13 --> 14 
14 --> 15 
15 --> 16 
16 --> 17 
17 --> 18 
18 --> 19 
19 --> 20 
20 --> 21 
21 --> 22 
22 --> 23 
23 --> 24 
24 --> 25 
25 --> 26 
26 --> 27 
27 --> 28 
28 --> 29 
29 --> 30 
30 --> 31 
31 --> 32 
32 --> 33 
33 --> 34 
34 --> 35 
35 --> 36 
36 --> 37 
37 --> 38 
38 --> 39 
39 --> 40 
40 --> 41 
41 --> 42 
42 --> 43 
43 --> 44 
44 --> 45 
45 --> 46 
46 --> 47 
47 --> 48 
48 --> 49 
49 --> 50 
50 --> 51 
51 --> 52 
52 --> 53 
53 --> 54 
54 --> 55 
55 --> 56 
56 --> 57 
57 --> 58 
58 --> 59 
59 --> 60 
60 --> 61 
61 --> 62 
62 --> 63 
63 --> 64 
64 --> 65 
65 --> 66 
66 --> 67 
67 --> 68 
68 --> 69 
69 --> 70 
70 --> 71 
71 --> 72 
72 --> 73 
73 --> 74 
74 --> 75 
75 --> 76 
76 --> 77 
77 --> 78 
78 --> 79 
79 --> 80 
80 --> 81 
81 --> 82 
82 --> 83 
83 --> 84 
84 --> 85 
85 --> 86 
86 --> 87 
87 --> 88 
88 --> 89 
89 --> 90 
90 --> 91 
91 --> 92 
92 --> 93 
93 --> 94 
94 --> 95 
95 --> 

* FSM state operations: 

State 1 <SV = 0> <Delay = 1.34>
ST_1 : Operation 98 [1/1] (0.00ns)   --->   "%shiftreg49 = alloca i32 1"   --->   Operation 98 'alloca' 'shiftreg49' <Predicate = true> <Delay = 0.00>
ST_1 : Operation 99 [1/1] (0.00ns)   --->   "%shiftreg = alloca i32 1"   --->   Operation 99 'alloca' 'shiftreg' <Predicate = true> <Delay = 0.00>
ST_1 : Operation 100 [1/1] (0.00ns)   --->   "%f_1 = alloca i32 1"   --->   Operation 100 'alloca' 'f_1' <Predicate = true> <Delay = 0.00>
ST_1 : Operation 101 [1/1] (0.00ns)   --->   "%i_1 = alloca i32 1"   --->   Operation 101 'alloca' 'i_1' <Predicate = true> <Delay = 0.00>
ST_1 : Operation 102 [1/1] (0.00ns)   --->   "%sext_ln204_1_read = read i60 @_ssdm_op_Read.ap_auto.i60, i60 %sext_ln204_1"   --->   Operation 102 'read' 'sext_ln204_1_read' <Predicate = true> <Delay = 0.00>
ST_1 : Operation 103 [1/1] (0.00ns)   --->   "%sext_ln204_read = read i60 @_ssdm_op_Read.ap_auto.i60, i60 %sext_ln204"   --->   Operation 103 'read' 'sext_ln204_read' <Predicate = true> <Delay = 0.00>
ST_1 : Operation 104 [1/1] (0.00ns)   --->   "%b_read = read i64 @_ssdm_op_Read.ap_auto.double, i64 %b"   --->   Operation 104 'read' 'b_read' <Predicate = true> <Delay = 0.00>
ST_1 : Operation 105 [1/1] (0.00ns)   --->   "%a_read = read i64 @_ssdm_op_Read.ap_auto.double, i64 %a"   --->   Operation 105 'read' 'a_read' <Predicate = true> <Delay = 0.00>
ST_1 : Operation 106 [1/1] (0.00ns)   --->   "%sext_ln204_1_cast = sext i60 %sext_ln204_1_read"   --->   Operation 106 'sext' 'sext_ln204_1_cast' <Predicate = true> <Delay = 0.00>
ST_1 : Operation 107 [1/1] (0.00ns)   --->   "%sext_ln204_cast = sext i60 %sext_ln204_read"   --->   Operation 107 'sext' 'sext_ln204_cast' <Predicate = true> <Delay = 0.00>
ST_1 : Operation 108 [1/1] (0.00ns)   --->   "%specinterface_ln0 = specinterface void @_ssdm_op_SpecInterface, i128 %gmem, void @empty_14, i32 0, i32 0, void @empty_10, i32 64, i32 0, void @empty, void @empty_1, void @empty_10, i32 16, i32 16, i32 16, i32 16, void @empty_10, void @empty_10, i32 4294967295, i32 0"   --->   Operation 108 'specinterface' 'specinterface_ln0' <Predicate = true> <Delay = 0.00>
ST_1 : Operation 109 [1/1] (0.46ns)   --->   "%store_ln0 = store i11 0, i11 %i_1"   --->   Operation 109 'store' 'store_ln0' <Predicate = true> <Delay = 0.46>
ST_1 : Operation 110 [1/1] (0.46ns)   --->   "%store_ln0 = store i64 0, i64 %f_1"   --->   Operation 110 'store' 'store_ln0' <Predicate = true> <Delay = 0.46>
ST_1 : Operation 111 [1/1] (0.46ns)   --->   "%store_ln0 = store i64 0, i64 %shiftreg"   --->   Operation 111 'store' 'store_ln0' <Predicate = true> <Delay = 0.46>
ST_1 : Operation 112 [1/1] (0.46ns)   --->   "%store_ln0 = store i64 0, i64 %shiftreg49"   --->   Operation 112 'store' 'store_ln0' <Predicate = true> <Delay = 0.46>
ST_1 : Operation 113 [1/1] (0.00ns)   --->   "%br_ln0 = br void %for.inc.i9"   --->   Operation 113 'br' 'br_ln0' <Predicate = true> <Delay = 0.00>
ST_1 : Operation 114 [1/1] (0.00ns)   --->   "%i = load i11 %i_1"   --->   Operation 114 'load' 'i' <Predicate = true> <Delay = 0.00>
ST_1 : Operation 115 [1/1] (0.00ns)   --->   "%specbitsmap_ln0 = specbitsmap void @_ssdm_op_SpecBitsMap, i128 %gmem"   --->   Operation 115 'specbitsmap' 'specbitsmap_ln0' <Predicate = true> <Delay = 0.00>
ST_1 : Operation 116 [1/1] (0.00ns)   --->   "%specpipeline_ln0 = specpipeline void @_ssdm_op_SpecPipeline, i32 4294967295, i32 0, i32 1, i32 0, void @p_str2"   --->   Operation 116 'specpipeline' 'specpipeline_ln0' <Predicate = true> <Delay = 0.00>
ST_1 : Operation 117 [1/1] (0.96ns)   --->   "%icmp_ln204 = icmp_eq  i11 %i, i11 1362" [main.cpp:204->main.cpp:268]   --->   Operation 117 'icmp' 'icmp_ln204' <Predicate = true> <Delay = 0.96> <CoreInst = "Cmp">   --->   Core 9 'Cmp' <Latency = 0> <II = 1> <Delay = 0.96> <FuncUnit> <Opcode : 'icmp'> <InPorts = 2> <OutPorts = 1>
ST_1 : Operation 118 [1/1] (0.96ns)   --->   "%add_ln204 = add i11 %i, i11 1" [main.cpp:204->main.cpp:268]   --->   Operation 118 'add' 'add_ln204' <Predicate = true> <Delay = 0.96> <CoreInst = "Adder">   --->   Core 1 'Adder' <Latency = 0> <II = 1> <Delay = 0.96> <FuncUnit> <Opcode : 'add' 'sub'> <InPorts = 2> <OutPorts = 1>
ST_1 : Operation 119 [1/1] (0.00ns)   --->   "%br_ln204 = br i1 %icmp_ln204, void %for.inc.i9.split, void %calc_distance.exit.exitStub" [main.cpp:204->main.cpp:268]   --->   Operation 119 'br' 'br_ln204' <Predicate = true> <Delay = 0.00>
ST_1 : Operation 120 [1/1] (0.00ns)   --->   "%empty_28 = trunc i11 %i"   --->   Operation 120 'trunc' 'empty_28' <Predicate = (!icmp_ln204)> <Delay = 0.00>
ST_1 : Operation 121 [1/1] (0.00ns)   --->   "%lshr_ln = partselect i10 @_ssdm_op_PartSelect.i10.i11.i32.i32, i11 %i, i32 1, i32 10" [main.cpp:206->main.cpp:268]   --->   Operation 121 'partselect' 'lshr_ln' <Predicate = (!icmp_ln204)> <Delay = 0.00>
ST_1 : Operation 122 [1/1] (0.00ns)   --->   "%zext_ln206 = zext i10 %lshr_ln" [main.cpp:206->main.cpp:268]   --->   Operation 122 'zext' 'zext_ln206' <Predicate = (!icmp_ln204)> <Delay = 0.00>
ST_1 : Operation 123 [1/1] (1.34ns)   --->   "%add_ln206 = add i61 %zext_ln206, i61 %sext_ln204_cast" [main.cpp:206->main.cpp:268]   --->   Operation 123 'add' 'add_ln206' <Predicate = (!icmp_ln204 & !empty_28)> <Delay = 1.34> <CoreInst = "Adder">   --->   Core 1 'Adder' <Latency = 0> <II = 1> <Delay = 1.34> <FuncUnit> <Opcode : 'add' 'sub'> <InPorts = 2> <OutPorts = 1>
ST_1 : Operation 124 [1/1] (1.34ns)   --->   "%add_ln207 = add i61 %zext_ln206, i61 %sext_ln204_1_cast" [main.cpp:207->main.cpp:268]   --->   Operation 124 'add' 'add_ln207' <Predicate = (!icmp_ln204 & !empty_28)> <Delay = 1.34> <CoreInst = "Adder">   --->   Core 1 'Adder' <Latency = 0> <II = 1> <Delay = 1.34> <FuncUnit> <Opcode : 'add' 'sub'> <InPorts = 2> <OutPorts = 1>

State 2 <SV = 1> <Delay = 7.30>
ST_2 : Operation 125 [1/1] (0.00ns)   --->   "%sext_ln206 = sext i61 %add_ln206" [main.cpp:206->main.cpp:268]   --->   Operation 125 'sext' 'sext_ln206' <Predicate = (!icmp_ln204 & !empty_28)> <Delay = 0.00>
ST_2 : Operation 126 [1/1] (0.00ns)   --->   "%gmem_addr = getelementptr i128 %gmem, i64 %sext_ln206" [main.cpp:206->main.cpp:268]   --->   Operation 126 'getelementptr' 'gmem_addr' <Predicate = (!icmp_ln204 & !empty_28)> <Delay = 0.00>
ST_2 : Operation 127 [71/71] (7.30ns)   --->   "%gmem_load_2_req = readreq i1 @_ssdm_op_ReadReq.m_axi.i128P1A, i128 %gmem_addr, i32 1" [main.cpp:206->main.cpp:268]   --->   Operation 127 'readreq' 'gmem_load_2_req' <Predicate = (!icmp_ln204 & !empty_28)> <Delay = 7.30> <CoreInst = "m_axi">   --->   Core 121 'm_axi' <Latency = 0> <II = 1> <Delay = 1.00> <Adapter> <Opcode : 'read' 'write' 'readreq' 'writereq' 'writeresp'>

State 3 <SV = 2> <Delay = 7.30>
ST_3 : Operation 128 [70/71] (7.30ns)   --->   "%gmem_load_2_req = readreq i1 @_ssdm_op_ReadReq.m_axi.i128P1A, i128 %gmem_addr, i32 1" [main.cpp:206->main.cpp:268]   --->   Operation 128 'readreq' 'gmem_load_2_req' <Predicate = (!icmp_ln204 & !empty_28)> <Delay = 7.30> <CoreInst = "m_axi">   --->   Core 121 'm_axi' <Latency = 0> <II = 1> <Delay = 1.00> <Adapter> <Opcode : 'read' 'write' 'readreq' 'writereq' 'writeresp'>
ST_3 : Operation 129 [1/1] (0.00ns)   --->   "%sext_ln207 = sext i61 %add_ln207" [main.cpp:207->main.cpp:268]   --->   Operation 129 'sext' 'sext_ln207' <Predicate = (!icmp_ln204 & !empty_28)> <Delay = 0.00>
ST_3 : Operation 130 [1/1] (0.00ns)   --->   "%gmem_addr_2 = getelementptr i128 %gmem, i64 %sext_ln207" [main.cpp:207->main.cpp:268]   --->   Operation 130 'getelementptr' 'gmem_addr_2' <Predicate = (!icmp_ln204 & !empty_28)> <Delay = 0.00>
ST_3 : Operation 131 [71/71] (7.30ns)   --->   "%gmem_load_3_req = readreq i1 @_ssdm_op_ReadReq.m_axi.i128P1A, i128 %gmem_addr_2, i32 1" [main.cpp:207->main.cpp:268]   --->   Operation 131 'readreq' 'gmem_load_3_req' <Predicate = (!icmp_ln204 & !empty_28)> <Delay = 7.30> <CoreInst = "m_axi">   --->   Core 121 'm_axi' <Latency = 0> <II = 1> <Delay = 1.00> <Adapter> <Opcode : 'read' 'write' 'readreq' 'writereq' 'writeresp'>
ST_3 : Operation 132 [1/1] (0.46ns)   --->   "%store_ln204 = store i11 %add_ln204, i11 %i_1" [main.cpp:204->main.cpp:268]   --->   Operation 132 'store' 'store_ln204' <Predicate = (!icmp_ln204)> <Delay = 0.46>

State 4 <SV = 3> <Delay = 7.30>
ST_4 : Operation 133 [69/71] (7.30ns)   --->   "%gmem_load_2_req = readreq i1 @_ssdm_op_ReadReq.m_axi.i128P1A, i128 %gmem_addr, i32 1" [main.cpp:206->main.cpp:268]   --->   Operation 133 'readreq' 'gmem_load_2_req' <Predicate = (!icmp_ln204 & !empty_28)> <Delay = 7.30> <CoreInst = "m_axi">   --->   Core 121 'm_axi' <Latency = 0> <II = 1> <Delay = 1.00> <Adapter> <Opcode : 'read' 'write' 'readreq' 'writereq' 'writeresp'>
ST_4 : Operation 134 [70/71] (7.30ns)   --->   "%gmem_load_3_req = readreq i1 @_ssdm_op_ReadReq.m_axi.i128P1A, i128 %gmem_addr_2, i32 1" [main.cpp:207->main.cpp:268]   --->   Operation 134 'readreq' 'gmem_load_3_req' <Predicate = (!icmp_ln204 & !empty_28)> <Delay = 7.30> <CoreInst = "m_axi">   --->   Core 121 'm_axi' <Latency = 0> <II = 1> <Delay = 1.00> <Adapter> <Opcode : 'read' 'write' 'readreq' 'writereq' 'writeresp'>

State 5 <SV = 4> <Delay = 7.30>
ST_5 : Operation 135 [68/71] (7.30ns)   --->   "%gmem_load_2_req = readreq i1 @_ssdm_op_ReadReq.m_axi.i128P1A, i128 %gmem_addr, i32 1" [main.cpp:206->main.cpp:268]   --->   Operation 135 'readreq' 'gmem_load_2_req' <Predicate = (!icmp_ln204 & !empty_28)> <Delay = 7.30> <CoreInst = "m_axi">   --->   Core 121 'm_axi' <Latency = 0> <II = 1> <Delay = 1.00> <Adapter> <Opcode : 'read' 'write' 'readreq' 'writereq' 'writeresp'>
ST_5 : Operation 136 [69/71] (7.30ns)   --->   "%gmem_load_3_req = readreq i1 @_ssdm_op_ReadReq.m_axi.i128P1A, i128 %gmem_addr_2, i32 1" [main.cpp:207->main.cpp:268]   --->   Operation 136 'readreq' 'gmem_load_3_req' <Predicate = (!icmp_ln204 & !empty_28)> <Delay = 7.30> <CoreInst = "m_axi">   --->   Core 121 'm_axi' <Latency = 0> <II = 1> <Delay = 1.00> <Adapter> <Opcode : 'read' 'write' 'readreq' 'writereq' 'writeresp'>

State 6 <SV = 5> <Delay = 7.30>
ST_6 : Operation 137 [67/71] (7.30ns)   --->   "%gmem_load_2_req = readreq i1 @_ssdm_op_ReadReq.m_axi.i128P1A, i128 %gmem_addr, i32 1" [main.cpp:206->main.cpp:268]   --->   Operation 137 'readreq' 'gmem_load_2_req' <Predicate = (!icmp_ln204 & !empty_28)> <Delay = 7.30> <CoreInst = "m_axi">   --->   Core 121 'm_axi' <Latency = 0> <II = 1> <Delay = 1.00> <Adapter> <Opcode : 'read' 'write' 'readreq' 'writereq' 'writeresp'>
ST_6 : Operation 138 [68/71] (7.30ns)   --->   "%gmem_load_3_req = readreq i1 @_ssdm_op_ReadReq.m_axi.i128P1A, i128 %gmem_addr_2, i32 1" [main.cpp:207->main.cpp:268]   --->   Operation 138 'readreq' 'gmem_load_3_req' <Predicate = (!icmp_ln204 & !empty_28)> <Delay = 7.30> <CoreInst = "m_axi">   --->   Core 121 'm_axi' <Latency = 0> <II = 1> <Delay = 1.00> <Adapter> <Opcode : 'read' 'write' 'readreq' 'writereq' 'writeresp'>

State 7 <SV = 6> <Delay = 7.30>
ST_7 : Operation 139 [66/71] (7.30ns)   --->   "%gmem_load_2_req = readreq i1 @_ssdm_op_ReadReq.m_axi.i128P1A, i128 %gmem_addr, i32 1" [main.cpp:206->main.cpp:268]   --->   Operation 139 'readreq' 'gmem_load_2_req' <Predicate = (!icmp_ln204 & !empty_28)> <Delay = 7.30> <CoreInst = "m_axi">   --->   Core 121 'm_axi' <Latency = 0> <II = 1> <Delay = 1.00> <Adapter> <Opcode : 'read' 'write' 'readreq' 'writereq' 'writeresp'>
ST_7 : Operation 140 [67/71] (7.30ns)   --->   "%gmem_load_3_req = readreq i1 @_ssdm_op_ReadReq.m_axi.i128P1A, i128 %gmem_addr_2, i32 1" [main.cpp:207->main.cpp:268]   --->   Operation 140 'readreq' 'gmem_load_3_req' <Predicate = (!icmp_ln204 & !empty_28)> <Delay = 7.30> <CoreInst = "m_axi">   --->   Core 121 'm_axi' <Latency = 0> <II = 1> <Delay = 1.00> <Adapter> <Opcode : 'read' 'write' 'readreq' 'writereq' 'writeresp'>

State 8 <SV = 7> <Delay = 7.30>
ST_8 : Operation 141 [65/71] (7.30ns)   --->   "%gmem_load_2_req = readreq i1 @_ssdm_op_ReadReq.m_axi.i128P1A, i128 %gmem_addr, i32 1" [main.cpp:206->main.cpp:268]   --->   Operation 141 'readreq' 'gmem_load_2_req' <Predicate = (!icmp_ln204 & !empty_28)> <Delay = 7.30> <CoreInst = "m_axi">   --->   Core 121 'm_axi' <Latency = 0> <II = 1> <Delay = 1.00> <Adapter> <Opcode : 'read' 'write' 'readreq' 'writereq' 'writeresp'>
ST_8 : Operation 142 [66/71] (7.30ns)   --->   "%gmem_load_3_req = readreq i1 @_ssdm_op_ReadReq.m_axi.i128P1A, i128 %gmem_addr_2, i32 1" [main.cpp:207->main.cpp:268]   --->   Operation 142 'readreq' 'gmem_load_3_req' <Predicate = (!icmp_ln204 & !empty_28)> <Delay = 7.30> <CoreInst = "m_axi">   --->   Core 121 'm_axi' <Latency = 0> <II = 1> <Delay = 1.00> <Adapter> <Opcode : 'read' 'write' 'readreq' 'writereq' 'writeresp'>

State 9 <SV = 8> <Delay = 7.30>
ST_9 : Operation 143 [64/71] (7.30ns)   --->   "%gmem_load_2_req = readreq i1 @_ssdm_op_ReadReq.m_axi.i128P1A, i128 %gmem_addr, i32 1" [main.cpp:206->main.cpp:268]   --->   Operation 143 'readreq' 'gmem_load_2_req' <Predicate = (!icmp_ln204 & !empty_28)> <Delay = 7.30> <CoreInst = "m_axi">   --->   Core 121 'm_axi' <Latency = 0> <II = 1> <Delay = 1.00> <Adapter> <Opcode : 'read' 'write' 'readreq' 'writereq' 'writeresp'>
ST_9 : Operation 144 [65/71] (7.30ns)   --->   "%gmem_load_3_req = readreq i1 @_ssdm_op_ReadReq.m_axi.i128P1A, i128 %gmem_addr_2, i32 1" [main.cpp:207->main.cpp:268]   --->   Operation 144 'readreq' 'gmem_load_3_req' <Predicate = (!icmp_ln204 & !empty_28)> <Delay = 7.30> <CoreInst = "m_axi">   --->   Core 121 'm_axi' <Latency = 0> <II = 1> <Delay = 1.00> <Adapter> <Opcode : 'read' 'write' 'readreq' 'writereq' 'writeresp'>

State 10 <SV = 9> <Delay = 7.30>
ST_10 : Operation 145 [63/71] (7.30ns)   --->   "%gmem_load_2_req = readreq i1 @_ssdm_op_ReadReq.m_axi.i128P1A, i128 %gmem_addr, i32 1" [main.cpp:206->main.cpp:268]   --->   Operation 145 'readreq' 'gmem_load_2_req' <Predicate = (!icmp_ln204 & !empty_28)> <Delay = 7.30> <CoreInst = "m_axi">   --->   Core 121 'm_axi' <Latency = 0> <II = 1> <Delay = 1.00> <Adapter> <Opcode : 'read' 'write' 'readreq' 'writereq' 'writeresp'>
ST_10 : Operation 146 [64/71] (7.30ns)   --->   "%gmem_load_3_req = readreq i1 @_ssdm_op_ReadReq.m_axi.i128P1A, i128 %gmem_addr_2, i32 1" [main.cpp:207->main.cpp:268]   --->   Operation 146 'readreq' 'gmem_load_3_req' <Predicate = (!icmp_ln204 & !empty_28)> <Delay = 7.30> <CoreInst = "m_axi">   --->   Core 121 'm_axi' <Latency = 0> <II = 1> <Delay = 1.00> <Adapter> <Opcode : 'read' 'write' 'readreq' 'writereq' 'writeresp'>

State 11 <SV = 10> <Delay = 7.30>
ST_11 : Operation 147 [62/71] (7.30ns)   --->   "%gmem_load_2_req = readreq i1 @_ssdm_op_ReadReq.m_axi.i128P1A, i128 %gmem_addr, i32 1" [main.cpp:206->main.cpp:268]   --->   Operation 147 'readreq' 'gmem_load_2_req' <Predicate = (!icmp_ln204 & !empty_28)> <Delay = 7.30> <CoreInst = "m_axi">   --->   Core 121 'm_axi' <Latency = 0> <II = 1> <Delay = 1.00> <Adapter> <Opcode : 'read' 'write' 'readreq' 'writereq' 'writeresp'>
ST_11 : Operation 148 [63/71] (7.30ns)   --->   "%gmem_load_3_req = readreq i1 @_ssdm_op_ReadReq.m_axi.i128P1A, i128 %gmem_addr_2, i32 1" [main.cpp:207->main.cpp:268]   --->   Operation 148 'readreq' 'gmem_load_3_req' <Predicate = (!icmp_ln204 & !empty_28)> <Delay = 7.30> <CoreInst = "m_axi">   --->   Core 121 'm_axi' <Latency = 0> <II = 1> <Delay = 1.00> <Adapter> <Opcode : 'read' 'write' 'readreq' 'writereq' 'writeresp'>

State 12 <SV = 11> <Delay = 7.30>
ST_12 : Operation 149 [61/71] (7.30ns)   --->   "%gmem_load_2_req = readreq i1 @_ssdm_op_ReadReq.m_axi.i128P1A, i128 %gmem_addr, i32 1" [main.cpp:206->main.cpp:268]   --->   Operation 149 'readreq' 'gmem_load_2_req' <Predicate = (!icmp_ln204 & !empty_28)> <Delay = 7.30> <CoreInst = "m_axi">   --->   Core 121 'm_axi' <Latency = 0> <II = 1> <Delay = 1.00> <Adapter> <Opcode : 'read' 'write' 'readreq' 'writereq' 'writeresp'>
ST_12 : Operation 150 [62/71] (7.30ns)   --->   "%gmem_load_3_req = readreq i1 @_ssdm_op_ReadReq.m_axi.i128P1A, i128 %gmem_addr_2, i32 1" [main.cpp:207->main.cpp:268]   --->   Operation 150 'readreq' 'gmem_load_3_req' <Predicate = (!icmp_ln204 & !empty_28)> <Delay = 7.30> <CoreInst = "m_axi">   --->   Core 121 'm_axi' <Latency = 0> <II = 1> <Delay = 1.00> <Adapter> <Opcode : 'read' 'write' 'readreq' 'writereq' 'writeresp'>

State 13 <SV = 12> <Delay = 7.30>
ST_13 : Operation 151 [60/71] (7.30ns)   --->   "%gmem_load_2_req = readreq i1 @_ssdm_op_ReadReq.m_axi.i128P1A, i128 %gmem_addr, i32 1" [main.cpp:206->main.cpp:268]   --->   Operation 151 'readreq' 'gmem_load_2_req' <Predicate = (!icmp_ln204 & !empty_28)> <Delay = 7.30> <CoreInst = "m_axi">   --->   Core 121 'm_axi' <Latency = 0> <II = 1> <Delay = 1.00> <Adapter> <Opcode : 'read' 'write' 'readreq' 'writereq' 'writeresp'>
ST_13 : Operation 152 [61/71] (7.30ns)   --->   "%gmem_load_3_req = readreq i1 @_ssdm_op_ReadReq.m_axi.i128P1A, i128 %gmem_addr_2, i32 1" [main.cpp:207->main.cpp:268]   --->   Operation 152 'readreq' 'gmem_load_3_req' <Predicate = (!icmp_ln204 & !empty_28)> <Delay = 7.30> <CoreInst = "m_axi">   --->   Core 121 'm_axi' <Latency = 0> <II = 1> <Delay = 1.00> <Adapter> <Opcode : 'read' 'write' 'readreq' 'writereq' 'writeresp'>

State 14 <SV = 13> <Delay = 7.30>
ST_14 : Operation 153 [59/71] (7.30ns)   --->   "%gmem_load_2_req = readreq i1 @_ssdm_op_ReadReq.m_axi.i128P1A, i128 %gmem_addr, i32 1" [main.cpp:206->main.cpp:268]   --->   Operation 153 'readreq' 'gmem_load_2_req' <Predicate = (!icmp_ln204 & !empty_28)> <Delay = 7.30> <CoreInst = "m_axi">   --->   Core 121 'm_axi' <Latency = 0> <II = 1> <Delay = 1.00> <Adapter> <Opcode : 'read' 'write' 'readreq' 'writereq' 'writeresp'>
ST_14 : Operation 154 [60/71] (7.30ns)   --->   "%gmem_load_3_req = readreq i1 @_ssdm_op_ReadReq.m_axi.i128P1A, i128 %gmem_addr_2, i32 1" [main.cpp:207->main.cpp:268]   --->   Operation 154 'readreq' 'gmem_load_3_req' <Predicate = (!icmp_ln204 & !empty_28)> <Delay = 7.30> <CoreInst = "m_axi">   --->   Core 121 'm_axi' <Latency = 0> <II = 1> <Delay = 1.00> <Adapter> <Opcode : 'read' 'write' 'readreq' 'writereq' 'writeresp'>

State 15 <SV = 14> <Delay = 7.30>
ST_15 : Operation 155 [58/71] (7.30ns)   --->   "%gmem_load_2_req = readreq i1 @_ssdm_op_ReadReq.m_axi.i128P1A, i128 %gmem_addr, i32 1" [main.cpp:206->main.cpp:268]   --->   Operation 155 'readreq' 'gmem_load_2_req' <Predicate = (!icmp_ln204 & !empty_28)> <Delay = 7.30> <CoreInst = "m_axi">   --->   Core 121 'm_axi' <Latency = 0> <II = 1> <Delay = 1.00> <Adapter> <Opcode : 'read' 'write' 'readreq' 'writereq' 'writeresp'>
ST_15 : Operation 156 [59/71] (7.30ns)   --->   "%gmem_load_3_req = readreq i1 @_ssdm_op_ReadReq.m_axi.i128P1A, i128 %gmem_addr_2, i32 1" [main.cpp:207->main.cpp:268]   --->   Operation 156 'readreq' 'gmem_load_3_req' <Predicate = (!icmp_ln204 & !empty_28)> <Delay = 7.30> <CoreInst = "m_axi">   --->   Core 121 'm_axi' <Latency = 0> <II = 1> <Delay = 1.00> <Adapter> <Opcode : 'read' 'write' 'readreq' 'writereq' 'writeresp'>

State 16 <SV = 15> <Delay = 7.30>
ST_16 : Operation 157 [57/71] (7.30ns)   --->   "%gmem_load_2_req = readreq i1 @_ssdm_op_ReadReq.m_axi.i128P1A, i128 %gmem_addr, i32 1" [main.cpp:206->main.cpp:268]   --->   Operation 157 'readreq' 'gmem_load_2_req' <Predicate = (!icmp_ln204 & !empty_28)> <Delay = 7.30> <CoreInst = "m_axi">   --->   Core 121 'm_axi' <Latency = 0> <II = 1> <Delay = 1.00> <Adapter> <Opcode : 'read' 'write' 'readreq' 'writereq' 'writeresp'>
ST_16 : Operation 158 [58/71] (7.30ns)   --->   "%gmem_load_3_req = readreq i1 @_ssdm_op_ReadReq.m_axi.i128P1A, i128 %gmem_addr_2, i32 1" [main.cpp:207->main.cpp:268]   --->   Operation 158 'readreq' 'gmem_load_3_req' <Predicate = (!icmp_ln204 & !empty_28)> <Delay = 7.30> <CoreInst = "m_axi">   --->   Core 121 'm_axi' <Latency = 0> <II = 1> <Delay = 1.00> <Adapter> <Opcode : 'read' 'write' 'readreq' 'writereq' 'writeresp'>

State 17 <SV = 16> <Delay = 7.30>
ST_17 : Operation 159 [56/71] (7.30ns)   --->   "%gmem_load_2_req = readreq i1 @_ssdm_op_ReadReq.m_axi.i128P1A, i128 %gmem_addr, i32 1" [main.cpp:206->main.cpp:268]   --->   Operation 159 'readreq' 'gmem_load_2_req' <Predicate = (!icmp_ln204 & !empty_28)> <Delay = 7.30> <CoreInst = "m_axi">   --->   Core 121 'm_axi' <Latency = 0> <II = 1> <Delay = 1.00> <Adapter> <Opcode : 'read' 'write' 'readreq' 'writereq' 'writeresp'>
ST_17 : Operation 160 [57/71] (7.30ns)   --->   "%gmem_load_3_req = readreq i1 @_ssdm_op_ReadReq.m_axi.i128P1A, i128 %gmem_addr_2, i32 1" [main.cpp:207->main.cpp:268]   --->   Operation 160 'readreq' 'gmem_load_3_req' <Predicate = (!icmp_ln204 & !empty_28)> <Delay = 7.30> <CoreInst = "m_axi">   --->   Core 121 'm_axi' <Latency = 0> <II = 1> <Delay = 1.00> <Adapter> <Opcode : 'read' 'write' 'readreq' 'writereq' 'writeresp'>

State 18 <SV = 17> <Delay = 7.30>
ST_18 : Operation 161 [55/71] (7.30ns)   --->   "%gmem_load_2_req = readreq i1 @_ssdm_op_ReadReq.m_axi.i128P1A, i128 %gmem_addr, i32 1" [main.cpp:206->main.cpp:268]   --->   Operation 161 'readreq' 'gmem_load_2_req' <Predicate = (!icmp_ln204 & !empty_28)> <Delay = 7.30> <CoreInst = "m_axi">   --->   Core 121 'm_axi' <Latency = 0> <II = 1> <Delay = 1.00> <Adapter> <Opcode : 'read' 'write' 'readreq' 'writereq' 'writeresp'>
ST_18 : Operation 162 [56/71] (7.30ns)   --->   "%gmem_load_3_req = readreq i1 @_ssdm_op_ReadReq.m_axi.i128P1A, i128 %gmem_addr_2, i32 1" [main.cpp:207->main.cpp:268]   --->   Operation 162 'readreq' 'gmem_load_3_req' <Predicate = (!icmp_ln204 & !empty_28)> <Delay = 7.30> <CoreInst = "m_axi">   --->   Core 121 'm_axi' <Latency = 0> <II = 1> <Delay = 1.00> <Adapter> <Opcode : 'read' 'write' 'readreq' 'writereq' 'writeresp'>

State 19 <SV = 18> <Delay = 7.30>
ST_19 : Operation 163 [54/71] (7.30ns)   --->   "%gmem_load_2_req = readreq i1 @_ssdm_op_ReadReq.m_axi.i128P1A, i128 %gmem_addr, i32 1" [main.cpp:206->main.cpp:268]   --->   Operation 163 'readreq' 'gmem_load_2_req' <Predicate = (!icmp_ln204 & !empty_28)> <Delay = 7.30> <CoreInst = "m_axi">   --->   Core 121 'm_axi' <Latency = 0> <II = 1> <Delay = 1.00> <Adapter> <Opcode : 'read' 'write' 'readreq' 'writereq' 'writeresp'>
ST_19 : Operation 164 [55/71] (7.30ns)   --->   "%gmem_load_3_req = readreq i1 @_ssdm_op_ReadReq.m_axi.i128P1A, i128 %gmem_addr_2, i32 1" [main.cpp:207->main.cpp:268]   --->   Operation 164 'readreq' 'gmem_load_3_req' <Predicate = (!icmp_ln204 & !empty_28)> <Delay = 7.30> <CoreInst = "m_axi">   --->   Core 121 'm_axi' <Latency = 0> <II = 1> <Delay = 1.00> <Adapter> <Opcode : 'read' 'write' 'readreq' 'writereq' 'writeresp'>

State 20 <SV = 19> <Delay = 7.30>
ST_20 : Operation 165 [53/71] (7.30ns)   --->   "%gmem_load_2_req = readreq i1 @_ssdm_op_ReadReq.m_axi.i128P1A, i128 %gmem_addr, i32 1" [main.cpp:206->main.cpp:268]   --->   Operation 165 'readreq' 'gmem_load_2_req' <Predicate = (!icmp_ln204 & !empty_28)> <Delay = 7.30> <CoreInst = "m_axi">   --->   Core 121 'm_axi' <Latency = 0> <II = 1> <Delay = 1.00> <Adapter> <Opcode : 'read' 'write' 'readreq' 'writereq' 'writeresp'>
ST_20 : Operation 166 [54/71] (7.30ns)   --->   "%gmem_load_3_req = readreq i1 @_ssdm_op_ReadReq.m_axi.i128P1A, i128 %gmem_addr_2, i32 1" [main.cpp:207->main.cpp:268]   --->   Operation 166 'readreq' 'gmem_load_3_req' <Predicate = (!icmp_ln204 & !empty_28)> <Delay = 7.30> <CoreInst = "m_axi">   --->   Core 121 'm_axi' <Latency = 0> <II = 1> <Delay = 1.00> <Adapter> <Opcode : 'read' 'write' 'readreq' 'writereq' 'writeresp'>

State 21 <SV = 20> <Delay = 7.30>
ST_21 : Operation 167 [52/71] (7.30ns)   --->   "%gmem_load_2_req = readreq i1 @_ssdm_op_ReadReq.m_axi.i128P1A, i128 %gmem_addr, i32 1" [main.cpp:206->main.cpp:268]   --->   Operation 167 'readreq' 'gmem_load_2_req' <Predicate = (!icmp_ln204 & !empty_28)> <Delay = 7.30> <CoreInst = "m_axi">   --->   Core 121 'm_axi' <Latency = 0> <II = 1> <Delay = 1.00> <Adapter> <Opcode : 'read' 'write' 'readreq' 'writereq' 'writeresp'>
ST_21 : Operation 168 [53/71] (7.30ns)   --->   "%gmem_load_3_req = readreq i1 @_ssdm_op_ReadReq.m_axi.i128P1A, i128 %gmem_addr_2, i32 1" [main.cpp:207->main.cpp:268]   --->   Operation 168 'readreq' 'gmem_load_3_req' <Predicate = (!icmp_ln204 & !empty_28)> <Delay = 7.30> <CoreInst = "m_axi">   --->   Core 121 'm_axi' <Latency = 0> <II = 1> <Delay = 1.00> <Adapter> <Opcode : 'read' 'write' 'readreq' 'writereq' 'writeresp'>

State 22 <SV = 21> <Delay = 7.30>
ST_22 : Operation 169 [51/71] (7.30ns)   --->   "%gmem_load_2_req = readreq i1 @_ssdm_op_ReadReq.m_axi.i128P1A, i128 %gmem_addr, i32 1" [main.cpp:206->main.cpp:268]   --->   Operation 169 'readreq' 'gmem_load_2_req' <Predicate = (!icmp_ln204 & !empty_28)> <Delay = 7.30> <CoreInst = "m_axi">   --->   Core 121 'm_axi' <Latency = 0> <II = 1> <Delay = 1.00> <Adapter> <Opcode : 'read' 'write' 'readreq' 'writereq' 'writeresp'>
ST_22 : Operation 170 [52/71] (7.30ns)   --->   "%gmem_load_3_req = readreq i1 @_ssdm_op_ReadReq.m_axi.i128P1A, i128 %gmem_addr_2, i32 1" [main.cpp:207->main.cpp:268]   --->   Operation 170 'readreq' 'gmem_load_3_req' <Predicate = (!icmp_ln204 & !empty_28)> <Delay = 7.30> <CoreInst = "m_axi">   --->   Core 121 'm_axi' <Latency = 0> <II = 1> <Delay = 1.00> <Adapter> <Opcode : 'read' 'write' 'readreq' 'writereq' 'writeresp'>

State 23 <SV = 22> <Delay = 7.30>
ST_23 : Operation 171 [50/71] (7.30ns)   --->   "%gmem_load_2_req = readreq i1 @_ssdm_op_ReadReq.m_axi.i128P1A, i128 %gmem_addr, i32 1" [main.cpp:206->main.cpp:268]   --->   Operation 171 'readreq' 'gmem_load_2_req' <Predicate = (!icmp_ln204 & !empty_28)> <Delay = 7.30> <CoreInst = "m_axi">   --->   Core 121 'm_axi' <Latency = 0> <II = 1> <Delay = 1.00> <Adapter> <Opcode : 'read' 'write' 'readreq' 'writereq' 'writeresp'>
ST_23 : Operation 172 [51/71] (7.30ns)   --->   "%gmem_load_3_req = readreq i1 @_ssdm_op_ReadReq.m_axi.i128P1A, i128 %gmem_addr_2, i32 1" [main.cpp:207->main.cpp:268]   --->   Operation 172 'readreq' 'gmem_load_3_req' <Predicate = (!icmp_ln204 & !empty_28)> <Delay = 7.30> <CoreInst = "m_axi">   --->   Core 121 'm_axi' <Latency = 0> <II = 1> <Delay = 1.00> <Adapter> <Opcode : 'read' 'write' 'readreq' 'writereq' 'writeresp'>

State 24 <SV = 23> <Delay = 7.30>
ST_24 : Operation 173 [49/71] (7.30ns)   --->   "%gmem_load_2_req = readreq i1 @_ssdm_op_ReadReq.m_axi.i128P1A, i128 %gmem_addr, i32 1" [main.cpp:206->main.cpp:268]   --->   Operation 173 'readreq' 'gmem_load_2_req' <Predicate = (!icmp_ln204 & !empty_28)> <Delay = 7.30> <CoreInst = "m_axi">   --->   Core 121 'm_axi' <Latency = 0> <II = 1> <Delay = 1.00> <Adapter> <Opcode : 'read' 'write' 'readreq' 'writereq' 'writeresp'>
ST_24 : Operation 174 [50/71] (7.30ns)   --->   "%gmem_load_3_req = readreq i1 @_ssdm_op_ReadReq.m_axi.i128P1A, i128 %gmem_addr_2, i32 1" [main.cpp:207->main.cpp:268]   --->   Operation 174 'readreq' 'gmem_load_3_req' <Predicate = (!icmp_ln204 & !empty_28)> <Delay = 7.30> <CoreInst = "m_axi">   --->   Core 121 'm_axi' <Latency = 0> <II = 1> <Delay = 1.00> <Adapter> <Opcode : 'read' 'write' 'readreq' 'writereq' 'writeresp'>

State 25 <SV = 24> <Delay = 7.30>
ST_25 : Operation 175 [48/71] (7.30ns)   --->   "%gmem_load_2_req = readreq i1 @_ssdm_op_ReadReq.m_axi.i128P1A, i128 %gmem_addr, i32 1" [main.cpp:206->main.cpp:268]   --->   Operation 175 'readreq' 'gmem_load_2_req' <Predicate = (!icmp_ln204 & !empty_28)> <Delay = 7.30> <CoreInst = "m_axi">   --->   Core 121 'm_axi' <Latency = 0> <II = 1> <Delay = 1.00> <Adapter> <Opcode : 'read' 'write' 'readreq' 'writereq' 'writeresp'>
ST_25 : Operation 176 [49/71] (7.30ns)   --->   "%gmem_load_3_req = readreq i1 @_ssdm_op_ReadReq.m_axi.i128P1A, i128 %gmem_addr_2, i32 1" [main.cpp:207->main.cpp:268]   --->   Operation 176 'readreq' 'gmem_load_3_req' <Predicate = (!icmp_ln204 & !empty_28)> <Delay = 7.30> <CoreInst = "m_axi">   --->   Core 121 'm_axi' <Latency = 0> <II = 1> <Delay = 1.00> <Adapter> <Opcode : 'read' 'write' 'readreq' 'writereq' 'writeresp'>

State 26 <SV = 25> <Delay = 7.30>
ST_26 : Operation 177 [47/71] (7.30ns)   --->   "%gmem_load_2_req = readreq i1 @_ssdm_op_ReadReq.m_axi.i128P1A, i128 %gmem_addr, i32 1" [main.cpp:206->main.cpp:268]   --->   Operation 177 'readreq' 'gmem_load_2_req' <Predicate = (!icmp_ln204 & !empty_28)> <Delay = 7.30> <CoreInst = "m_axi">   --->   Core 121 'm_axi' <Latency = 0> <II = 1> <Delay = 1.00> <Adapter> <Opcode : 'read' 'write' 'readreq' 'writereq' 'writeresp'>
ST_26 : Operation 178 [48/71] (7.30ns)   --->   "%gmem_load_3_req = readreq i1 @_ssdm_op_ReadReq.m_axi.i128P1A, i128 %gmem_addr_2, i32 1" [main.cpp:207->main.cpp:268]   --->   Operation 178 'readreq' 'gmem_load_3_req' <Predicate = (!icmp_ln204 & !empty_28)> <Delay = 7.30> <CoreInst = "m_axi">   --->   Core 121 'm_axi' <Latency = 0> <II = 1> <Delay = 1.00> <Adapter> <Opcode : 'read' 'write' 'readreq' 'writereq' 'writeresp'>

State 27 <SV = 26> <Delay = 7.30>
ST_27 : Operation 179 [46/71] (7.30ns)   --->   "%gmem_load_2_req = readreq i1 @_ssdm_op_ReadReq.m_axi.i128P1A, i128 %gmem_addr, i32 1" [main.cpp:206->main.cpp:268]   --->   Operation 179 'readreq' 'gmem_load_2_req' <Predicate = (!icmp_ln204 & !empty_28)> <Delay = 7.30> <CoreInst = "m_axi">   --->   Core 121 'm_axi' <Latency = 0> <II = 1> <Delay = 1.00> <Adapter> <Opcode : 'read' 'write' 'readreq' 'writereq' 'writeresp'>
ST_27 : Operation 180 [47/71] (7.30ns)   --->   "%gmem_load_3_req = readreq i1 @_ssdm_op_ReadReq.m_axi.i128P1A, i128 %gmem_addr_2, i32 1" [main.cpp:207->main.cpp:268]   --->   Operation 180 'readreq' 'gmem_load_3_req' <Predicate = (!icmp_ln204 & !empty_28)> <Delay = 7.30> <CoreInst = "m_axi">   --->   Core 121 'm_axi' <Latency = 0> <II = 1> <Delay = 1.00> <Adapter> <Opcode : 'read' 'write' 'readreq' 'writereq' 'writeresp'>

State 28 <SV = 27> <Delay = 7.30>
ST_28 : Operation 181 [45/71] (7.30ns)   --->   "%gmem_load_2_req = readreq i1 @_ssdm_op_ReadReq.m_axi.i128P1A, i128 %gmem_addr, i32 1" [main.cpp:206->main.cpp:268]   --->   Operation 181 'readreq' 'gmem_load_2_req' <Predicate = (!icmp_ln204 & !empty_28)> <Delay = 7.30> <CoreInst = "m_axi">   --->   Core 121 'm_axi' <Latency = 0> <II = 1> <Delay = 1.00> <Adapter> <Opcode : 'read' 'write' 'readreq' 'writereq' 'writeresp'>
ST_28 : Operation 182 [46/71] (7.30ns)   --->   "%gmem_load_3_req = readreq i1 @_ssdm_op_ReadReq.m_axi.i128P1A, i128 %gmem_addr_2, i32 1" [main.cpp:207->main.cpp:268]   --->   Operation 182 'readreq' 'gmem_load_3_req' <Predicate = (!icmp_ln204 & !empty_28)> <Delay = 7.30> <CoreInst = "m_axi">   --->   Core 121 'm_axi' <Latency = 0> <II = 1> <Delay = 1.00> <Adapter> <Opcode : 'read' 'write' 'readreq' 'writereq' 'writeresp'>

State 29 <SV = 28> <Delay = 7.30>
ST_29 : Operation 183 [44/71] (7.30ns)   --->   "%gmem_load_2_req = readreq i1 @_ssdm_op_ReadReq.m_axi.i128P1A, i128 %gmem_addr, i32 1" [main.cpp:206->main.cpp:268]   --->   Operation 183 'readreq' 'gmem_load_2_req' <Predicate = (!icmp_ln204 & !empty_28)> <Delay = 7.30> <CoreInst = "m_axi">   --->   Core 121 'm_axi' <Latency = 0> <II = 1> <Delay = 1.00> <Adapter> <Opcode : 'read' 'write' 'readreq' 'writereq' 'writeresp'>
ST_29 : Operation 184 [45/71] (7.30ns)   --->   "%gmem_load_3_req = readreq i1 @_ssdm_op_ReadReq.m_axi.i128P1A, i128 %gmem_addr_2, i32 1" [main.cpp:207->main.cpp:268]   --->   Operation 184 'readreq' 'gmem_load_3_req' <Predicate = (!icmp_ln204 & !empty_28)> <Delay = 7.30> <CoreInst = "m_axi">   --->   Core 121 'm_axi' <Latency = 0> <II = 1> <Delay = 1.00> <Adapter> <Opcode : 'read' 'write' 'readreq' 'writereq' 'writeresp'>

State 30 <SV = 29> <Delay = 7.30>
ST_30 : Operation 185 [43/71] (7.30ns)   --->   "%gmem_load_2_req = readreq i1 @_ssdm_op_ReadReq.m_axi.i128P1A, i128 %gmem_addr, i32 1" [main.cpp:206->main.cpp:268]   --->   Operation 185 'readreq' 'gmem_load_2_req' <Predicate = (!icmp_ln204 & !empty_28)> <Delay = 7.30> <CoreInst = "m_axi">   --->   Core 121 'm_axi' <Latency = 0> <II = 1> <Delay = 1.00> <Adapter> <Opcode : 'read' 'write' 'readreq' 'writereq' 'writeresp'>
ST_30 : Operation 186 [44/71] (7.30ns)   --->   "%gmem_load_3_req = readreq i1 @_ssdm_op_ReadReq.m_axi.i128P1A, i128 %gmem_addr_2, i32 1" [main.cpp:207->main.cpp:268]   --->   Operation 186 'readreq' 'gmem_load_3_req' <Predicate = (!icmp_ln204 & !empty_28)> <Delay = 7.30> <CoreInst = "m_axi">   --->   Core 121 'm_axi' <Latency = 0> <II = 1> <Delay = 1.00> <Adapter> <Opcode : 'read' 'write' 'readreq' 'writereq' 'writeresp'>

State 31 <SV = 30> <Delay = 7.30>
ST_31 : Operation 187 [42/71] (7.30ns)   --->   "%gmem_load_2_req = readreq i1 @_ssdm_op_ReadReq.m_axi.i128P1A, i128 %gmem_addr, i32 1" [main.cpp:206->main.cpp:268]   --->   Operation 187 'readreq' 'gmem_load_2_req' <Predicate = (!icmp_ln204 & !empty_28)> <Delay = 7.30> <CoreInst = "m_axi">   --->   Core 121 'm_axi' <Latency = 0> <II = 1> <Delay = 1.00> <Adapter> <Opcode : 'read' 'write' 'readreq' 'writereq' 'writeresp'>
ST_31 : Operation 188 [43/71] (7.30ns)   --->   "%gmem_load_3_req = readreq i1 @_ssdm_op_ReadReq.m_axi.i128P1A, i128 %gmem_addr_2, i32 1" [main.cpp:207->main.cpp:268]   --->   Operation 188 'readreq' 'gmem_load_3_req' <Predicate = (!icmp_ln204 & !empty_28)> <Delay = 7.30> <CoreInst = "m_axi">   --->   Core 121 'm_axi' <Latency = 0> <II = 1> <Delay = 1.00> <Adapter> <Opcode : 'read' 'write' 'readreq' 'writereq' 'writeresp'>

State 32 <SV = 31> <Delay = 7.30>
ST_32 : Operation 189 [41/71] (7.30ns)   --->   "%gmem_load_2_req = readreq i1 @_ssdm_op_ReadReq.m_axi.i128P1A, i128 %gmem_addr, i32 1" [main.cpp:206->main.cpp:268]   --->   Operation 189 'readreq' 'gmem_load_2_req' <Predicate = (!icmp_ln204 & !empty_28)> <Delay = 7.30> <CoreInst = "m_axi">   --->   Core 121 'm_axi' <Latency = 0> <II = 1> <Delay = 1.00> <Adapter> <Opcode : 'read' 'write' 'readreq' 'writereq' 'writeresp'>
ST_32 : Operation 190 [42/71] (7.30ns)   --->   "%gmem_load_3_req = readreq i1 @_ssdm_op_ReadReq.m_axi.i128P1A, i128 %gmem_addr_2, i32 1" [main.cpp:207->main.cpp:268]   --->   Operation 190 'readreq' 'gmem_load_3_req' <Predicate = (!icmp_ln204 & !empty_28)> <Delay = 7.30> <CoreInst = "m_axi">   --->   Core 121 'm_axi' <Latency = 0> <II = 1> <Delay = 1.00> <Adapter> <Opcode : 'read' 'write' 'readreq' 'writereq' 'writeresp'>

State 33 <SV = 32> <Delay = 7.30>
ST_33 : Operation 191 [40/71] (7.30ns)   --->   "%gmem_load_2_req = readreq i1 @_ssdm_op_ReadReq.m_axi.i128P1A, i128 %gmem_addr, i32 1" [main.cpp:206->main.cpp:268]   --->   Operation 191 'readreq' 'gmem_load_2_req' <Predicate = (!icmp_ln204 & !empty_28)> <Delay = 7.30> <CoreInst = "m_axi">   --->   Core 121 'm_axi' <Latency = 0> <II = 1> <Delay = 1.00> <Adapter> <Opcode : 'read' 'write' 'readreq' 'writereq' 'writeresp'>
ST_33 : Operation 192 [41/71] (7.30ns)   --->   "%gmem_load_3_req = readreq i1 @_ssdm_op_ReadReq.m_axi.i128P1A, i128 %gmem_addr_2, i32 1" [main.cpp:207->main.cpp:268]   --->   Operation 192 'readreq' 'gmem_load_3_req' <Predicate = (!icmp_ln204 & !empty_28)> <Delay = 7.30> <CoreInst = "m_axi">   --->   Core 121 'm_axi' <Latency = 0> <II = 1> <Delay = 1.00> <Adapter> <Opcode : 'read' 'write' 'readreq' 'writereq' 'writeresp'>

State 34 <SV = 33> <Delay = 7.30>
ST_34 : Operation 193 [39/71] (7.30ns)   --->   "%gmem_load_2_req = readreq i1 @_ssdm_op_ReadReq.m_axi.i128P1A, i128 %gmem_addr, i32 1" [main.cpp:206->main.cpp:268]   --->   Operation 193 'readreq' 'gmem_load_2_req' <Predicate = (!icmp_ln204 & !empty_28)> <Delay = 7.30> <CoreInst = "m_axi">   --->   Core 121 'm_axi' <Latency = 0> <II = 1> <Delay = 1.00> <Adapter> <Opcode : 'read' 'write' 'readreq' 'writereq' 'writeresp'>
ST_34 : Operation 194 [40/71] (7.30ns)   --->   "%gmem_load_3_req = readreq i1 @_ssdm_op_ReadReq.m_axi.i128P1A, i128 %gmem_addr_2, i32 1" [main.cpp:207->main.cpp:268]   --->   Operation 194 'readreq' 'gmem_load_3_req' <Predicate = (!icmp_ln204 & !empty_28)> <Delay = 7.30> <CoreInst = "m_axi">   --->   Core 121 'm_axi' <Latency = 0> <II = 1> <Delay = 1.00> <Adapter> <Opcode : 'read' 'write' 'readreq' 'writereq' 'writeresp'>

State 35 <SV = 34> <Delay = 7.30>
ST_35 : Operation 195 [38/71] (7.30ns)   --->   "%gmem_load_2_req = readreq i1 @_ssdm_op_ReadReq.m_axi.i128P1A, i128 %gmem_addr, i32 1" [main.cpp:206->main.cpp:268]   --->   Operation 195 'readreq' 'gmem_load_2_req' <Predicate = (!icmp_ln204 & !empty_28)> <Delay = 7.30> <CoreInst = "m_axi">   --->   Core 121 'm_axi' <Latency = 0> <II = 1> <Delay = 1.00> <Adapter> <Opcode : 'read' 'write' 'readreq' 'writereq' 'writeresp'>
ST_35 : Operation 196 [39/71] (7.30ns)   --->   "%gmem_load_3_req = readreq i1 @_ssdm_op_ReadReq.m_axi.i128P1A, i128 %gmem_addr_2, i32 1" [main.cpp:207->main.cpp:268]   --->   Operation 196 'readreq' 'gmem_load_3_req' <Predicate = (!icmp_ln204 & !empty_28)> <Delay = 7.30> <CoreInst = "m_axi">   --->   Core 121 'm_axi' <Latency = 0> <II = 1> <Delay = 1.00> <Adapter> <Opcode : 'read' 'write' 'readreq' 'writereq' 'writeresp'>

State 36 <SV = 35> <Delay = 7.30>
ST_36 : Operation 197 [37/71] (7.30ns)   --->   "%gmem_load_2_req = readreq i1 @_ssdm_op_ReadReq.m_axi.i128P1A, i128 %gmem_addr, i32 1" [main.cpp:206->main.cpp:268]   --->   Operation 197 'readreq' 'gmem_load_2_req' <Predicate = (!icmp_ln204 & !empty_28)> <Delay = 7.30> <CoreInst = "m_axi">   --->   Core 121 'm_axi' <Latency = 0> <II = 1> <Delay = 1.00> <Adapter> <Opcode : 'read' 'write' 'readreq' 'writereq' 'writeresp'>
ST_36 : Operation 198 [38/71] (7.30ns)   --->   "%gmem_load_3_req = readreq i1 @_ssdm_op_ReadReq.m_axi.i128P1A, i128 %gmem_addr_2, i32 1" [main.cpp:207->main.cpp:268]   --->   Operation 198 'readreq' 'gmem_load_3_req' <Predicate = (!icmp_ln204 & !empty_28)> <Delay = 7.30> <CoreInst = "m_axi">   --->   Core 121 'm_axi' <Latency = 0> <II = 1> <Delay = 1.00> <Adapter> <Opcode : 'read' 'write' 'readreq' 'writereq' 'writeresp'>

State 37 <SV = 36> <Delay = 7.30>
ST_37 : Operation 199 [36/71] (7.30ns)   --->   "%gmem_load_2_req = readreq i1 @_ssdm_op_ReadReq.m_axi.i128P1A, i128 %gmem_addr, i32 1" [main.cpp:206->main.cpp:268]   --->   Operation 199 'readreq' 'gmem_load_2_req' <Predicate = (!icmp_ln204 & !empty_28)> <Delay = 7.30> <CoreInst = "m_axi">   --->   Core 121 'm_axi' <Latency = 0> <II = 1> <Delay = 1.00> <Adapter> <Opcode : 'read' 'write' 'readreq' 'writereq' 'writeresp'>
ST_37 : Operation 200 [37/71] (7.30ns)   --->   "%gmem_load_3_req = readreq i1 @_ssdm_op_ReadReq.m_axi.i128P1A, i128 %gmem_addr_2, i32 1" [main.cpp:207->main.cpp:268]   --->   Operation 200 'readreq' 'gmem_load_3_req' <Predicate = (!icmp_ln204 & !empty_28)> <Delay = 7.30> <CoreInst = "m_axi">   --->   Core 121 'm_axi' <Latency = 0> <II = 1> <Delay = 1.00> <Adapter> <Opcode : 'read' 'write' 'readreq' 'writereq' 'writeresp'>

State 38 <SV = 37> <Delay = 7.30>
ST_38 : Operation 201 [35/71] (7.30ns)   --->   "%gmem_load_2_req = readreq i1 @_ssdm_op_ReadReq.m_axi.i128P1A, i128 %gmem_addr, i32 1" [main.cpp:206->main.cpp:268]   --->   Operation 201 'readreq' 'gmem_load_2_req' <Predicate = (!icmp_ln204 & !empty_28)> <Delay = 7.30> <CoreInst = "m_axi">   --->   Core 121 'm_axi' <Latency = 0> <II = 1> <Delay = 1.00> <Adapter> <Opcode : 'read' 'write' 'readreq' 'writereq' 'writeresp'>
ST_38 : Operation 202 [36/71] (7.30ns)   --->   "%gmem_load_3_req = readreq i1 @_ssdm_op_ReadReq.m_axi.i128P1A, i128 %gmem_addr_2, i32 1" [main.cpp:207->main.cpp:268]   --->   Operation 202 'readreq' 'gmem_load_3_req' <Predicate = (!icmp_ln204 & !empty_28)> <Delay = 7.30> <CoreInst = "m_axi">   --->   Core 121 'm_axi' <Latency = 0> <II = 1> <Delay = 1.00> <Adapter> <Opcode : 'read' 'write' 'readreq' 'writereq' 'writeresp'>

State 39 <SV = 38> <Delay = 7.30>
ST_39 : Operation 203 [34/71] (7.30ns)   --->   "%gmem_load_2_req = readreq i1 @_ssdm_op_ReadReq.m_axi.i128P1A, i128 %gmem_addr, i32 1" [main.cpp:206->main.cpp:268]   --->   Operation 203 'readreq' 'gmem_load_2_req' <Predicate = (!icmp_ln204 & !empty_28)> <Delay = 7.30> <CoreInst = "m_axi">   --->   Core 121 'm_axi' <Latency = 0> <II = 1> <Delay = 1.00> <Adapter> <Opcode : 'read' 'write' 'readreq' 'writereq' 'writeresp'>
ST_39 : Operation 204 [35/71] (7.30ns)   --->   "%gmem_load_3_req = readreq i1 @_ssdm_op_ReadReq.m_axi.i128P1A, i128 %gmem_addr_2, i32 1" [main.cpp:207->main.cpp:268]   --->   Operation 204 'readreq' 'gmem_load_3_req' <Predicate = (!icmp_ln204 & !empty_28)> <Delay = 7.30> <CoreInst = "m_axi">   --->   Core 121 'm_axi' <Latency = 0> <II = 1> <Delay = 1.00> <Adapter> <Opcode : 'read' 'write' 'readreq' 'writereq' 'writeresp'>

State 40 <SV = 39> <Delay = 7.30>
ST_40 : Operation 205 [33/71] (7.30ns)   --->   "%gmem_load_2_req = readreq i1 @_ssdm_op_ReadReq.m_axi.i128P1A, i128 %gmem_addr, i32 1" [main.cpp:206->main.cpp:268]   --->   Operation 205 'readreq' 'gmem_load_2_req' <Predicate = (!icmp_ln204 & !empty_28)> <Delay = 7.30> <CoreInst = "m_axi">   --->   Core 121 'm_axi' <Latency = 0> <II = 1> <Delay = 1.00> <Adapter> <Opcode : 'read' 'write' 'readreq' 'writereq' 'writeresp'>
ST_40 : Operation 206 [34/71] (7.30ns)   --->   "%gmem_load_3_req = readreq i1 @_ssdm_op_ReadReq.m_axi.i128P1A, i128 %gmem_addr_2, i32 1" [main.cpp:207->main.cpp:268]   --->   Operation 206 'readreq' 'gmem_load_3_req' <Predicate = (!icmp_ln204 & !empty_28)> <Delay = 7.30> <CoreInst = "m_axi">   --->   Core 121 'm_axi' <Latency = 0> <II = 1> <Delay = 1.00> <Adapter> <Opcode : 'read' 'write' 'readreq' 'writereq' 'writeresp'>

State 41 <SV = 40> <Delay = 7.30>
ST_41 : Operation 207 [32/71] (7.30ns)   --->   "%gmem_load_2_req = readreq i1 @_ssdm_op_ReadReq.m_axi.i128P1A, i128 %gmem_addr, i32 1" [main.cpp:206->main.cpp:268]   --->   Operation 207 'readreq' 'gmem_load_2_req' <Predicate = (!icmp_ln204 & !empty_28)> <Delay = 7.30> <CoreInst = "m_axi">   --->   Core 121 'm_axi' <Latency = 0> <II = 1> <Delay = 1.00> <Adapter> <Opcode : 'read' 'write' 'readreq' 'writereq' 'writeresp'>
ST_41 : Operation 208 [33/71] (7.30ns)   --->   "%gmem_load_3_req = readreq i1 @_ssdm_op_ReadReq.m_axi.i128P1A, i128 %gmem_addr_2, i32 1" [main.cpp:207->main.cpp:268]   --->   Operation 208 'readreq' 'gmem_load_3_req' <Predicate = (!icmp_ln204 & !empty_28)> <Delay = 7.30> <CoreInst = "m_axi">   --->   Core 121 'm_axi' <Latency = 0> <II = 1> <Delay = 1.00> <Adapter> <Opcode : 'read' 'write' 'readreq' 'writereq' 'writeresp'>

State 42 <SV = 41> <Delay = 7.30>
ST_42 : Operation 209 [31/71] (7.30ns)   --->   "%gmem_load_2_req = readreq i1 @_ssdm_op_ReadReq.m_axi.i128P1A, i128 %gmem_addr, i32 1" [main.cpp:206->main.cpp:268]   --->   Operation 209 'readreq' 'gmem_load_2_req' <Predicate = (!icmp_ln204 & !empty_28)> <Delay = 7.30> <CoreInst = "m_axi">   --->   Core 121 'm_axi' <Latency = 0> <II = 1> <Delay = 1.00> <Adapter> <Opcode : 'read' 'write' 'readreq' 'writereq' 'writeresp'>
ST_42 : Operation 210 [32/71] (7.30ns)   --->   "%gmem_load_3_req = readreq i1 @_ssdm_op_ReadReq.m_axi.i128P1A, i128 %gmem_addr_2, i32 1" [main.cpp:207->main.cpp:268]   --->   Operation 210 'readreq' 'gmem_load_3_req' <Predicate = (!icmp_ln204 & !empty_28)> <Delay = 7.30> <CoreInst = "m_axi">   --->   Core 121 'm_axi' <Latency = 0> <II = 1> <Delay = 1.00> <Adapter> <Opcode : 'read' 'write' 'readreq' 'writereq' 'writeresp'>

State 43 <SV = 42> <Delay = 7.30>
ST_43 : Operation 211 [30/71] (7.30ns)   --->   "%gmem_load_2_req = readreq i1 @_ssdm_op_ReadReq.m_axi.i128P1A, i128 %gmem_addr, i32 1" [main.cpp:206->main.cpp:268]   --->   Operation 211 'readreq' 'gmem_load_2_req' <Predicate = (!icmp_ln204 & !empty_28)> <Delay = 7.30> <CoreInst = "m_axi">   --->   Core 121 'm_axi' <Latency = 0> <II = 1> <Delay = 1.00> <Adapter> <Opcode : 'read' 'write' 'readreq' 'writereq' 'writeresp'>
ST_43 : Operation 212 [31/71] (7.30ns)   --->   "%gmem_load_3_req = readreq i1 @_ssdm_op_ReadReq.m_axi.i128P1A, i128 %gmem_addr_2, i32 1" [main.cpp:207->main.cpp:268]   --->   Operation 212 'readreq' 'gmem_load_3_req' <Predicate = (!icmp_ln204 & !empty_28)> <Delay = 7.30> <CoreInst = "m_axi">   --->   Core 121 'm_axi' <Latency = 0> <II = 1> <Delay = 1.00> <Adapter> <Opcode : 'read' 'write' 'readreq' 'writereq' 'writeresp'>

State 44 <SV = 43> <Delay = 7.30>
ST_44 : Operation 213 [29/71] (7.30ns)   --->   "%gmem_load_2_req = readreq i1 @_ssdm_op_ReadReq.m_axi.i128P1A, i128 %gmem_addr, i32 1" [main.cpp:206->main.cpp:268]   --->   Operation 213 'readreq' 'gmem_load_2_req' <Predicate = (!icmp_ln204 & !empty_28)> <Delay = 7.30> <CoreInst = "m_axi">   --->   Core 121 'm_axi' <Latency = 0> <II = 1> <Delay = 1.00> <Adapter> <Opcode : 'read' 'write' 'readreq' 'writereq' 'writeresp'>
ST_44 : Operation 214 [30/71] (7.30ns)   --->   "%gmem_load_3_req = readreq i1 @_ssdm_op_ReadReq.m_axi.i128P1A, i128 %gmem_addr_2, i32 1" [main.cpp:207->main.cpp:268]   --->   Operation 214 'readreq' 'gmem_load_3_req' <Predicate = (!icmp_ln204 & !empty_28)> <Delay = 7.30> <CoreInst = "m_axi">   --->   Core 121 'm_axi' <Latency = 0> <II = 1> <Delay = 1.00> <Adapter> <Opcode : 'read' 'write' 'readreq' 'writereq' 'writeresp'>

State 45 <SV = 44> <Delay = 7.30>
ST_45 : Operation 215 [28/71] (7.30ns)   --->   "%gmem_load_2_req = readreq i1 @_ssdm_op_ReadReq.m_axi.i128P1A, i128 %gmem_addr, i32 1" [main.cpp:206->main.cpp:268]   --->   Operation 215 'readreq' 'gmem_load_2_req' <Predicate = (!icmp_ln204 & !empty_28)> <Delay = 7.30> <CoreInst = "m_axi">   --->   Core 121 'm_axi' <Latency = 0> <II = 1> <Delay = 1.00> <Adapter> <Opcode : 'read' 'write' 'readreq' 'writereq' 'writeresp'>
ST_45 : Operation 216 [29/71] (7.30ns)   --->   "%gmem_load_3_req = readreq i1 @_ssdm_op_ReadReq.m_axi.i128P1A, i128 %gmem_addr_2, i32 1" [main.cpp:207->main.cpp:268]   --->   Operation 216 'readreq' 'gmem_load_3_req' <Predicate = (!icmp_ln204 & !empty_28)> <Delay = 7.30> <CoreInst = "m_axi">   --->   Core 121 'm_axi' <Latency = 0> <II = 1> <Delay = 1.00> <Adapter> <Opcode : 'read' 'write' 'readreq' 'writereq' 'writeresp'>

State 46 <SV = 45> <Delay = 7.30>
ST_46 : Operation 217 [27/71] (7.30ns)   --->   "%gmem_load_2_req = readreq i1 @_ssdm_op_ReadReq.m_axi.i128P1A, i128 %gmem_addr, i32 1" [main.cpp:206->main.cpp:268]   --->   Operation 217 'readreq' 'gmem_load_2_req' <Predicate = (!icmp_ln204 & !empty_28)> <Delay = 7.30> <CoreInst = "m_axi">   --->   Core 121 'm_axi' <Latency = 0> <II = 1> <Delay = 1.00> <Adapter> <Opcode : 'read' 'write' 'readreq' 'writereq' 'writeresp'>
ST_46 : Operation 218 [28/71] (7.30ns)   --->   "%gmem_load_3_req = readreq i1 @_ssdm_op_ReadReq.m_axi.i128P1A, i128 %gmem_addr_2, i32 1" [main.cpp:207->main.cpp:268]   --->   Operation 218 'readreq' 'gmem_load_3_req' <Predicate = (!icmp_ln204 & !empty_28)> <Delay = 7.30> <CoreInst = "m_axi">   --->   Core 121 'm_axi' <Latency = 0> <II = 1> <Delay = 1.00> <Adapter> <Opcode : 'read' 'write' 'readreq' 'writereq' 'writeresp'>

State 47 <SV = 46> <Delay = 7.30>
ST_47 : Operation 219 [26/71] (7.30ns)   --->   "%gmem_load_2_req = readreq i1 @_ssdm_op_ReadReq.m_axi.i128P1A, i128 %gmem_addr, i32 1" [main.cpp:206->main.cpp:268]   --->   Operation 219 'readreq' 'gmem_load_2_req' <Predicate = (!icmp_ln204 & !empty_28)> <Delay = 7.30> <CoreInst = "m_axi">   --->   Core 121 'm_axi' <Latency = 0> <II = 1> <Delay = 1.00> <Adapter> <Opcode : 'read' 'write' 'readreq' 'writereq' 'writeresp'>
ST_47 : Operation 220 [27/71] (7.30ns)   --->   "%gmem_load_3_req = readreq i1 @_ssdm_op_ReadReq.m_axi.i128P1A, i128 %gmem_addr_2, i32 1" [main.cpp:207->main.cpp:268]   --->   Operation 220 'readreq' 'gmem_load_3_req' <Predicate = (!icmp_ln204 & !empty_28)> <Delay = 7.30> <CoreInst = "m_axi">   --->   Core 121 'm_axi' <Latency = 0> <II = 1> <Delay = 1.00> <Adapter> <Opcode : 'read' 'write' 'readreq' 'writereq' 'writeresp'>

State 48 <SV = 47> <Delay = 7.30>
ST_48 : Operation 221 [25/71] (7.30ns)   --->   "%gmem_load_2_req = readreq i1 @_ssdm_op_ReadReq.m_axi.i128P1A, i128 %gmem_addr, i32 1" [main.cpp:206->main.cpp:268]   --->   Operation 221 'readreq' 'gmem_load_2_req' <Predicate = (!icmp_ln204 & !empty_28)> <Delay = 7.30> <CoreInst = "m_axi">   --->   Core 121 'm_axi' <Latency = 0> <II = 1> <Delay = 1.00> <Adapter> <Opcode : 'read' 'write' 'readreq' 'writereq' 'writeresp'>
ST_48 : Operation 222 [26/71] (7.30ns)   --->   "%gmem_load_3_req = readreq i1 @_ssdm_op_ReadReq.m_axi.i128P1A, i128 %gmem_addr_2, i32 1" [main.cpp:207->main.cpp:268]   --->   Operation 222 'readreq' 'gmem_load_3_req' <Predicate = (!icmp_ln204 & !empty_28)> <Delay = 7.30> <CoreInst = "m_axi">   --->   Core 121 'm_axi' <Latency = 0> <II = 1> <Delay = 1.00> <Adapter> <Opcode : 'read' 'write' 'readreq' 'writereq' 'writeresp'>

State 49 <SV = 48> <Delay = 7.30>
ST_49 : Operation 223 [24/71] (7.30ns)   --->   "%gmem_load_2_req = readreq i1 @_ssdm_op_ReadReq.m_axi.i128P1A, i128 %gmem_addr, i32 1" [main.cpp:206->main.cpp:268]   --->   Operation 223 'readreq' 'gmem_load_2_req' <Predicate = (!icmp_ln204 & !empty_28)> <Delay = 7.30> <CoreInst = "m_axi">   --->   Core 121 'm_axi' <Latency = 0> <II = 1> <Delay = 1.00> <Adapter> <Opcode : 'read' 'write' 'readreq' 'writereq' 'writeresp'>
ST_49 : Operation 224 [25/71] (7.30ns)   --->   "%gmem_load_3_req = readreq i1 @_ssdm_op_ReadReq.m_axi.i128P1A, i128 %gmem_addr_2, i32 1" [main.cpp:207->main.cpp:268]   --->   Operation 224 'readreq' 'gmem_load_3_req' <Predicate = (!icmp_ln204 & !empty_28)> <Delay = 7.30> <CoreInst = "m_axi">   --->   Core 121 'm_axi' <Latency = 0> <II = 1> <Delay = 1.00> <Adapter> <Opcode : 'read' 'write' 'readreq' 'writereq' 'writeresp'>

State 50 <SV = 49> <Delay = 7.30>
ST_50 : Operation 225 [23/71] (7.30ns)   --->   "%gmem_load_2_req = readreq i1 @_ssdm_op_ReadReq.m_axi.i128P1A, i128 %gmem_addr, i32 1" [main.cpp:206->main.cpp:268]   --->   Operation 225 'readreq' 'gmem_load_2_req' <Predicate = (!icmp_ln204 & !empty_28)> <Delay = 7.30> <CoreInst = "m_axi">   --->   Core 121 'm_axi' <Latency = 0> <II = 1> <Delay = 1.00> <Adapter> <Opcode : 'read' 'write' 'readreq' 'writereq' 'writeresp'>
ST_50 : Operation 226 [24/71] (7.30ns)   --->   "%gmem_load_3_req = readreq i1 @_ssdm_op_ReadReq.m_axi.i128P1A, i128 %gmem_addr_2, i32 1" [main.cpp:207->main.cpp:268]   --->   Operation 226 'readreq' 'gmem_load_3_req' <Predicate = (!icmp_ln204 & !empty_28)> <Delay = 7.30> <CoreInst = "m_axi">   --->   Core 121 'm_axi' <Latency = 0> <II = 1> <Delay = 1.00> <Adapter> <Opcode : 'read' 'write' 'readreq' 'writereq' 'writeresp'>

State 51 <SV = 50> <Delay = 7.30>
ST_51 : Operation 227 [22/71] (7.30ns)   --->   "%gmem_load_2_req = readreq i1 @_ssdm_op_ReadReq.m_axi.i128P1A, i128 %gmem_addr, i32 1" [main.cpp:206->main.cpp:268]   --->   Operation 227 'readreq' 'gmem_load_2_req' <Predicate = (!icmp_ln204 & !empty_28)> <Delay = 7.30> <CoreInst = "m_axi">   --->   Core 121 'm_axi' <Latency = 0> <II = 1> <Delay = 1.00> <Adapter> <Opcode : 'read' 'write' 'readreq' 'writereq' 'writeresp'>
ST_51 : Operation 228 [23/71] (7.30ns)   --->   "%gmem_load_3_req = readreq i1 @_ssdm_op_ReadReq.m_axi.i128P1A, i128 %gmem_addr_2, i32 1" [main.cpp:207->main.cpp:268]   --->   Operation 228 'readreq' 'gmem_load_3_req' <Predicate = (!icmp_ln204 & !empty_28)> <Delay = 7.30> <CoreInst = "m_axi">   --->   Core 121 'm_axi' <Latency = 0> <II = 1> <Delay = 1.00> <Adapter> <Opcode : 'read' 'write' 'readreq' 'writereq' 'writeresp'>

State 52 <SV = 51> <Delay = 7.30>
ST_52 : Operation 229 [21/71] (7.30ns)   --->   "%gmem_load_2_req = readreq i1 @_ssdm_op_ReadReq.m_axi.i128P1A, i128 %gmem_addr, i32 1" [main.cpp:206->main.cpp:268]   --->   Operation 229 'readreq' 'gmem_load_2_req' <Predicate = (!icmp_ln204 & !empty_28)> <Delay = 7.30> <CoreInst = "m_axi">   --->   Core 121 'm_axi' <Latency = 0> <II = 1> <Delay = 1.00> <Adapter> <Opcode : 'read' 'write' 'readreq' 'writereq' 'writeresp'>
ST_52 : Operation 230 [22/71] (7.30ns)   --->   "%gmem_load_3_req = readreq i1 @_ssdm_op_ReadReq.m_axi.i128P1A, i128 %gmem_addr_2, i32 1" [main.cpp:207->main.cpp:268]   --->   Operation 230 'readreq' 'gmem_load_3_req' <Predicate = (!icmp_ln204 & !empty_28)> <Delay = 7.30> <CoreInst = "m_axi">   --->   Core 121 'm_axi' <Latency = 0> <II = 1> <Delay = 1.00> <Adapter> <Opcode : 'read' 'write' 'readreq' 'writereq' 'writeresp'>

State 53 <SV = 52> <Delay = 7.30>
ST_53 : Operation 231 [20/71] (7.30ns)   --->   "%gmem_load_2_req = readreq i1 @_ssdm_op_ReadReq.m_axi.i128P1A, i128 %gmem_addr, i32 1" [main.cpp:206->main.cpp:268]   --->   Operation 231 'readreq' 'gmem_load_2_req' <Predicate = (!icmp_ln204 & !empty_28)> <Delay = 7.30> <CoreInst = "m_axi">   --->   Core 121 'm_axi' <Latency = 0> <II = 1> <Delay = 1.00> <Adapter> <Opcode : 'read' 'write' 'readreq' 'writereq' 'writeresp'>
ST_53 : Operation 232 [21/71] (7.30ns)   --->   "%gmem_load_3_req = readreq i1 @_ssdm_op_ReadReq.m_axi.i128P1A, i128 %gmem_addr_2, i32 1" [main.cpp:207->main.cpp:268]   --->   Operation 232 'readreq' 'gmem_load_3_req' <Predicate = (!icmp_ln204 & !empty_28)> <Delay = 7.30> <CoreInst = "m_axi">   --->   Core 121 'm_axi' <Latency = 0> <II = 1> <Delay = 1.00> <Adapter> <Opcode : 'read' 'write' 'readreq' 'writereq' 'writeresp'>

State 54 <SV = 53> <Delay = 7.30>
ST_54 : Operation 233 [19/71] (7.30ns)   --->   "%gmem_load_2_req = readreq i1 @_ssdm_op_ReadReq.m_axi.i128P1A, i128 %gmem_addr, i32 1" [main.cpp:206->main.cpp:268]   --->   Operation 233 'readreq' 'gmem_load_2_req' <Predicate = (!icmp_ln204 & !empty_28)> <Delay = 7.30> <CoreInst = "m_axi">   --->   Core 121 'm_axi' <Latency = 0> <II = 1> <Delay = 1.00> <Adapter> <Opcode : 'read' 'write' 'readreq' 'writereq' 'writeresp'>
ST_54 : Operation 234 [20/71] (7.30ns)   --->   "%gmem_load_3_req = readreq i1 @_ssdm_op_ReadReq.m_axi.i128P1A, i128 %gmem_addr_2, i32 1" [main.cpp:207->main.cpp:268]   --->   Operation 234 'readreq' 'gmem_load_3_req' <Predicate = (!icmp_ln204 & !empty_28)> <Delay = 7.30> <CoreInst = "m_axi">   --->   Core 121 'm_axi' <Latency = 0> <II = 1> <Delay = 1.00> <Adapter> <Opcode : 'read' 'write' 'readreq' 'writereq' 'writeresp'>

State 55 <SV = 54> <Delay = 7.30>
ST_55 : Operation 235 [18/71] (7.30ns)   --->   "%gmem_load_2_req = readreq i1 @_ssdm_op_ReadReq.m_axi.i128P1A, i128 %gmem_addr, i32 1" [main.cpp:206->main.cpp:268]   --->   Operation 235 'readreq' 'gmem_load_2_req' <Predicate = (!icmp_ln204 & !empty_28)> <Delay = 7.30> <CoreInst = "m_axi">   --->   Core 121 'm_axi' <Latency = 0> <II = 1> <Delay = 1.00> <Adapter> <Opcode : 'read' 'write' 'readreq' 'writereq' 'writeresp'>
ST_55 : Operation 236 [19/71] (7.30ns)   --->   "%gmem_load_3_req = readreq i1 @_ssdm_op_ReadReq.m_axi.i128P1A, i128 %gmem_addr_2, i32 1" [main.cpp:207->main.cpp:268]   --->   Operation 236 'readreq' 'gmem_load_3_req' <Predicate = (!icmp_ln204 & !empty_28)> <Delay = 7.30> <CoreInst = "m_axi">   --->   Core 121 'm_axi' <Latency = 0> <II = 1> <Delay = 1.00> <Adapter> <Opcode : 'read' 'write' 'readreq' 'writereq' 'writeresp'>

State 56 <SV = 55> <Delay = 7.30>
ST_56 : Operation 237 [17/71] (7.30ns)   --->   "%gmem_load_2_req = readreq i1 @_ssdm_op_ReadReq.m_axi.i128P1A, i128 %gmem_addr, i32 1" [main.cpp:206->main.cpp:268]   --->   Operation 237 'readreq' 'gmem_load_2_req' <Predicate = (!icmp_ln204 & !empty_28)> <Delay = 7.30> <CoreInst = "m_axi">   --->   Core 121 'm_axi' <Latency = 0> <II = 1> <Delay = 1.00> <Adapter> <Opcode : 'read' 'write' 'readreq' 'writereq' 'writeresp'>
ST_56 : Operation 238 [18/71] (7.30ns)   --->   "%gmem_load_3_req = readreq i1 @_ssdm_op_ReadReq.m_axi.i128P1A, i128 %gmem_addr_2, i32 1" [main.cpp:207->main.cpp:268]   --->   Operation 238 'readreq' 'gmem_load_3_req' <Predicate = (!icmp_ln204 & !empty_28)> <Delay = 7.30> <CoreInst = "m_axi">   --->   Core 121 'm_axi' <Latency = 0> <II = 1> <Delay = 1.00> <Adapter> <Opcode : 'read' 'write' 'readreq' 'writereq' 'writeresp'>

State 57 <SV = 56> <Delay = 7.30>
ST_57 : Operation 239 [16/71] (7.30ns)   --->   "%gmem_load_2_req = readreq i1 @_ssdm_op_ReadReq.m_axi.i128P1A, i128 %gmem_addr, i32 1" [main.cpp:206->main.cpp:268]   --->   Operation 239 'readreq' 'gmem_load_2_req' <Predicate = (!icmp_ln204 & !empty_28)> <Delay = 7.30> <CoreInst = "m_axi">   --->   Core 121 'm_axi' <Latency = 0> <II = 1> <Delay = 1.00> <Adapter> <Opcode : 'read' 'write' 'readreq' 'writereq' 'writeresp'>
ST_57 : Operation 240 [17/71] (7.30ns)   --->   "%gmem_load_3_req = readreq i1 @_ssdm_op_ReadReq.m_axi.i128P1A, i128 %gmem_addr_2, i32 1" [main.cpp:207->main.cpp:268]   --->   Operation 240 'readreq' 'gmem_load_3_req' <Predicate = (!icmp_ln204 & !empty_28)> <Delay = 7.30> <CoreInst = "m_axi">   --->   Core 121 'm_axi' <Latency = 0> <II = 1> <Delay = 1.00> <Adapter> <Opcode : 'read' 'write' 'readreq' 'writereq' 'writeresp'>

State 58 <SV = 57> <Delay = 7.30>
ST_58 : Operation 241 [15/71] (7.30ns)   --->   "%gmem_load_2_req = readreq i1 @_ssdm_op_ReadReq.m_axi.i128P1A, i128 %gmem_addr, i32 1" [main.cpp:206->main.cpp:268]   --->   Operation 241 'readreq' 'gmem_load_2_req' <Predicate = (!icmp_ln204 & !empty_28)> <Delay = 7.30> <CoreInst = "m_axi">   --->   Core 121 'm_axi' <Latency = 0> <II = 1> <Delay = 1.00> <Adapter> <Opcode : 'read' 'write' 'readreq' 'writereq' 'writeresp'>
ST_58 : Operation 242 [16/71] (7.30ns)   --->   "%gmem_load_3_req = readreq i1 @_ssdm_op_ReadReq.m_axi.i128P1A, i128 %gmem_addr_2, i32 1" [main.cpp:207->main.cpp:268]   --->   Operation 242 'readreq' 'gmem_load_3_req' <Predicate = (!icmp_ln204 & !empty_28)> <Delay = 7.30> <CoreInst = "m_axi">   --->   Core 121 'm_axi' <Latency = 0> <II = 1> <Delay = 1.00> <Adapter> <Opcode : 'read' 'write' 'readreq' 'writereq' 'writeresp'>

State 59 <SV = 58> <Delay = 7.30>
ST_59 : Operation 243 [14/71] (7.30ns)   --->   "%gmem_load_2_req = readreq i1 @_ssdm_op_ReadReq.m_axi.i128P1A, i128 %gmem_addr, i32 1" [main.cpp:206->main.cpp:268]   --->   Operation 243 'readreq' 'gmem_load_2_req' <Predicate = (!icmp_ln204 & !empty_28)> <Delay = 7.30> <CoreInst = "m_axi">   --->   Core 121 'm_axi' <Latency = 0> <II = 1> <Delay = 1.00> <Adapter> <Opcode : 'read' 'write' 'readreq' 'writereq' 'writeresp'>
ST_59 : Operation 244 [15/71] (7.30ns)   --->   "%gmem_load_3_req = readreq i1 @_ssdm_op_ReadReq.m_axi.i128P1A, i128 %gmem_addr_2, i32 1" [main.cpp:207->main.cpp:268]   --->   Operation 244 'readreq' 'gmem_load_3_req' <Predicate = (!icmp_ln204 & !empty_28)> <Delay = 7.30> <CoreInst = "m_axi">   --->   Core 121 'm_axi' <Latency = 0> <II = 1> <Delay = 1.00> <Adapter> <Opcode : 'read' 'write' 'readreq' 'writereq' 'writeresp'>

State 60 <SV = 59> <Delay = 7.30>
ST_60 : Operation 245 [13/71] (7.30ns)   --->   "%gmem_load_2_req = readreq i1 @_ssdm_op_ReadReq.m_axi.i128P1A, i128 %gmem_addr, i32 1" [main.cpp:206->main.cpp:268]   --->   Operation 245 'readreq' 'gmem_load_2_req' <Predicate = (!icmp_ln204 & !empty_28)> <Delay = 7.30> <CoreInst = "m_axi">   --->   Core 121 'm_axi' <Latency = 0> <II = 1> <Delay = 1.00> <Adapter> <Opcode : 'read' 'write' 'readreq' 'writereq' 'writeresp'>
ST_60 : Operation 246 [14/71] (7.30ns)   --->   "%gmem_load_3_req = readreq i1 @_ssdm_op_ReadReq.m_axi.i128P1A, i128 %gmem_addr_2, i32 1" [main.cpp:207->main.cpp:268]   --->   Operation 246 'readreq' 'gmem_load_3_req' <Predicate = (!icmp_ln204 & !empty_28)> <Delay = 7.30> <CoreInst = "m_axi">   --->   Core 121 'm_axi' <Latency = 0> <II = 1> <Delay = 1.00> <Adapter> <Opcode : 'read' 'write' 'readreq' 'writereq' 'writeresp'>

State 61 <SV = 60> <Delay = 7.30>
ST_61 : Operation 247 [12/71] (7.30ns)   --->   "%gmem_load_2_req = readreq i1 @_ssdm_op_ReadReq.m_axi.i128P1A, i128 %gmem_addr, i32 1" [main.cpp:206->main.cpp:268]   --->   Operation 247 'readreq' 'gmem_load_2_req' <Predicate = (!icmp_ln204 & !empty_28)> <Delay = 7.30> <CoreInst = "m_axi">   --->   Core 121 'm_axi' <Latency = 0> <II = 1> <Delay = 1.00> <Adapter> <Opcode : 'read' 'write' 'readreq' 'writereq' 'writeresp'>
ST_61 : Operation 248 [13/71] (7.30ns)   --->   "%gmem_load_3_req = readreq i1 @_ssdm_op_ReadReq.m_axi.i128P1A, i128 %gmem_addr_2, i32 1" [main.cpp:207->main.cpp:268]   --->   Operation 248 'readreq' 'gmem_load_3_req' <Predicate = (!icmp_ln204 & !empty_28)> <Delay = 7.30> <CoreInst = "m_axi">   --->   Core 121 'm_axi' <Latency = 0> <II = 1> <Delay = 1.00> <Adapter> <Opcode : 'read' 'write' 'readreq' 'writereq' 'writeresp'>

State 62 <SV = 61> <Delay = 7.30>
ST_62 : Operation 249 [11/71] (7.30ns)   --->   "%gmem_load_2_req = readreq i1 @_ssdm_op_ReadReq.m_axi.i128P1A, i128 %gmem_addr, i32 1" [main.cpp:206->main.cpp:268]   --->   Operation 249 'readreq' 'gmem_load_2_req' <Predicate = (!icmp_ln204 & !empty_28)> <Delay = 7.30> <CoreInst = "m_axi">   --->   Core 121 'm_axi' <Latency = 0> <II = 1> <Delay = 1.00> <Adapter> <Opcode : 'read' 'write' 'readreq' 'writereq' 'writeresp'>
ST_62 : Operation 250 [12/71] (7.30ns)   --->   "%gmem_load_3_req = readreq i1 @_ssdm_op_ReadReq.m_axi.i128P1A, i128 %gmem_addr_2, i32 1" [main.cpp:207->main.cpp:268]   --->   Operation 250 'readreq' 'gmem_load_3_req' <Predicate = (!icmp_ln204 & !empty_28)> <Delay = 7.30> <CoreInst = "m_axi">   --->   Core 121 'm_axi' <Latency = 0> <II = 1> <Delay = 1.00> <Adapter> <Opcode : 'read' 'write' 'readreq' 'writereq' 'writeresp'>

State 63 <SV = 62> <Delay = 7.30>
ST_63 : Operation 251 [10/71] (7.30ns)   --->   "%gmem_load_2_req = readreq i1 @_ssdm_op_ReadReq.m_axi.i128P1A, i128 %gmem_addr, i32 1" [main.cpp:206->main.cpp:268]   --->   Operation 251 'readreq' 'gmem_load_2_req' <Predicate = (!icmp_ln204 & !empty_28)> <Delay = 7.30> <CoreInst = "m_axi">   --->   Core 121 'm_axi' <Latency = 0> <II = 1> <Delay = 1.00> <Adapter> <Opcode : 'read' 'write' 'readreq' 'writereq' 'writeresp'>
ST_63 : Operation 252 [11/71] (7.30ns)   --->   "%gmem_load_3_req = readreq i1 @_ssdm_op_ReadReq.m_axi.i128P1A, i128 %gmem_addr_2, i32 1" [main.cpp:207->main.cpp:268]   --->   Operation 252 'readreq' 'gmem_load_3_req' <Predicate = (!icmp_ln204 & !empty_28)> <Delay = 7.30> <CoreInst = "m_axi">   --->   Core 121 'm_axi' <Latency = 0> <II = 1> <Delay = 1.00> <Adapter> <Opcode : 'read' 'write' 'readreq' 'writereq' 'writeresp'>

State 64 <SV = 63> <Delay = 7.30>
ST_64 : Operation 253 [9/71] (7.30ns)   --->   "%gmem_load_2_req = readreq i1 @_ssdm_op_ReadReq.m_axi.i128P1A, i128 %gmem_addr, i32 1" [main.cpp:206->main.cpp:268]   --->   Operation 253 'readreq' 'gmem_load_2_req' <Predicate = (!icmp_ln204 & !empty_28)> <Delay = 7.30> <CoreInst = "m_axi">   --->   Core 121 'm_axi' <Latency = 0> <II = 1> <Delay = 1.00> <Adapter> <Opcode : 'read' 'write' 'readreq' 'writereq' 'writeresp'>
ST_64 : Operation 254 [10/71] (7.30ns)   --->   "%gmem_load_3_req = readreq i1 @_ssdm_op_ReadReq.m_axi.i128P1A, i128 %gmem_addr_2, i32 1" [main.cpp:207->main.cpp:268]   --->   Operation 254 'readreq' 'gmem_load_3_req' <Predicate = (!icmp_ln204 & !empty_28)> <Delay = 7.30> <CoreInst = "m_axi">   --->   Core 121 'm_axi' <Latency = 0> <II = 1> <Delay = 1.00> <Adapter> <Opcode : 'read' 'write' 'readreq' 'writereq' 'writeresp'>

State 65 <SV = 64> <Delay = 7.30>
ST_65 : Operation 255 [8/71] (7.30ns)   --->   "%gmem_load_2_req = readreq i1 @_ssdm_op_ReadReq.m_axi.i128P1A, i128 %gmem_addr, i32 1" [main.cpp:206->main.cpp:268]   --->   Operation 255 'readreq' 'gmem_load_2_req' <Predicate = (!icmp_ln204 & !empty_28)> <Delay = 7.30> <CoreInst = "m_axi">   --->   Core 121 'm_axi' <Latency = 0> <II = 1> <Delay = 1.00> <Adapter> <Opcode : 'read' 'write' 'readreq' 'writereq' 'writeresp'>
ST_65 : Operation 256 [9/71] (7.30ns)   --->   "%gmem_load_3_req = readreq i1 @_ssdm_op_ReadReq.m_axi.i128P1A, i128 %gmem_addr_2, i32 1" [main.cpp:207->main.cpp:268]   --->   Operation 256 'readreq' 'gmem_load_3_req' <Predicate = (!icmp_ln204 & !empty_28)> <Delay = 7.30> <CoreInst = "m_axi">   --->   Core 121 'm_axi' <Latency = 0> <II = 1> <Delay = 1.00> <Adapter> <Opcode : 'read' 'write' 'readreq' 'writereq' 'writeresp'>

State 66 <SV = 65> <Delay = 7.30>
ST_66 : Operation 257 [7/71] (7.30ns)   --->   "%gmem_load_2_req = readreq i1 @_ssdm_op_ReadReq.m_axi.i128P1A, i128 %gmem_addr, i32 1" [main.cpp:206->main.cpp:268]   --->   Operation 257 'readreq' 'gmem_load_2_req' <Predicate = (!icmp_ln204 & !empty_28)> <Delay = 7.30> <CoreInst = "m_axi">   --->   Core 121 'm_axi' <Latency = 0> <II = 1> <Delay = 1.00> <Adapter> <Opcode : 'read' 'write' 'readreq' 'writereq' 'writeresp'>
ST_66 : Operation 258 [8/71] (7.30ns)   --->   "%gmem_load_3_req = readreq i1 @_ssdm_op_ReadReq.m_axi.i128P1A, i128 %gmem_addr_2, i32 1" [main.cpp:207->main.cpp:268]   --->   Operation 258 'readreq' 'gmem_load_3_req' <Predicate = (!icmp_ln204 & !empty_28)> <Delay = 7.30> <CoreInst = "m_axi">   --->   Core 121 'm_axi' <Latency = 0> <II = 1> <Delay = 1.00> <Adapter> <Opcode : 'read' 'write' 'readreq' 'writereq' 'writeresp'>

State 67 <SV = 66> <Delay = 7.30>
ST_67 : Operation 259 [6/71] (7.30ns)   --->   "%gmem_load_2_req = readreq i1 @_ssdm_op_ReadReq.m_axi.i128P1A, i128 %gmem_addr, i32 1" [main.cpp:206->main.cpp:268]   --->   Operation 259 'readreq' 'gmem_load_2_req' <Predicate = (!icmp_ln204 & !empty_28)> <Delay = 7.30> <CoreInst = "m_axi">   --->   Core 121 'm_axi' <Latency = 0> <II = 1> <Delay = 1.00> <Adapter> <Opcode : 'read' 'write' 'readreq' 'writereq' 'writeresp'>
ST_67 : Operation 260 [7/71] (7.30ns)   --->   "%gmem_load_3_req = readreq i1 @_ssdm_op_ReadReq.m_axi.i128P1A, i128 %gmem_addr_2, i32 1" [main.cpp:207->main.cpp:268]   --->   Operation 260 'readreq' 'gmem_load_3_req' <Predicate = (!icmp_ln204 & !empty_28)> <Delay = 7.30> <CoreInst = "m_axi">   --->   Core 121 'm_axi' <Latency = 0> <II = 1> <Delay = 1.00> <Adapter> <Opcode : 'read' 'write' 'readreq' 'writereq' 'writeresp'>

State 68 <SV = 67> <Delay = 7.30>
ST_68 : Operation 261 [5/71] (7.30ns)   --->   "%gmem_load_2_req = readreq i1 @_ssdm_op_ReadReq.m_axi.i128P1A, i128 %gmem_addr, i32 1" [main.cpp:206->main.cpp:268]   --->   Operation 261 'readreq' 'gmem_load_2_req' <Predicate = (!icmp_ln204 & !empty_28)> <Delay = 7.30> <CoreInst = "m_axi">   --->   Core 121 'm_axi' <Latency = 0> <II = 1> <Delay = 1.00> <Adapter> <Opcode : 'read' 'write' 'readreq' 'writereq' 'writeresp'>
ST_68 : Operation 262 [6/71] (7.30ns)   --->   "%gmem_load_3_req = readreq i1 @_ssdm_op_ReadReq.m_axi.i128P1A, i128 %gmem_addr_2, i32 1" [main.cpp:207->main.cpp:268]   --->   Operation 262 'readreq' 'gmem_load_3_req' <Predicate = (!icmp_ln204 & !empty_28)> <Delay = 7.30> <CoreInst = "m_axi">   --->   Core 121 'm_axi' <Latency = 0> <II = 1> <Delay = 1.00> <Adapter> <Opcode : 'read' 'write' 'readreq' 'writereq' 'writeresp'>

State 69 <SV = 68> <Delay = 7.30>
ST_69 : Operation 263 [4/71] (7.30ns)   --->   "%gmem_load_2_req = readreq i1 @_ssdm_op_ReadReq.m_axi.i128P1A, i128 %gmem_addr, i32 1" [main.cpp:206->main.cpp:268]   --->   Operation 263 'readreq' 'gmem_load_2_req' <Predicate = (!icmp_ln204 & !empty_28)> <Delay = 7.30> <CoreInst = "m_axi">   --->   Core 121 'm_axi' <Latency = 0> <II = 1> <Delay = 1.00> <Adapter> <Opcode : 'read' 'write' 'readreq' 'writereq' 'writeresp'>
ST_69 : Operation 264 [5/71] (7.30ns)   --->   "%gmem_load_3_req = readreq i1 @_ssdm_op_ReadReq.m_axi.i128P1A, i128 %gmem_addr_2, i32 1" [main.cpp:207->main.cpp:268]   --->   Operation 264 'readreq' 'gmem_load_3_req' <Predicate = (!icmp_ln204 & !empty_28)> <Delay = 7.30> <CoreInst = "m_axi">   --->   Core 121 'm_axi' <Latency = 0> <II = 1> <Delay = 1.00> <Adapter> <Opcode : 'read' 'write' 'readreq' 'writereq' 'writeresp'>

State 70 <SV = 69> <Delay = 7.30>
ST_70 : Operation 265 [3/71] (7.30ns)   --->   "%gmem_load_2_req = readreq i1 @_ssdm_op_ReadReq.m_axi.i128P1A, i128 %gmem_addr, i32 1" [main.cpp:206->main.cpp:268]   --->   Operation 265 'readreq' 'gmem_load_2_req' <Predicate = (!icmp_ln204 & !empty_28)> <Delay = 7.30> <CoreInst = "m_axi">   --->   Core 121 'm_axi' <Latency = 0> <II = 1> <Delay = 1.00> <Adapter> <Opcode : 'read' 'write' 'readreq' 'writereq' 'writeresp'>
ST_70 : Operation 266 [4/71] (7.30ns)   --->   "%gmem_load_3_req = readreq i1 @_ssdm_op_ReadReq.m_axi.i128P1A, i128 %gmem_addr_2, i32 1" [main.cpp:207->main.cpp:268]   --->   Operation 266 'readreq' 'gmem_load_3_req' <Predicate = (!icmp_ln204 & !empty_28)> <Delay = 7.30> <CoreInst = "m_axi">   --->   Core 121 'm_axi' <Latency = 0> <II = 1> <Delay = 1.00> <Adapter> <Opcode : 'read' 'write' 'readreq' 'writereq' 'writeresp'>

State 71 <SV = 70> <Delay = 7.30>
ST_71 : Operation 267 [2/71] (7.30ns)   --->   "%gmem_load_2_req = readreq i1 @_ssdm_op_ReadReq.m_axi.i128P1A, i128 %gmem_addr, i32 1" [main.cpp:206->main.cpp:268]   --->   Operation 267 'readreq' 'gmem_load_2_req' <Predicate = (!icmp_ln204 & !empty_28)> <Delay = 7.30> <CoreInst = "m_axi">   --->   Core 121 'm_axi' <Latency = 0> <II = 1> <Delay = 1.00> <Adapter> <Opcode : 'read' 'write' 'readreq' 'writereq' 'writeresp'>
ST_71 : Operation 268 [3/71] (7.30ns)   --->   "%gmem_load_3_req = readreq i1 @_ssdm_op_ReadReq.m_axi.i128P1A, i128 %gmem_addr_2, i32 1" [main.cpp:207->main.cpp:268]   --->   Operation 268 'readreq' 'gmem_load_3_req' <Predicate = (!icmp_ln204 & !empty_28)> <Delay = 7.30> <CoreInst = "m_axi">   --->   Core 121 'm_axi' <Latency = 0> <II = 1> <Delay = 1.00> <Adapter> <Opcode : 'read' 'write' 'readreq' 'writereq' 'writeresp'>

State 72 <SV = 71> <Delay = 7.30>
ST_72 : Operation 269 [1/71] (7.30ns)   --->   "%gmem_load_2_req = readreq i1 @_ssdm_op_ReadReq.m_axi.i128P1A, i128 %gmem_addr, i32 1" [main.cpp:206->main.cpp:268]   --->   Operation 269 'readreq' 'gmem_load_2_req' <Predicate = (!icmp_ln204 & !empty_28)> <Delay = 7.30> <CoreInst = "m_axi">   --->   Core 121 'm_axi' <Latency = 0> <II = 1> <Delay = 1.00> <Adapter> <Opcode : 'read' 'write' 'readreq' 'writereq' 'writeresp'>
ST_72 : Operation 270 [2/71] (7.30ns)   --->   "%gmem_load_3_req = readreq i1 @_ssdm_op_ReadReq.m_axi.i128P1A, i128 %gmem_addr_2, i32 1" [main.cpp:207->main.cpp:268]   --->   Operation 270 'readreq' 'gmem_load_3_req' <Predicate = (!icmp_ln204 & !empty_28)> <Delay = 7.30> <CoreInst = "m_axi">   --->   Core 121 'm_axi' <Latency = 0> <II = 1> <Delay = 1.00> <Adapter> <Opcode : 'read' 'write' 'readreq' 'writereq' 'writeresp'>

State 73 <SV = 72> <Delay = 7.30>
ST_73 : Operation 271 [1/1] (7.30ns)   --->   "%gmem_addr_read = read i128 @_ssdm_op_Read.m_axi.i128P1A, i128 %gmem_addr" [main.cpp:206->main.cpp:268]   --->   Operation 271 'read' 'gmem_addr_read' <Predicate = (!icmp_ln204 & !empty_28)> <Delay = 7.30> <CoreInst = "m_axi">   --->   Core 121 'm_axi' <Latency = 0> <II = 1> <Delay = 1.00> <Adapter> <Opcode : 'read' 'write' 'readreq' 'writereq' 'writeresp'>
ST_73 : Operation 272 [1/71] (7.30ns)   --->   "%gmem_load_3_req = readreq i1 @_ssdm_op_ReadReq.m_axi.i128P1A, i128 %gmem_addr_2, i32 1" [main.cpp:207->main.cpp:268]   --->   Operation 272 'readreq' 'gmem_load_3_req' <Predicate = (!icmp_ln204 & !empty_28)> <Delay = 7.30> <CoreInst = "m_axi">   --->   Core 121 'm_axi' <Latency = 0> <II = 1> <Delay = 1.00> <Adapter> <Opcode : 'read' 'write' 'readreq' 'writereq' 'writeresp'>

State 74 <SV = 73> <Delay = 7.30>
ST_74 : Operation 273 [1/1] (0.00ns)   --->   "%shiftreg49_load = load i64 %shiftreg49"   --->   Operation 273 'load' 'shiftreg49_load' <Predicate = (!icmp_ln204)> <Delay = 0.00>
ST_74 : Operation 274 [1/1] (0.00ns)   --->   "%shiftreg_load = load i64 %shiftreg"   --->   Operation 274 'load' 'shiftreg_load' <Predicate = (!icmp_ln204)> <Delay = 0.00>
ST_74 : Operation 275 [1/1] (0.00ns)   --->   "%shiftreg49_cast = zext i64 %shiftreg49_load"   --->   Operation 275 'zext' 'shiftreg49_cast' <Predicate = (!icmp_ln204)> <Delay = 0.00>
ST_74 : Operation 276 [1/1] (0.00ns)   --->   "%shiftreg_cast = zext i64 %shiftreg_load"   --->   Operation 276 'zext' 'shiftreg_cast' <Predicate = (!icmp_ln204)> <Delay = 0.00>
ST_74 : Operation 277 [1/1] (0.00ns)   --->   "%speclooptripcount_ln197 = speclooptripcount void @_ssdm_op_SpecLoopTripCount, i64 1362, i64 1362, i64 1362" [main.cpp:197->main.cpp:268]   --->   Operation 277 'speclooptripcount' 'speclooptripcount_ln197' <Predicate = (!icmp_ln204)> <Delay = 0.00>
ST_74 : Operation 278 [1/1] (0.00ns)   --->   "%specloopname_ln204 = specloopname void @_ssdm_op_SpecLoopName, void @empty_13" [main.cpp:204->main.cpp:268]   --->   Operation 278 'specloopname' 'specloopname_ln204' <Predicate = (!icmp_ln204)> <Delay = 0.00>
ST_74 : Operation 279 [1/1] (0.46ns)   --->   "%br_ln206 = br i1 %empty_28, void, void %for.inc.i9.split._crit_edge" [main.cpp:206->main.cpp:268]   --->   Operation 279 'br' 'br_ln206' <Predicate = (!icmp_ln204)> <Delay = 0.46>
ST_74 : Operation 280 [1/1] (7.30ns)   --->   "%gmem_addr_2_read = read i128 @_ssdm_op_Read.m_axi.i128P1A, i128 %gmem_addr_2" [main.cpp:207->main.cpp:268]   --->   Operation 280 'read' 'gmem_addr_2_read' <Predicate = (!icmp_ln204 & !empty_28)> <Delay = 7.30> <CoreInst = "m_axi">   --->   Core 121 'm_axi' <Latency = 0> <II = 1> <Delay = 1.00> <Adapter> <Opcode : 'read' 'write' 'readreq' 'writereq' 'writeresp'>

State 75 <SV = 74> <Delay = 6.11>
ST_75 : Operation 281 [1/1] (0.46ns)   --->   "%br_ln207 = br void %for.inc.i9.split._crit_edge" [main.cpp:207->main.cpp:268]   --->   Operation 281 'br' 'br_ln207' <Predicate = (!icmp_ln204 & !empty_28)> <Delay = 0.46>
ST_75 : Operation 282 [1/1] (0.00ns)   --->   "%empty = phi i128 %gmem_addr_read, void, i128 %shiftreg_cast, void %for.inc.i9.split" [main.cpp:206->main.cpp:268]   --->   Operation 282 'phi' 'empty' <Predicate = true> <Delay = 0.00>
ST_75 : Operation 283 [1/1] (0.00ns)   --->   "%trunc_ln206 = trunc i128 %empty" [main.cpp:206->main.cpp:268]   --->   Operation 283 'trunc' 'trunc_ln206' <Predicate = true> <Delay = 0.00>
ST_75 : Operation 284 [1/1] (0.00ns)   --->   "%trunc_ln206_1 = partselect i64 @_ssdm_op_PartSelect.i64.i128.i32.i32, i128 %empty, i32 64, i32 127" [main.cpp:206->main.cpp:268]   --->   Operation 284 'partselect' 'trunc_ln206_1' <Predicate = true> <Delay = 0.00>
ST_75 : [1/1] (0.75ns)   --->   Input mux for Operation 285 '%x = sitodp i64 %trunc_ln206'
ST_75 : Operation 285 [2/2] (4.89ns)   --->   "%x = sitodp i64 %trunc_ln206" [main.cpp:206->main.cpp:268]   --->   Operation 285 'sitodp' 'x' <Predicate = true> <Delay = 4.89> <CoreInst = "Int2Double">   --->   Core 66 'Int2Double' <Latency = 1> <II = 1> <Delay = 5.65> <FuncUnit> <Opcode : 'sitodp' 'uitodp'> <InPorts = 1> <OutPorts = 1>
ST_75 : Operation 286 [1/1] (0.46ns)   --->   "%store_ln204 = store i64 %trunc_ln206_1, i64 %shiftreg" [main.cpp:204->main.cpp:268]   --->   Operation 286 'store' 'store_ln204' <Predicate = true> <Delay = 0.46>

State 76 <SV = 75> <Delay = 5.65>
ST_76 : Operation 287 [1/1] (0.00ns)   --->   "%empty_27 = phi i128 %gmem_addr_2_read, void, i128 %shiftreg49_cast, void %for.inc.i9.split" [main.cpp:207->main.cpp:268]   --->   Operation 287 'phi' 'empty_27' <Predicate = true> <Delay = 0.00>
ST_76 : Operation 288 [1/2] (5.65ns)   --->   "%x = sitodp i64 %trunc_ln206" [main.cpp:206->main.cpp:268]   --->   Operation 288 'sitodp' 'x' <Predicate = true> <Delay = 5.65> <CoreInst = "Int2Double">   --->   Core 66 'Int2Double' <Latency = 1> <II = 1> <Delay = 5.65> <FuncUnit> <Opcode : 'sitodp' 'uitodp'> <InPorts = 1> <OutPorts = 1>
ST_76 : Operation 289 [1/1] (0.00ns)   --->   "%trunc_ln207 = trunc i128 %empty_27" [main.cpp:207->main.cpp:268]   --->   Operation 289 'trunc' 'trunc_ln207' <Predicate = true> <Delay = 0.00>
ST_76 : Operation 290 [1/1] (0.00ns)   --->   "%trunc_ln207_1 = partselect i64 @_ssdm_op_PartSelect.i64.i128.i32.i32, i128 %empty_27, i32 64, i32 127" [main.cpp:207->main.cpp:268]   --->   Operation 290 'partselect' 'trunc_ln207_1' <Predicate = true> <Delay = 0.00>
ST_76 : [1/1] (0.75ns)   --->   Input mux for Operation 291 '%y = sitodp i64 %trunc_ln207'
ST_76 : Operation 291 [2/2] (4.89ns)   --->   "%y = sitodp i64 %trunc_ln207" [main.cpp:207->main.cpp:268]   --->   Operation 291 'sitodp' 'y' <Predicate = true> <Delay = 4.89> <CoreInst = "Int2Double">   --->   Core 66 'Int2Double' <Latency = 1> <II = 1> <Delay = 5.65> <FuncUnit> <Opcode : 'sitodp' 'uitodp'> <InPorts = 1> <OutPorts = 1>
ST_76 : Operation 292 [1/1] (0.46ns)   --->   "%store_ln204 = store i64 %trunc_ln207_1, i64 %shiftreg49" [main.cpp:204->main.cpp:268]   --->   Operation 292 'store' 'store_ln204' <Predicate = true> <Delay = 0.46>

State 77 <SV = 76> <Delay = 5.65>
ST_77 : Operation 293 [1/2] (5.65ns)   --->   "%y = sitodp i64 %trunc_ln207" [main.cpp:207->main.cpp:268]   --->   Operation 293 'sitodp' 'y' <Predicate = true> <Delay = 5.65> <CoreInst = "Int2Double">   --->   Core 66 'Int2Double' <Latency = 1> <II = 1> <Delay = 5.65> <FuncUnit> <Opcode : 'sitodp' 'uitodp'> <InPorts = 1> <OutPorts = 1>
ST_77 : [1/1] (0.65ns)   --->   Input mux for Operation 294 '%mul_i5 = dmul i64 %b_read, i64 %x'
ST_77 : Operation 294 [4/4] (4.92ns)   --->   "%mul_i5 = dmul i64 %b_read, i64 %x" [main.cpp:209->main.cpp:268]   --->   Operation 294 'dmul' 'mul_i5' <Predicate = true> <Delay = 4.92> <CoreInst = "DMul_maxdsp">   --->   Core 49 'DMul_maxdsp' <Latency = 3> <II = 1> <Delay = 5.58> <FuncUnit> <Opcode : 'dmul'> <InPorts = 2> <OutPorts = 1>

State 78 <SV = 77> <Delay = 5.58>
ST_78 : [1/1] (0.58ns)   --->   Input mux for Operation 295 '%sub_i = dsub i64 %y, i64 %a_read'
ST_78 : Operation 295 [4/4] (4.57ns)   --->   "%sub_i = dsub i64 %y, i64 %a_read" [main.cpp:209->main.cpp:268]   --->   Operation 295 'dsub' 'sub_i' <Predicate = true> <Delay = 4.57> <CoreInst = "DAddSub_fulldsp">   --->   Core 37 'DAddSub_fulldsp' <Latency = 3> <II = 1> <Delay = 5.15> <FuncUnit> <Opcode : 'dadd' 'dsub'> <InPorts = 2> <OutPorts = 1>
ST_78 : Operation 296 [3/4] (5.58ns)   --->   "%mul_i5 = dmul i64 %b_read, i64 %x" [main.cpp:209->main.cpp:268]   --->   Operation 296 'dmul' 'mul_i5' <Predicate = true> <Delay = 5.58> <CoreInst = "DMul_maxdsp">   --->   Core 49 'DMul_maxdsp' <Latency = 3> <II = 1> <Delay = 5.58> <FuncUnit> <Opcode : 'dmul'> <InPorts = 2> <OutPorts = 1>

State 79 <SV = 78> <Delay = 5.58>
ST_79 : Operation 297 [3/4] (5.15ns)   --->   "%sub_i = dsub i64 %y, i64 %a_read" [main.cpp:209->main.cpp:268]   --->   Operation 297 'dsub' 'sub_i' <Predicate = true> <Delay = 5.15> <CoreInst = "DAddSub_fulldsp">   --->   Core 37 'DAddSub_fulldsp' <Latency = 3> <II = 1> <Delay = 5.15> <FuncUnit> <Opcode : 'dadd' 'dsub'> <InPorts = 2> <OutPorts = 1>
ST_79 : Operation 298 [2/4] (5.58ns)   --->   "%mul_i5 = dmul i64 %b_read, i64 %x" [main.cpp:209->main.cpp:268]   --->   Operation 298 'dmul' 'mul_i5' <Predicate = true> <Delay = 5.58> <CoreInst = "DMul_maxdsp">   --->   Core 49 'DMul_maxdsp' <Latency = 3> <II = 1> <Delay = 5.58> <FuncUnit> <Opcode : 'dmul'> <InPorts = 2> <OutPorts = 1>

State 80 <SV = 79> <Delay = 5.58>
ST_80 : Operation 299 [2/4] (5.15ns)   --->   "%sub_i = dsub i64 %y, i64 %a_read" [main.cpp:209->main.cpp:268]   --->   Operation 299 'dsub' 'sub_i' <Predicate = true> <Delay = 5.15> <CoreInst = "DAddSub_fulldsp">   --->   Core 37 'DAddSub_fulldsp' <Latency = 3> <II = 1> <Delay = 5.15> <FuncUnit> <Opcode : 'dadd' 'dsub'> <InPorts = 2> <OutPorts = 1>
ST_80 : Operation 300 [1/4] (5.58ns)   --->   "%mul_i5 = dmul i64 %b_read, i64 %x" [main.cpp:209->main.cpp:268]   --->   Operation 300 'dmul' 'mul_i5' <Predicate = true> <Delay = 5.58> <CoreInst = "DMul_maxdsp">   --->   Core 49 'DMul_maxdsp' <Latency = 3> <II = 1> <Delay = 5.58> <FuncUnit> <Opcode : 'dmul'> <InPorts = 2> <OutPorts = 1>

State 81 <SV = 80> <Delay = 5.15>
ST_81 : Operation 301 [1/4] (5.15ns)   --->   "%sub_i = dsub i64 %y, i64 %a_read" [main.cpp:209->main.cpp:268]   --->   Operation 301 'dsub' 'sub_i' <Predicate = true> <Delay = 5.15> <CoreInst = "DAddSub_fulldsp">   --->   Core 37 'DAddSub_fulldsp' <Latency = 3> <II = 1> <Delay = 5.15> <FuncUnit> <Opcode : 'dadd' 'dsub'> <InPorts = 2> <OutPorts = 1>

State 82 <SV = 81> <Delay = 5.15>
ST_82 : [1/1] (0.58ns)   --->   Input mux for Operation 302 '%temp = dsub i64 %sub_i, i64 %mul_i5'
ST_82 : Operation 302 [4/4] (4.57ns)   --->   "%temp = dsub i64 %sub_i, i64 %mul_i5" [main.cpp:209->main.cpp:268]   --->   Operation 302 'dsub' 'temp' <Predicate = true> <Delay = 4.57> <CoreInst = "DAddSub_fulldsp">   --->   Core 37 'DAddSub_fulldsp' <Latency = 3> <II = 1> <Delay = 5.15> <FuncUnit> <Opcode : 'dadd' 'dsub'> <InPorts = 2> <OutPorts = 1>

State 83 <SV = 82> <Delay = 5.15>
ST_83 : Operation 303 [3/4] (5.15ns)   --->   "%temp = dsub i64 %sub_i, i64 %mul_i5" [main.cpp:209->main.cpp:268]   --->   Operation 303 'dsub' 'temp' <Predicate = true> <Delay = 5.15> <CoreInst = "DAddSub_fulldsp">   --->   Core 37 'DAddSub_fulldsp' <Latency = 3> <II = 1> <Delay = 5.15> <FuncUnit> <Opcode : 'dadd' 'dsub'> <InPorts = 2> <OutPorts = 1>

State 84 <SV = 83> <Delay = 5.15>
ST_84 : Operation 304 [2/4] (5.15ns)   --->   "%temp = dsub i64 %sub_i, i64 %mul_i5" [main.cpp:209->main.cpp:268]   --->   Operation 304 'dsub' 'temp' <Predicate = true> <Delay = 5.15> <CoreInst = "DAddSub_fulldsp">   --->   Core 37 'DAddSub_fulldsp' <Latency = 3> <II = 1> <Delay = 5.15> <FuncUnit> <Opcode : 'dadd' 'dsub'> <InPorts = 2> <OutPorts = 1>

State 85 <SV = 84> <Delay = 5.15>
ST_85 : Operation 305 [1/4] (5.15ns)   --->   "%temp = dsub i64 %sub_i, i64 %mul_i5" [main.cpp:209->main.cpp:268]   --->   Operation 305 'dsub' 'temp' <Predicate = true> <Delay = 5.15> <CoreInst = "DAddSub_fulldsp">   --->   Core 37 'DAddSub_fulldsp' <Latency = 3> <II = 1> <Delay = 5.15> <FuncUnit> <Opcode : 'dadd' 'dsub'> <InPorts = 2> <OutPorts = 1>

State 86 <SV = 85> <Delay = 0.00>

State 87 <SV = 86> <Delay = 5.58>
ST_87 : [1/1] (0.65ns)   --->   Input mux for Operation 306 '%tempSquared = dmul i64 %temp, i64 %temp'
ST_87 : Operation 306 [4/4] (4.92ns)   --->   "%tempSquared = dmul i64 %temp, i64 %temp" [main.cpp:210->main.cpp:268]   --->   Operation 306 'dmul' 'tempSquared' <Predicate = true> <Delay = 4.92> <CoreInst = "DMul_maxdsp">   --->   Core 49 'DMul_maxdsp' <Latency = 3> <II = 1> <Delay = 5.58> <FuncUnit> <Opcode : 'dmul'> <InPorts = 2> <OutPorts = 1>

State 88 <SV = 87> <Delay = 5.58>
ST_88 : Operation 307 [3/4] (5.58ns)   --->   "%tempSquared = dmul i64 %temp, i64 %temp" [main.cpp:210->main.cpp:268]   --->   Operation 307 'dmul' 'tempSquared' <Predicate = true> <Delay = 5.58> <CoreInst = "DMul_maxdsp">   --->   Core 49 'DMul_maxdsp' <Latency = 3> <II = 1> <Delay = 5.58> <FuncUnit> <Opcode : 'dmul'> <InPorts = 2> <OutPorts = 1>

State 89 <SV = 88> <Delay = 5.58>
ST_89 : Operation 308 [2/4] (5.58ns)   --->   "%tempSquared = dmul i64 %temp, i64 %temp" [main.cpp:210->main.cpp:268]   --->   Operation 308 'dmul' 'tempSquared' <Predicate = true> <Delay = 5.58> <CoreInst = "DMul_maxdsp">   --->   Core 49 'DMul_maxdsp' <Latency = 3> <II = 1> <Delay = 5.58> <FuncUnit> <Opcode : 'dmul'> <InPorts = 2> <OutPorts = 1>

State 90 <SV = 89> <Delay = 5.58>
ST_90 : Operation 309 [1/4] (5.58ns)   --->   "%tempSquared = dmul i64 %temp, i64 %temp" [main.cpp:210->main.cpp:268]   --->   Operation 309 'dmul' 'tempSquared' <Predicate = true> <Delay = 5.58> <CoreInst = "DMul_maxdsp">   --->   Core 49 'DMul_maxdsp' <Latency = 3> <II = 1> <Delay = 5.58> <FuncUnit> <Opcode : 'dmul'> <InPorts = 2> <OutPorts = 1>

State 91 <SV = 90> <Delay = 0.00>

State 92 <SV = 91> <Delay = 5.15>
ST_92 : Operation 310 [1/1] (0.00ns)   --->   "%f_1_load = load i64 %f_1" [main.cpp:212->main.cpp:268]   --->   Operation 310 'load' 'f_1_load' <Predicate = true> <Delay = 0.00>
ST_92 : [1/1] (0.67ns)   --->   Input mux for Operation 311 '%f = dadd i64 %f_1_load, i64 %tempSquared'
ST_92 : Operation 311 [4/4] (4.48ns)   --->   "%f = dadd i64 %f_1_load, i64 %tempSquared" [main.cpp:212->main.cpp:268]   --->   Operation 311 'dadd' 'f' <Predicate = true> <Delay = 4.48> <CoreInst = "DAddSub_fulldsp">   --->   Core 37 'DAddSub_fulldsp' <Latency = 3> <II = 1> <Delay = 5.15> <FuncUnit> <Opcode : 'dadd' 'dsub'> <InPorts = 2> <OutPorts = 1>
ST_92 : Operation 317 [1/1] (0.00ns)   --->   "%f_1_load_1 = load i64 %f_1"   --->   Operation 317 'load' 'f_1_load_1' <Predicate = (icmp_ln204)> <Delay = 0.00>
ST_92 : Operation 318 [1/1] (0.00ns)   --->   "%write_ln0 = write void @_ssdm_op_Write.ap_auto.doubleP0A, i64 %f_1_out, i64 %f_1_load_1"   --->   Operation 318 'write' 'write_ln0' <Predicate = (icmp_ln204)> <Delay = 0.00>
ST_92 : Operation 319 [1/1] (0.00ns)   --->   "%ret_ln0 = ret"   --->   Operation 319 'ret' 'ret_ln0' <Predicate = (icmp_ln204)> <Delay = 0.00>

State 93 <SV = 92> <Delay = 5.15>
ST_93 : Operation 312 [3/4] (5.15ns)   --->   "%f = dadd i64 %f_1_load, i64 %tempSquared" [main.cpp:212->main.cpp:268]   --->   Operation 312 'dadd' 'f' <Predicate = true> <Delay = 5.15> <CoreInst = "DAddSub_fulldsp">   --->   Core 37 'DAddSub_fulldsp' <Latency = 3> <II = 1> <Delay = 5.15> <FuncUnit> <Opcode : 'dadd' 'dsub'> <InPorts = 2> <OutPorts = 1>

State 94 <SV = 93> <Delay = 5.15>
ST_94 : Operation 313 [2/4] (5.15ns)   --->   "%f = dadd i64 %f_1_load, i64 %tempSquared" [main.cpp:212->main.cpp:268]   --->   Operation 313 'dadd' 'f' <Predicate = true> <Delay = 5.15> <CoreInst = "DAddSub_fulldsp">   --->   Core 37 'DAddSub_fulldsp' <Latency = 3> <II = 1> <Delay = 5.15> <FuncUnit> <Opcode : 'dadd' 'dsub'> <InPorts = 2> <OutPorts = 1>

State 95 <SV = 94> <Delay = 5.61>
ST_95 : Operation 314 [1/4] (5.15ns)   --->   "%f = dadd i64 %f_1_load, i64 %tempSquared" [main.cpp:212->main.cpp:268]   --->   Operation 314 'dadd' 'f' <Predicate = true> <Delay = 5.15> <CoreInst = "DAddSub_fulldsp">   --->   Core 37 'DAddSub_fulldsp' <Latency = 3> <II = 1> <Delay = 5.15> <FuncUnit> <Opcode : 'dadd' 'dsub'> <InPorts = 2> <OutPorts = 1>
ST_95 : Operation 315 [1/1] (0.46ns)   --->   "%store_ln204 = store i64 %f, i64 %f_1" [main.cpp:204->main.cpp:268]   --->   Operation 315 'store' 'store_ln204' <Predicate = true> <Delay = 0.46>
ST_95 : Operation 316 [1/1] (0.00ns)   --->   "%br_ln204 = br void %for.inc.i9" [main.cpp:204->main.cpp:268]   --->   Operation 316 'br' 'br_ln204' <Predicate = true> <Delay = 0.00>


============================================================
+ Verbose Summary: Binding
============================================================
STG Binding: 
---------------- STG Properties BEGIN ----------------
- Is combinational: 0
- Is one-state seq: 0
- Is datapath-only: 0
- Is pipelined: 0
- Is top level: 0
Port [ Return ] is wired: 1; IO mode=ap_ctrl_hs:ce=0
Port [ gmem]:  wired=1; compound=1; hidden=0; nouse=0; global=0; static=0; extern=0; dir=0; type=4; pingpong=0; private_global=0; IO mode=m_axi:ce=0
Port [ a]:  wired=1; compound=0; hidden=0; nouse=0; global=0; static=0; extern=0; dir=0; type=0; pingpong=0; private_global=0; IO mode=ap_none:ce=0
Port [ b]:  wired=1; compound=0; hidden=0; nouse=0; global=0; static=0; extern=0; dir=0; type=0; pingpong=0; private_global=0; IO mode=ap_none:ce=0
Port [ sext_ln204]:  wired=1; compound=0; hidden=0; nouse=0; global=0; static=0; extern=0; dir=0; type=0; pingpong=0; private_global=0; IO mode=ap_none:ce=0
Port [ sext_ln204_1]:  wired=1; compound=0; hidden=0; nouse=0; global=0; static=0; extern=0; dir=0; type=0; pingpong=0; private_global=0; IO mode=ap_none:ce=0
Port [ f_1_out]:  wired=1; compound=0; hidden=0; nouse=0; global=0; static=0; extern=0; dir=1; type=0; pingpong=0; private_global=0; IO mode=ap_vld:ce=0
---------------- STG Properties END ------------------

---------------- Datapath Model BEGIN ----------------

<LifeTime>
<method=bitvector/>
shiftreg49              (alloca           ) [ 011111111111111111111111111111111111111111111111111111111111111111111111111110000000000000000000]
shiftreg                (alloca           ) [ 011111111111111111111111111111111111111111111111111111111111111111111111111100000000000000000000]
f_1                     (alloca           ) [ 011111111111111111111111111111111111111111111111111111111111111111111111111111111111111111111111]
i_1                     (alloca           ) [ 011100000000000000000000000000000000000000000000000000000000000000000000000000000000000000000000]
sext_ln204_1_read       (read             ) [ 000000000000000000000000000000000000000000000000000000000000000000000000000000000000000000000000]
sext_ln204_read         (read             ) [ 000000000000000000000000000000000000000000000000000000000000000000000000000000000000000000000000]
b_read                  (read             ) [ 011111111111111111111111111111111111111111111111111111111111111111111111111111111000000000000000]
a_read                  (read             ) [ 011111111111111111111111111111111111111111111111111111111111111111111111111111111100000000000000]
sext_ln204_1_cast       (sext             ) [ 000000000000000000000000000000000000000000000000000000000000000000000000000000000000000000000000]
sext_ln204_cast         (sext             ) [ 000000000000000000000000000000000000000000000000000000000000000000000000000000000000000000000000]
specinterface_ln0       (specinterface    ) [ 000000000000000000000000000000000000000000000000000000000000000000000000000000000000000000000000]
store_ln0               (store            ) [ 000000000000000000000000000000000000000000000000000000000000000000000000000000000000000000000000]
store_ln0               (store            ) [ 000000000000000000000000000000000000000000000000000000000000000000000000000000000000000000000000]
store_ln0               (store            ) [ 000000000000000000000000000000000000000000000000000000000000000000000000000000000000000000000000]
store_ln0               (store            ) [ 000000000000000000000000000000000000000000000000000000000000000000000000000000000000000000000000]
br_ln0                  (br               ) [ 000000000000000000000000000000000000000000000000000000000000000000000000000000000000000000000000]
i                       (load             ) [ 000000000000000000000000000000000000000000000000000000000000000000000000000000000000000000000000]
specbitsmap_ln0         (specbitsmap      ) [ 000000000000000000000000000000000000000000000000000000000000000000000000000000000000000000000000]
specpipeline_ln0        (specpipeline     ) [ 000000000000000000000000000000000000000000000000000000000000000000000000000000000000000000000000]
icmp_ln204              (icmp             ) [ 011111111111111111111111111111111111111111111111111111111111111111111111111111111111111111111111]
add_ln204               (add              ) [ 001100000000000000000000000000000000000000000000000000000000000000000000000000000000000000000000]
br_ln204                (br               ) [ 000000000000000000000000000000000000000000000000000000000000000000000000000000000000000000000000]
empty_28                (trunc            ) [ 011111111111111111111111111111111111111111111111111111111111111111111111111111111111111111111111]
lshr_ln                 (partselect       ) [ 000000000000000000000000000000000000000000000000000000000000000000000000000000000000000000000000]
zext_ln206              (zext             ) [ 000000000000000000000000000000000000000000000000000000000000000000000000000000000000000000000000]
add_ln206               (add              ) [ 001000000000000000000000000000000000000000000000000000000000000000000000000000000000000000000000]
add_ln207               (add              ) [ 001100000000000000000000000000000000000000000000000000000000000000000000000000000000000000000000]
sext_ln206              (sext             ) [ 000000000000000000000000000000000000000000000000000000000000000000000000000000000000000000000000]
gmem_addr               (getelementptr    ) [ 011111111111111111111111111111111111111111111111111111111111111111111111110000000000000000000000]
sext_ln207              (sext             ) [ 000000000000000000000000000000000000000000000000000000000000000000000000000000000000000000000000]
gmem_addr_2             (getelementptr    ) [ 011111111111111111111111111111111111111111111111111111111111111111111111111000000000000000000000]
store_ln204             (store            ) [ 000000000000000000000000000000000000000000000000000000000000000000000000000000000000000000000000]
gmem_load_2_req         (readreq          ) [ 000000000000000000000000000000000000000000000000000000000000000000000000000000000000000000000000]
gmem_addr_read          (read             ) [ 001100000000000000000000000000000000000000000000000000000000000000000000001100000000000000000000]
gmem_load_3_req         (readreq          ) [ 000000000000000000000000000000000000000000000000000000000000000000000000000000000000000000000000]
shiftreg49_load         (load             ) [ 000000000000000000000000000000000000000000000000000000000000000000000000000000000000000000000000]
shiftreg_load           (load             ) [ 000000000000000000000000000000000000000000000000000000000000000000000000000000000000000000000000]
shiftreg49_cast         (zext             ) [ 011100000000000000000000000000000000000000000000000000000000000000000000001110000000000000000000]
shiftreg_cast           (zext             ) [ 001100000000000000000000000000000000000000000000000000000000000000000000001100000000000000000000]
speclooptripcount_ln197 (speclooptripcount) [ 000000000000000000000000000000000000000000000000000000000000000000000000000000000000000000000000]
specloopname_ln204      (specloopname     ) [ 000000000000000000000000000000000000000000000000000000000000000000000000000000000000000000000000]
br_ln206                (br               ) [ 011100000000000000000000000000000000000000000000000000000000000000000000001110000000000000000000]
gmem_addr_2_read        (read             ) [ 011100000000000000000000000000000000000000000000000000000000000000000000001110000000000000000000]
br_ln207                (br               ) [ 011100000000000000000000000000000000000000000000000000000000000000000000001110000000000000000000]
empty                   (phi              ) [ 000100000000000000000000000000000000000000000000000000000000000000000000000100000000000000000000]
trunc_ln206             (trunc            ) [ 010000000000000000000000000000000000000000000000000000000000000000000000000010000000000000000000]
trunc_ln206_1           (partselect       ) [ 000000000000000000000000000000000000000000000000000000000000000000000000000000000000000000000000]
store_ln204             (store            ) [ 000000000000000000000000000000000000000000000000000000000000000000000000000000000000000000000000]
empty_27                (phi              ) [ 010000000000000000000000000000000000000000000000000000000000000000000000000010000000000000000000]
x                       (sitodp           ) [ 011100000000000000000000000000000000000000000000000000000000000000000000000001111000000000000000]
trunc_ln207             (trunc            ) [ 001000000000000000000000000000000000000000000000000000000000000000000000000001000000000000000000]
trunc_ln207_1           (partselect       ) [ 000000000000000000000000000000000000000000000000000000000000000000000000000000000000000000000000]
store_ln204             (store            ) [ 000000000000000000000000000000000000000000000000000000000000000000000000000000000000000000000000]
y                       (sitodp           ) [ 011100000000000000000000000000000000000000000000000000000000000000000000000000111100000000000000]
mul_i5                  (dmul             ) [ 011100000000000000000000000000000000000000000000000000000000000000000000000000000111110000000000]
sub_i                   (dsub             ) [ 011100000000000000000000000000000000000000000000000000000000000000000000000000000011110000000000]
temp                    (dsub             ) [ 011100000000000000000000000000000000000000000000000000000000000000000000000000000000001111100000]
tempSquared             (dmul             ) [ 011100000000000000000000000000000000000000000000000000000000000000000000000000000000000000011111]
f_1_load                (load             ) [ 011100000000000000000000000000000000000000000000000000000000000000000000000000000000000000000111]
f                       (dadd             ) [ 000000000000000000000000000000000000000000000000000000000000000000000000000000000000000000000000]
store_ln204             (store            ) [ 000000000000000000000000000000000000000000000000000000000000000000000000000000000000000000000000]
br_ln204                (br               ) [ 000000000000000000000000000000000000000000000000000000000000000000000000000000000000000000000000]
f_1_load_1              (load             ) [ 000000000000000000000000000000000000000000000000000000000000000000000000000000000000000000000000]
write_ln0               (write            ) [ 000000000000000000000000000000000000000000000000000000000000000000000000000000000000000000000000]
ret_ln0                 (ret              ) [ 000000000000000000000000000000000000000000000000000000000000000000000000000000000000000000000000]
</LifeTime>

<model>

<comp_list>
<comp id="0" class="1000" name="gmem">
<pin_list>
<pin id="1" dir="1" index="0" bw="1" slack="0"/>
</pin_list>
<bind>
<StgValue><ssdm name="gmem"/></StgValue>
</bind>
</comp>

<comp id="2" class="1000" name="a">
<pin_list>
<pin id="3" dir="1" index="0" bw="1" slack="0"/>
</pin_list>
<bind>
<StgValue><ssdm name="a"/></StgValue>
</bind>
</comp>

<comp id="4" class="1000" name="b">
<pin_list>
<pin id="5" dir="1" index="0" bw="1" slack="0"/>
</pin_list>
<bind>
<StgValue><ssdm name="b"/></StgValue>
</bind>
</comp>

<comp id="6" class="1000" name="sext_ln204">
<pin_list>
<pin id="7" dir="1" index="0" bw="1" slack="0"/>
</pin_list>
<bind>
<StgValue><ssdm name="sext_ln204"/></StgValue>
</bind>
</comp>

<comp id="8" class="1000" name="sext_ln204_1">
<pin_list>
<pin id="9" dir="1" index="0" bw="1" slack="0"/>
</pin_list>
<bind>
<StgValue><ssdm name="sext_ln204_1"/></StgValue>
</bind>
</comp>

<comp id="10" class="1000" name="f_1_out">
<pin_list>
<pin id="11" dir="1" index="0" bw="1" slack="0"/>
</pin_list>
<bind>
<StgValue><ssdm name="f_1_out"/></StgValue>
</bind>
</comp>

<comp id="12" class="1001" name="const_12">
<pin_list>
<pin id="13" dir="1" index="0" bw="1" slack="0"/>
</pin_list>
<bind>
<StgValue><ssdm name=""/></StgValue>
</bind>
</comp>

<comp id="14" class="1001" name="const_14">
<pin_list>
<pin id="15" dir="1" index="0" bw="1" slack="0"/>
</pin_list>
<bind>
<StgValue><ssdm name="_ssdm_op_Read.ap_auto.i60"/></StgValue>
</bind>
</comp>

<comp id="16" class="1001" name="const_16">
<pin_list>
<pin id="17" dir="1" index="0" bw="1" slack="0"/>
</pin_list>
<bind>
<StgValue><ssdm name="_ssdm_op_Read.ap_auto.double"/></StgValue>
</bind>
</comp>

<comp id="18" class="1001" name="const_18">
<pin_list>
<pin id="19" dir="1" index="0" bw="1" slack="2147483647"/>
</pin_list>
<bind>
<StgValue><ssdm name="_ssdm_op_SpecInterface"/></StgValue>
</bind>
</comp>

<comp id="20" class="1001" name="const_20">
<pin_list>
<pin id="21" dir="1" index="0" bw="1" slack="2147483647"/>
</pin_list>
<bind>
<StgValue><ssdm name="empty_14"/></StgValue>
</bind>
</comp>

<comp id="22" class="1001" name="const_22">
<pin_list>
<pin id="23" dir="1" index="0" bw="1" slack="2147483647"/>
</pin_list>
<bind>
<StgValue><ssdm name=""/></StgValue>
</bind>
</comp>

<comp id="24" class="1001" name="const_24">
<pin_list>
<pin id="25" dir="1" index="0" bw="1" slack="2147483647"/>
</pin_list>
<bind>
<StgValue><ssdm name="empty_10"/></StgValue>
</bind>
</comp>

<comp id="26" class="1001" name="const_26">
<pin_list>
<pin id="27" dir="1" index="0" bw="1" slack="0"/>
</pin_list>
<bind>
<StgValue><ssdm name=""/></StgValue>
</bind>
</comp>

<comp id="28" class="1001" name="const_28">
<pin_list>
<pin id="29" dir="1" index="0" bw="1" slack="2147483647"/>
</pin_list>
<bind>
<StgValue><ssdm name="empty"/></StgValue>
</bind>
</comp>

<comp id="30" class="1001" name="const_30">
<pin_list>
<pin id="31" dir="1" index="0" bw="1" slack="2147483647"/>
</pin_list>
<bind>
<StgValue><ssdm name="empty_1"/></StgValue>
</bind>
</comp>

<comp id="32" class="1001" name="const_32">
<pin_list>
<pin id="33" dir="1" index="0" bw="1" slack="2147483647"/>
</pin_list>
<bind>
<StgValue><ssdm name=""/></StgValue>
</bind>
</comp>

<comp id="34" class="1001" name="const_34">
<pin_list>
<pin id="35" dir="1" index="0" bw="1" slack="2147483647"/>
</pin_list>
<bind>
<StgValue><ssdm name=""/></StgValue>
</bind>
</comp>

<comp id="36" class="1001" name="const_36">
<pin_list>
<pin id="37" dir="1" index="0" bw="1" slack="0"/>
</pin_list>
<bind>
<StgValue><ssdm name=""/></StgValue>
</bind>
</comp>

<comp id="38" class="1001" name="const_38">
<pin_list>
<pin id="39" dir="1" index="0" bw="1" slack="0"/>
</pin_list>
<bind>
<StgValue><ssdm name=""/></StgValue>
</bind>
</comp>

<comp id="40" class="1001" name="const_40">
<pin_list>
<pin id="41" dir="1" index="0" bw="1" slack="0"/>
</pin_list>
<bind>
<StgValue><ssdm name=""/></StgValue>
</bind>
</comp>

<comp id="42" class="1001" name="const_42">
<pin_list>
<pin id="43" dir="1" index="0" bw="1" slack="2147483647"/>
</pin_list>
<bind>
<StgValue><ssdm name="_ssdm_op_SpecBitsMap"/></StgValue>
</bind>
</comp>

<comp id="44" class="1001" name="const_44">
<pin_list>
<pin id="45" dir="1" index="0" bw="1" slack="2147483647"/>
</pin_list>
<bind>
<StgValue><ssdm name="_ssdm_op_SpecPipeline"/></StgValue>
</bind>
</comp>

<comp id="46" class="1001" name="const_46">
<pin_list>
<pin id="47" dir="1" index="0" bw="1" slack="2147483647"/>
</pin_list>
<bind>
<StgValue><ssdm name="p_str2"/></StgValue>
</bind>
</comp>

<comp id="48" class="1001" name="const_48">
<pin_list>
<pin id="49" dir="1" index="0" bw="1" slack="0"/>
</pin_list>
<bind>
<StgValue><ssdm name=""/></StgValue>
</bind>
</comp>

<comp id="50" class="1001" name="const_50">
<pin_list>
<pin id="51" dir="1" index="0" bw="1" slack="0"/>
</pin_list>
<bind>
<StgValue><ssdm name=""/></StgValue>
</bind>
</comp>

<comp id="52" class="1001" name="const_52">
<pin_list>
<pin id="53" dir="1" index="0" bw="1" slack="0"/>
</pin_list>
<bind>
<StgValue><ssdm name="_ssdm_op_PartSelect.i10.i11.i32.i32"/></StgValue>
</bind>
</comp>

<comp id="54" class="1001" name="const_54">
<pin_list>
<pin id="55" dir="1" index="0" bw="1" slack="0"/>
</pin_list>
<bind>
<StgValue><ssdm name=""/></StgValue>
</bind>
</comp>

<comp id="56" class="1001" name="const_56">
<pin_list>
<pin id="57" dir="1" index="0" bw="1" slack="0"/>
</pin_list>
<bind>
<StgValue><ssdm name="_ssdm_op_ReadReq.m_axi.i128P1A"/></StgValue>
</bind>
</comp>

<comp id="58" class="1001" name="const_58">
<pin_list>
<pin id="59" dir="1" index="0" bw="1" slack="0"/>
</pin_list>
<bind>
<StgValue><ssdm name="_ssdm_op_Read.m_axi.i128P1A"/></StgValue>
</bind>
</comp>

<comp id="60" class="1001" name="const_60">
<pin_list>
<pin id="61" dir="1" index="0" bw="1" slack="2147483647"/>
</pin_list>
<bind>
<StgValue><ssdm name="_ssdm_op_SpecLoopTripCount"/></StgValue>
</bind>
</comp>

<comp id="62" class="1001" name="const_62">
<pin_list>
<pin id="63" dir="1" index="0" bw="1" slack="2147483647"/>
</pin_list>
<bind>
<StgValue><ssdm name=""/></StgValue>
</bind>
</comp>

<comp id="64" class="1001" name="const_64">
<pin_list>
<pin id="65" dir="1" index="0" bw="1" slack="2147483647"/>
</pin_list>
<bind>
<StgValue><ssdm name="_ssdm_op_SpecLoopName"/></StgValue>
</bind>
</comp>

<comp id="66" class="1001" name="const_66">
<pin_list>
<pin id="67" dir="1" index="0" bw="1" slack="2147483647"/>
</pin_list>
<bind>
<StgValue><ssdm name="empty_13"/></StgValue>
</bind>
</comp>

<comp id="68" class="1001" name="const_68">
<pin_list>
<pin id="69" dir="1" index="0" bw="1" slack="0"/>
</pin_list>
<bind>
<StgValue><ssdm name="_ssdm_op_PartSelect.i64.i128.i32.i32"/></StgValue>
</bind>
</comp>

<comp id="70" class="1001" name="const_70">
<pin_list>
<pin id="71" dir="1" index="0" bw="1" slack="0"/>
</pin_list>
<bind>
<StgValue><ssdm name=""/></StgValue>
</bind>
</comp>

<comp id="72" class="1001" name="const_72">
<pin_list>
<pin id="73" dir="1" index="0" bw="1" slack="0"/>
</pin_list>
<bind>
<StgValue><ssdm name="_ssdm_op_Write.ap_auto.doubleP0A"/></StgValue>
</bind>
</comp>

<comp id="74" class="1004" name="shiftreg49_fu_74">
<pin_list>
<pin id="75" dir="0" index="0" bw="1" slack="0"/>
<pin id="76" dir="1" index="1" bw="64" slack="0"/>
</pin_list>
<bind>
<opcode="alloca(26) " fcode="alloca"/>
<opset="shiftreg49/1 "/>
</bind>
</comp>

<comp id="78" class="1004" name="shiftreg_fu_78">
<pin_list>
<pin id="79" dir="0" index="0" bw="1" slack="0"/>
<pin id="80" dir="1" index="1" bw="64" slack="0"/>
</pin_list>
<bind>
<opcode="alloca(26) " fcode="alloca"/>
<opset="shiftreg/1 "/>
</bind>
</comp>

<comp id="82" class="1004" name="f_1_fu_82">
<pin_list>
<pin id="83" dir="0" index="0" bw="1" slack="0"/>
<pin id="84" dir="1" index="1" bw="64" slack="0"/>
</pin_list>
<bind>
<opcode="alloca(26) " fcode="alloca"/>
<opset="f_1/1 "/>
</bind>
</comp>

<comp id="86" class="1004" name="i_1_fu_86">
<pin_list>
<pin id="87" dir="0" index="0" bw="1" slack="0"/>
<pin id="88" dir="1" index="1" bw="11" slack="0"/>
</pin_list>
<bind>
<opcode="alloca(26) " fcode="alloca"/>
<opset="i_1/1 "/>
</bind>
</comp>

<comp id="90" class="1004" name="sext_ln204_1_read_read_fu_90">
<pin_list>
<pin id="91" dir="0" index="0" bw="60" slack="0"/>
<pin id="92" dir="0" index="1" bw="60" slack="0"/>
<pin id="93" dir="1" index="2" bw="60" slack="0"/>
</pin_list>
<bind>
<opcode="read(1150) " fcode="read"/>
<opset="sext_ln204_1_read/1 "/>
</bind>
</comp>

<comp id="96" class="1004" name="sext_ln204_read_read_fu_96">
<pin_list>
<pin id="97" dir="0" index="0" bw="60" slack="0"/>
<pin id="98" dir="0" index="1" bw="60" slack="0"/>
<pin id="99" dir="1" index="2" bw="60" slack="0"/>
</pin_list>
<bind>
<opcode="read(1150) " fcode="read"/>
<opset="sext_ln204_read/1 "/>
</bind>
</comp>

<comp id="102" class="1004" name="b_read_read_fu_102">
<pin_list>
<pin id="103" dir="0" index="0" bw="64" slack="0"/>
<pin id="104" dir="0" index="1" bw="64" slack="0"/>
<pin id="105" dir="1" index="2" bw="64" slack="76"/>
</pin_list>
<bind>
<opcode="read(1150) " fcode="read"/>
<opset="b_read/1 "/>
</bind>
</comp>

<comp id="108" class="1004" name="a_read_read_fu_108">
<pin_list>
<pin id="109" dir="0" index="0" bw="64" slack="0"/>
<pin id="110" dir="0" index="1" bw="64" slack="0"/>
<pin id="111" dir="1" index="2" bw="64" slack="77"/>
</pin_list>
<bind>
<opcode="read(1150) " fcode="read"/>
<opset="a_read/1 "/>
</bind>
</comp>

<comp id="114" class="1004" name="grp_readreq_fu_114">
<pin_list>
<pin id="115" dir="0" index="0" bw="1" slack="0"/>
<pin id="116" dir="0" index="1" bw="128" slack="0"/>
<pin id="117" dir="0" index="2" bw="1" slack="0"/>
<pin id="118" dir="1" index="3" bw="1" slack="2147483647"/>
</pin_list>
<bind>
<opcode="readreq(1154) " fcode="readreq"/>
<opset="gmem_load_2_req/2 "/>
</bind>
</comp>

<comp id="121" class="1004" name="grp_readreq_fu_121">
<pin_list>
<pin id="122" dir="0" index="0" bw="1" slack="0"/>
<pin id="123" dir="0" index="1" bw="128" slack="0"/>
<pin id="124" dir="0" index="2" bw="1" slack="0"/>
<pin id="125" dir="1" index="3" bw="1" slack="2147483647"/>
</pin_list>
<bind>
<opcode="readreq(1154) " fcode="readreq"/>
<opset="gmem_load_3_req/3 "/>
</bind>
</comp>

<comp id="128" class="1004" name="gmem_addr_read_read_fu_128">
<pin_list>
<pin id="129" dir="0" index="0" bw="128" slack="0"/>
<pin id="130" dir="0" index="1" bw="128" slack="71"/>
<pin id="131" dir="1" index="2" bw="128" slack="2"/>
</pin_list>
<bind>
<opcode="read(1150) " fcode="read"/>
<opset="gmem_addr_read/73 "/>
</bind>
</comp>

<comp id="133" class="1004" name="gmem_addr_2_read_read_fu_133">
<pin_list>
<pin id="134" dir="0" index="0" bw="128" slack="0"/>
<pin id="135" dir="0" index="1" bw="128" slack="71"/>
<pin id="136" dir="1" index="2" bw="128" slack="2"/>
</pin_list>
<bind>
<opcode="read(1150) " fcode="read"/>
<opset="gmem_addr_2_read/74 "/>
</bind>
</comp>

<comp id="138" class="1004" name="write_ln0_write_fu_138">
<pin_list>
<pin id="139" dir="0" index="0" bw="0" slack="0"/>
<pin id="140" dir="0" index="1" bw="64" slack="0"/>
<pin id="141" dir="0" index="2" bw="64" slack="0"/>
<pin id="142" dir="1" index="3" bw="0" slack="2147483647"/>
</pin_list>
<bind>
<opcode="write(1151) " fcode="write"/>
<opset="write_ln0/92 "/>
</bind>
</comp>

<comp id="145" class="1005" name="empty_reg_145">
<pin_list>
<pin id="146" dir="0" index="0" bw="128" slack="2147483647"/>
<pin id="147" dir="1" index="1" bw="128" slack="2147483647"/>
</pin_list>
<bind>
<opset="empty (phireg) "/>
</bind>
</comp>

<comp id="148" class="1004" name="empty_phi_fu_148">
<pin_list>
<pin id="149" dir="0" index="0" bw="128" slack="2"/>
<pin id="150" dir="0" index="1" bw="0" slack="2147483647"/>
<pin id="151" dir="0" index="2" bw="64" slack="1"/>
<pin id="152" dir="0" index="3" bw="0" slack="2147483647"/>
<pin id="153" dir="1" index="4" bw="128" slack="0"/>
</pin_list>
<bind>
<opcode="phi(47) " fcode="phi"/>
<opset="empty/75 "/>
</bind>
</comp>

<comp id="154" class="1005" name="empty_27_reg_154">
<pin_list>
<pin id="155" dir="0" index="0" bw="128" slack="2147483647"/>
<pin id="156" dir="1" index="1" bw="128" slack="2147483647"/>
</pin_list>
<bind>
<opset="empty_27 (phireg) "/>
</bind>
</comp>

<comp id="157" class="1004" name="empty_27_phi_fu_157">
<pin_list>
<pin id="158" dir="0" index="0" bw="128" slack="2"/>
<pin id="159" dir="0" index="1" bw="0" slack="2147483647"/>
<pin id="160" dir="0" index="2" bw="64" slack="2"/>
<pin id="161" dir="0" index="3" bw="0" slack="2147483647"/>
<pin id="162" dir="1" index="4" bw="128" slack="0"/>
</pin_list>
<bind>
<opcode="phi(47) " fcode="phi"/>
<opset="empty_27/76 "/>
</bind>
</comp>

<comp id="163" class="1004" name="grp_fu_163">
<pin_list>
<pin id="164" dir="0" index="0" bw="64" slack="0"/>
<pin id="165" dir="0" index="1" bw="64" slack="2"/>
<pin id="166" dir="1" index="2" bw="64" slack="0"/>
</pin_list>
<bind>
<opcode="dadd(508) dsub(509) " fcode="dadd"/>
<opset="sub_i/78 temp/82 f/92 "/>
</bind>
</comp>

<comp id="167" class="1004" name="grp_fu_167">
<pin_list>
<pin id="168" dir="0" index="0" bw="64" slack="2"/>
<pin id="169" dir="0" index="1" bw="64" slack="1"/>
<pin id="170" dir="1" index="2" bw="64" slack="2"/>
</pin_list>
<bind>
<opcode="dmul(510) " fcode="dmul"/>
<opset="mul_i5/77 tempSquared/87 "/>
</bind>
</comp>

<comp id="171" class="1004" name="grp_fu_171">
<pin_list>
<pin id="172" dir="0" index="0" bw="64" slack="0"/>
<pin id="173" dir="1" index="1" bw="64" slack="1"/>
</pin_list>
<bind>
<opcode="sitodp(517) " fcode="sitodp"/>
<opset="x/75 y/76 "/>
</bind>
</comp>

<comp id="174" class="1004" name="sext_ln204_1_cast_fu_174">
<pin_list>
<pin id="175" dir="0" index="0" bw="60" slack="0"/>
<pin id="176" dir="1" index="1" bw="61" slack="0"/>
</pin_list>
<bind>
<opcode="sext(35) " fcode="sext"/>
<opset="sext_ln204_1_cast/1 "/>
</bind>
</comp>

<comp id="178" class="1004" name="sext_ln204_cast_fu_178">
<pin_list>
<pin id="179" dir="0" index="0" bw="60" slack="0"/>
<pin id="180" dir="1" index="1" bw="61" slack="0"/>
</pin_list>
<bind>
<opcode="sext(35) " fcode="sext"/>
<opset="sext_ln204_cast/1 "/>
</bind>
</comp>

<comp id="182" class="1004" name="store_ln0_store_fu_182">
<pin_list>
<pin id="183" dir="0" index="0" bw="1" slack="0"/>
<pin id="184" dir="0" index="1" bw="11" slack="0"/>
<pin id="185" dir="1" index="2" bw="0" slack="2147483647"/>
</pin_list>
<bind>
<opcode="store(28) " fcode="store"/>
<opset="store_ln0/1 "/>
</bind>
</comp>

<comp id="187" class="1004" name="store_ln0_store_fu_187">
<pin_list>
<pin id="188" dir="0" index="0" bw="64" slack="0"/>
<pin id="189" dir="0" index="1" bw="64" slack="0"/>
<pin id="190" dir="1" index="2" bw="0" slack="2147483647"/>
</pin_list>
<bind>
<opcode="store(28) " fcode="store"/>
<opset="store_ln0/1 "/>
</bind>
</comp>

<comp id="192" class="1004" name="store_ln0_store_fu_192">
<pin_list>
<pin id="193" dir="0" index="0" bw="1" slack="0"/>
<pin id="194" dir="0" index="1" bw="64" slack="0"/>
<pin id="195" dir="1" index="2" bw="0" slack="2147483647"/>
</pin_list>
<bind>
<opcode="store(28) " fcode="store"/>
<opset="store_ln0/1 "/>
</bind>
</comp>

<comp id="197" class="1004" name="store_ln0_store_fu_197">
<pin_list>
<pin id="198" dir="0" index="0" bw="1" slack="0"/>
<pin id="199" dir="0" index="1" bw="64" slack="0"/>
<pin id="200" dir="1" index="2" bw="0" slack="2147483647"/>
</pin_list>
<bind>
<opcode="store(28) " fcode="store"/>
<opset="store_ln0/1 "/>
</bind>
</comp>

<comp id="202" class="1004" name="i_load_fu_202">
<pin_list>
<pin id="203" dir="0" index="0" bw="11" slack="0"/>
<pin id="204" dir="1" index="1" bw="11" slack="0"/>
</pin_list>
<bind>
<opcode="load(27) " fcode="load"/>
<opset="i/1 "/>
</bind>
</comp>

<comp id="205" class="1004" name="icmp_ln204_fu_205">
<pin_list>
<pin id="206" dir="0" index="0" bw="11" slack="0"/>
<pin id="207" dir="0" index="1" bw="11" slack="0"/>
<pin id="208" dir="1" index="2" bw="1" slack="1"/>
</pin_list>
<bind>
<opcode="icmp(45) " fcode="icmp"/>
<opset="icmp_ln204/1 "/>
</bind>
</comp>

<comp id="211" class="1004" name="add_ln204_fu_211">
<pin_list>
<pin id="212" dir="0" index="0" bw="11" slack="0"/>
<pin id="213" dir="0" index="1" bw="1" slack="0"/>
<pin id="214" dir="1" index="2" bw="11" slack="2"/>
</pin_list>
<bind>
<opcode="add(8) " fcode="add"/>
<opset="add_ln204/1 "/>
</bind>
</comp>

<comp id="217" class="1004" name="empty_28_fu_217">
<pin_list>
<pin id="218" dir="0" index="0" bw="11" slack="0"/>
<pin id="219" dir="1" index="1" bw="1" slack="1"/>
</pin_list>
<bind>
<opcode="trunc(33) " fcode="trunc"/>
<opset="empty_28/1 "/>
</bind>
</comp>

<comp id="221" class="1004" name="lshr_ln_fu_221">
<pin_list>
<pin id="222" dir="0" index="0" bw="10" slack="0"/>
<pin id="223" dir="0" index="1" bw="11" slack="0"/>
<pin id="224" dir="0" index="2" bw="1" slack="0"/>
<pin id="225" dir="0" index="3" bw="5" slack="0"/>
<pin id="226" dir="1" index="4" bw="10" slack="0"/>
</pin_list>
<bind>
<opcode="partselect(1002) " fcode="partselect"/>
<opset="lshr_ln/1 "/>
</bind>
</comp>

<comp id="231" class="1004" name="zext_ln206_fu_231">
<pin_list>
<pin id="232" dir="0" index="0" bw="10" slack="0"/>
<pin id="233" dir="1" index="1" bw="61" slack="0"/>
</pin_list>
<bind>
<opcode="zext(34) " fcode="zext"/>
<opset="zext_ln206/1 "/>
</bind>
</comp>

<comp id="235" class="1004" name="add_ln206_fu_235">
<pin_list>
<pin id="236" dir="0" index="0" bw="10" slack="0"/>
<pin id="237" dir="0" index="1" bw="60" slack="0"/>
<pin id="238" dir="1" index="2" bw="61" slack="1"/>
</pin_list>
<bind>
<opcode="add(8) " fcode="add"/>
<opset="add_ln206/1 "/>
</bind>
</comp>

<comp id="241" class="1004" name="add_ln207_fu_241">
<pin_list>
<pin id="242" dir="0" index="0" bw="10" slack="0"/>
<pin id="243" dir="0" index="1" bw="60" slack="0"/>
<pin id="244" dir="1" index="2" bw="61" slack="2"/>
</pin_list>
<bind>
<opcode="add(8) " fcode="add"/>
<opset="add_ln207/1 "/>
</bind>
</comp>

<comp id="247" class="1004" name="sext_ln206_fu_247">
<pin_list>
<pin id="248" dir="0" index="0" bw="61" slack="1"/>
<pin id="249" dir="1" index="1" bw="64" slack="0"/>
</pin_list>
<bind>
<opcode="sext(35) " fcode="sext"/>
<opset="sext_ln206/2 "/>
</bind>
</comp>

<comp id="250" class="1004" name="gmem_addr_fu_250">
<pin_list>
<pin id="251" dir="0" index="0" bw="128" slack="0"/>
<pin id="252" dir="0" index="1" bw="61" slack="0"/>
<pin id="253" dir="1" index="2" bw="128" slack="0"/>
</pin_list>
<bind>
<opcode="getelementptr(29) " fcode="getelementptr"/>
<opset="gmem_addr/2 "/>
</bind>
</comp>

<comp id="257" class="1004" name="sext_ln207_fu_257">
<pin_list>
<pin id="258" dir="0" index="0" bw="61" slack="2"/>
<pin id="259" dir="1" index="1" bw="64" slack="0"/>
</pin_list>
<bind>
<opcode="sext(35) " fcode="sext"/>
<opset="sext_ln207/3 "/>
</bind>
</comp>

<comp id="260" class="1004" name="gmem_addr_2_fu_260">
<pin_list>
<pin id="261" dir="0" index="0" bw="128" slack="0"/>
<pin id="262" dir="0" index="1" bw="61" slack="0"/>
<pin id="263" dir="1" index="2" bw="128" slack="0"/>
</pin_list>
<bind>
<opcode="getelementptr(29) " fcode="getelementptr"/>
<opset="gmem_addr_2/3 "/>
</bind>
</comp>

<comp id="267" class="1004" name="store_ln204_store_fu_267">
<pin_list>
<pin id="268" dir="0" index="0" bw="11" slack="2"/>
<pin id="269" dir="0" index="1" bw="11" slack="2"/>
<pin id="270" dir="1" index="2" bw="0" slack="2147483647"/>
</pin_list>
<bind>
<opcode="store(28) " fcode="store"/>
<opset="store_ln204/3 "/>
</bind>
</comp>

<comp id="271" class="1004" name="shiftreg49_load_load_fu_271">
<pin_list>
<pin id="272" dir="0" index="0" bw="64" slack="73"/>
<pin id="273" dir="1" index="1" bw="64" slack="0"/>
</pin_list>
<bind>
<opcode="load(27) " fcode="load"/>
<opset="shiftreg49_load/74 "/>
</bind>
</comp>

<comp id="274" class="1004" name="shiftreg_load_load_fu_274">
<pin_list>
<pin id="275" dir="0" index="0" bw="64" slack="73"/>
<pin id="276" dir="1" index="1" bw="64" slack="0"/>
</pin_list>
<bind>
<opcode="load(27) " fcode="load"/>
<opset="shiftreg_load/74 "/>
</bind>
</comp>

<comp id="277" class="1004" name="shiftreg49_cast_fu_277">
<pin_list>
<pin id="278" dir="0" index="0" bw="64" slack="0"/>
<pin id="279" dir="1" index="1" bw="128" slack="2"/>
</pin_list>
<bind>
<opcode="zext(34) " fcode="zext"/>
<opset="shiftreg49_cast/74 "/>
</bind>
</comp>

<comp id="281" class="1004" name="shiftreg_cast_fu_281">
<pin_list>
<pin id="282" dir="0" index="0" bw="64" slack="0"/>
<pin id="283" dir="1" index="1" bw="128" slack="1"/>
</pin_list>
<bind>
<opcode="zext(34) " fcode="zext"/>
<opset="shiftreg_cast/74 "/>
</bind>
</comp>

<comp id="285" class="1004" name="trunc_ln206_fu_285">
<pin_list>
<pin id="286" dir="0" index="0" bw="128" slack="0"/>
<pin id="287" dir="1" index="1" bw="64" slack="0"/>
</pin_list>
<bind>
<opcode="trunc(33) " fcode="trunc"/>
<opset="trunc_ln206/75 "/>
</bind>
</comp>

<comp id="290" class="1004" name="trunc_ln206_1_fu_290">
<pin_list>
<pin id="291" dir="0" index="0" bw="64" slack="0"/>
<pin id="292" dir="0" index="1" bw="128" slack="0"/>
<pin id="293" dir="0" index="2" bw="8" slack="0"/>
<pin id="294" dir="0" index="3" bw="8" slack="0"/>
<pin id="295" dir="1" index="4" bw="64" slack="0"/>
</pin_list>
<bind>
<opcode="partselect(1002) " fcode="partselect"/>
<opset="trunc_ln206_1/75 "/>
</bind>
</comp>

<comp id="300" class="1004" name="store_ln204_store_fu_300">
<pin_list>
<pin id="301" dir="0" index="0" bw="64" slack="0"/>
<pin id="302" dir="0" index="1" bw="64" slack="74"/>
<pin id="303" dir="1" index="2" bw="0" slack="2147483647"/>
</pin_list>
<bind>
<opcode="store(28) " fcode="store"/>
<opset="store_ln204/75 "/>
</bind>
</comp>

<comp id="305" class="1004" name="trunc_ln207_fu_305">
<pin_list>
<pin id="306" dir="0" index="0" bw="128" slack="0"/>
<pin id="307" dir="1" index="1" bw="64" slack="0"/>
</pin_list>
<bind>
<opcode="trunc(33) " fcode="trunc"/>
<opset="trunc_ln207/76 "/>
</bind>
</comp>

<comp id="310" class="1004" name="trunc_ln207_1_fu_310">
<pin_list>
<pin id="311" dir="0" index="0" bw="64" slack="0"/>
<pin id="312" dir="0" index="1" bw="128" slack="0"/>
<pin id="313" dir="0" index="2" bw="8" slack="0"/>
<pin id="314" dir="0" index="3" bw="8" slack="0"/>
<pin id="315" dir="1" index="4" bw="64" slack="0"/>
</pin_list>
<bind>
<opcode="partselect(1002) " fcode="partselect"/>
<opset="trunc_ln207_1/76 "/>
</bind>
</comp>

<comp id="320" class="1004" name="store_ln204_store_fu_320">
<pin_list>
<pin id="321" dir="0" index="0" bw="64" slack="0"/>
<pin id="322" dir="0" index="1" bw="64" slack="75"/>
<pin id="323" dir="1" index="2" bw="0" slack="2147483647"/>
</pin_list>
<bind>
<opcode="store(28) " fcode="store"/>
<opset="store_ln204/76 "/>
</bind>
</comp>

<comp id="325" class="1004" name="f_1_load_load_fu_325">
<pin_list>
<pin id="326" dir="0" index="0" bw="64" slack="91"/>
<pin id="327" dir="1" index="1" bw="64" slack="0"/>
</pin_list>
<bind>
<opcode="load(27) " fcode="load"/>
<opset="f_1_load/92 "/>
</bind>
</comp>

<comp id="329" class="1004" name="store_ln204_store_fu_329">
<pin_list>
<pin id="330" dir="0" index="0" bw="64" slack="0"/>
<pin id="331" dir="0" index="1" bw="64" slack="94"/>
<pin id="332" dir="1" index="2" bw="0" slack="2147483647"/>
</pin_list>
<bind>
<opcode="store(28) " fcode="store"/>
<opset="store_ln204/95 "/>
</bind>
</comp>

<comp id="334" class="1004" name="f_1_load_1_load_fu_334">
<pin_list>
<pin id="335" dir="0" index="0" bw="64" slack="91"/>
<pin id="336" dir="1" index="1" bw="64" slack="0"/>
</pin_list>
<bind>
<opcode="load(27) " fcode="load"/>
<opset="f_1_load_1/92 "/>
</bind>
</comp>

<comp id="338" class="1005" name="shiftreg49_reg_338">
<pin_list>
<pin id="339" dir="0" index="0" bw="64" slack="0"/>
<pin id="340" dir="1" index="1" bw="64" slack="0"/>
</pin_list>
<bind>
<opset="shiftreg49 "/>
</bind>
</comp>

<comp id="345" class="1005" name="shiftreg_reg_345">
<pin_list>
<pin id="346" dir="0" index="0" bw="64" slack="0"/>
<pin id="347" dir="1" index="1" bw="64" slack="0"/>
</pin_list>
<bind>
<opset="shiftreg "/>
</bind>
</comp>

<comp id="352" class="1005" name="f_1_reg_352">
<pin_list>
<pin id="353" dir="0" index="0" bw="64" slack="0"/>
<pin id="354" dir="1" index="1" bw="64" slack="0"/>
</pin_list>
<bind>
<opset="f_1 "/>
</bind>
</comp>

<comp id="360" class="1005" name="i_1_reg_360">
<pin_list>
<pin id="361" dir="0" index="0" bw="11" slack="0"/>
<pin id="362" dir="1" index="1" bw="11" slack="0"/>
</pin_list>
<bind>
<opset="i_1 "/>
</bind>
</comp>

<comp id="367" class="1005" name="b_read_reg_367">
<pin_list>
<pin id="368" dir="0" index="0" bw="64" slack="76"/>
<pin id="369" dir="1" index="1" bw="64" slack="76"/>
</pin_list>
<bind>
<opset="b_read "/>
</bind>
</comp>

<comp id="372" class="1005" name="a_read_reg_372">
<pin_list>
<pin id="373" dir="0" index="0" bw="64" slack="77"/>
<pin id="374" dir="1" index="1" bw="64" slack="77"/>
</pin_list>
<bind>
<opset="a_read "/>
</bind>
</comp>

<comp id="377" class="1005" name="icmp_ln204_reg_377">
<pin_list>
<pin id="378" dir="0" index="0" bw="1" slack="1"/>
<pin id="379" dir="1" index="1" bw="1" slack="2147483647"/>
</pin_list>
<bind>
<opset="icmp_ln204 "/>
</bind>
</comp>

<comp id="381" class="1005" name="add_ln204_reg_381">
<pin_list>
<pin id="382" dir="0" index="0" bw="11" slack="2"/>
<pin id="383" dir="1" index="1" bw="11" slack="2"/>
</pin_list>
<bind>
<opset="add_ln204 "/>
</bind>
</comp>

<comp id="386" class="1005" name="empty_28_reg_386">
<pin_list>
<pin id="387" dir="0" index="0" bw="1" slack="1"/>
<pin id="388" dir="1" index="1" bw="1" slack="2147483647"/>
</pin_list>
<bind>
<opset="empty_28 "/>
</bind>
</comp>

<comp id="390" class="1005" name="add_ln206_reg_390">
<pin_list>
<pin id="391" dir="0" index="0" bw="61" slack="1"/>
<pin id="392" dir="1" index="1" bw="61" slack="1"/>
</pin_list>
<bind>
<opset="add_ln206 "/>
</bind>
</comp>

<comp id="395" class="1005" name="add_ln207_reg_395">
<pin_list>
<pin id="396" dir="0" index="0" bw="61" slack="2"/>
<pin id="397" dir="1" index="1" bw="61" slack="2"/>
</pin_list>
<bind>
<opset="add_ln207 "/>
</bind>
</comp>

<comp id="400" class="1005" name="gmem_addr_reg_400">
<pin_list>
<pin id="401" dir="0" index="0" bw="128" slack="1"/>
<pin id="402" dir="1" index="1" bw="128" slack="1"/>
</pin_list>
<bind>
<opset="gmem_addr "/>
</bind>
</comp>

<comp id="406" class="1005" name="gmem_addr_2_reg_406">
<pin_list>
<pin id="407" dir="0" index="0" bw="128" slack="1"/>
<pin id="408" dir="1" index="1" bw="128" slack="1"/>
</pin_list>
<bind>
<opset="gmem_addr_2 "/>
</bind>
</comp>

<comp id="412" class="1005" name="gmem_addr_read_reg_412">
<pin_list>
<pin id="413" dir="0" index="0" bw="128" slack="2"/>
<pin id="414" dir="1" index="1" bw="128" slack="2"/>
</pin_list>
<bind>
<opset="gmem_addr_read "/>
</bind>
</comp>

<comp id="417" class="1005" name="shiftreg49_cast_reg_417">
<pin_list>
<pin id="418" dir="0" index="0" bw="128" slack="2"/>
<pin id="419" dir="1" index="1" bw="128" slack="2"/>
</pin_list>
<bind>
<opset="shiftreg49_cast "/>
</bind>
</comp>

<comp id="422" class="1005" name="shiftreg_cast_reg_422">
<pin_list>
<pin id="423" dir="0" index="0" bw="128" slack="1"/>
<pin id="424" dir="1" index="1" bw="128" slack="1"/>
</pin_list>
<bind>
<opset="shiftreg_cast "/>
</bind>
</comp>

<comp id="427" class="1005" name="gmem_addr_2_read_reg_427">
<pin_list>
<pin id="428" dir="0" index="0" bw="128" slack="2"/>
<pin id="429" dir="1" index="1" bw="128" slack="2"/>
</pin_list>
<bind>
<opset="gmem_addr_2_read "/>
</bind>
</comp>

<comp id="432" class="1005" name="trunc_ln206_reg_432">
<pin_list>
<pin id="433" dir="0" index="0" bw="64" slack="1"/>
<pin id="434" dir="1" index="1" bw="64" slack="1"/>
</pin_list>
<bind>
<opset="trunc_ln206 "/>
</bind>
</comp>

<comp id="437" class="1005" name="x_reg_437">
<pin_list>
<pin id="438" dir="0" index="0" bw="64" slack="1"/>
<pin id="439" dir="1" index="1" bw="64" slack="1"/>
</pin_list>
<bind>
<opset="x "/>
</bind>
</comp>

<comp id="442" class="1005" name="trunc_ln207_reg_442">
<pin_list>
<pin id="443" dir="0" index="0" bw="64" slack="1"/>
<pin id="444" dir="1" index="1" bw="64" slack="1"/>
</pin_list>
<bind>
<opset="trunc_ln207 "/>
</bind>
</comp>

<comp id="447" class="1005" name="y_reg_447">
<pin_list>
<pin id="448" dir="0" index="0" bw="64" slack="1"/>
<pin id="449" dir="1" index="1" bw="64" slack="1"/>
</pin_list>
<bind>
<opset="y "/>
</bind>
</comp>

<comp id="452" class="1005" name="mul_i5_reg_452">
<pin_list>
<pin id="453" dir="0" index="0" bw="64" slack="2"/>
<pin id="454" dir="1" index="1" bw="64" slack="2"/>
</pin_list>
<bind>
<opset="mul_i5 "/>
</bind>
</comp>

<comp id="457" class="1005" name="sub_i_reg_457">
<pin_list>
<pin id="458" dir="0" index="0" bw="64" slack="1"/>
<pin id="459" dir="1" index="1" bw="64" slack="1"/>
</pin_list>
<bind>
<opset="sub_i "/>
</bind>
</comp>

<comp id="462" class="1005" name="temp_reg_462">
<pin_list>
<pin id="463" dir="0" index="0" bw="64" slack="2"/>
<pin id="464" dir="1" index="1" bw="64" slack="2"/>
</pin_list>
<bind>
<opset="temp "/>
</bind>
</comp>

<comp id="468" class="1005" name="tempSquared_reg_468">
<pin_list>
<pin id="469" dir="0" index="0" bw="64" slack="2"/>
<pin id="470" dir="1" index="1" bw="64" slack="2"/>
</pin_list>
<bind>
<opset="tempSquared "/>
</bind>
</comp>

<comp id="473" class="1005" name="f_1_load_reg_473">
<pin_list>
<pin id="474" dir="0" index="0" bw="64" slack="1"/>
<pin id="475" dir="1" index="1" bw="64" slack="1"/>
</pin_list>
<bind>
<opset="f_1_load "/>
</bind>
</comp>

</comp_list>

<net_list>
<net id="77"><net_src comp="12" pin="0"/><net_sink comp="74" pin=0"/></net>

<net id="81"><net_src comp="12" pin="0"/><net_sink comp="78" pin=0"/></net>

<net id="85"><net_src comp="12" pin="0"/><net_sink comp="82" pin=0"/></net>

<net id="89"><net_src comp="12" pin="0"/><net_sink comp="86" pin=0"/></net>

<net id="94"><net_src comp="14" pin="0"/><net_sink comp="90" pin=0"/></net>

<net id="95"><net_src comp="8" pin="0"/><net_sink comp="90" pin=1"/></net>

<net id="100"><net_src comp="14" pin="0"/><net_sink comp="96" pin=0"/></net>

<net id="101"><net_src comp="6" pin="0"/><net_sink comp="96" pin=1"/></net>

<net id="106"><net_src comp="16" pin="0"/><net_sink comp="102" pin=0"/></net>

<net id="107"><net_src comp="4" pin="0"/><net_sink comp="102" pin=1"/></net>

<net id="112"><net_src comp="16" pin="0"/><net_sink comp="108" pin=0"/></net>

<net id="113"><net_src comp="2" pin="0"/><net_sink comp="108" pin=1"/></net>

<net id="119"><net_src comp="56" pin="0"/><net_sink comp="114" pin=0"/></net>

<net id="120"><net_src comp="12" pin="0"/><net_sink comp="114" pin=2"/></net>

<net id="126"><net_src comp="56" pin="0"/><net_sink comp="121" pin=0"/></net>

<net id="127"><net_src comp="12" pin="0"/><net_sink comp="121" pin=2"/></net>

<net id="132"><net_src comp="58" pin="0"/><net_sink comp="128" pin=0"/></net>

<net id="137"><net_src comp="58" pin="0"/><net_sink comp="133" pin=0"/></net>

<net id="143"><net_src comp="72" pin="0"/><net_sink comp="138" pin=0"/></net>

<net id="144"><net_src comp="10" pin="0"/><net_sink comp="138" pin=1"/></net>

<net id="177"><net_src comp="90" pin="2"/><net_sink comp="174" pin=0"/></net>

<net id="181"><net_src comp="96" pin="2"/><net_sink comp="178" pin=0"/></net>

<net id="186"><net_src comp="36" pin="0"/><net_sink comp="182" pin=0"/></net>

<net id="191"><net_src comp="38" pin="0"/><net_sink comp="187" pin=0"/></net>

<net id="196"><net_src comp="40" pin="0"/><net_sink comp="192" pin=0"/></net>

<net id="201"><net_src comp="40" pin="0"/><net_sink comp="197" pin=0"/></net>

<net id="209"><net_src comp="202" pin="1"/><net_sink comp="205" pin=0"/></net>

<net id="210"><net_src comp="48" pin="0"/><net_sink comp="205" pin=1"/></net>

<net id="215"><net_src comp="202" pin="1"/><net_sink comp="211" pin=0"/></net>

<net id="216"><net_src comp="50" pin="0"/><net_sink comp="211" pin=1"/></net>

<net id="220"><net_src comp="202" pin="1"/><net_sink comp="217" pin=0"/></net>

<net id="227"><net_src comp="52" pin="0"/><net_sink comp="221" pin=0"/></net>

<net id="228"><net_src comp="202" pin="1"/><net_sink comp="221" pin=1"/></net>

<net id="229"><net_src comp="12" pin="0"/><net_sink comp="221" pin=2"/></net>

<net id="230"><net_src comp="54" pin="0"/><net_sink comp="221" pin=3"/></net>

<net id="234"><net_src comp="221" pin="4"/><net_sink comp="231" pin=0"/></net>

<net id="239"><net_src comp="231" pin="1"/><net_sink comp="235" pin=0"/></net>

<net id="240"><net_src comp="178" pin="1"/><net_sink comp="235" pin=1"/></net>

<net id="245"><net_src comp="231" pin="1"/><net_sink comp="241" pin=0"/></net>

<net id="246"><net_src comp="174" pin="1"/><net_sink comp="241" pin=1"/></net>

<net id="254"><net_src comp="0" pin="0"/><net_sink comp="250" pin=0"/></net>

<net id="255"><net_src comp="247" pin="1"/><net_sink comp="250" pin=1"/></net>

<net id="256"><net_src comp="250" pin="2"/><net_sink comp="114" pin=1"/></net>

<net id="264"><net_src comp="0" pin="0"/><net_sink comp="260" pin=0"/></net>

<net id="265"><net_src comp="257" pin="1"/><net_sink comp="260" pin=1"/></net>

<net id="266"><net_src comp="260" pin="2"/><net_sink comp="121" pin=1"/></net>

<net id="280"><net_src comp="271" pin="1"/><net_sink comp="277" pin=0"/></net>

<net id="284"><net_src comp="274" pin="1"/><net_sink comp="281" pin=0"/></net>

<net id="288"><net_src comp="148" pin="4"/><net_sink comp="285" pin=0"/></net>

<net id="289"><net_src comp="285" pin="1"/><net_sink comp="171" pin=0"/></net>

<net id="296"><net_src comp="68" pin="0"/><net_sink comp="290" pin=0"/></net>

<net id="297"><net_src comp="148" pin="4"/><net_sink comp="290" pin=1"/></net>

<net id="298"><net_src comp="26" pin="0"/><net_sink comp="290" pin=2"/></net>

<net id="299"><net_src comp="70" pin="0"/><net_sink comp="290" pin=3"/></net>

<net id="304"><net_src comp="290" pin="4"/><net_sink comp="300" pin=0"/></net>

<net id="308"><net_src comp="157" pin="4"/><net_sink comp="305" pin=0"/></net>

<net id="309"><net_src comp="305" pin="1"/><net_sink comp="171" pin=0"/></net>

<net id="316"><net_src comp="68" pin="0"/><net_sink comp="310" pin=0"/></net>

<net id="317"><net_src comp="157" pin="4"/><net_sink comp="310" pin=1"/></net>

<net id="318"><net_src comp="26" pin="0"/><net_sink comp="310" pin=2"/></net>

<net id="319"><net_src comp="70" pin="0"/><net_sink comp="310" pin=3"/></net>

<net id="324"><net_src comp="310" pin="4"/><net_sink comp="320" pin=0"/></net>

<net id="328"><net_src comp="325" pin="1"/><net_sink comp="163" pin=0"/></net>

<net id="333"><net_src comp="163" pin="2"/><net_sink comp="329" pin=0"/></net>

<net id="337"><net_src comp="334" pin="1"/><net_sink comp="138" pin=2"/></net>

<net id="341"><net_src comp="74" pin="1"/><net_sink comp="338" pin=0"/></net>

<net id="342"><net_src comp="338" pin="1"/><net_sink comp="197" pin=1"/></net>

<net id="343"><net_src comp="338" pin="1"/><net_sink comp="271" pin=0"/></net>

<net id="344"><net_src comp="338" pin="1"/><net_sink comp="320" pin=1"/></net>

<net id="348"><net_src comp="78" pin="1"/><net_sink comp="345" pin=0"/></net>

<net id="349"><net_src comp="345" pin="1"/><net_sink comp="192" pin=1"/></net>

<net id="350"><net_src comp="345" pin="1"/><net_sink comp="274" pin=0"/></net>

<net id="351"><net_src comp="345" pin="1"/><net_sink comp="300" pin=1"/></net>

<net id="355"><net_src comp="82" pin="1"/><net_sink comp="352" pin=0"/></net>

<net id="356"><net_src comp="352" pin="1"/><net_sink comp="187" pin=1"/></net>

<net id="357"><net_src comp="352" pin="1"/><net_sink comp="325" pin=0"/></net>

<net id="358"><net_src comp="352" pin="1"/><net_sink comp="329" pin=1"/></net>

<net id="359"><net_src comp="352" pin="1"/><net_sink comp="334" pin=0"/></net>

<net id="363"><net_src comp="86" pin="1"/><net_sink comp="360" pin=0"/></net>

<net id="364"><net_src comp="360" pin="1"/><net_sink comp="182" pin=1"/></net>

<net id="365"><net_src comp="360" pin="1"/><net_sink comp="202" pin=0"/></net>

<net id="366"><net_src comp="360" pin="1"/><net_sink comp="267" pin=1"/></net>

<net id="370"><net_src comp="102" pin="2"/><net_sink comp="367" pin=0"/></net>

<net id="371"><net_src comp="367" pin="1"/><net_sink comp="167" pin=0"/></net>

<net id="375"><net_src comp="108" pin="2"/><net_sink comp="372" pin=0"/></net>

<net id="376"><net_src comp="372" pin="1"/><net_sink comp="163" pin=1"/></net>

<net id="380"><net_src comp="205" pin="2"/><net_sink comp="377" pin=0"/></net>

<net id="384"><net_src comp="211" pin="2"/><net_sink comp="381" pin=0"/></net>

<net id="385"><net_src comp="381" pin="1"/><net_sink comp="267" pin=0"/></net>

<net id="389"><net_src comp="217" pin="1"/><net_sink comp="386" pin=0"/></net>

<net id="393"><net_src comp="235" pin="2"/><net_sink comp="390" pin=0"/></net>

<net id="394"><net_src comp="390" pin="1"/><net_sink comp="247" pin=0"/></net>

<net id="398"><net_src comp="241" pin="2"/><net_sink comp="395" pin=0"/></net>

<net id="399"><net_src comp="395" pin="1"/><net_sink comp="257" pin=0"/></net>

<net id="403"><net_src comp="250" pin="2"/><net_sink comp="400" pin=0"/></net>

<net id="404"><net_src comp="400" pin="1"/><net_sink comp="114" pin=1"/></net>

<net id="405"><net_src comp="400" pin="1"/><net_sink comp="128" pin=1"/></net>

<net id="409"><net_src comp="260" pin="2"/><net_sink comp="406" pin=0"/></net>

<net id="410"><net_src comp="406" pin="1"/><net_sink comp="121" pin=1"/></net>

<net id="411"><net_src comp="406" pin="1"/><net_sink comp="133" pin=1"/></net>

<net id="415"><net_src comp="128" pin="2"/><net_sink comp="412" pin=0"/></net>

<net id="416"><net_src comp="412" pin="1"/><net_sink comp="148" pin=0"/></net>

<net id="420"><net_src comp="277" pin="1"/><net_sink comp="417" pin=0"/></net>

<net id="421"><net_src comp="417" pin="1"/><net_sink comp="157" pin=2"/></net>

<net id="425"><net_src comp="281" pin="1"/><net_sink comp="422" pin=0"/></net>

<net id="426"><net_src comp="422" pin="1"/><net_sink comp="148" pin=2"/></net>

<net id="430"><net_src comp="133" pin="2"/><net_sink comp="427" pin=0"/></net>

<net id="431"><net_src comp="427" pin="1"/><net_sink comp="157" pin=0"/></net>

<net id="435"><net_src comp="285" pin="1"/><net_sink comp="432" pin=0"/></net>

<net id="436"><net_src comp="432" pin="1"/><net_sink comp="171" pin=0"/></net>

<net id="440"><net_src comp="171" pin="1"/><net_sink comp="437" pin=0"/></net>

<net id="441"><net_src comp="437" pin="1"/><net_sink comp="167" pin=1"/></net>

<net id="445"><net_src comp="305" pin="1"/><net_sink comp="442" pin=0"/></net>

<net id="446"><net_src comp="442" pin="1"/><net_sink comp="171" pin=0"/></net>

<net id="450"><net_src comp="171" pin="1"/><net_sink comp="447" pin=0"/></net>

<net id="451"><net_src comp="447" pin="1"/><net_sink comp="163" pin=0"/></net>

<net id="455"><net_src comp="167" pin="2"/><net_sink comp="452" pin=0"/></net>

<net id="456"><net_src comp="452" pin="1"/><net_sink comp="163" pin=1"/></net>

<net id="460"><net_src comp="163" pin="2"/><net_sink comp="457" pin=0"/></net>

<net id="461"><net_src comp="457" pin="1"/><net_sink comp="163" pin=0"/></net>

<net id="465"><net_src comp="163" pin="2"/><net_sink comp="462" pin=0"/></net>

<net id="466"><net_src comp="462" pin="1"/><net_sink comp="167" pin=0"/></net>

<net id="467"><net_src comp="462" pin="1"/><net_sink comp="167" pin=1"/></net>

<net id="471"><net_src comp="167" pin="2"/><net_sink comp="468" pin=0"/></net>

<net id="472"><net_src comp="468" pin="1"/><net_sink comp="163" pin=1"/></net>

<net id="476"><net_src comp="325" pin="1"/><net_sink comp="473" pin=0"/></net>

<net id="477"><net_src comp="473" pin="1"/><net_sink comp="163" pin=0"/></net>

</net_list>

</model> 
---------------- Datapath Model END ------------------

* FSMD analyzer results:
  - Output states:
	Port: f_1_out | {92 }
 - Input state : 
	Port: fit_Pipeline_VITIS_LOOP_204_1 : gmem | {2 3 4 5 6 7 8 9 10 11 12 13 14 15 16 17 18 19 20 21 22 23 24 25 26 27 28 29 30 31 32 33 34 35 36 37 38 39 40 41 42 43 44 45 46 47 48 49 50 51 52 53 54 55 56 57 58 59 60 61 62 63 64 65 66 67 68 69 70 71 72 73 74 }
	Port: fit_Pipeline_VITIS_LOOP_204_1 : a | {1 }
	Port: fit_Pipeline_VITIS_LOOP_204_1 : b | {1 }
	Port: fit_Pipeline_VITIS_LOOP_204_1 : sext_ln204 | {1 }
	Port: fit_Pipeline_VITIS_LOOP_204_1 : sext_ln204_1 | {1 }
  - Chain level:
	State 1
		store_ln0 : 1
		store_ln0 : 1
		store_ln0 : 1
		store_ln0 : 1
		i : 1
		icmp_ln204 : 2
		add_ln204 : 2
		br_ln204 : 3
		empty_28 : 2
		lshr_ln : 2
		zext_ln206 : 3
		add_ln206 : 4
		add_ln207 : 4
	State 2
		gmem_addr : 1
		gmem_load_2_req : 2
	State 3
		gmem_addr_2 : 1
		gmem_load_3_req : 2
	State 4
	State 5
	State 6
	State 7
	State 8
	State 9
	State 10
	State 11
	State 12
	State 13
	State 14
	State 15
	State 16
	State 17
	State 18
	State 19
	State 20
	State 21
	State 22
	State 23
	State 24
	State 25
	State 26
	State 27
	State 28
	State 29
	State 30
	State 31
	State 32
	State 33
	State 34
	State 35
	State 36
	State 37
	State 38
	State 39
	State 40
	State 41
	State 42
	State 43
	State 44
	State 45
	State 46
	State 47
	State 48
	State 49
	State 50
	State 51
	State 52
	State 53
	State 54
	State 55
	State 56
	State 57
	State 58
	State 59
	State 60
	State 61
	State 62
	State 63
	State 64
	State 65
	State 66
	State 67
	State 68
	State 69
	State 70
	State 71
	State 72
	State 73
	State 74
		shiftreg49_cast : 1
		shiftreg_cast : 1
	State 75
		empty : 1
		trunc_ln206 : 2
		trunc_ln206_1 : 2
		x : 3
		store_ln204 : 3
	State 76
		trunc_ln207 : 1
		trunc_ln207_1 : 1
		y : 2
		store_ln204 : 2
	State 77
	State 78
	State 79
	State 80
	State 81
	State 82
	State 83
	State 84
	State 85
	State 86
	State 87
	State 88
	State 89
	State 90
	State 91
	State 92
		f : 1
		write_ln0 : 1
	State 93
	State 94
	State 95
		store_ln204 : 1


============================================================
+ Verbose Summary: Datapath Resource usage 
============================================================

* Functional unit list:
|----------|------------------------------|---------|---------|---------|
| Operation|        Functional Unit       |   DSP   |    FF   |   LUT   |
|----------|------------------------------|---------|---------|---------|
|   dadd   |          grp_fu_163          |    3    |   430   |   710   |
|----------|------------------------------|---------|---------|---------|
|   dmul   |          grp_fu_167          |    8    |   275   |   107   |
|----------|------------------------------|---------|---------|---------|
|          |       add_ln204_fu_211       |    0    |    0    |    18   |
|    add   |       add_ln206_fu_235       |    0    |    0    |    67   |
|          |       add_ln207_fu_241       |    0    |    0    |    67   |
|----------|------------------------------|---------|---------|---------|
|   icmp   |       icmp_ln204_fu_205      |    0    |    0    |    18   |
|----------|------------------------------|---------|---------|---------|
|          | sext_ln204_1_read_read_fu_90 |    0    |    0    |    0    |
|          |  sext_ln204_read_read_fu_96  |    0    |    0    |    0    |
|   read   |      b_read_read_fu_102      |    0    |    0    |    0    |
|          |      a_read_read_fu_108      |    0    |    0    |    0    |
|          |  gmem_addr_read_read_fu_128  |    0    |    0    |    0    |
|          | gmem_addr_2_read_read_fu_133 |    0    |    0    |    0    |
|----------|------------------------------|---------|---------|---------|
|  readreq |      grp_readreq_fu_114      |    0    |    0    |    0    |
|          |      grp_readreq_fu_121      |    0    |    0    |    0    |
|----------|------------------------------|---------|---------|---------|
|   write  |    write_ln0_write_fu_138    |    0    |    0    |    0    |
|----------|------------------------------|---------|---------|---------|
|  sitodp  |          grp_fu_171          |    0    |    0    |    0    |
|----------|------------------------------|---------|---------|---------|
|          |   sext_ln204_1_cast_fu_174   |    0    |    0    |    0    |
|   sext   |    sext_ln204_cast_fu_178    |    0    |    0    |    0    |
|          |       sext_ln206_fu_247      |    0    |    0    |    0    |
|          |       sext_ln207_fu_257      |    0    |    0    |    0    |
|----------|------------------------------|---------|---------|---------|
|          |        empty_28_fu_217       |    0    |    0    |    0    |
|   trunc  |      trunc_ln206_fu_285      |    0    |    0    |    0    |
|          |      trunc_ln207_fu_305      |    0    |    0    |    0    |
|----------|------------------------------|---------|---------|---------|
|          |        lshr_ln_fu_221        |    0    |    0    |    0    |
|partselect|     trunc_ln206_1_fu_290     |    0    |    0    |    0    |
|          |     trunc_ln207_1_fu_310     |    0    |    0    |    0    |
|----------|------------------------------|---------|---------|---------|
|          |       zext_ln206_fu_231      |    0    |    0    |    0    |
|   zext   |    shiftreg49_cast_fu_277    |    0    |    0    |    0    |
|          |     shiftreg_cast_fu_281     |    0    |    0    |    0    |
|----------|------------------------------|---------|---------|---------|
|   Total  |                              |    11   |   705   |   987   |
|----------|------------------------------|---------|---------|---------|

Memories:
N/A

* Register list:
+------------------------+--------+
|                        |   FF   |
+------------------------+--------+
|     a_read_reg_372     |   64   |
|    add_ln204_reg_381   |   11   |
|    add_ln206_reg_390   |   61   |
|    add_ln207_reg_395   |   61   |
|     b_read_reg_367     |   64   |
|    empty_27_reg_154    |   128  |
|    empty_28_reg_386    |    1   |
|      empty_reg_145     |   128  |
|    f_1_load_reg_473    |   64   |
|       f_1_reg_352      |   64   |
|gmem_addr_2_read_reg_427|   128  |
|   gmem_addr_2_reg_406  |   128  |
| gmem_addr_read_reg_412 |   128  |
|    gmem_addr_reg_400   |   128  |
|       i_1_reg_360      |   11   |
|   icmp_ln204_reg_377   |    1   |
|     mul_i5_reg_452     |   64   |
| shiftreg49_cast_reg_417|   128  |
|   shiftreg49_reg_338   |   64   |
|  shiftreg_cast_reg_422 |   128  |
|    shiftreg_reg_345    |   64   |
|      sub_i_reg_457     |   64   |
|   tempSquared_reg_468  |   64   |
|      temp_reg_462      |   64   |
|   trunc_ln206_reg_432  |   64   |
|   trunc_ln207_reg_442  |   64   |
|        x_reg_437       |   64   |
|        y_reg_447       |   64   |
+------------------------+--------+
|          Total         |  2066  |
+------------------------+--------+

* Multiplexer (MUX) list: 
|--------------------|------|------|------|--------||---------||---------|
|        Comp        |  Pin | Size |  BW  | S x BW ||  Delay  ||   LUT   |
|--------------------|------|------|------|--------||---------||---------|
| grp_readreq_fu_114 |  p1  |   2  |  128 |   256  ||    9    |
| grp_readreq_fu_121 |  p1  |   2  |  128 |   256  ||    9    |
|     grp_fu_163     |  p0  |   4  |  64  |   256  ||    20   |
|     grp_fu_163     |  p1  |   3  |  64  |   192  ||    14   |
|     grp_fu_167     |  p0  |   2  |  64  |   128  ||    9    |
|     grp_fu_167     |  p1  |   2  |  64  |   128  ||    9    |
|     grp_fu_171     |  p0  |   4  |  64  |   256  ||    20   |
|--------------------|------|------|------|--------||---------||---------|
|        Total       |      |      |      |  1472  || 3.43071 ||    90   |
|--------------------|------|------|------|--------||---------||---------|



* Summary:
+-----------+--------+--------+--------+--------+
|           |   DSP  |  Delay |   FF   |   LUT  |
+-----------+--------+--------+--------+--------+
|  Function |   11   |    -   |   705  |   987  |
|   Memory  |    -   |    -   |    -   |    -   |
|Multiplexer|    -   |    3   |    -   |   90   |
|  Register |    -   |    -   |  2066  |    -   |
+-----------+--------+--------+--------+--------+
|   Total   |   11   |    3   |  2771  |  1077  |
+-----------+--------+--------+--------+--------+
