

================================================================
== Vitis HLS Report for 'fit_Pipeline_VITIS_LOOP_204_1'
================================================================
* Date:           Thu Feb 27 15:44:16 2025

* Version:        2023.1 (Build 3854077 on May  4 2023)
* Project:        hls_fit
* Solution:       solution2 (Vitis Kernel Flow Target)
* Product family: virtexuplus
* Target device:  xcvu11p-flga2577-1-e


================================================================
== Performance Estimates
================================================================
+ Timing: 
    * Summary: 
    +--------+----------+----------+------------+
    |  Clock |  Target  | Estimated| Uncertainty|
    +--------+----------+----------+------------+
    |ap_clk  |  10.00 ns|  7.300 ns|     2.70 ns|
    +--------+----------+----------+------------+

+ Latency: 
    * Summary: 
    +---------+---------+-----------+-----------+------+------+---------+
    |  Latency (cycles) |   Latency (absolute)  |   Interval  | Pipeline|
    |   min   |   max   |    min    |    max    |  min |  max |   Type  |
    +---------+---------+-----------+-----------+------+------+---------+
    |     4179|     4179|  41.790 us|  41.790 us|  4179|  4179|       no|
    +---------+---------+-----------+-----------+------+------+---------+

    + Detail: 
        * Instance: 
        N/A

        * Loop: 
        +--------------------+---------+---------+----------+-----------+-----------+------+----------+
        |                    |  Latency (cycles) | Iteration|  Initiation Interval  | Trip |          |
        |      Loop Name     |   min   |   max   |  Latency |  achieved |   target  | Count| Pipelined|
        +--------------------+---------+---------+----------+-----------+-----------+------+----------+
        |- VITIS_LOOP_204_1  |     4177|     4177|        95|          3|          1|  1362|       yes|
        +--------------------+---------+---------+----------+-----------+-----------+------+----------+

============================================================
+ Verbose Summary: Synthesis Manager
============================================================
InlineROM: 1
ExposeGlobal: 0
============================================================
+ Verbose Summary: CDFG Model
============================================================
IsTopModel: 0
ResetActiveHigh: 1
IsCombinational: 0
IsDatapathOnly: 0
HasWiredReturn: 1
HasMFsm: 2
HasVarLatency: 1
IsPipeline: 0
IsRtlPipelined: 0
IsInstanceOverlapped: 0
IsDontTouch: 0
HasImplIP: 0
IsGatedGlobalClock: 0

+ Individual pipeline summary: 
  * Pipeline-0: initiation interval (II) = 3, depth = 95


============================================================
+ Verbose Summary: Schedule
============================================================
* Number of FSM states : 95
* Pipeline : 1
  Pipeline-0 : II = 3, D = 95, States = { 1 2 3 4 5 6 7 8 9 10 11 12 13 14 15 16 17 18 19 20 21 22 23 24 25 26 27 28 29 30 31 32 33 34 35 36 37 38 39 40 41 42 43 44 45 46 47 48 49 50 51 52 53 54 55 56 57 58 59 60 61 62 63 64 65 66 67 68 69 70 71 72 73 74 75 76 77 78 79 80 81 82 83 84 85 86 87 88 89 90 91 92 93 94 95 }
* Dataflow Pipeline: 0

* FSM state transitions: 
1 --> 2 
2 --> 3 
3 --> 4 
4 --> 5 
5 --> 6 
6 --> 7 
7 --> 8 
8 --> 9 
9 --> 10 
10 --> 11 
11 --> 12 
12 --> 13 
13 --> 14 
14 --> 15 
15 --> 16 
16 --> 17 
17 --> 18 
18 --> 19 
19 --> 20 
20 --> 21 
21 --> 22 
22 --> 23 
23 --> 24 
24 --> 25 
25 --> 26 
26 --> 27 
27 --> 28 
28 --> 29 
29 --> 30 
30 --> 31 
31 --> 32 
32 --> 33 
33 --> 34 
34 --> 35 
35 --> 36 
36 --> 37 
37 --> 38 
38 --> 39 
39 --> 40 
40 --> 41 
41 --> 42 
42 --> 43 
43 --> 44 
44 --> 45 
45 --> 46 
46 --> 47 
47 --> 48 
48 --> 49 
49 --> 50 
50 --> 51 
51 --> 52 
52 --> 53 
53 --> 54 
54 --> 55 
55 --> 56 
56 --> 57 
57 --> 58 
58 --> 59 
59 --> 60 
60 --> 61 
61 --> 62 
62 --> 63 
63 --> 64 
64 --> 65 
65 --> 66 
66 --> 67 
67 --> 68 
68 --> 69 
69 --> 70 
70 --> 71 
71 --> 72 
72 --> 73 
73 --> 74 
74 --> 75 
75 --> 76 
76 --> 77 
77 --> 78 
78 --> 79 
79 --> 80 
80 --> 81 
81 --> 82 
82 --> 83 
83 --> 84 
84 --> 85 
85 --> 86 
86 --> 87 
87 --> 88 
88 --> 89 
89 --> 90 
90 --> 91 
91 --> 92 
92 --> 93 
93 --> 94 
94 --> 95 
95 --> 

* FSM state operations: 

State 1 <SV = 0> <Delay = 1.34>
ST_1 : Operation 98 [1/1] (0.00ns)   --->   "%shiftreg49 = alloca i32 1"   --->   Operation 98 'alloca' 'shiftreg49' <Predicate = true> <Delay = 0.00>
ST_1 : Operation 99 [1/1] (0.00ns)   --->   "%shiftreg = alloca i32 1"   --->   Operation 99 'alloca' 'shiftreg' <Predicate = true> <Delay = 0.00>
ST_1 : Operation 100 [1/1] (0.00ns)   --->   "%f_1 = alloca i32 1"   --->   Operation 100 'alloca' 'f_1' <Predicate = true> <Delay = 0.00>
ST_1 : Operation 101 [1/1] (0.00ns)   --->   "%i_1 = alloca i32 1"   --->   Operation 101 'alloca' 'i_1' <Predicate = true> <Delay = 0.00>
ST_1 : Operation 102 [1/1] (0.00ns)   --->   "%sext_ln204_1_read = read i60 @_ssdm_op_Read.ap_auto.i60, i60 %sext_ln204_1"   --->   Operation 102 'read' 'sext_ln204_1_read' <Predicate = true> <Delay = 0.00>
ST_1 : Operation 103 [1/1] (0.00ns)   --->   "%sext_ln204_read = read i60 @_ssdm_op_Read.ap_auto.i60, i60 %sext_ln204"   --->   Operation 103 'read' 'sext_ln204_read' <Predicate = true> <Delay = 0.00>
ST_1 : Operation 104 [1/1] (0.00ns)   --->   "%b_read = read i64 @_ssdm_op_Read.ap_auto.double, i64 %b"   --->   Operation 104 'read' 'b_read' <Predicate = true> <Delay = 0.00>
ST_1 : Operation 105 [1/1] (0.00ns)   --->   "%a_read = read i64 @_ssdm_op_Read.ap_auto.double, i64 %a"   --->   Operation 105 'read' 'a_read' <Predicate = true> <Delay = 0.00>
ST_1 : Operation 106 [1/1] (0.00ns)   --->   "%sext_ln204_1_cast = sext i60 %sext_ln204_1_read"   --->   Operation 106 'sext' 'sext_ln204_1_cast' <Predicate = true> <Delay = 0.00>
ST_1 : Operation 107 [1/1] (0.00ns)   --->   "%sext_ln204_cast = sext i60 %sext_ln204_read"   --->   Operation 107 'sext' 'sext_ln204_cast' <Predicate = true> <Delay = 0.00>
ST_1 : Operation 108 [1/1] (0.00ns)   --->   "%specinterface_ln0 = specinterface void @_ssdm_op_SpecInterface, i128 %gmem, void @empty_14, i32 0, i32 0, void @empty_10, i32 64, i32 0, void @empty, void @empty_1, void @empty_10, i32 16, i32 16, i32 16, i32 16, void @empty_10, void @empty_10, i32 4294967295, i32 0"   --->   Operation 108 'specinterface' 'specinterface_ln0' <Predicate = true> <Delay = 0.00>
ST_1 : Operation 109 [1/1] (0.46ns)   --->   "%store_ln0 = store i11 0, i11 %i_1"   --->   Operation 109 'store' 'store_ln0' <Predicate = true> <Delay = 0.46>
ST_1 : Operation 110 [1/1] (0.46ns)   --->   "%store_ln0 = store i64 0, i64 %f_1"   --->   Operation 110 'store' 'store_ln0' <Predicate = true> <Delay = 0.46>
ST_1 : Operation 111 [1/1] (0.46ns)   --->   "%store_ln0 = store i64 0, i64 %shiftreg"   --->   Operation 111 'store' 'store_ln0' <Predicate = true> <Delay = 0.46>
ST_1 : Operation 112 [1/1] (0.46ns)   --->   "%store_ln0 = store i64 0, i64 %shiftreg49"   --->   Operation 112 'store' 'store_ln0' <Predicate = true> <Delay = 0.46>
ST_1 : Operation 113 [1/1] (0.00ns)   --->   "%br_ln0 = br void %for.inc.i9"   --->   Operation 113 'br' 'br_ln0' <Predicate = true> <Delay = 0.00>
ST_1 : Operation 114 [1/1] (0.00ns)   --->   "%i = load i11 %i_1"   --->   Operation 114 'load' 'i' <Predicate = true> <Delay = 0.00>
ST_1 : Operation 115 [1/1] (0.00ns)   --->   "%specbitsmap_ln0 = specbitsmap void @_ssdm_op_SpecBitsMap, i128 %gmem"   --->   Operation 115 'specbitsmap' 'specbitsmap_ln0' <Predicate = true> <Delay = 0.00>
ST_1 : Operation 116 [1/1] (0.00ns)   --->   "%specpipeline_ln0 = specpipeline void @_ssdm_op_SpecPipeline, i32 4294967295, i32 0, i32 1, i32 0, void @p_str2"   --->   Operation 116 'specpipeline' 'specpipeline_ln0' <Predicate = true> <Delay = 0.00>
ST_1 : Operation 117 [1/1] (0.96ns)   --->   "%icmp_ln204 = icmp_eq  i11 %i, i11 1362" [main.cpp:204->main.cpp:268]   --->   Operation 117 'icmp' 'icmp_ln204' <Predicate = true> <Delay = 0.96> <CoreInst = "Cmp">   --->   Core 9 'Cmp' <Latency = 0> <II = 1> <Delay = 0.96> <FuncUnit> <Opcode : 'icmp'> <InPorts = 2> <OutPorts = 1>
ST_1 : Operation 118 [1/1] (0.96ns)   --->   "%add_ln204 = add i11 %i, i11 1" [main.cpp:204->main.cpp:268]   --->   Operation 118 'add' 'add_ln204' <Predicate = true> <Delay = 0.96> <CoreInst = "Adder">   --->   Core 1 'Adder' <Latency = 0> <II = 1> <Delay = 0.96> <FuncUnit> <Opcode : 'add' 'sub'> <InPorts = 2> <OutPorts = 1>
ST_1 : Operation 119 [1/1] (0.00ns)   --->   "%br_ln204 = br i1 %icmp_ln204, void %for.inc.i9.split, void %calc_distance.exit.exitStub" [main.cpp:204->main.cpp:268]   --->   Operation 119 'br' 'br_ln204' <Predicate = true> <Delay = 0.00>
ST_1 : Operation 120 [1/1] (0.00ns)   --->   "%empty_28 = trunc i11 %i"   --->   Operation 120 'trunc' 'empty_28' <Predicate = (!icmp_ln204)> <Delay = 0.00>
ST_1 : Operation 121 [1/1] (0.00ns)   --->   "%lshr_ln = partselect i10 @_ssdm_op_PartSelect.i10.i11.i32.i32, i11 %i, i32 1, i32 10" [main.cpp:206->main.cpp:268]   --->   Operation 121 'partselect' 'lshr_ln' <Predicate = (!icmp_ln204)> <Delay = 0.00>
ST_1 : Operation 122 [1/1] (0.00ns)   --->   "%zext_ln206 = zext i10 %lshr_ln" [main.cpp:206->main.cpp:268]   --->   Operation 122 'zext' 'zext_ln206' <Predicate = (!icmp_ln204)> <Delay = 0.00>
ST_1 : Operation 123 [1/1] (1.34ns)   --->   "%add_ln206 = add i61 %zext_ln206, i61 %sext_ln204_cast" [main.cpp:206->main.cpp:268]   --->   Operation 123 'add' 'add_ln206' <Predicate = (!icmp_ln204 & !empty_28)> <Delay = 1.34> <CoreInst = "Adder">   --->   Core 1 'Adder' <Latency = 0> <II = 1> <Delay = 1.34> <FuncUnit> <Opcode : 'add' 'sub'> <InPorts = 2> <OutPorts = 1>
ST_1 : Operation 124 [1/1] (1.34ns)   --->   "%add_ln207 = add i61 %zext_ln206, i61 %sext_ln204_1_cast" [main.cpp:207->main.cpp:268]   --->   Operation 124 'add' 'add_ln207' <Predicate = (!icmp_ln204 & !empty_28)> <Delay = 1.34> <CoreInst = "Adder">   --->   Core 1 'Adder' <Latency = 0> <II = 1> <Delay = 1.34> <FuncUnit> <Opcode : 'add' 'sub'> <InPorts = 2> <OutPorts = 1>

State 2 <SV = 1> <Delay = 7.30>
ST_2 : Operation 125 [1/1] (0.00ns)   --->   "%sext_ln206 = sext i61 %add_ln206" [main.cpp:206->main.cpp:268]   --->   Operation 125 'sext' 'sext_ln206' <Predicate = (!icmp_ln204 & !empty_28)> <Delay = 0.00>
ST_2 : Operation 126 [1/1] (0.00ns)   --->   "%gmem_addr = getelementptr i128 %gmem, i64 %sext_ln206" [main.cpp:206->main.cpp:268]   --->   Operation 126 'getelementptr' 'gmem_addr' <Predicate = (!icmp_ln204 & !empty_28)> <Delay = 0.00>
ST_2 : Operation 127 [71/71] (7.30ns)   --->   "%gmem_load_2_req = readreq i1 @_ssdm_op_ReadReq.m_axi.i128P1A, i128 %gmem_addr, i32 1" [main.cpp:206->main.cpp:268]   --->   Operation 127 'readreq' 'gmem_load_2_req' <Predicate = (!icmp_ln204 & !empty_28)> <Delay = 7.30> <CoreInst = "m_axi">   --->   Core 121 'm_axi' <Latency = 0> <II = 1> <Delay = 1.00> <Adapter> <Opcode : 'read' 'write' 'readreq' 'writereq' 'writeresp'>

State 3 <SV = 2> <Delay = 7.30>
ST_3 : Operation 128 [70/71] (7.30ns)   --->   "%gmem_load_2_req = readreq i1 @_ssdm_op_ReadReq.m_axi.i128P1A, i128 %gmem_addr, i32 1" [main.cpp:206->main.cpp:268]   --->   Operation 128 'readreq' 'gmem_load_2_req' <Predicate = (!icmp_ln204 & !empty_28)> <Delay = 7.30> <CoreInst = "m_axi">   --->   Core 121 'm_axi' <Latency = 0> <II = 1> <Delay = 1.00> <Adapter> <Opcode : 'read' 'write' 'readreq' 'writereq' 'writeresp'>
ST_3 : Operation 129 [1/1] (0.00ns)   --->   "%sext_ln207 = sext i61 %add_ln207" [main.cpp:207->main.cpp:268]   --->   Operation 129 'sext' 'sext_ln207' <Predicate = (!icmp_ln204 & !empty_28)> <Delay = 0.00>
ST_3 : Operation 130 [1/1] (0.00ns)   --->   "%gmem_addr_2 = getelementptr i128 %gmem, i64 %sext_ln207" [main.cpp:207->main.cpp:268]   --->   Operation 130 'getelementptr' 'gmem_addr_2' <Predicate = (!icmp_ln204 & !empty_28)> <Delay = 0.00>
ST_3 : Operation 131 [71/71] (7.30ns)   --->   "%gmem_load_3_req = readreq i1 @_ssdm_op_ReadReq.m_axi.i128P1A, i128 %gmem_addr_2, i32 1" [main.cpp:207->main.cpp:268]   --->   Operation 131 'readreq' 'gmem_load_3_req' <Predicate = (!icmp_ln204 & !empty_28)> <Delay = 7.30> <CoreInst = "m_axi">   --->   Core 121 'm_axi' <Latency = 0> <II = 1> <Delay = 1.00> <Adapter> <Opcode : 'read' 'write' 'readreq' 'writereq' 'writeresp'>
ST_3 : Operation 132 [1/1] (0.46ns)   --->   "%store_ln204 = store i11 %add_ln204, i11 %i_1" [main.cpp:204->main.cpp:268]   --->   Operation 132 'store' 'store_ln204' <Predicate = (!icmp_ln204)> <Delay = 0.46>

State 4 <SV = 3> <Delay = 7.30>
ST_4 : Operation 133 [69/71] (7.30ns)   --->   "%gmem_load_2_req = readreq i1 @_ssdm_op_ReadReq.m_axi.i128P1A, i128 %gmem_addr, i32 1" [main.cpp:206->main.cpp:268]   --->   Operation 133 'readreq' 'gmem_load_2_req' <Predicate = (!icmp_ln204 & !empty_28)> <Delay = 7.30> <CoreInst = "m_axi">   --->   Core 121 'm_axi' <Latency = 0> <II = 1> <Delay = 1.00> <Adapter> <Opcode : 'read' 'write' 'readreq' 'writereq' 'writeresp'>
ST_4 : Operation 134 [70/71] (7.30ns)   --->   "%gmem_load_3_req = readreq i1 @_ssdm_op_ReadReq.m_axi.i128P1A, i128 %gmem_addr_2, i32 1" [main.cpp:207->main.cpp:268]   --->   Operation 134 'readreq' 'gmem_load_3_req' <Predicate = (!icmp_ln204 & !empty_28)> <Delay = 7.30> <CoreInst = "m_axi">   --->   Core 121 'm_axi' <Latency = 0> <II = 1> <Delay = 1.00> <Adapter> <Opcode : 'read' 'write' 'readreq' 'writereq' 'writeresp'>

State 5 <SV = 4> <Delay = 7.30>
ST_5 : Operation 135 [68/71] (7.30ns)   --->   "%gmem_load_2_req = readreq i1 @_ssdm_op_ReadReq.m_axi.i128P1A, i128 %gmem_addr, i32 1" [main.cpp:206->main.cpp:268]   --->   Operation 135 'readreq' 'gmem_load_2_req' <Predicate = (!icmp_ln204 & !empty_28)> <Delay = 7.30> <CoreInst = "m_axi">   --->   Core 121 'm_axi' <Latency = 0> <II = 1> <Delay = 1.00> <Adapter> <Opcode : 'read' 'write' 'readreq' 'writereq' 'writeresp'>
ST_5 : Operation 136 [69/71] (7.30ns)   --->   "%gmem_load_3_req = readreq i1 @_ssdm_op_ReadReq.m_axi.i128P1A, i128 %gmem_addr_2, i32 1" [main.cpp:207->main.cpp:268]   --->   Operation 136 'readreq' 'gmem_load_3_req' <Predicate = (!icmp_ln204 & !empty_28)> <Delay = 7.30> <CoreInst = "m_axi">   --->   Core 121 'm_axi' <Latency = 0> <II = 1> <Delay = 1.00> <Adapter> <Opcode : 'read' 'write' 'readreq' 'writereq' 'writeresp'>

State 6 <SV = 5> <Delay = 7.30>
ST_6 : Operation 137 [67/71] (7.30ns)   --->   "%gmem_load_2_req = readreq i1 @_ssdm_op_ReadReq.m_axi.i128P1A, i128 %gmem_addr, i32 1" [main.cpp:206->main.cpp:268]   --->   Operation 137 'readreq' 'gmem_load_2_req' <Predicate = (!icmp_ln204 & !empty_28)> <Delay = 7.30> <CoreInst = "m_axi">   --->   Core 121 'm_axi' <Latency = 0> <II = 1> <Delay = 1.00> <Adapter> <Opcode : 'read' 'write' 'readreq' 'writereq' 'writeresp'>
ST_6 : Operation 138 [68/71] (7.30ns)   --->   "%gmem_load_3_req = readreq i1 @_ssdm_op_ReadReq.m_axi.i128P1A, i128 %gmem_addr_2, i32 1" [main.cpp:207->main.cpp:268]   --->   Operation 138 'readreq' 'gmem_load_3_req' <Predicate = (!icmp_ln204 & !empty_28)> <Delay = 7.30> <CoreInst = "m_axi">   --->   Core 121 'm_axi' <Latency = 0> <II = 1> <Delay = 1.00> <Adapter> <Opcode : 'read' 'write' 'readreq' 'writereq' 'writeresp'>

State 7 <SV = 6> <Delay = 7.30>
ST_7 : Operation 139 [66/71] (7.30ns)   --->   "%gmem_load_2_req = readreq i1 @_ssdm_op_ReadReq.m_axi.i128P1A, i128 %gmem_addr, i32 1" [main.cpp:206->main.cpp:268]   --->   Operation 139 'readreq' 'gmem_load_2_req' <Predicate = (!icmp_ln204 & !empty_28)> <Delay = 7.30> <CoreInst = "m_axi">   --->   Core 121 'm_axi' <Latency = 0> <II = 1> <Delay = 1.00> <Adapter> <Opcode : 'read' 'write' 'readreq' 'writereq' 'writeresp'>
ST_7 : Operation 140 [67/71] (7.30ns)   --->   "%gmem_load_3_req = readreq i1 @_ssdm_op_ReadReq.m_axi.i128P1A, i128 %gmem_addr_2, i32 1" [main.cpp:207->main.cpp:268]   --->   Operation 140 'readreq' 'gmem_load_3_req' <Predicate = (!icmp_ln204 & !empty_28)> <Delay = 7.30> <CoreInst = "m_axi">   --->   Core 121 'm_axi' <Latency = 0> <II = 1> <Delay = 1.00> <Adapter> <Opcode : 'read' 'write' 'readreq' 'writereq' 'writeresp'>

State 8 <SV = 7> <Delay = 7.30>
ST_8 : Operation 141 [65/71] (7.30ns)   --->   "%gmem_load_2_req = readreq i1 @_ssdm_op_ReadReq.m_axi.i128P1A, i128 %gmem_addr, i32 1" [main.cpp:206->main.cpp:268]   --->   Operation 141 'readreq' 'gmem_load_2_req' <Predicate = (!icmp_ln204 & !empty_28)> <Delay = 7.30> <CoreInst = "m_axi">   --->   Core 121 'm_axi' <Latency = 0> <II = 1> <Delay = 1.00> <Adapter> <Opcode : 'read' 'write' 'readreq' 'writereq' 'writeresp'>
ST_8 : Operation 142 [66/71] (7.30ns)   --->   "%gmem_load_3_req = readreq i1 @_ssdm_op_ReadReq.m_axi.i128P1A, i128 %gmem_addr_2, i32 1" [main.cpp:207->main.cpp:268]   --->   Operation 142 'readreq' 'gmem_load_3_req' <Predicate = (!icmp_ln204 & !empty_28)> <Delay = 7.30> <CoreInst = "m_axi">   --->   Core 121 'm_axi' <Latency = 0> <II = 1> <Delay = 1.00> <Adapter> <Opcode : 'read' 'write' 'readreq' 'writereq' 'writeresp'>

State 9 <SV = 8> <Delay = 7.30>
ST_9 : Operation 143 [64/71] (7.30ns)   --->   "%gmem_load_2_req = readreq i1 @_ssdm_op_ReadReq.m_axi.i128P1A, i128 %gmem_addr, i32 1" [main.cpp:206->main.cpp:268]   --->   Operation 143 'readreq' 'gmem_load_2_req' <Predicate = (!icmp_ln204 & !empty_28)> <Delay = 7.30> <CoreInst = "m_axi">   --->   Core 121 'm_axi' <Latency = 0> <II = 1> <Delay = 1.00> <Adapter> <Opcode : 'read' 'write' 'readreq' 'writereq' 'writeresp'>
ST_9 : Operation 144 [65/71] (7.30ns)   --->   "%gmem_load_3_req = readreq i1 @_ssdm_op_ReadReq.m_axi.i128P1A, i128 %gmem_addr_2, i32 1" [main.cpp:207->main.cpp:268]   --->   Operation 144 'readreq' 'gmem_load_3_req' <Predicate = (!icmp_ln204 & !empty_28)> <Delay = 7.30> <CoreInst = "m_axi">   --->   Core 121 'm_axi' <Latency = 0> <II = 1> <Delay = 1.00> <Adapter> <Opcode : 'read' 'write' 'readreq' 'writereq' 'writeresp'>

State 10 <SV = 9> <Delay = 7.30>
ST_10 : Operation 145 [63/71] (7.30ns)   --->   "%gmem_load_2_req = readreq i1 @_ssdm_op_ReadReq.m_axi.i128P1A, i128 %gmem_addr, i32 1" [main.cpp:206->main.cpp:268]   --->   Operation 145 'readreq' 'gmem_load_2_req' <Predicate = (!icmp_ln204 & !empty_28)> <Delay = 7.30> <CoreInst = "m_axi">   --->   Core 121 'm_axi' <Latency = 0> <II = 1> <Delay = 1.00> <Adapter> <Opcode : 'read' 'write' 'readreq' 'writereq' 'writeresp'>
ST_10 : Operation 146 [64/71] (7.30ns)   --->   "%gmem_load_3_req = readreq i1 @_ssdm_op_ReadReq.m_axi.i128P1A, i128 %gmem_addr_2, i32 1" [main.cpp:207->main.cpp:268]   --->   Operation 146 'readreq' 'gmem_load_3_req' <Predicate = (!icmp_ln204 & !empty_28)> <Delay = 7.30> <CoreInst = "m_axi">   --->   Core 121 'm_axi' <Latency = 0> <II = 1> <Delay = 1.00> <Adapter> <Opcode : 'read' 'write' 'readreq' 'writereq' 'writeresp'>

State 11 <SV = 10> <Delay = 7.30>
ST_11 : Operation 147 [62/71] (7.30ns)   --->   "%gmem_load_2_req = readreq i1 @_ssdm_op_ReadReq.m_axi.i128P1A, i128 %gmem_addr, i32 1" [main.cpp:206->main.cpp:268]   --->   Operation 147 'readreq' 'gmem_load_2_req' <Predicate = (!icmp_ln204 & !empty_28)> <Delay = 7.30> <CoreInst = "m_axi">   --->   Core 121 'm_axi' <Latency = 0> <II = 1> <Delay = 1.00> <Adapter> <Opcode : 'read' 'write' 'readreq' 'writereq' 'writeresp'>
ST_11 : Operation 148 [63/71] (7.30ns)   --->   "%gmem_load_3_req = readreq i1 @_ssdm_op_ReadReq.m_axi.i128P1A, i128 %gmem_addr_2, i32 1" [main.cpp:207->main.cpp:268]   --->   Operation 148 'readreq' 'gmem_load_3_req' <Predicate = (!icmp_ln204 & !empty_28)> <Delay = 7.30> <CoreInst = "m_axi">   --->   Core 121 'm_axi' <Latency = 0> <II = 1> <Delay = 1.00> <Adapter> <Opcode : 'read' 'write' 'readreq' 'writereq' 'writeresp'>

State 12 <SV = 11> <Delay = 7.30>
ST_12 : Operation 149 [61/71] (7.30ns)   --->   "%gmem_load_2_req = readreq i1 @_ssdm_op_ReadReq.m_axi.i128P1A, i128 %gmem_addr, i32 1" [main.cpp:206->main.cpp:268]   --->   Operation 149 'readreq' 'gmem_load_2_req' <Predicate = (!icmp_ln204 & !empty_28)> <Delay = 7.30> <CoreInst = "m_axi">   --->   Core 121 'm_axi' <Latency = 0> <II = 1> <Delay = 1.00> <Adapter> <Opcode : 'read' 'write' 'readreq' 'writereq' 'writeresp'>
ST_12 : Operation 150 [62/71] (7.30ns)   --->   "%gmem_load_3_req = readreq i1 @_ssdm_op_ReadReq.m_axi.i128P1A, i128 %gmem_addr_2, i32 1" [main.cpp:207->main.cpp:268]   --->   Operation 150 'readreq' 'gmem_load_3_req' <Predicate = (!icmp_ln204 & !empty_28)> <Delay = 7.30> <CoreInst = "m_axi">   --->   Core 121 'm_axi' <Latency = 0> <II = 1> <Delay = 1.00> <Adapter> <Opcode : 'read' 'write' 'readreq' 'writereq' 'writeresp'>

State 13 <SV = 12> <Delay = 7.30>
ST_13 : Operation 151 [60/71] (7.30ns)   --->   "%gmem_load_2_req = readreq i1 @_ssdm_op_ReadReq.m_axi.i128P1A, i128 %gmem_addr, i32 1" [main.cpp:206->main.cpp:268]   --->   Operation 151 'readreq' 'gmem_load_2_req' <Predicate = (!icmp_ln204 & !empty_28)> <Delay = 7.30> <CoreInst = "m_axi">   --->   Core 121 'm_axi' <Latency = 0> <II = 1> <Delay = 1.00> <Adapter> <Opcode : 'read' 'write' 'readreq' 'writereq' 'writeresp'>
ST_13 : Operation 152 [61/71] (7.30ns)   --->   "%gmem_load_3_req = readreq i1 @_ssdm_op_ReadReq.m_axi.i128P1A, i128 %gmem_addr_2, i32 1" [main.cpp:207->main.cpp:268]   --->   Operation 152 'readreq' 'gmem_load_3_req' <Predicate = (!icmp_ln204 & !empty_28)> <Delay = 7.30> <CoreInst = "m_axi">   --->   Core 121 'm_axi' <Latency = 0> <II = 1> <Delay = 1.00> <Adapter> <Opcode : 'read' 'write' 'readreq' 'writereq' 'writeresp'>

State 14 <SV = 13> <Delay = 7.30>
ST_14 : Operation 153 [59/71] (7.30ns)   --->   "%gmem_load_2_req = readreq i1 @_ssdm_op_ReadReq.m_axi.i128P1A, i128 %gmem_addr, i32 1" [main.cpp:206->main.cpp:268]   --->   Operation 153 'readreq' 'gmem_load_2_req' <Predicate = (!icmp_ln204 & !empty_28)> <Delay = 7.30> <CoreInst = "m_axi">   --->   Core 121 'm_axi' <Latency = 0> <II = 1> <Delay = 1.00> <Adapter> <Opcode : 'read' 'write' 'readreq' 'writereq' 'writeresp'>
ST_14 : Operation 154 [60/71] (7.30ns)   --->   "%gmem_load_3_req = readreq i1 @_ssdm_op_ReadReq.m_axi.i128P1A, i128 %gmem_addr_2, i32 1" [main.cpp:207->main.cpp:268]   --->   Operation 154 'readreq' 'gmem_load_3_req' <Predicate = (!icmp_ln204 & !empty_28)> <Delay = 7.30> <CoreInst = "m_axi">   --->   Core 121 'm_axi' <Latency = 0> <II = 1> <Delay = 1.00> <Adapter> <Opcode : 'read' 'write' 'readreq' 'writereq' 'writeresp'>

State 15 <SV = 14> <Delay = 7.30>
ST_15 : Operation 155 [58/71] (7.30ns)   --->   "%gmem_load_2_req = readreq i1 @_ssdm_op_ReadReq.m_axi.i128P1A, i128 %gmem_addr, i32 1" [main.cpp:206->main.cpp:268]   --->   Operation 155 'readreq' 'gmem_load_2_req' <Predicate = (!icmp_ln204 & !empty_28)> <Delay = 7.30> <CoreInst = "m_axi">   --->   Core 121 'm_axi' <Latency = 0> <II = 1> <Delay = 1.00> <Adapter> <Opcode : 'read' 'write' 'readreq' 'writereq' 'writeresp'>
ST_15 : Operation 156 [59/71] (7.30ns)   --->   "%gmem_load_3_req = readreq i1 @_ssdm_op_ReadReq.m_axi.i128P1A, i128 %gmem_addr_2, i32 1" [main.cpp:207->main.cpp:268]   --->   Operation 156 'readreq' 'gmem_load_3_req' <Predicate = (!icmp_ln204 & !empty_28)> <Delay = 7.30> <CoreInst = "m_axi">   --->   Core 121 'm_axi' <Latency = 0> <II = 1> <Delay = 1.00> <Adapter> <Opcode : 'read' 'write' 'readreq' 'writereq' 'writeresp'>

State 16 <SV = 15> <Delay = 7.30>
ST_16 : Operation 157 [57/71] (7.30ns)   --->   "%gmem_load_2_req = readreq i1 @_ssdm_op_ReadReq.m_axi.i128P1A, i128 %gmem_addr, i32 1" [main.cpp:206->main.cpp:268]   --->   Operation 157 'readreq' 'gmem_load_2_req' <Predicate = (!icmp_ln204 & !empty_28)> <Delay = 7.30> <CoreInst = "m_axi">   --->   Core 121 'm_axi' <Latency = 0> <II = 1> <Delay = 1.00> <Adapter> <Opcode : 'read' 'write' 'readreq' 'writereq' 'writeresp'>
ST_16 : Operation 158 [58/71] (7.30ns)   --->   "%gmem_load_3_req = readreq i1 @_ssdm_op_ReadReq.m_axi.i128P1A, i128 %gmem_addr_2, i32 1" [main.cpp:207->main.cpp:268]   --->   Operation 158 'readreq' 'gmem_load_3_req' <Predicate = (!icmp_ln204 & !empty_28)> <Delay = 7.30> <CoreInst = "m_axi">   --->   Core 121 'm_axi' <Latency = 0> <II = 1> <Delay = 1.00> <Adapter> <Opcode : 'read' 'write' 'readreq' 'writereq' 'writeresp'>

State 17 <SV = 16> <Delay = 7.30>
ST_17 : Operation 159 [56/71] (7.30ns)   --->   "%gmem_load_2_req = readreq i1 @_ssdm_op_ReadReq.m_axi.i128P1A, i128 %gmem_addr, i32 1" [main.cpp:206->main.cpp:268]   --->   Operation 159 'readreq' 'gmem_load_2_req' <Predicate = (!icmp_ln204 & !empty_28)> <Delay = 7.30> <CoreInst = "m_axi">   --->   Core 121 'm_axi' <Latency = 0> <II = 1> <Delay = 1.00> <Adapter> <Opcode : 'read' 'write' 'readreq' 'writereq' 'writeresp'>
ST_17 : Operation 160 [57/71] (7.30ns)   --->   "%gmem_load_3_req = readreq i1 @_ssdm_op_ReadReq.m_axi.i128P1A, i128 %gmem_addr_2, i32 1" [main.cpp:207->main.cpp:268]   --->   Operation 160 'readreq' 'gmem_load_3_req' <Predicate = (!icmp_ln204 & !empty_28)> <Delay = 7.30> <CoreInst = "m_axi">   --->   Core 121 'm_axi' <Latency = 0> <II = 1> <Delay = 1.00> <Adapter> <Opcode : 'read' 'write' 'readreq' 'writereq' 'writeresp'>

State 18 <SV = 17> <Delay = 7.30>
ST_18 : Operation 161 [55/71] (7.30ns)   --->   "%gmem_load_2_req = readreq i1 @_ssdm_op_ReadReq.m_axi.i128P1A, i128 %gmem_addr, i32 1" [main.cpp:206->main.cpp:268]   --->   Operation 161 'readreq' 'gmem_load_2_req' <Predicate = (!icmp_ln204 & !empty_28)> <Delay = 7.30> <CoreInst = "m_axi">   --->   Core 121 'm_axi' <Latency = 0> <II = 1> <Delay = 1.00> <Adapter> <Opcode : 'read' 'write' 'readreq' 'writereq' 'writeresp'>
ST_18 : Operation 162 [56/71] (7.30ns)   --->   "%gmem_load_3_req = readreq i1 @_ssdm_op_ReadReq.m_axi.i128P1A, i128 %gmem_addr_2, i32 1" [main.cpp:207->main.cpp:268]   --->   Operation 162 'readreq' 'gmem_load_3_req' <Predicate = (!icmp_ln204 & !empty_28)> <Delay = 7.30> <CoreInst = "m_axi">   --->   Core 121 'm_axi' <Latency = 0> <II = 1> <Delay = 1.00> <Adapter> <Opcode : 'read' 'write' 'readreq' 'writereq' 'writeresp'>

State 19 <SV = 18> <Delay = 7.30>
ST_19 : Operation 163 [54/71] (7.30ns)   --->   "%gmem_load_2_req = readreq i1 @_ssdm_op_ReadReq.m_axi.i128P1A, i128 %gmem_addr, i32 1" [main.cpp:206->main.cpp:268]   --->   Operation 163 'readreq' 'gmem_load_2_req' <Predicate = (!icmp_ln204 & !empty_28)> <Delay = 7.30> <CoreInst = "m_axi">   --->   Core 121 'm_axi' <Latency = 0> <II = 1> <Delay = 1.00> <Adapter> <Opcode : 'read' 'write' 'readreq' 'writereq' 'writeresp'>
ST_19 : Operation 164 [55/71] (7.30ns)   --->   "%gmem_load_3_req = readreq i1 @_ssdm_op_ReadReq.m_axi.i128P1A, i128 %gmem_addr_2, i32 1" [main.cpp:207->main.cpp:268]   --->   Operation 164 'readreq' 'gmem_load_3_req' <Predicate = (!icmp_ln204 & !empty_28)> <Delay = 7.30> <CoreInst = "m_axi">   --->   Core 121 'm_axi' <Latency = 0> <II = 1> <Delay = 1.00> <Adapter> <Opcode : 'read' 'write' 'readreq' 'writereq' 'writeresp'>

State 20 <SV = 19> <Delay = 7.30>
ST_20 : Operation 165 [53/71] (7.30ns)   --->   "%gmem_load_2_req = readreq i1 @_ssdm_op_ReadReq.m_axi.i128P1A, i128 %gmem_addr, i32 1" [main.cpp:206->main.cpp:268]   --->   Operation 165 'readreq' 'gmem_load_2_req' <Predicate = (!icmp_ln204 & !empty_28)> <Delay = 7.30> <CoreInst = "m_axi">   --->   Core 121 'm_axi' <Latency = 0> <II = 1> <Delay = 1.00> <Adapter> <Opcode : 'read' 'write' 'readreq' 'writereq' 'writeresp'>
ST_20 : Operation 166 [54/71] (7.30ns)   --->   "%gmem_load_3_req = readreq i1 @_ssdm_op_ReadReq.m_axi.i128P1A, i128 %gmem_addr_2, i32 1" [main.cpp:207->main.cpp:268]   --->   Operation 166 'readreq' 'gmem_load_3_req' <Predicate = (!icmp_ln204 & !empty_28)> <Delay = 7.30> <CoreInst = "m_axi">   --->   Core 121 'm_axi' <Latency = 0> <II = 1> <Delay = 1.00> <Adapter> <Opcode : 'read' 'write' 'readreq' 'writereq' 'writeresp'>

State 21 <SV = 20> <Delay = 7.30>
ST_21 : Operation 167 [52/71] (7.30ns)   --->   "%gmem_load_2_req = readreq i1 @_ssdm_op_ReadReq.m_axi.i128P1A, i128 %gmem_addr, i32 1" [main.cpp:206->main.cpp:268]   --->   Operation 167 'readreq' 'gmem_load_2_req' <Predicate = (!icmp_ln204 & !empty_28)> <Delay = 7.30> <CoreInst = "m_axi">   --->   Core 121 'm_axi' <Latency = 0> <II = 1> <Delay = 1.00> <Adapter> <Opcode : 'read' 'write' 'readreq' 'writereq' 'writeresp'>
ST_21 : Operation 168 [53/71] (7.30ns)   --->   "%gmem_load_3_req = readreq i1 @_ssdm_op_ReadReq.m_axi.i128P1A, i128 %gmem_addr_2, i32 1" [main.cpp:207->main.cpp:268]   --->   Operation 168 'readreq' 'gmem_load_3_req' <Predicate = (!icmp_ln204 & !empty_28)> <Delay = 7.30> <CoreInst = "m_axi">   --->   Core 121 'm_axi' <Latency = 0> <II = 1> <Delay = 1.00> <Adapter> <Opcode : 'read' 'write' 'readreq' 'writereq' 'writeresp'>

State 22 <SV = 21> <Delay = 7.30>
ST_22 : Operation 169 [51/71] (7.30ns)   --->   "%gmem_load_2_req = readreq i1 @_ssdm_op_ReadReq.m_axi.i128P1A, i128 %gmem_addr, i32 1" [main.cpp:206->main.cpp:268]   --->   Operation 169 'readreq' 'gmem_load_2_req' <Predicate = (!icmp_ln204 & !empty_28)> <Delay = 7.30> <CoreInst = "m_axi">   --->   Core 121 'm_axi' <Latency = 0> <II = 1> <Delay = 1.00> <Adapter> <Opcode : 'read' 'write' 'readreq' 'writereq' 'writeresp'>
ST_22 : Operation 170 [52/71] (7.30ns)   --->   "%gmem_load_3_req = readreq i1 @_ssdm_op_ReadReq.m_axi.i128P1A, i128 %gmem_addr_2, i32 1" [main.cpp:207->main.cpp:268]   --->   Operation 170 'readreq' 'gmem_load_3_req' <Predicate = (!icmp_ln204 & !empty_28)> <Delay = 7.30> <CoreInst = "m_axi">   --->   Core 121 'm_axi' <Latency = 0> <II = 1> <Delay = 1.00> <Adapter> <Opcode : 'read' 'write' 'readreq' 'writereq' 'writeresp'>

State 23 <SV = 22> <Delay = 7.30>
ST_23 : Operation 171 [50/71] (7.30ns)   --->   "%gmem_load_2_req = readreq i1 @_ssdm_op_ReadReq.m_axi.i128P1A, i128 %gmem_addr, i32 1" [main.cpp:206->main.cpp:268]   --->   Operation 171 'readreq' 'gmem_load_2_req' <Predicate = (!icmp_ln204 & !empty_28)> <Delay = 7.30> <CoreInst = "m_axi">   --->   Core 121 'm_axi' <Latency = 0> <II = 1> <Delay = 1.00> <Adapter> <Opcode : 'read' 'write' 'readreq' 'writereq' 'writeresp'>
ST_23 : Operation 172 [51/71] (7.30ns)   --->   "%gmem_load_3_req = readreq i1 @_ssdm_op_ReadReq.m_axi.i128P1A, i128 %gmem_addr_2, i32 1" [main.cpp:207->main.cpp:268]   --->   Operation 172 'readreq' 'gmem_load_3_req' <Predicate = (!icmp_ln204 & !empty_28)> <Delay = 7.30> <CoreInst = "m_axi">   --->   Core 121 'm_axi' <Latency = 0> <II = 1> <Delay = 1.00> <Adapter> <Opcode : 'read' 'write' 'readreq' 'writereq' 'writeresp'>

State 24 <SV = 23> <Delay = 7.30>
ST_24 : Operation 173 [49/71] (7.30ns)   --->   "%gmem_load_2_req = readreq i1 @_ssdm_op_ReadReq.m_axi.i128P1A, i128 %gmem_addr, i32 1" [main.cpp:206->main.cpp:268]   --->   Operation 173 'readreq' 'gmem_load_2_req' <Predicate = (!icmp_ln204 & !empty_28)> <Delay = 7.30> <CoreInst = "m_axi">   --->   Core 121 'm_axi' <Latency = 0> <II = 1> <Delay = 1.00> <Adapter> <Opcode : 'read' 'write' 'readreq' 'writereq' 'writeresp'>
ST_24 : Operation 174 [50/71] (7.30ns)   --->   "%gmem_load_3_req = readreq i1 @_ssdm_op_ReadReq.m_axi.i128P1A, i128 %gmem_addr_2, i32 1" [main.cpp:207->main.cpp:268]   --->   Operation 174 'readreq' 'gmem_load_3_req' <Predicate = (!icmp_ln204 & !empty_28)> <Delay = 7.30> <CoreInst = "m_axi">   --->   Core 121 'm_axi' <Latency = 0> <II = 1> <Delay = 1.00> <Adapter> <Opcode : 'read' 'write' 'readreq' 'writereq' 'writeresp'>

State 25 <SV = 24> <Delay = 7.30>
ST_25 : Operation 175 [48/71] (7.30ns)   --->   "%gmem_load_2_req = readreq i1 @_ssdm_op_ReadReq.m_axi.i128P1A, i128 %gmem_addr, i32 1" [main.cpp:206->main.cpp:268]   --->   Operation 175 'readreq' 'gmem_load_2_req' <Predicate = (!icmp_ln204 & !empty_28)> <Delay = 7.30> <CoreInst = "m_axi">   --->   Core 121 'm_axi' <Latency = 0> <II = 1> <Delay = 1.00> <Adapter> <Opcode : 'read' 'write' 'readreq' 'writereq' 'writeresp'>
ST_25 : Operation 176 [49/71] (7.30ns)   --->   "%gmem_load_3_req = readreq i1 @_ssdm_op_ReadReq.m_axi.i128P1A, i128 %gmem_addr_2, i32 1" [main.cpp:207->main.cpp:268]   --->   Operation 176 'readreq' 'gmem_load_3_req' <Predicate = (!icmp_ln204 & !empty_28)> <Delay = 7.30> <CoreInst = "m_axi">   --->   Core 121 'm_axi' <Latency = 0> <II = 1> <Delay = 1.00> <Adapter> <Opcode : 'read' 'write' 'readreq' 'writereq' 'writeresp'>

State 26 <SV = 25> <Delay = 7.30>
ST_26 : Operation 177 [47/71] (7.30ns)   --->   "%gmem_load_2_req = readreq i1 @_ssdm_op_ReadReq.m_axi.i128P1A, i128 %gmem_addr, i32 1" [main.cpp:206->main.cpp:268]   --->   Operation 177 'readreq' 'gmem_load_2_req' <Predicate = (!icmp_ln204 & !empty_28)> <Delay = 7.30> <CoreInst = "m_axi">   --->   Core 121 'm_axi' <Latency = 0> <II = 1> <Delay = 1.00> <Adapter> <Opcode : 'read' 'write' 'readreq' 'writereq' 'writeresp'>
ST_26 : Operation 178 [48/71] (7.30ns)   --->   "%gmem_load_3_req = readreq i1 @_ssdm_op_ReadReq.m_axi.i128P1A, i128 %gmem_addr_2, i32 1" [main.cpp:207->main.cpp:268]   --->   Operation 178 'readreq' 'gmem_load_3_req' <Predicate = (!icmp_ln204 & !empty_28)> <Delay = 7.30> <CoreInst = "m_axi">   --->   Core 121 'm_axi' <Latency = 0> <II = 1> <Delay = 1.00> <Adapter> <Opcode : 'read' 'write' 'readreq' 'writereq' 'writeresp'>

State 27 <SV = 26> <Delay = 7.30>
ST_27 : Operation 179 [46/71] (7.30ns)   --->   "%gmem_load_2_req = readreq i1 @_ssdm_op_ReadReq.m_axi.i128P1A, i128 %gmem_addr, i32 1" [main.cpp:206->main.cpp:268]   --->   Operation 179 'readreq' 'gmem_load_2_req' <Predicate = (!icmp_ln204 & !empty_28)> <Delay = 7.30> <CoreInst = "m_axi">   --->   Core 121 'm_axi' <Latency = 0> <II = 1> <Delay = 1.00> <Adapter> <Opcode : 'read' 'write' 'readreq' 'writereq' 'writeresp'>
ST_27 : Operation 180 [47/71] (7.30ns)   --->   "%gmem_load_3_req = readreq i1 @_ssdm_op_ReadReq.m_axi.i128P1A, i128 %gmem_addr_2, i32 1" [main.cpp:207->main.cpp:268]   --->   Operation 180 'readreq' 'gmem_load_3_req' <Predicate = (!icmp_ln204 & !empty_28)> <Delay = 7.30> <CoreInst = "m_axi">   --->   Core 121 'm_axi' <Latency = 0> <II = 1> <Delay = 1.00> <Adapter> <Opcode : 'read' 'write' 'readreq' 'writereq' 'writeresp'>

State 28 <SV = 27> <Delay = 7.30>
ST_28 : Operation 181 [45/71] (7.30ns)   --->   "%gmem_load_2_req = readreq i1 @_ssdm_op_ReadReq.m_axi.i128P1A, i128 %gmem_addr, i32 1" [main.cpp:206->main.cpp:268]   --->   Operation 181 'readreq' 'gmem_load_2_req' <Predicate = (!icmp_ln204 & !empty_28)> <Delay = 7.30> <CoreInst = "m_axi">   --->   Core 121 'm_axi' <Latency = 0> <II = 1> <Delay = 1.00> <Adapter> <Opcode : 'read' 'write' 'readreq' 'writereq' 'writeresp'>
ST_28 : Operation 182 [46/71] (7.30ns)   --->   "%gmem_load_3_req = readreq i1 @_ssdm_op_ReadReq.m_axi.i128P1A, i128 %gmem_addr_2, i32 1" [main.cpp:207->main.cpp:268]   --->   Operation 182 'readreq' 'gmem_load_3_req' <Predicate = (!icmp_ln204 & !empty_28)> <Delay = 7.30> <CoreInst = "m_axi">   --->   Core 121 'm_axi' <Latency = 0> <II = 1> <Delay = 1.00> <Adapter> <Opcode : 'read' 'write' 'readreq' 'writereq' 'writeresp'>

State 29 <SV = 28> <Delay = 7.30>
ST_29 : Operation 183 [44/71] (7.30ns)   --->   "%gmem_load_2_req = readreq i1 @_ssdm_op_ReadReq.m_axi.i128P1A, i128 %gmem_addr, i32 1" [main.cpp:206->main.cpp:268]   --->   Operation 183 'readreq' 'gmem_load_2_req' <Predicate = (!icmp_ln204 & !empty_28)> <Delay = 7.30> <CoreInst = "m_axi">   --->   Core 121 'm_axi' <Latency = 0> <II = 1> <Delay = 1.00> <Adapter> <Opcode : 'read' 'write' 'readreq' 'writereq' 'writeresp'>
ST_29 : Operation 184 [45/71] (7.30ns)   --->   "%gmem_load_3_req = readreq i1 @_ssdm_op_ReadReq.m_axi.i128P1A, i128 %gmem_addr_2, i32 1" [main.cpp:207->main.cpp:268]   --->   Operation 184 'readreq' 'gmem_load_3_req' <Predicate = (!icmp_ln204 & !empty_28)> <Delay = 7.30> <CoreInst = "m_axi">   --->   Core 121 'm_axi' <Latency = 0> <II = 1> <Delay = 1.00> <Adapter> <Opcode : 'read' 'write' 'readreq' 'writereq' 'writeresp'>

State 30 <SV = 29> <Delay = 7.30>
ST_30 : Operation 185 [43/71] (7.30ns)   --->   "%gmem_load_2_req = readreq i1 @_ssdm_op_ReadReq.m_axi.i128P1A, i128 %gmem_addr, i32 1" [main.cpp:206->main.cpp:268]   --->   Operation 185 'readreq' 'gmem_load_2_req' <Predicate = (!icmp_ln204 & !empty_28)> <Delay = 7.30> <CoreInst = "m_axi">   --->   Core 121 'm_axi' <Latency = 0> <II = 1> <Delay = 1.00> <Adapter> <Opcode : 'read' 'write' 'readreq' 'writereq' 'writeresp'>
ST_30 : Operation 186 [44/71] (7.30ns)   --->   "%gmem_load_3_req = readreq i1 @_ssdm_op_ReadReq.m_axi.i128P1A, i128 %gmem_addr_2, i32 1" [main.cpp:207->main.cpp:268]   --->   Operation 186 'readreq' 'gmem_load_3_req' <Predicate = (!icmp_ln204 & !empty_28)> <Delay = 7.30> <CoreInst = "m_axi">   --->   Core 121 'm_axi' <Latency = 0> <II = 1> <Delay = 1.00> <Adapter> <Opcode : 'read' 'write' 'readreq' 'writereq' 'writeresp'>

State 31 <SV = 30> <Delay = 7.30>
ST_31 : Operation 187 [42/71] (7.30ns)   --->   "%gmem_load_2_req = readreq i1 @_ssdm_op_ReadReq.m_axi.i128P1A, i128 %gmem_addr, i32 1" [main.cpp:206->main.cpp:268]   --->   Operation 187 'readreq' 'gmem_load_2_req' <Predicate = (!icmp_ln204 & !empty_28)> <Delay = 7.30> <CoreInst = "m_axi">   --->   Core 121 'm_axi' <Latency = 0> <II = 1> <Delay = 1.00> <Adapter> <Opcode : 'read' 'write' 'readreq' 'writereq' 'writeresp'>
ST_31 : Operation 188 [43/71] (7.30ns)   --->   "%gmem_load_3_req = readreq i1 @_ssdm_op_ReadReq.m_axi.i128P1A, i128 %gmem_addr_2, i32 1" [main.cpp:207->main.cpp:268]   --->   Operation 188 'readreq' 'gmem_load_3_req' <Predicate = (!icmp_ln204 & !empty_28)> <Delay = 7.30> <CoreInst = "m_axi">   --->   Core 121 'm_axi' <Latency = 0> <II = 1> <Delay = 1.00> <Adapter> <Opcode : 'read' 'write' 'readreq' 'writereq' 'writeresp'>

State 32 <SV = 31> <Delay = 7.30>
ST_32 : Operation 189 [41/71] (7.30ns)   --->   "%gmem_load_2_req = readreq i1 @_ssdm_op_ReadReq.m_axi.i128P1A, i128 %gmem_addr, i32 1" [main.cpp:206->main.cpp:268]   --->   Operation 189 'readreq' 'gmem_load_2_req' <Predicate = (!icmp_ln204 & !empty_28)> <Delay = 7.30> <CoreInst = "m_axi">   --->   Core 121 'm_axi' <Latency = 0> <II = 1> <Delay = 1.00> <Adapter> <Opcode : 'read' 'write' 'readreq' 'writereq' 'writeresp'>
ST_32 : Operation 190 [42/71] (7.30ns)   --->   "%gmem_load_3_req = readreq i1 @_ssdm_op_ReadReq.m_axi.i128P1A, i128 %gmem_addr_2, i32 1" [main.cpp:207->main.cpp:268]   --->   Operation 190 'readreq' 'gmem_load_3_req' <Predicate = (!icmp_ln204 & !empty_28)> <Delay = 7.30> <CoreInst = "m_axi">   --->   Core 121 'm_axi' <Latency = 0> <II = 1> <Delay = 1.00> <Adapter> <Opcode : 'read' 'write' 'readreq' 'writereq' 'writeresp'>

State 33 <SV = 32> <Delay = 7.30>
ST_33 : Operation 191 [40/71] (7.30ns)   --->   "%gmem_load_2_req = readreq i1 @_ssdm_op_ReadReq.m_axi.i128P1A, i128 %gmem_addr, i32 1" [main.cpp:206->main.cpp:268]   --->   Operation 191 'readreq' 'gmem_load_2_req' <Predicate = (!icmp_ln204 & !empty_28)> <Delay = 7.30> <CoreInst = "m_axi">   --->   Core 121 'm_axi' <Latency = 0> <II = 1> <Delay = 1.00> <Adapter> <Opcode : 'read' 'write' 'readreq' 'writereq' 'writeresp'>
ST_33 : Operation 192 [41/71] (7.30ns)   --->   "%gmem_load_3_req = readreq i1 @_ssdm_op_ReadReq.m_axi.i128P1A, i128 %gmem_addr_2, i32 1" [main.cpp:207->main.cpp:268]   --->   Operation 192 'readreq' 'gmem_load_3_req' <Predicate = (!icmp_ln204 & !empty_28)> <Delay = 7.30> <CoreInst = "m_axi">   --->   Core 121 'm_axi' <Latency = 0> <II = 1> <Delay = 1.00> <Adapter> <Opcode : 'read' 'write' 'readreq' 'writereq' 'writeresp'>

State 34 <SV = 33> <Delay = 7.30>
ST_34 : Operation 193 [39/71] (7.30ns)   --->   "%gmem_load_2_req = readreq i1 @_ssdm_op_ReadReq.m_axi.i128P1A, i128 %gmem_addr, i32 1" [main.cpp:206->main.cpp:268]   --->   Operation 193 'readreq' 'gmem_load_2_req' <Predicate = (!icmp_ln204 & !empty_28)> <Delay = 7.30> <CoreInst = "m_axi">   --->   Core 121 'm_axi' <Latency = 0> <II = 1> <Delay = 1.00> <Adapter> <Opcode : 'read' 'write' 'readreq' 'writereq' 'writeresp'>
ST_34 : Operation 194 [40/71] (7.30ns)   --->   "%gmem_load_3_req = readreq i1 @_ssdm_op_ReadReq.m_axi.i128P1A, i128 %gmem_addr_2, i32 1" [main.cpp:207->main.cpp:268]   --->   Operation 194 'readreq' 'gmem_load_3_req' <Predicate = (!icmp_ln204 & !empty_28)> <Delay = 7.30> <CoreInst = "m_axi">   --->   Core 121 'm_axi' <Latency = 0> <II = 1> <Delay = 1.00> <Adapter> <Opcode : 'read' 'write' 'readreq' 'writereq' 'writeresp'>

State 35 <SV = 34> <Delay = 7.30>
ST_35 : Operation 195 [38/71] (7.30ns)   --->   "%gmem_load_2_req = readreq i1 @_ssdm_op_ReadReq.m_axi.i128P1A, i128 %gmem_addr, i32 1" [main.cpp:206->main.cpp:268]   --->   Operation 195 'readreq' 'gmem_load_2_req' <Predicate = (!icmp_ln204 & !empty_28)> <Delay = 7.30> <CoreInst = "m_axi">   --->   Core 121 'm_axi' <Latency = 0> <II = 1> <Delay = 1.00> <Adapter> <Opcode : 'read' 'write' 'readreq' 'writereq' 'writeresp'>
ST_35 : Operation 196 [39/71] (7.30ns)   --->   "%gmem_load_3_req = readreq i1 @_ssdm_op_ReadReq.m_axi.i128P1A, i128 %gmem_addr_2, i32 1" [main.cpp:207->main.cpp:268]   --->   Operation 196 'readreq' 'gmem_load_3_req' <Predicate = (!icmp_ln204 & !empty_28)> <Delay = 7.30> <CoreInst = "m_axi">   --->   Core 121 'm_axi' <Latency = 0> <II = 1> <Delay = 1.00> <Adapter> <Opcode : 'read' 'write' 'readreq' 'writereq' 'writeresp'>

State 36 <SV = 35> <Delay = 7.30>
ST_36 : Operation 197 [37/71] (7.30ns)   --->   "%gmem_load_2_req = readreq i1 @_ssdm_op_ReadReq.m_axi.i128P1A, i128 %gmem_addr, i32 1" [main.cpp:206->main.cpp:268]   --->   Operation 197 'readreq' 'gmem_load_2_req' <Predicate = (!icmp_ln204 & !empty_28)> <Delay = 7.30> <CoreInst = "m_axi">   --->   Core 121 'm_axi' <Latency = 0> <II = 1> <Delay = 1.00> <Adapter> <Opcode : 'read' 'write' 'readreq' 'writereq' 'writeresp'>
ST_36 : Operation 198 [38/71] (7.30ns)   --->   "%gmem_load_3_req = readreq i1 @_ssdm_op_ReadReq.m_axi.i128P1A, i128 %gmem_addr_2, i32 1" [main.cpp:207->main.cpp:268]   --->   Operation 198 'readreq' 'gmem_load_3_req' <Predicate = (!icmp_ln204 & !empty_28)> <Delay = 7.30> <CoreInst = "m_axi">   --->   Core 121 'm_axi' <Latency = 0> <II = 1> <Delay = 1.00> <Adapter> <Opcode : 'read' 'write' 'readreq' 'writereq' 'writeresp'>

State 37 <SV = 36> <Delay = 7.30>
ST_37 : Operation 199 [36/71] (7.30ns)   --->   "%gmem_load_2_req = readreq i1 @_ssdm_op_ReadReq.m_axi.i128P1A, i128 %gmem_addr, i32 1" [main.cpp:206->main.cpp:268]   --->   Operation 199 'readreq' 'gmem_load_2_req' <Predicate = (!icmp_ln204 & !empty_28)> <Delay = 7.30> <CoreInst = "m_axi">   --->   Core 121 'm_axi' <Latency = 0> <II = 1> <Delay = 1.00> <Adapter> <Opcode : 'read' 'write' 'readreq' 'writereq' 'writeresp'>
ST_37 : Operation 200 [37/71] (7.30ns)   --->   "%gmem_load_3_req = readreq i1 @_ssdm_op_ReadReq.m_axi.i128P1A, i128 %gmem_addr_2, i32 1" [main.cpp:207->main.cpp:268]   --->   Operation 200 'readreq' 'gmem_load_3_req' <Predicate = (!icmp_ln204 & !empty_28)> <Delay = 7.30> <CoreInst = "m_axi">   --->   Core 121 'm_axi' <Latency = 0> <II = 1> <Delay = 1.00> <Adapter> <Opcode : 'read' 'write' 'readreq' 'writereq' 'writeresp'>

State 38 <SV = 37> <Delay = 7.30>
ST_38 : Operation 201 [35/71] (7.30ns)   --->   "%gmem_load_2_req = readreq i1 @_ssdm_op_ReadReq.m_axi.i128P1A, i128 %gmem_addr, i32 1" [main.cpp:206->main.cpp:268]   --->   Operation 201 'readreq' 'gmem_load_2_req' <Predicate = (!icmp_ln204 & !empty_28)> <Delay = 7.30> <CoreInst = "m_axi">   --->   Core 121 'm_axi' <Latency = 0> <II = 1> <Delay = 1.00> <Adapter> <Opcode : 'read' 'write' 'readreq' 'writereq' 'writeresp'>
ST_38 : Operation 202 [36/71] (7.30ns)   --->   "%gmem_load_3_req = readreq i1 @_ssdm_op_ReadReq.m_axi.i128P1A, i128 %gmem_addr_2, i32 1" [main.cpp:207->main.cpp:268]   --->   Operation 202 'readreq' 'gmem_load_3_req' <Predicate = (!icmp_ln204 & !empty_28)> <Delay = 7.30> <CoreInst = "m_axi">   --->   Core 121 'm_axi' <Latency = 0> <II = 1> <Delay = 1.00> <Adapter> <Opcode : 'read' 'write' 'readreq' 'writereq' 'writeresp'>

State 39 <SV = 38> <Delay = 7.30>
ST_39 : Operation 203 [34/71] (7.30ns)   --->   "%gmem_load_2_req = readreq i1 @_ssdm_op_ReadReq.m_axi.i128P1A, i128 %gmem_addr, i32 1" [main.cpp:206->main.cpp:268]   --->   Operation 203 'readreq' 'gmem_load_2_req' <Predicate = (!icmp_ln204 & !empty_28)> <Delay = 7.30> <CoreInst = "m_axi">   --->   Core 121 'm_axi' <Latency = 0> <II = 1> <Delay = 1.00> <Adapter> <Opcode : 'read' 'write' 'readreq' 'writereq' 'writeresp'>
ST_39 : Operation 204 [35/71] (7.30ns)   --->   "%gmem_load_3_req = readreq i1 @_ssdm_op_ReadReq.m_axi.i128P1A, i128 %gmem_addr_2, i32 1" [main.cpp:207->main.cpp:268]   --->   Operation 204 'readreq' 'gmem_load_3_req' <Predicate = (!icmp_ln204 & !empty_28)> <Delay = 7.30> <CoreInst = "m_axi">   --->   Core 121 'm_axi' <Latency = 0> <II = 1> <Delay = 1.00> <Adapter> <Opcode : 'read' 'write' 'readreq' 'writereq' 'writeresp'>

State 40 <SV = 39> <Delay = 7.30>
ST_40 : Operation 205 [33/71] (7.30ns)   --->   "%gmem_load_2_req = readreq i1 @_ssdm_op_ReadReq.m_axi.i128P1A, i128 %gmem_addr, i32 1" [main.cpp:206->main.cpp:268]   --->   Operation 205 'readreq' 'gmem_load_2_req' <Predicate = (!icmp_ln204 & !empty_28)> <Delay = 7.30> <CoreInst = "m_axi">   --->   Core 121 'm_axi' <Latency = 0> <II = 1> <Delay = 1.00> <Adapter> <Opcode : 'read' 'write' 'readreq' 'writereq' 'writeresp'>
ST_40 : Operation 206 [34/71] (7.30ns)   --->   "%gmem_load_3_req = readreq i1 @_ssdm_op_ReadReq.m_axi.i128P1A, i128 %gmem_addr_2, i32 1" [main.cpp:207->main.cpp:268]   --->   Operation 206 'readreq' 'gmem_load_3_req' <Predicate = (!icmp_ln204 & !empty_28)> <Delay = 7.30> <CoreInst = "m_axi">   --->   Core 121 'm_axi' <Latency = 0> <II = 1> <Delay = 1.00> <Adapter> <Opcode : 'read' 'write' 'readreq' 'writereq' 'writeresp'>

State 41 <SV = 40> <Delay = 7.30>
ST_41 : Operation 207 [32/71] (7.30ns)   --->   "%gmem_load_2_req = readreq i1 @_ssdm_op_ReadReq.m_axi.i128P1A, i128 %gmem_addr, i32 1" [main.cpp:206->main.cpp:268]   --->   Operation 207 'readreq' 'gmem_load_2_req' <Predicate = (!icmp_ln204 & !empty_28)> <Delay = 7.30> <CoreInst = "m_axi">   --->   Core 121 'm_axi' <Latency = 0> <II = 1> <Delay = 1.00> <Adapter> <Opcode : 'read' 'write' 'readreq' 'writereq' 'writeresp'>
ST_41 : Operation 208 [33/71] (7.30ns)   --->   "%gmem_load_3_req = readreq i1 @_ssdm_op_ReadReq.m_axi.i128P1A, i128 %gmem_addr_2, i32 1" [main.cpp:207->main.cpp:268]   --->   Operation 208 'readreq' 'gmem_load_3_req' <Predicate = (!icmp_ln204 & !empty_28)> <Delay = 7.30> <CoreInst = "m_axi">   --->   Core 121 'm_axi' <Latency = 0> <II = 1> <Delay = 1.00> <Adapter> <Opcode : 'read' 'write' 'readreq' 'writereq' 'writeresp'>

State 42 <SV = 41> <Delay = 7.30>
ST_42 : Operation 209 [31/71] (7.30ns)   --->   "%gmem_load_2_req = readreq i1 @_ssdm_op_ReadReq.m_axi.i128P1A, i128 %gmem_addr, i32 1" [main.cpp:206->main.cpp:268]   --->   Operation 209 'readreq' 'gmem_load_2_req' <Predicate = (!icmp_ln204 & !empty_28)> <Delay = 7.30> <CoreInst = "m_axi">   --->   Core 121 'm_axi' <Latency = 0> <II = 1> <Delay = 1.00> <Adapter> <Opcode : 'read' 'write' 'readreq' 'writereq' 'writeresp'>
ST_42 : Operation 210 [32/71] (7.30ns)   --->   "%gmem_load_3_req = readreq i1 @_ssdm_op_ReadReq.m_axi.i128P1A, i128 %gmem_addr_2, i32 1" [main.cpp:207->main.cpp:268]   --->   Operation 210 'readreq' 'gmem_load_3_req' <Predicate = (!icmp_ln204 & !empty_28)> <Delay = 7.30> <CoreInst = "m_axi">   --->   Core 121 'm_axi' <Latency = 0> <II = 1> <Delay = 1.00> <Adapter> <Opcode : 'read' 'write' 'readreq' 'writereq' 'writeresp'>

State 43 <SV = 42> <Delay = 7.30>
ST_43 : Operation 211 [30/71] (7.30ns)   --->   "%gmem_load_2_req = readreq i1 @_ssdm_op_ReadReq.m_axi.i128P1A, i128 %gmem_addr, i32 1" [main.cpp:206->main.cpp:268]   --->   Operation 211 'readreq' 'gmem_load_2_req' <Predicate = (!icmp_ln204 & !empty_28)> <Delay = 7.30> <CoreInst = "m_axi">   --->   Core 121 'm_axi' <Latency = 0> <II = 1> <Delay = 1.00> <Adapter> <Opcode : 'read' 'write' 'readreq' 'writereq' 'writeresp'>
ST_43 : Operation 212 [31/71] (7.30ns)   --->   "%gmem_load_3_req = readreq i1 @_ssdm_op_ReadReq.m_axi.i128P1A, i128 %gmem_addr_2, i32 1" [main.cpp:207->main.cpp:268]   --->   Operation 212 'readreq' 'gmem_load_3_req' <Predicate = (!icmp_ln204 & !empty_28)> <Delay = 7.30> <CoreInst = "m_axi">   --->   Core 121 'm_axi' <Latency = 0> <II = 1> <Delay = 1.00> <Adapter> <Opcode : 'read' 'write' 'readreq' 'writereq' 'writeresp'>

State 44 <SV = 43> <Delay = 7.30>
ST_44 : Operation 213 [29/71] (7.30ns)   --->   "%gmem_load_2_req = readreq i1 @_ssdm_op_ReadReq.m_axi.i128P1A, i128 %gmem_addr, i32 1" [main.cpp:206->main.cpp:268]   --->   Operation 213 'readreq' 'gmem_load_2_req' <Predicate = (!icmp_ln204 & !empty_28)> <Delay = 7.30> <CoreInst = "m_axi">   --->   Core 121 'm_axi' <Latency = 0> <II = 1> <Delay = 1.00> <Adapter> <Opcode : 'read' 'write' 'readreq' 'writereq' 'writeresp'>
ST_44 : Operation 214 [30/71] (7.30ns)   --->   "%gmem_load_3_req = readreq i1 @_ssdm_op_ReadReq.m_axi.i128P1A, i128 %gmem_addr_2, i32 1" [main.cpp:207->main.cpp:268]   --->   Operation 214 'readreq' 'gmem_load_3_req' <Predicate = (!icmp_ln204 & !empty_28)> <Delay = 7.30> <CoreInst = "m_axi">   --->   Core 121 'm_axi' <Latency = 0> <II = 1> <Delay = 1.00> <Adapter> <Opcode : 'read' 'write' 'readreq' 'writereq' 'writeresp'>

State 45 <SV = 44> <Delay = 7.30>
ST_45 : Operation 215 [28/71] (7.30ns)   --->   "%gmem_load_2_req = readreq i1 @_ssdm_op_ReadReq.m_axi.i128P1A, i128 %gmem_addr, i32 1" [main.cpp:206->main.cpp:268]   --->   Operation 215 'readreq' 'gmem_load_2_req' <Predicate = (!icmp_ln204 & !empty_28)> <Delay = 7.30> <CoreInst = "m_axi">   --->   Core 121 'm_axi' <Latency = 0> <II = 1> <Delay = 1.00> <Adapter> <Opcode : 'read' 'write' 'readreq' 'writereq' 'writeresp'>
ST_45 : Operation 216 [29/71] (7.30ns)   --->   "%gmem_load_3_req = readreq i1 @_ssdm_op_ReadReq.m_axi.i128P1A, i128 %gmem_addr_2, i32 1" [main.cpp:207->main.cpp:268]   --->   Operation 216 'readreq' 'gmem_load_3_req' <Predicate = (!icmp_ln204 & !empty_28)> <Delay = 7.30> <CoreInst = "m_axi">   --->   Core 121 'm_axi' <Latency = 0> <II = 1> <Delay = 1.00> <Adapter> <Opcode : 'read' 'write' 'readreq' 'writereq' 'writeresp'>

State 46 <SV = 45> <Delay = 7.30>
ST_46 : Operation 217 [27/71] (7.30ns)   --->   "%gmem_load_2_req = readreq i1 @_ssdm_op_ReadReq.m_axi.i128P1A, i128 %gmem_addr, i32 1" [main.cpp:206->main.cpp:268]   --->   Operation 217 'readreq' 'gmem_load_2_req' <Predicate = (!icmp_ln204 & !empty_28)> <Delay = 7.30> <CoreInst = "m_axi">   --->   Core 121 'm_axi' <Latency = 0> <II = 1> <Delay = 1.00> <Adapter> <Opcode : 'read' 'write' 'readreq' 'writereq' 'writeresp'>
ST_46 : Operation 218 [28/71] (7.30ns)   --->   "%gmem_load_3_req = readreq i1 @_ssdm_op_ReadReq.m_axi.i128P1A, i128 %gmem_addr_2, i32 1" [main.cpp:207->main.cpp:268]   --->   Operation 218 'readreq' 'gmem_load_3_req' <Predicate = (!icmp_ln204 & !empty_28)> <Delay = 7.30> <CoreInst = "m_axi">   --->   Core 121 'm_axi' <Latency = 0> <II = 1> <Delay = 1.00> <Adapter> <Opcode : 'read' 'write' 'readreq' 'writereq' 'writeresp'>

State 47 <SV = 46> <Delay = 7.30>
ST_47 : Operation 219 [26/71] (7.30ns)   --->   "%gmem_load_2_req = readreq i1 @_ssdm_op_ReadReq.m_axi.i128P1A, i128 %gmem_addr, i32 1" [main.cpp:206->main.cpp:268]   --->   Operation 219 'readreq' 'gmem_load_2_req' <Predicate = (!icmp_ln204 & !empty_28)> <Delay = 7.30> <CoreInst = "m_axi">   --->   Core 121 'm_axi' <Latency = 0> <II = 1> <Delay = 1.00> <Adapter> <Opcode : 'read' 'write' 'readreq' 'writereq' 'writeresp'>
ST_47 : Operation 220 [27/71] (7.30ns)   --->   "%gmem_load_3_req = readreq i1 @_ssdm_op_ReadReq.m_axi.i128P1A, i128 %gmem_addr_2, i32 1" [main.cpp:207->main.cpp:268]   --->   Operation 220 'readreq' 'gmem_load_3_req' <Predicate = (!icmp_ln204 & !empty_28)> <Delay = 7.30> <CoreInst = "m_axi">   --->   Core 121 'm_axi' <Latency = 0> <II = 1> <Delay = 1.00> <Adapter> <Opcode : 'read' 'write' 'readreq' 'writereq' 'writeresp'>

State 48 <SV = 47> <Delay = 7.30>
ST_48 : Operation 221 [25/71] (7.30ns)   --->   "%gmem_load_2_req = readreq i1 @_ssdm_op_ReadReq.m_axi.i128P1A, i128 %gmem_addr, i32 1" [main.cpp:206->main.cpp:268]   --->   Operation 221 'readreq' 'gmem_load_2_req' <Predicate = (!icmp_ln204 & !empty_28)> <Delay = 7.30> <CoreInst = "m_axi">   --->   Core 121 'm_axi' <Latency = 0> <II = 1> <Delay = 1.00> <Adapter> <Opcode : 'read' 'write' 'readreq' 'writereq' 'writeresp'>
ST_48 : Operation 222 [26/71] (7.30ns)   --->   "%gmem_load_3_req = readreq i1 @_ssdm_op_ReadReq.m_axi.i128P1A, i128 %gmem_addr_2, i32 1" [main.cpp:207->main.cpp:268]   --->   Operation 222 'readreq' 'gmem_load_3_req' <Predicate = (!icmp_ln204 & !empty_28)> <Delay = 7.30> <CoreInst = "m_axi">   --->   Core 121 'm_axi' <Latency = 0> <II = 1> <Delay = 1.00> <Adapter> <Opcode : 'read' 'write' 'readreq' 'writereq' 'writeresp'>

State 49 <SV = 48> <Delay = 7.30>
ST_49 : Operation 223 [24/71] (7.30ns)   --->   "%gmem_load_2_req = readreq i1 @_ssdm_op_ReadReq.m_axi.i128P1A, i128 %gmem_addr, i32 1" [main.cpp:206->main.cpp:268]   --->   Operation 223 'readreq' 'gmem_load_2_req' <Predicate = (!icmp_ln204 & !empty_28)> <Delay = 7.30> <CoreInst = "m_axi">   --->   Core 121 'm_axi' <Latency = 0> <II = 1> <Delay = 1.00> <Adapter> <Opcode : 'read' 'write' 'readreq' 'writereq' 'writeresp'>
ST_49 : Operation 224 [25/71] (7.30ns)   --->   "%gmem_load_3_req = readreq i1 @_ssdm_op_ReadReq.m_axi.i128P1A, i128 %gmem_addr_2, i32 1" [main.cpp:207->main.cpp:268]   --->   Operation 224 'readreq' 'gmem_load_3_req' <Predicate = (!icmp_ln204 & !empty_28)> <Delay = 7.30> <CoreInst = "m_axi">   --->   Core 121 'm_axi' <Latency = 0> <II = 1> <Delay = 1.00> <Adapter> <Opcode : 'read' 'write' 'readreq' 'writereq' 'writeresp'>

State 50 <SV = 49> <Delay = 7.30>
ST_50 : Operation 225 [23/71] (7.30ns)   --->   "%gmem_load_2_req = readreq i1 @_ssdm_op_ReadReq.m_axi.i128P1A, i128 %gmem_addr, i32 1" [main.cpp:206->main.cpp:268]   --->   Operation 225 'readreq' 'gmem_load_2_req' <Predicate = (!icmp_ln204 & !empty_28)> <Delay = 7.30> <CoreInst = "m_axi">   --->   Core 121 'm_axi' <Latency = 0> <II = 1> <Delay = 1.00> <Adapter> <Opcode : 'read' 'write' 'readreq' 'writereq' 'writeresp'>
ST_50 : Operation 226 [24/71] (7.30ns)   --->   "%gmem_load_3_req = readreq i1 @_ssdm_op_ReadReq.m_axi.i128P1A, i128 %gmem_addr_2, i32 1" [main.cpp:207->main.cpp:268]   --->   Operation 226 'readreq' 'gmem_load_3_req' <Predicate = (!icmp_ln204 & !empty_28)> <Delay = 7.30> <CoreInst = "m_axi">   --->   Core 121 'm_axi' <Latency = 0> <II = 1> <Delay = 1.00> <Adapter> <Opcode : 'read' 'write' 'readreq' 'writereq' 'writeresp'>

State 51 <SV = 50> <Delay = 7.30>
ST_51 : Operation 227 [22/71] (7.30ns)   --->   "%gmem_load_2_req = readreq i1 @_ssdm_op_ReadReq.m_axi.i128P1A, i128 %gmem_addr, i32 1" [main.cpp:206->main.cpp:268]   --->   Operation 227 'readreq' 'gmem_load_2_req' <Predicate = (!icmp_ln204 & !empty_28)> <Delay = 7.30> <CoreInst = "m_axi">   --->   Core 121 'm_axi' <Latency = 0> <II = 1> <Delay = 1.00> <Adapter> <Opcode : 'read' 'write' 'readreq' 'writereq' 'writeresp'>
ST_51 : Operation 228 [23/71] (7.30ns)   --->   "%gmem_load_3_req = readreq i1 @_ssdm_op_ReadReq.m_axi.i128P1A, i128 %gmem_addr_2, i32 1" [main.cpp:207->main.cpp:268]   --->   Operation 228 'readreq' 'gmem_load_3_req' <Predicate = (!icmp_ln204 & !empty_28)> <Delay = 7.30> <CoreInst = "m_axi">   --->   Core 121 'm_axi' <Latency = 0> <II = 1> <Delay = 1.00> <Adapter> <Opcode : 'read' 'write' 'readreq' 'writereq' 'writeresp'>

State 52 <SV = 51> <Delay = 7.30>
ST_52 : Operation 229 [21/71] (7.30ns)   --->   "%gmem_load_2_req = readreq i1 @_ssdm_op_ReadReq.m_axi.i128P1A, i128 %gmem_addr, i32 1" [main.cpp:206->main.cpp:268]   --->   Operation 229 'readreq' 'gmem_load_2_req' <Predicate = (!icmp_ln204 & !empty_28)> <Delay = 7.30> <CoreInst = "m_axi">   --->   Core 121 'm_axi' <Latency = 0> <II = 1> <Delay = 1.00> <Adapter> <Opcode : 'read' 'write' 'readreq' 'writereq' 'writeresp'>
ST_52 : Operation 230 [22/71] (7.30ns)   --->   "%gmem_load_3_req = readreq i1 @_ssdm_op_ReadReq.m_axi.i128P1A, i128 %gmem_addr_2, i32 1" [main.cpp:207->main.cpp:268]   --->   Operation 230 'readreq' 'gmem_load_3_req' <Predicate = (!icmp_ln204 & !empty_28)> <Delay = 7.30> <CoreInst = "m_axi">   --->   Core 121 'm_axi' <Latency = 0> <II = 1> <Delay = 1.00> <Adapter> <Opcode : 'read' 'write' 'readreq' 'writereq' 'writeresp'>

State 53 <SV = 52> <Delay = 7.30>
ST_53 : Operation 231 [20/71] (7.30ns)   --->   "%gmem_load_2_req = readreq i1 @_ssdm_op_ReadReq.m_axi.i128P1A, i128 %gmem_addr, i32 1" [main.cpp:206->main.cpp:268]   --->   Operation 231 'readreq' 'gmem_load_2_req' <Predicate = (!icmp_ln204 & !empty_28)> <Delay = 7.30> <CoreInst = "m_axi">   --->   Core 121 'm_axi' <Latency = 0> <II = 1> <Delay = 1.00> <Adapter> <Opcode : 'read' 'write' 'readreq' 'writereq' 'writeresp'>
ST_53 : Operation 232 [21/71] (7.30ns)   --->   "%gmem_load_3_req = readreq i1 @_ssdm_op_ReadReq.m_axi.i128P1A, i128 %gmem_addr_2, i32 1" [main.cpp:207->main.cpp:268]   --->   Operation 232 'readreq' 'gmem_load_3_req' <Predicate = (!icmp_ln204 & !empty_28)> <Delay = 7.30> <CoreInst = "m_axi">   --->   Core 121 'm_axi' <Latency = 0> <II = 1> <Delay = 1.00> <Adapter> <Opcode : 'read' 'write' 'readreq' 'writereq' 'writeresp'>

State 54 <SV = 53> <Delay = 7.30>
ST_54 : Operation 233 [19/71] (7.30ns)   --->   "%gmem_load_2_req = readreq i1 @_ssdm_op_ReadReq.m_axi.i128P1A, i128 %gmem_addr, i32 1" [main.cpp:206->main.cpp:268]   --->   Operation 233 'readreq' 'gmem_load_2_req' <Predicate = (!icmp_ln204 & !empty_28)> <Delay = 7.30> <CoreInst = "m_axi">   --->   Core 121 'm_axi' <Latency = 0> <II = 1> <Delay = 1.00> <Adapter> <Opcode : 'read' 'write' 'readreq' 'writereq' 'writeresp'>
ST_54 : Operation 234 [20/71] (7.30ns)   --->   "%gmem_load_3_req = readreq i1 @_ssdm_op_ReadReq.m_axi.i128P1A, i128 %gmem_addr_2, i32 1" [main.cpp:207->main.cpp:268]   --->   Operation 234 'readreq' 'gmem_load_3_req' <Predicate = (!icmp_ln204 & !empty_28)> <Delay = 7.30> <CoreInst = "m_axi">   --->   Core 121 'm_axi' <Latency = 0> <II = 1> <Delay = 1.00> <Adapter> <Opcode : 'read' 'write' 'readreq' 'writereq' 'writeresp'>

State 55 <SV = 54> <Delay = 7.30>
ST_55 : Operation 235 [18/71] (7.30ns)   --->   "%gmem_load_2_req = readreq i1 @_ssdm_op_ReadReq.m_axi.i128P1A, i128 %gmem_addr, i32 1" [main.cpp:206->main.cpp:268]   --->   Operation 235 'readreq' 'gmem_load_2_req' <Predicate = (!icmp_ln204 & !empty_28)> <Delay = 7.30> <CoreInst = "m_axi">   --->   Core 121 'm_axi' <Latency = 0> <II = 1> <Delay = 1.00> <Adapter> <Opcode : 'read' 'write' 'readreq' 'writereq' 'writeresp'>
ST_55 : Operation 236 [19/71] (7.30ns)   --->   "%gmem_load_3_req = readreq i1 @_ssdm_op_ReadReq.m_axi.i128P1A, i128 %gmem_addr_2, i32 1" [main.cpp:207->main.cpp:268]   --->   Operation 236 'readreq' 'gmem_load_3_req' <Predicate = (!icmp_ln204 & !empty_28)> <Delay = 7.30> <CoreInst = "m_axi">   --->   Core 121 'm_axi' <Latency = 0> <II = 1> <Delay = 1.00> <Adapter> <Opcode : 'read' 'write' 'readreq' 'writereq' 'writeresp'>

State 56 <SV = 55> <Delay = 7.30>
ST_56 : Operation 237 [17/71] (7.30ns)   --->   "%gmem_load_2_req = readreq i1 @_ssdm_op_ReadReq.m_axi.i128P1A, i128 %gmem_addr, i32 1" [main.cpp:206->main.cpp:268]   --->   Operation 237 'readreq' 'gmem_load_2_req' <Predicate = (!icmp_ln204 & !empty_28)> <Delay = 7.30> <CoreInst = "m_axi">   --->   Core 121 'm_axi' <Latency = 0> <II = 1> <Delay = 1.00> <Adapter> <Opcode : 'read' 'write' 'readreq' 'writereq' 'writeresp'>
ST_56 : Operation 238 [18/71] (7.30ns)   --->   "%gmem_load_3_req = readreq i1 @_ssdm_op_ReadReq.m_axi.i128P1A, i128 %gmem_addr_2, i32 1" [main.cpp:207->main.cpp:268]   --->   Operation 238 'readreq' 'gmem_load_3_req' <Predicate = (!icmp_ln204 & !empty_28)> <Delay = 7.30> <CoreInst = "m_axi">   --->   Core 121 'm_axi' <Latency = 0> <II = 1> <Delay = 1.00> <Adapter> <Opcode : 'read' 'write' 'readreq' 'writereq' 'writeresp'>

State 57 <SV = 56> <Delay = 7.30>
ST_57 : Operation 239 [16/71] (7.30ns)   --->   "%gmem_load_2_req = readreq i1 @_ssdm_op_ReadReq.m_axi.i128P1A, i128 %gmem_addr, i32 1" [main.cpp:206->main.cpp:268]   --->   Operation 239 'readreq' 'gmem_load_2_req' <Predicate = (!icmp_ln204 & !empty_28)> <Delay = 7.30> <CoreInst = "m_axi">   --->   Core 121 'm_axi' <Latency = 0> <II = 1> <Delay = 1.00> <Adapter> <Opcode : 'read' 'write' 'readreq' 'writereq' 'writeresp'>
ST_57 : Operation 240 [17/71] (7.30ns)   --->   "%gmem_load_3_req = readreq i1 @_ssdm_op_ReadReq.m_axi.i128P1A, i128 %gmem_addr_2, i32 1" [main.cpp:207->main.cpp:268]   --->   Operation 240 'readreq' 'gmem_load_3_req' <Predicate = (!icmp_ln204 & !empty_28)> <Delay = 7.30> <CoreInst = "m_axi">   --->   Core 121 'm_axi' <Latency = 0> <II = 1> <Delay = 1.00> <Adapter> <Opcode : 'read' 'write' 'readreq' 'writereq' 'writeresp'>

State 58 <SV = 57> <Delay = 7.30>
ST_58 : Operation 241 [15/71] (7.30ns)   --->   "%gmem_load_2_req = readreq i1 @_ssdm_op_ReadReq.m_axi.i128P1A, i128 %gmem_addr, i32 1" [main.cpp:206->main.cpp:268]   --->   Operation 241 'readreq' 'gmem_load_2_req' <Predicate = (!icmp_ln204 & !empty_28)> <Delay = 7.30> <CoreInst = "m_axi">   --->   Core 121 'm_axi' <Latency = 0> <II = 1> <Delay = 1.00> <Adapter> <Opcode : 'read' 'write' 'readreq' 'writereq' 'writeresp'>
ST_58 : Operation 242 [16/71] (7.30ns)   --->   "%gmem_load_3_req = readreq i1 @_ssdm_op_ReadReq.m_axi.i128P1A, i128 %gmem_addr_2, i32 1" [main.cpp:207->main.cpp:268]   --->   Operation 242 'readreq' 'gmem_load_3_req' <Predicate = (!icmp_ln204 & !empty_28)> <Delay = 7.30> <CoreInst = "m_axi">   --->   Core 121 'm_axi' <Latency = 0> <II = 1> <Delay = 1.00> <Adapter> <Opcode : 'read' 'write' 'readreq' 'writereq' 'writeresp'>

State 59 <SV = 58> <Delay = 7.30>
ST_59 : Operation 243 [14/71] (7.30ns)   --->   "%gmem_load_2_req = readreq i1 @_ssdm_op_ReadReq.m_axi.i128P1A, i128 %gmem_addr, i32 1" [main.cpp:206->main.cpp:268]   --->   Operation 243 'readreq' 'gmem_load_2_req' <Predicate = (!icmp_ln204 & !empty_28)> <Delay = 7.30> <CoreInst = "m_axi">   --->   Core 121 'm_axi' <Latency = 0> <II = 1> <Delay = 1.00> <Adapter> <Opcode : 'read' 'write' 'readreq' 'writereq' 'writeresp'>
ST_59 : Operation 244 [15/71] (7.30ns)   --->   "%gmem_load_3_req = readreq i1 @_ssdm_op_ReadReq.m_axi.i128P1A, i128 %gmem_addr_2, i32 1" [main.cpp:207->main.cpp:268]   --->   Operation 244 'readreq' 'gmem_load_3_req' <Predicate = (!icmp_ln204 & !empty_28)> <Delay = 7.30> <CoreInst = "m_axi">   --->   Core 121 'm_axi' <Latency = 0> <II = 1> <Delay = 1.00> <Adapter> <Opcode : 'read' 'write' 'readreq' 'writereq' 'writeresp'>

State 60 <SV = 59> <Delay = 7.30>
ST_60 : Operation 245 [13/71] (7.30ns)   --->   "%gmem_load_2_req = readreq i1 @_ssdm_op_ReadReq.m_axi.i128P1A, i128 %gmem_addr, i32 1" [main.cpp:206->main.cpp:268]   --->   Operation 245 'readreq' 'gmem_load_2_req' <Predicate = (!icmp_ln204 & !empty_28)> <Delay = 7.30> <CoreInst = "m_axi">   --->   Core 121 'm_axi' <Latency = 0> <II = 1> <Delay = 1.00> <Adapter> <Opcode : 'read' 'write' 'readreq' 'writereq' 'writeresp'>
ST_60 : Operation 246 [14/71] (7.30ns)   --->   "%gmem_load_3_req = readreq i1 @_ssdm_op_ReadReq.m_axi.i128P1A, i128 %gmem_addr_2, i32 1" [main.cpp:207->main.cpp:268]   --->   Operation 246 'readreq' 'gmem_load_3_req' <Predicate = (!icmp_ln204 & !empty_28)> <Delay = 7.30> <CoreInst = "m_axi">   --->   Core 121 'm_axi' <Latency = 0> <II = 1> <Delay = 1.00> <Adapter> <Opcode : 'read' 'write' 'readreq' 'writereq' 'writeresp'>

State 61 <SV = 60> <Delay = 7.30>
ST_61 : Operation 247 [12/71] (7.30ns)   --->   "%gmem_load_2_req = readreq i1 @_ssdm_op_ReadReq.m_axi.i128P1A, i128 %gmem_addr, i32 1" [main.cpp:206->main.cpp:268]   --->   Operation 247 'readreq' 'gmem_load_2_req' <Predicate = (!icmp_ln204 & !empty_28)> <Delay = 7.30> <CoreInst = "m_axi">   --->   Core 121 'm_axi' <Latency = 0> <II = 1> <Delay = 1.00> <Adapter> <Opcode : 'read' 'write' 'readreq' 'writereq' 'writeresp'>
ST_61 : Operation 248 [13/71] (7.30ns)   --->   "%gmem_load_3_req = readreq i1 @_ssdm_op_ReadReq.m_axi.i128P1A, i128 %gmem_addr_2, i32 1" [main.cpp:207->main.cpp:268]   --->   Operation 248 'readreq' 'gmem_load_3_req' <Predicate = (!icmp_ln204 & !empty_28)> <Delay = 7.30> <CoreInst = "m_axi">   --->   Core 121 'm_axi' <Latency = 0> <II = 1> <Delay = 1.00> <Adapter> <Opcode : 'read' 'write' 'readreq' 'writereq' 'writeresp'>

State 62 <SV = 61> <Delay = 7.30>
ST_62 : Operation 249 [11/71] (7.30ns)   --->   "%gmem_load_2_req = readreq i1 @_ssdm_op_ReadReq.m_axi.i128P1A, i128 %gmem_addr, i32 1" [main.cpp:206->main.cpp:268]   --->   Operation 249 'readreq' 'gmem_load_2_req' <Predicate = (!icmp_ln204 & !empty_28)> <Delay = 7.30> <CoreInst = "m_axi">   --->   Core 121 'm_axi' <Latency = 0> <II = 1> <Delay = 1.00> <Adapter> <Opcode : 'read' 'write' 'readreq' 'writereq' 'writeresp'>
ST_62 : Operation 250 [12/71] (7.30ns)   --->   "%gmem_load_3_req = readreq i1 @_ssdm_op_ReadReq.m_axi.i128P1A, i128 %gmem_addr_2, i32 1" [main.cpp:207->main.cpp:268]   --->   Operation 250 'readreq' 'gmem_load_3_req' <Predicate = (!icmp_ln204 & !empty_28)> <Delay = 7.30> <CoreInst = "m_axi">   --->   Core 121 'm_axi' <Latency = 0> <II = 1> <Delay = 1.00> <Adapter> <Opcode : 'read' 'write' 'readreq' 'writereq' 'writeresp'>

State 63 <SV = 62> <Delay = 7.30>
ST_63 : Operation 251 [10/71] (7.30ns)   --->   "%gmem_load_2_req = readreq i1 @_ssdm_op_ReadReq.m_axi.i128P1A, i128 %gmem_addr, i32 1" [main.cpp:206->main.cpp:268]   --->   Operation 251 'readreq' 'gmem_load_2_req' <Predicate = (!icmp_ln204 & !empty_28)> <Delay = 7.30> <CoreInst = "m_axi">   --->   Core 121 'm_axi' <Latency = 0> <II = 1> <Delay = 1.00> <Adapter> <Opcode : 'read' 'write' 'readreq' 'writereq' 'writeresp'>
ST_63 : Operation 252 [11/71] (7.30ns)   --->   "%gmem_load_3_req = readreq i1 @_ssdm_op_ReadReq.m_axi.i128P1A, i128 %gmem_addr_2, i32 1" [main.cpp:207->main.cpp:268]   --->   Operation 252 'readreq' 'gmem_load_3_req' <Predicate = (!icmp_ln204 & !empty_28)> <Delay = 7.30> <CoreInst = "m_axi">   --->   Core 121 'm_axi' <Latency = 0> <II = 1> <Delay = 1.00> <Adapter> <Opcode : 'read' 'write' 'readreq' 'writereq' 'writeresp'>

State 64 <SV = 63> <Delay = 7.30>
ST_64 : Operation 253 [9/71] (7.30ns)   --->   "%gmem_load_2_req = readreq i1 @_ssdm_op_ReadReq.m_axi.i128P1A, i128 %gmem_addr, i32 1" [main.cpp:206->main.cpp:268]   --->   Operation 253 'readreq' 'gmem_load_2_req' <Predicate = (!icmp_ln204 & !empty_28)> <Delay = 7.30> <CoreInst = "m_axi">   --->   Core 121 'm_axi' <Latency = 0> <II = 1> <Delay = 1.00> <Adapter> <Opcode : 'read' 'write' 'readreq' 'writereq' 'writeresp'>
ST_64 : Operation 254 [10/71] (7.30ns)   --->   "%gmem_load_3_req = readreq i1 @_ssdm_op_ReadReq.m_axi.i128P1A, i128 %gmem_addr_2, i32 1" [main.cpp:207->main.cpp:268]   --->   Operation 254 'readreq' 'gmem_load_3_req' <Predicate = (!icmp_ln204 & !empty_28)> <Delay = 7.30> <CoreInst = "m_axi">   --->   Core 121 'm_axi' <Latency = 0> <II = 1> <Delay = 1.00> <Adapter> <Opcode : 'read' 'write' 'readreq' 'writereq' 'writeresp'>

State 65 <SV = 64> <Delay = 7.30>
ST_65 : Operation 255 [8/71] (7.30ns)   --->   "%gmem_load_2_req = readreq i1 @_ssdm_op_ReadReq.m_axi.i128P1A, i128 %gmem_addr, i32 1" [main.cpp:206->main.cpp:268]   --->   Operation 255 'readreq' 'gmem_load_2_req' <Predicate = (!icmp_ln204 & !empty_28)> <Delay = 7.30> <CoreInst = "m_axi">   --->   Core 121 'm_axi' <Latency = 0> <II = 1> <Delay = 1.00> <Adapter> <Opcode : 'read' 'write' 'readreq' 'writereq' 'writeresp'>
ST_65 : Operation 256 [9/71] (7.30ns)   --->   "%gmem_load_3_req = readreq i1 @_ssdm_op_ReadReq.m_axi.i128P1A, i128 %gmem_addr_2, i32 1" [main.cpp:207->main.cpp:268]   --->   Operation 256 'readreq' 'gmem_load_3_req' <Predicate = (!icmp_ln204 & !empty_28)> <Delay = 7.30> <CoreInst = "m_axi">   --->   Core 121 'm_axi' <Latency = 0> <II = 1> <Delay = 1.00> <Adapter> <Opcode : 'read' 'write' 'readreq' 'writereq' 'writeresp'>

State 66 <SV = 65> <Delay = 7.30>
ST_66 : Operation 257 [7/71] (7.30ns)   --->   "%gmem_load_2_req = readreq i1 @_ssdm_op_ReadReq.m_axi.i128P1A, i128 %gmem_addr, i32 1" [main.cpp:206->main.cpp:268]   --->   Operation 257 'readreq' 'gmem_load_2_req' <Predicate = (!icmp_ln204 & !empty_28)> <Delay = 7.30> <CoreInst = "m_axi">   --->   Core 121 'm_axi' <Latency = 0> <II = 1> <Delay = 1.00> <Adapter> <Opcode : 'read' 'write' 'readreq' 'writereq' 'writeresp'>
ST_66 : Operation 258 [8/71] (7.30ns)   --->   "%gmem_load_3_req = readreq i1 @_ssdm_op_ReadReq.m_axi.i128P1A, i128 %gmem_addr_2, i32 1" [main.cpp:207->main.cpp:268]   --->   Operation 258 'readreq' 'gmem_load_3_req' <Predicate = (!icmp_ln204 & !empty_28)> <Delay = 7.30> <CoreInst = "m_axi">   --->   Core 121 'm_axi' <Latency = 0> <II = 1> <Delay = 1.00> <Adapter> <Opcode : 'read' 'write' 'readreq' 'writereq' 'writeresp'>

State 67 <SV = 66> <Delay = 7.30>
ST_67 : Operation 259 [6/71] (7.30ns)   --->   "%gmem_load_2_req = readreq i1 @_ssdm_op_ReadReq.m_axi.i128P1A, i128 %gmem_addr, i32 1" [main.cpp:206->main.cpp:268]   --->   Operation 259 'readreq' 'gmem_load_2_req' <Predicate = (!icmp_ln204 & !empty_28)> <Delay = 7.30> <CoreInst = "m_axi">   --->   Core 121 'm_axi' <Latency = 0> <II = 1> <Delay = 1.00> <Adapter> <Opcode : 'read' 'write' 'readreq' 'writereq' 'writeresp'>
ST_67 : Operation 260 [7/71] (7.30ns)   --->   "%gmem_load_3_req = readreq i1 @_ssdm_op_ReadReq.m_axi.i128P1A, i128 %gmem_addr_2, i32 1" [main.cpp:207->main.cpp:268]   --->   Operation 260 'readreq' 'gmem_load_3_req' <Predicate = (!icmp_ln204 & !empty_28)> <Delay = 7.30> <CoreInst = "m_axi">   --->   Core 121 'm_axi' <Latency = 0> <II = 1> <Delay = 1.00> <Adapter> <Opcode : 'read' 'write' 'readreq' 'writereq' 'writeresp'>

State 68 <SV = 67> <Delay = 7.30>
ST_68 : Operation 261 [5/71] (7.30ns)   --->   "%gmem_load_2_req = readreq i1 @_ssdm_op_ReadReq.m_axi.i128P1A, i128 %gmem_addr, i32 1" [main.cpp:206->main.cpp:268]   --->   Operation 261 'readreq' 'gmem_load_2_req' <Predicate = (!icmp_ln204 & !empty_28)> <Delay = 7.30> <CoreInst = "m_axi">   --->   Core 121 'm_axi' <Latency = 0> <II = 1> <Delay = 1.00> <Adapter> <Opcode : 'read' 'write' 'readreq' 'writereq' 'writeresp'>
ST_68 : Operation 262 [6/71] (7.30ns)   --->   "%gmem_load_3_req = readreq i1 @_ssdm_op_ReadReq.m_axi.i128P1A, i128 %gmem_addr_2, i32 1" [main.cpp:207->main.cpp:268]   --->   Operation 262 'readreq' 'gmem_load_3_req' <Predicate = (!icmp_ln204 & !empty_28)> <Delay = 7.30> <CoreInst = "m_axi">   --->   Core 121 'm_axi' <Latency = 0> <II = 1> <Delay = 1.00> <Adapter> <Opcode : 'read' 'write' 'readreq' 'writereq' 'writeresp'>

State 69 <SV = 68> <Delay = 7.30>
ST_69 : Operation 263 [4/71] (7.30ns)   --->   "%gmem_load_2_req = readreq i1 @_ssdm_op_ReadReq.m_axi.i128P1A, i128 %gmem_addr, i32 1" [main.cpp:206->main.cpp:268]   --->   Operation 263 'readreq' 'gmem_load_2_req' <Predicate = (!icmp_ln204 & !empty_28)> <Delay = 7.30> <CoreInst = "m_axi">   --->   Core 121 'm_axi' <Latency = 0> <II = 1> <Delay = 1.00> <Adapter> <Opcode : 'read' 'write' 'readreq' 'writereq' 'writeresp'>
ST_69 : Operation 264 [5/71] (7.30ns)   --->   "%gmem_load_3_req = readreq i1 @_ssdm_op_ReadReq.m_axi.i128P1A, i128 %gmem_addr_2, i32 1" [main.cpp:207->main.cpp:268]   --->   Operation 264 'readreq' 'gmem_load_3_req' <Predicate = (!icmp_ln204 & !empty_28)> <Delay = 7.30> <CoreInst = "m_axi">   --->   Core 121 'm_axi' <Latency = 0> <II = 1> <Delay = 1.00> <Adapter> <Opcode : 'read' 'write' 'readreq' 'writereq' 'writeresp'>

State 70 <SV = 69> <Delay = 7.30>
ST_70 : Operation 265 [3/71] (7.30ns)   --->   "%gmem_load_2_req = readreq i1 @_ssdm_op_ReadReq.m_axi.i128P1A, i128 %gmem_addr, i32 1" [main.cpp:206->main.cpp:268]   --->   Operation 265 'readreq' 'gmem_load_2_req' <Predicate = (!icmp_ln204 & !empty_28)> <Delay = 7.30> <CoreInst = "m_axi">   --->   Core 121 'm_axi' <Latency = 0> <II = 1> <Delay = 1.00> <Adapter> <Opcode : 'read' 'write' 'readreq' 'writereq' 'writeresp'>
ST_70 : Operation 266 [4/71] (7.30ns)   --->   "%gmem_load_3_req = readreq i1 @_ssdm_op_ReadReq.m_axi.i128P1A, i128 %gmem_addr_2, i32 1" [main.cpp:207->main.cpp:268]   --->   Operation 266 'readreq' 'gmem_load_3_req' <Predicate = (!icmp_ln204 & !empty_28)> <Delay = 7.30> <CoreInst = "m_axi">   --->   Core 121 'm_axi' <Latency = 0> <II = 1> <Delay = 1.00> <Adapter> <Opcode : 'read' 'write' 'readreq' 'writereq' 'writeresp'>

State 71 <SV = 70> <Delay = 7.30>
ST_71 : Operation 267 [2/71] (7.30ns)   --->   "%gmem_load_2_req = readreq i1 @_ssdm_op_ReadReq.m_axi.i128P1A, i128 %gmem_addr, i32 1" [main.cpp:206->main.cpp:268]   --->   Operation 267 'readreq' 'gmem_load_2_req' <Predicate = (!icmp_ln204 & !empty_28)> <Delay = 7.30> <CoreInst = "m_axi">   --->   Core 121 'm_axi' <Latency = 0> <II = 1> <Delay = 1.00> <Adapter> <Opcode : 'read' 'write' 'readreq' 'writereq' 'writeresp'>
ST_71 : Operation 268 [3/71] (7.30ns)   --->   "%gmem_load_3_req = readreq i1 @_ssdm_op_ReadReq.m_axi.i128P1A, i128 %gmem_addr_2, i32 1" [main.cpp:207->main.cpp:268]   --->   Operation 268 'readreq' 'gmem_load_3_req' <Predicate = (!icmp_ln204 & !empty_28)> <Delay = 7.30> <CoreInst = "m_axi">   --->   Core 121 'm_axi' <Latency = 0> <II = 1> <Delay = 1.00> <Adapter> <Opcode : 'read' 'write' 'readreq' 'writereq' 'writeresp'>

State 72 <SV = 71> <Delay = 7.30>
ST_72 : Operation 269 [1/71] (7.30ns)   --->   "%gmem_load_2_req = readreq i1 @_ssdm_op_ReadReq.m_axi.i128P1A, i128 %gmem_addr, i32 1" [main.cpp:206->main.cpp:268]   --->   Operation 269 'readreq' 'gmem_load_2_req' <Predicate = (!icmp_ln204 & !empty_28)> <Delay = 7.30> <CoreInst = "m_axi">   --->   Core 121 'm_axi' <Latency = 0> <II = 1> <Delay = 1.00> <Adapter> <Opcode : 'read' 'write' 'readreq' 'writereq' 'writeresp'>
ST_72 : Operation 270 [2/71] (7.30ns)   --->   "%gmem_load_3_req = readreq i1 @_ssdm_op_ReadReq.m_axi.i128P1A, i128 %gmem_addr_2, i32 1" [main.cpp:207->main.cpp:268]   --->   Operation 270 'readreq' 'gmem_load_3_req' <Predicate = (!icmp_ln204 & !empty_28)> <Delay = 7.30> <CoreInst = "m_axi">   --->   Core 121 'm_axi' <Latency = 0> <II = 1> <Delay = 1.00> <Adapter> <Opcode : 'read' 'write' 'readreq' 'writereq' 'writeresp'>

State 73 <SV = 72> <Delay = 7.30>
ST_73 : Operation 271 [1/1] (7.30ns)   --->   "%gmem_addr_read = read i128 @_ssdm_op_Read.m_axi.i128P1A, i128 %gmem_addr" [main.cpp:206->main.cpp:268]   --->   Operation 271 'read' 'gmem_addr_read' <Predicate = (!icmp_ln204 & !empty_28)> <Delay = 7.30> <CoreInst = "m_axi">   --->   Core 121 'm_axi' <Latency = 0> <II = 1> <Delay = 1.00> <Adapter> <Opcode : 'read' 'write' 'readreq' 'writereq' 'writeresp'>
ST_73 : Operation 272 [1/71] (7.30ns)   --->   "%gmem_load_3_req = readreq i1 @_ssdm_op_ReadReq.m_axi.i128P1A, i128 %gmem_addr_2, i32 1" [main.cpp:207->main.cpp:268]   --->   Operation 272 'readreq' 'gmem_load_3_req' <Predicate = (!icmp_ln204 & !empty_28)> <Delay = 7.30> <CoreInst = "m_axi">   --->   Core 121 'm_axi' <Latency = 0> <II = 1> <Delay = 1.00> <Adapter> <Opcode : 'read' 'write' 'readreq' 'writereq' 'writeresp'>

State 74 <SV = 73> <Delay = 7.30>
ST_74 : Operation 273 [1/1] (0.00ns)   --->   "%shiftreg49_load = load i64 %shiftreg49"   --->   Operation 273 'load' 'shiftreg49_load' <Predicate = (!icmp_ln204)> <Delay = 0.00>
ST_74 : Operation 274 [1/1] (0.00ns)   --->   "%shiftreg_load = load i64 %shiftreg"   --->   Operation 274 'load' 'shiftreg_load' <Predicate = (!icmp_ln204)> <Delay = 0.00>
ST_74 : Operation 275 [1/1] (0.00ns)   --->   "%shiftreg49_cast = zext i64 %shiftreg49_load"   --->   Operation 275 'zext' 'shiftreg49_cast' <Predicate = (!icmp_ln204)> <Delay = 0.00>
ST_74 : Operation 276 [1/1] (0.00ns)   --->   "%shiftreg_cast = zext i64 %shiftreg_load"   --->   Operation 276 'zext' 'shiftreg_cast' <Predicate = (!icmp_ln204)> <Delay = 0.00>
ST_74 : Operation 277 [1/1] (0.00ns)   --->   "%speclooptripcount_ln197 = speclooptripcount void @_ssdm_op_SpecLoopTripCount, i64 1362, i64 1362, i64 1362" [main.cpp:197->main.cpp:268]   --->   Operation 277 'speclooptripcount' 'speclooptripcount_ln197' <Predicate = (!icmp_ln204)> <Delay = 0.00>
ST_74 : Operation 278 [1/1] (0.00ns)   --->   "%specloopname_ln204 = specloopname void @_ssdm_op_SpecLoopName, void @empty_13" [main.cpp:204->main.cpp:268]   --->   Operation 278 'specloopname' 'specloopname_ln204' <Predicate = (!icmp_ln204)> <Delay = 0.00>
ST_74 : Operation 279 [1/1] (0.46ns)   --->   "%br_ln206 = br i1 %empty_28, void, void %for.inc.i9.split._crit_edge" [main.cpp:206->main.cpp:268]   --->   Operation 279 'br' 'br_ln206' <Predicate = (!icmp_ln204)> <Delay = 0.46>
ST_74 : Operation 280 [1/1] (7.30ns)   --->   "%gmem_addr_2_read = read i128 @_ssdm_op_Read.m_axi.i128P1A, i128 %gmem_addr_2" [main.cpp:207->main.cpp:268]   --->   Operation 280 'read' 'gmem_addr_2_read' <Predicate = (!icmp_ln204 & !empty_28)> <Delay = 7.30> <CoreInst = "m_axi">   --->   Core 121 'm_axi' <Latency = 0> <II = 1> <Delay = 1.00> <Adapter> <Opcode : 'read' 'write' 'readreq' 'writereq' 'writeresp'>

State 75 <SV = 74> <Delay = 6.11>
ST_75 : Operation 281 [1/1] (0.46ns)   --->   "%br_ln207 = br void %for.inc.i9.split._crit_edge" [main.cpp:207->main.cpp:268]   --->   Operation 281 'br' 'br_ln207' <Predicate = (!icmp_ln204 & !empty_28)> <Delay = 0.46>
ST_75 : Operation 282 [1/1] (0.00ns)   --->   "%empty = phi i128 %gmem_addr_read, void, i128 %shiftreg_cast, void %for.inc.i9.split" [main.cpp:206->main.cpp:268]   --->   Operation 282 'phi' 'empty' <Predicate = true> <Delay = 0.00>
ST_75 : Operation 283 [1/1] (0.00ns)   --->   "%trunc_ln206 = trunc i128 %empty" [main.cpp:206->main.cpp:268]   --->   Operation 283 'trunc' 'trunc_ln206' <Predicate = true> <Delay = 0.00>
ST_75 : Operation 284 [1/1] (0.00ns)   --->   "%trunc_ln206_1 = partselect i64 @_ssdm_op_PartSelect.i64.i128.i32.i32, i128 %empty, i32 64, i32 127" [main.cpp:206->main.cpp:268]   --->   Operation 284 'partselect' 'trunc_ln206_1' <Predicate = true> <Delay = 0.00>
ST_75 : [1/1] (0.75ns)   --->   Input mux for Operation 285 '%x = sitodp i64 %trunc_ln206'
ST_75 : Operation 285 [2/2] (4.89ns)   --->   "%x = sitodp i64 %trunc_ln206" [main.cpp:206->main.cpp:268]   --->   Operation 285 'sitodp' 'x' <Predicate = true> <Delay = 4.89> <CoreInst = "Int2Double">   --->   Core 66 'Int2Double' <Latency = 1> <II = 1> <Delay = 5.65> <FuncUnit> <Opcode : 'sitodp' 'uitodp'> <InPorts = 1> <OutPorts = 1>
ST_75 : Operation 286 [1/1] (0.46ns)   --->   "%store_ln204 = store i64 %trunc_ln206_1, i64 %shiftreg" [main.cpp:204->main.cpp:268]   --->   Operation 286 'store' 'store_ln204' <Predicate = true> <Delay = 0.46>

State 76 <SV = 75> <Delay = 5.65>
ST_76 : Operation 287 [1/1] (0.00ns)   --->   "%empty_27 = phi i128 %gmem_addr_2_read, void, i128 %shiftreg49_cast, void %for.inc.i9.split" [main.cpp:207->main.cpp:268]   --->   Operation 287 'phi' 'empty_27' <Predicate = true> <Delay = 0.00>
ST_76 : Operation 288 [1/2] (5.65ns)   --->   "%x = sitodp i64 %trunc_ln206" [main.cpp:206->main.cpp:268]   --->   Operation 288 'sitodp' 'x' <Predicate = true> <Delay = 5.65> <CoreInst = "Int2Double">   --->   Core 66 'Int2Double' <Latency = 1> <II = 1> <Delay = 5.65> <FuncUnit> <Opcode : 'sitodp' 'uitodp'> <InPorts = 1> <OutPorts = 1>
ST_76 : Operation 289 [1/1] (0.00ns)   --->   "%trunc_ln207 = trunc i128 %empty_27" [main.cpp:207->main.cpp:268]   --->   Operation 289 'trunc' 'trunc_ln207' <Predicate = true> <Delay = 0.00>
ST_76 : Operation 290 [1/1] (0.00ns)   --->   "%trunc_ln207_1 = partselect i64 @_ssdm_op_PartSelect.i64.i128.i32.i32, i128 %empty_27, i32 64, i32 127" [main.cpp:207->main.cpp:268]   --->   Operation 290 'partselect' 'trunc_ln207_1' <Predicate = true> <Delay = 0.00>
ST_76 : [1/1] (0.75ns)   --->   Input mux for Operation 291 '%y = sitodp i64 %trunc_ln207'
ST_76 : Operation 291 [2/2] (4.89ns)   --->   "%y = sitodp i64 %trunc_ln207" [main.cpp:207->main.cpp:268]   --->   Operation 291 'sitodp' 'y' <Predicate = true> <Delay = 4.89> <CoreInst = "Int2Double">   --->   Core 66 'Int2Double' <Latency = 1> <II = 1> <Delay = 5.65> <FuncUnit> <Opcode : 'sitodp' 'uitodp'> <InPorts = 1> <OutPorts = 1>
ST_76 : Operation 292 [1/1] (0.46ns)   --->   "%store_ln204 = store i64 %trunc_ln207_1, i64 %shiftreg49" [main.cpp:204->main.cpp:268]   --->   Operation 292 'store' 'store_ln204' <Predicate = true> <Delay = 0.46>

State 77 <SV = 76> <Delay = 5.65>
ST_77 : Operation 293 [1/2] (5.65ns)   --->   "%y = sitodp i64 %trunc_ln207" [main.cpp:207->main.cpp:268]   --->   Operation 293 'sitodp' 'y' <Predicate = true> <Delay = 5.65> <CoreInst = "Int2Double">   --->   Core 66 'Int2Double' <Latency = 1> <II = 1> <Delay = 5.65> <FuncUnit> <Opcode : 'sitodp' 'uitodp'> <InPorts = 1> <OutPorts = 1>
ST_77 : [1/1] (0.65ns)   --->   Input mux for Operation 294 '%mul_i5 = dmul i64 %b_read, i64 %x'
ST_77 : Operation 294 [4/4] (4.92ns)   --->   "%mul_i5 = dmul i64 %b_read, i64 %x" [main.cpp:209->main.cpp:268]   --->   Operation 294 'dmul' 'mul_i5' <Predicate = true> <Delay = 4.92> <CoreInst = "DMul_maxdsp">   --->   Core 49 'DMul_maxdsp' <Latency = 3> <II = 1> <Delay = 5.58> <FuncUnit> <Opcode : 'dmul'> <InPorts = 2> <OutPorts = 1>

State 78 <SV = 77> <Delay = 5.58>
ST_78 : [1/1] (0.58ns)   --->   Input mux for Operation 295 '%sub_i = dsub i64 %y, i64 %a_read'
ST_78 : Operation 295 [4/4] (4.57ns)   --->   "%sub_i = dsub i64 %y, i64 %a_read" [main.cpp:209->main.cpp:268]   --->   Operation 295 'dsub' 'sub_i' <Predicate = true> <Delay = 4.57> <CoreInst = "DAddSub_fulldsp">   --->   Core 37 'DAddSub_fulldsp' <Latency = 3> <II = 1> <Delay = 5.15> <FuncUnit> <Opcode : 'dadd' 'dsub'> <InPorts = 2> <OutPorts = 1>
ST_78 : Operation 296 [3/4] (5.58ns)   --->   "%mul_i5 = dmul i64 %b_read, i64 %x" [main.cpp:209->main.cpp:268]   --->   Operation 296 'dmul' 'mul_i5' <Predicate = true> <Delay = 5.58> <CoreInst = "DMul_maxdsp">   --->   Core 49 'DMul_maxdsp' <Latency = 3> <II = 1> <Delay = 5.58> <FuncUnit> <Opcode : 'dmul'> <InPorts = 2> <OutPorts = 1>

State 79 <SV = 78> <Delay = 5.58>
ST_79 : Operation 297 [3/4] (5.15ns)   --->   "%sub_i = dsub i64 %y, i64 %a_read" [main.cpp:209->main.cpp:268]   --->   Operation 297 'dsub' 'sub_i' <Predicate = true> <Delay = 5.15> <CoreInst = "DAddSub_fulldsp">   --->   Core 37 'DAddSub_fulldsp' <Latency = 3> <II = 1> <Delay = 5.15> <FuncUnit> <Opcode : 'dadd' 'dsub'> <InPorts = 2> <OutPorts = 1>
ST_79 : Operation 298 [2/4] (5.58ns)   --->   "%mul_i5 = dmul i64 %b_read, i64 %x" [main.cpp:209->main.cpp:268]   --->   Operation 298 'dmul' 'mul_i5' <Predicate = true> <Delay = 5.58> <CoreInst = "DMul_maxdsp">   --->   Core 49 'DMul_maxdsp' <Latency = 3> <II = 1> <Delay = 5.58> <FuncUnit> <Opcode : 'dmul'> <InPorts = 2> <OutPorts = 1>

State 80 <SV = 79> <Delay = 5.58>
ST_80 : Operation 299 [2/4] (5.15ns)   --->   "%sub_i = dsub i64 %y, i64 %a_read" [main.cpp:209->main.cpp:268]   --->   Operation 299 'dsub' 'sub_i' <Predicate = true> <Delay = 5.15> <CoreInst = "DAddSub_fulldsp">   --->   Core 37 'DAddSub_fulldsp' <Latency = 3> <II = 1> <Delay = 5.15> <FuncUnit> <Opcode : 'dadd' 'dsub'> <InPorts = 2> <OutPorts = 1>
ST_80 : Operation 300 [1/4] (5.58ns)   --->   "%mul_i5 = dmul i64 %b_read, i64 %x" [main.cpp:209->main.cpp:268]   --->   Operation 300 'dmul' 'mul_i5' <Predicate = true> <Delay = 5.58> <CoreInst = "DMul_maxdsp">   --->   Core 49 'DMul_maxdsp' <Latency = 3> <II = 1> <Delay = 5.58> <FuncUnit> <Opcode : 'dmul'> <InPorts = 2> <OutPorts = 1>

State 81 <SV = 80> <Delay = 5.15>
ST_81 : Operation 301 [1/4] (5.15ns)   --->   "%sub_i = dsub i64 %y, i64 %a_read" [main.cpp:209->main.cpp:268]   --->   Operation 301 'dsub' 'sub_i' <Predicate = true> <Delay = 5.15> <CoreInst = "DAddSub_fulldsp">   --->   Core 37 'DAddSub_fulldsp' <Latency = 3> <II = 1> <Delay = 5.15> <FuncUnit> <Opcode : 'dadd' 'dsub'> <InPorts = 2> <OutPorts = 1>

State 82 <SV = 81> <Delay = 5.15>
ST_82 : [1/1] (0.58ns)   --->   Input mux for Operation 302 '%temp = dsub i64 %sub_i, i64 %mul_i5'
ST_82 : Operation 302 [4/4] (4.57ns)   --->   "%temp = dsub i64 %sub_i, i64 %mul_i5" [main.cpp:209->main.cpp:268]   --->   Operation 302 'dsub' 'temp' <Predicate = true> <Delay = 4.57> <CoreInst = "DAddSub_fulldsp">   --->   Core 37 'DAddSub_fulldsp' <Latency = 3> <II = 1> <Delay = 5.15> <FuncUnit> <Opcode : 'dadd' 'dsub'> <InPorts = 2> <OutPorts = 1>

State 83 <SV = 82> <Delay = 5.15>
ST_83 : Operation 303 [3/4] (5.15ns)   --->   "%temp = dsub i64 %sub_i, i64 %mul_i5" [main.cpp:209->main.cpp:268]   --->   Operation 303 'dsub' 'temp' <Predicate = true> <Delay = 5.15> <CoreInst = "DAddSub_fulldsp">   --->   Core 37 'DAddSub_fulldsp' <Latency = 3> <II = 1> <Delay = 5.15> <FuncUnit> <Opcode : 'dadd' 'dsub'> <InPorts = 2> <OutPorts = 1>

State 84 <SV = 83> <Delay = 5.15>
ST_84 : Operation 304 [2/4] (5.15ns)   --->   "%temp = dsub i64 %sub_i, i64 %mul_i5" [main.cpp:209->main.cpp:268]   --->   Operation 304 'dsub' 'temp' <Predicate = true> <Delay = 5.15> <CoreInst = "DAddSub_fulldsp">   --->   Core 37 'DAddSub_fulldsp' <Latency = 3> <II = 1> <Delay = 5.15> <FuncUnit> <Opcode : 'dadd' 'dsub'> <InPorts = 2> <OutPorts = 1>

State 85 <SV = 84> <Delay = 5.15>
ST_85 : Operation 305 [1/4] (5.15ns)   --->   "%temp = dsub i64 %sub_i, i64 %mul_i5" [main.cpp:209->main.cpp:268]   --->   Operation 305 'dsub' 'temp' <Predicate = true> <Delay = 5.15> <CoreInst = "DAddSub_fulldsp">   --->   Core 37 'DAddSub_fulldsp' <Latency = 3> <II = 1> <Delay = 5.15> <FuncUnit> <Opcode : 'dadd' 'dsub'> <InPorts = 2> <OutPorts = 1>

State 86 <SV = 85> <Delay = 0.00>

State 87 <SV = 86> <Delay = 5.58>
ST_87 : [1/1] (0.65ns)   --->   Input mux for Operation 306 '%tempSquared = dmul i64 %temp, i64 %temp'
ST_87 : Operation 306 [4/4] (4.92ns)   --->   "%tempSquared = dmul i64 %temp, i64 %temp" [main.cpp:210->main.cpp:268]   --->   Operation 306 'dmul' 'tempSquared' <Predicate = true> <Delay = 4.92> <CoreInst = "DMul_maxdsp">   --->   Core 49 'DMul_maxdsp' <Latency = 3> <II = 1> <Delay = 5.58> <FuncUnit> <Opcode : 'dmul'> <InPorts = 2> <OutPorts = 1>

State 88 <SV = 87> <Delay = 5.58>
ST_88 : Operation 307 [3/4] (5.58ns)   --->   "%tempSquared = dmul i64 %temp, i64 %temp" [main.cpp:210->main.cpp:268]   --->   Operation 307 'dmul' 'tempSquared' <Predicate = true> <Delay = 5.58> <CoreInst = "DMul_maxdsp">   --->   Core 49 'DMul_maxdsp' <Latency = 3> <II = 1> <Delay = 5.58> <FuncUnit> <Opcode : 'dmul'> <InPorts = 2> <OutPorts = 1>

State 89 <SV = 88> <Delay = 5.58>
ST_89 : Operation 308 [2/4] (5.58ns)   --->   "%tempSquared = dmul i64 %temp, i64 %temp" [main.cpp:210->main.cpp:268]   --->   Operation 308 'dmul' 'tempSquared' <Predicate = true> <Delay = 5.58> <CoreInst = "DMul_maxdsp">   --->   Core 49 'DMul_maxdsp' <Latency = 3> <II = 1> <Delay = 5.58> <FuncUnit> <Opcode : 'dmul'> <InPorts = 2> <OutPorts = 1>

State 90 <SV = 89> <Delay = 5.58>
ST_90 : Operation 309 [1/4] (5.58ns)   --->   "%tempSquared = dmul i64 %temp, i64 %temp" [main.cpp:210->main.cpp:268]   --->   Operation 309 'dmul' 'tempSquared' <Predicate = true> <Delay = 5.58> <CoreInst = "DMul_maxdsp">   --->   Core 49 'DMul_maxdsp' <Latency = 3> <II = 1> <Delay = 5.58> <FuncUnit> <Opcode : 'dmul'> <InPorts = 2> <OutPorts = 1>

State 91 <SV = 90> <Delay = 0.00>

State 92 <SV = 91> <Delay = 5.15>
ST_92 : Operation 310 [1/1] (0.00ns)   --->   "%f_1_load = load i64 %f_1" [main.cpp:212->main.cpp:268]   --->   Operation 310 'load' 'f_1_load' <Predicate = true> <Delay = 0.00>
ST_92 : [1/1] (0.67ns)   --->   Input mux for Operation 311 '%f = dadd i64 %f_1_load, i64 %tempSquared'
ST_92 : Operation 311 [4/4] (4.48ns)   --->   "%f = dadd i64 %f_1_load, i64 %tempSquared" [main.cpp:212->main.cpp:268]   --->   Operation 311 'dadd' 'f' <Predicate = true> <Delay = 4.48> <CoreInst = "DAddSub_fulldsp">   --->   Core 37 'DAddSub_fulldsp' <Latency = 3> <II = 1> <Delay = 5.15> <FuncUnit> <Opcode : 'dadd' 'dsub'> <InPorts = 2> <OutPorts = 1>
ST_92 : Operation 317 [1/1] (0.00ns)   --->   "%f_1_load_1 = load i64 %f_1"   --->   Operation 317 'load' 'f_1_load_1' <Predicate = (icmp_ln204)> <Delay = 0.00>
ST_92 : Operation 318 [1/1] (0.00ns)   --->   "%write_ln0 = write void @_ssdm_op_Write.ap_auto.doubleP0A, i64 %f_1_out, i64 %f_1_load_1"   --->   Operation 318 'write' 'write_ln0' <Predicate = (icmp_ln204)> <Delay = 0.00>
ST_92 : Operation 319 [1/1] (0.00ns)   --->   "%ret_ln0 = ret"   --->   Operation 319 'ret' 'ret_ln0' <Predicate = (icmp_ln204)> <Delay = 0.00>

State 93 <SV = 92> <Delay = 5.15>
ST_93 : Operation 312 [3/4] (5.15ns)   --->   "%f = dadd i64 %f_1_load, i64 %tempSquared" [main.cpp:212->main.cpp:268]   --->   Operation 312 'dadd' 'f' <Predicate = true> <Delay = 5.15> <CoreInst = "DAddSub_fulldsp">   --->   Core 37 'DAddSub_fulldsp' <Latency = 3> <II = 1> <Delay = 5.15> <FuncUnit> <Opcode : 'dadd' 'dsub'> <InPorts = 2> <OutPorts = 1>

State 94 <SV = 93> <Delay = 5.15>
ST_94 : Operation 313 [2/4] (5.15ns)   --->   "%f = dadd i64 %f_1_load, i64 %tempSquared" [main.cpp:212->main.cpp:268]   --->   Operation 313 'dadd' 'f' <Predicate = true> <Delay = 5.15> <CoreInst = "DAddSub_fulldsp">   --->   Core 37 'DAddSub_fulldsp' <Latency = 3> <II = 1> <Delay = 5.15> <FuncUnit> <Opcode : 'dadd' 'dsub'> <InPorts = 2> <OutPorts = 1>

State 95 <SV = 94> <Delay = 5.61>
ST_95 : Operation 314 [1/4] (5.15ns)   --->   "%f = dadd i64 %f_1_load, i64 %tempSquared" [main.cpp:212->main.cpp:268]   --->   Operation 314 'dadd' 'f' <Predicate = true> <Delay = 5.15> <CoreInst = "DAddSub_fulldsp">   --->   Core 37 'DAddSub_fulldsp' <Latency = 3> <II = 1> <Delay = 5.15> <FuncUnit> <Opcode : 'dadd' 'dsub'> <InPorts = 2> <OutPorts = 1>
ST_95 : Operation 315 [1/1] (0.46ns)   --->   "%store_ln204 = store i64 %f, i64 %f_1" [main.cpp:204->main.cpp:268]   --->   Operation 315 'store' 'store_ln204' <Predicate = true> <Delay = 0.46>
ST_95 : Operation 316 [1/1] (0.00ns)   --->   "%br_ln204 = br void %for.inc.i9" [main.cpp:204->main.cpp:268]   --->   Operation 316 'br' 'br_ln204' <Predicate = true> <Delay = 0.00>


============================================================
+ Verbose Summary: Timing violations
============================================================
Target clock period: 10.000ns, clock uncertainty: 2.700ns.

 <State 1>: 1.347ns
The critical path consists of the following:
	'alloca' operation ('i') [10]  (0.000 ns)
	'load' operation ('i') on local variable 'i' [24]  (0.000 ns)
	'add' operation ('add_ln206', main.cpp:206->main.cpp:268) [42]  (1.347 ns)

 <State 2>: 7.300ns
The critical path consists of the following:
	'getelementptr' operation ('gmem_addr', main.cpp:206->main.cpp:268) [44]  (0.000 ns)
	bus request operation ('gmem_load_2_req', main.cpp:206->main.cpp:268) on port 'gmem' (main.cpp:206->main.cpp:268) [45]  (7.300 ns)

 <State 3>: 7.300ns
The critical path consists of the following:
	bus request operation ('gmem_load_2_req', main.cpp:206->main.cpp:268) on port 'gmem' (main.cpp:206->main.cpp:268) [45]  (7.300 ns)

 <State 4>: 7.300ns
The critical path consists of the following:
	bus request operation ('gmem_load_2_req', main.cpp:206->main.cpp:268) on port 'gmem' (main.cpp:206->main.cpp:268) [45]  (7.300 ns)

 <State 5>: 7.300ns
The critical path consists of the following:
	bus request operation ('gmem_load_2_req', main.cpp:206->main.cpp:268) on port 'gmem' (main.cpp:206->main.cpp:268) [45]  (7.300 ns)

 <State 6>: 7.300ns
The critical path consists of the following:
	bus request operation ('gmem_load_2_req', main.cpp:206->main.cpp:268) on port 'gmem' (main.cpp:206->main.cpp:268) [45]  (7.300 ns)

 <State 7>: 7.300ns
The critical path consists of the following:
	bus request operation ('gmem_load_2_req', main.cpp:206->main.cpp:268) on port 'gmem' (main.cpp:206->main.cpp:268) [45]  (7.300 ns)

 <State 8>: 7.300ns
The critical path consists of the following:
	bus request operation ('gmem_load_2_req', main.cpp:206->main.cpp:268) on port 'gmem' (main.cpp:206->main.cpp:268) [45]  (7.300 ns)

 <State 9>: 7.300ns
The critical path consists of the following:
	bus request operation ('gmem_load_2_req', main.cpp:206->main.cpp:268) on port 'gmem' (main.cpp:206->main.cpp:268) [45]  (7.300 ns)

 <State 10>: 7.300ns
The critical path consists of the following:
	bus request operation ('gmem_load_2_req', main.cpp:206->main.cpp:268) on port 'gmem' (main.cpp:206->main.cpp:268) [45]  (7.300 ns)

 <State 11>: 7.300ns
The critical path consists of the following:
	bus request operation ('gmem_load_2_req', main.cpp:206->main.cpp:268) on port 'gmem' (main.cpp:206->main.cpp:268) [45]  (7.300 ns)

 <State 12>: 7.300ns
The critical path consists of the following:
	bus request operation ('gmem_load_2_req', main.cpp:206->main.cpp:268) on port 'gmem' (main.cpp:206->main.cpp:268) [45]  (7.300 ns)

 <State 13>: 7.300ns
The critical path consists of the following:
	bus request operation ('gmem_load_2_req', main.cpp:206->main.cpp:268) on port 'gmem' (main.cpp:206->main.cpp:268) [45]  (7.300 ns)

 <State 14>: 7.300ns
The critical path consists of the following:
	bus request operation ('gmem_load_2_req', main.cpp:206->main.cpp:268) on port 'gmem' (main.cpp:206->main.cpp:268) [45]  (7.300 ns)

 <State 15>: 7.300ns
The critical path consists of the following:
	bus request operation ('gmem_load_2_req', main.cpp:206->main.cpp:268) on port 'gmem' (main.cpp:206->main.cpp:268) [45]  (7.300 ns)

 <State 16>: 7.300ns
The critical path consists of the following:
	bus request operation ('gmem_load_2_req', main.cpp:206->main.cpp:268) on port 'gmem' (main.cpp:206->main.cpp:268) [45]  (7.300 ns)

 <State 17>: 7.300ns
The critical path consists of the following:
	bus request operation ('gmem_load_2_req', main.cpp:206->main.cpp:268) on port 'gmem' (main.cpp:206->main.cpp:268) [45]  (7.300 ns)

 <State 18>: 7.300ns
The critical path consists of the following:
	bus request operation ('gmem_load_2_req', main.cpp:206->main.cpp:268) on port 'gmem' (main.cpp:206->main.cpp:268) [45]  (7.300 ns)

 <State 19>: 7.300ns
The critical path consists of the following:
	bus request operation ('gmem_load_2_req', main.cpp:206->main.cpp:268) on port 'gmem' (main.cpp:206->main.cpp:268) [45]  (7.300 ns)

 <State 20>: 7.300ns
The critical path consists of the following:
	bus request operation ('gmem_load_2_req', main.cpp:206->main.cpp:268) on port 'gmem' (main.cpp:206->main.cpp:268) [45]  (7.300 ns)

 <State 21>: 7.300ns
The critical path consists of the following:
	bus request operation ('gmem_load_2_req', main.cpp:206->main.cpp:268) on port 'gmem' (main.cpp:206->main.cpp:268) [45]  (7.300 ns)

 <State 22>: 7.300ns
The critical path consists of the following:
	bus request operation ('gmem_load_2_req', main.cpp:206->main.cpp:268) on port 'gmem' (main.cpp:206->main.cpp:268) [45]  (7.300 ns)

 <State 23>: 7.300ns
The critical path consists of the following:
	bus request operation ('gmem_load_2_req', main.cpp:206->main.cpp:268) on port 'gmem' (main.cpp:206->main.cpp:268) [45]  (7.300 ns)

 <State 24>: 7.300ns
The critical path consists of the following:
	bus request operation ('gmem_load_2_req', main.cpp:206->main.cpp:268) on port 'gmem' (main.cpp:206->main.cpp:268) [45]  (7.300 ns)

 <State 25>: 7.300ns
The critical path consists of the following:
	bus request operation ('gmem_load_2_req', main.cpp:206->main.cpp:268) on port 'gmem' (main.cpp:206->main.cpp:268) [45]  (7.300 ns)

 <State 26>: 7.300ns
The critical path consists of the following:
	bus request operation ('gmem_load_2_req', main.cpp:206->main.cpp:268) on port 'gmem' (main.cpp:206->main.cpp:268) [45]  (7.300 ns)

 <State 27>: 7.300ns
The critical path consists of the following:
	bus request operation ('gmem_load_2_req', main.cpp:206->main.cpp:268) on port 'gmem' (main.cpp:206->main.cpp:268) [45]  (7.300 ns)

 <State 28>: 7.300ns
The critical path consists of the following:
	bus request operation ('gmem_load_2_req', main.cpp:206->main.cpp:268) on port 'gmem' (main.cpp:206->main.cpp:268) [45]  (7.300 ns)

 <State 29>: 7.300ns
The critical path consists of the following:
	bus request operation ('gmem_load_2_req', main.cpp:206->main.cpp:268) on port 'gmem' (main.cpp:206->main.cpp:268) [45]  (7.300 ns)

 <State 30>: 7.300ns
The critical path consists of the following:
	bus request operation ('gmem_load_2_req', main.cpp:206->main.cpp:268) on port 'gmem' (main.cpp:206->main.cpp:268) [45]  (7.300 ns)

 <State 31>: 7.300ns
The critical path consists of the following:
	bus request operation ('gmem_load_2_req', main.cpp:206->main.cpp:268) on port 'gmem' (main.cpp:206->main.cpp:268) [45]  (7.300 ns)

 <State 32>: 7.300ns
The critical path consists of the following:
	bus request operation ('gmem_load_2_req', main.cpp:206->main.cpp:268) on port 'gmem' (main.cpp:206->main.cpp:268) [45]  (7.300 ns)

 <State 33>: 7.300ns
The critical path consists of the following:
	bus request operation ('gmem_load_2_req', main.cpp:206->main.cpp:268) on port 'gmem' (main.cpp:206->main.cpp:268) [45]  (7.300 ns)

 <State 34>: 7.300ns
The critical path consists of the following:
	bus request operation ('gmem_load_2_req', main.cpp:206->main.cpp:268) on port 'gmem' (main.cpp:206->main.cpp:268) [45]  (7.300 ns)

 <State 35>: 7.300ns
The critical path consists of the following:
	bus request operation ('gmem_load_2_req', main.cpp:206->main.cpp:268) on port 'gmem' (main.cpp:206->main.cpp:268) [45]  (7.300 ns)

 <State 36>: 7.300ns
The critical path consists of the following:
	bus request operation ('gmem_load_2_req', main.cpp:206->main.cpp:268) on port 'gmem' (main.cpp:206->main.cpp:268) [45]  (7.300 ns)

 <State 37>: 7.300ns
The critical path consists of the following:
	bus request operation ('gmem_load_2_req', main.cpp:206->main.cpp:268) on port 'gmem' (main.cpp:206->main.cpp:268) [45]  (7.300 ns)

 <State 38>: 7.300ns
The critical path consists of the following:
	bus request operation ('gmem_load_2_req', main.cpp:206->main.cpp:268) on port 'gmem' (main.cpp:206->main.cpp:268) [45]  (7.300 ns)

 <State 39>: 7.300ns
The critical path consists of the following:
	bus request operation ('gmem_load_2_req', main.cpp:206->main.cpp:268) on port 'gmem' (main.cpp:206->main.cpp:268) [45]  (7.300 ns)

 <State 40>: 7.300ns
The critical path consists of the following:
	bus request operation ('gmem_load_2_req', main.cpp:206->main.cpp:268) on port 'gmem' (main.cpp:206->main.cpp:268) [45]  (7.300 ns)

 <State 41>: 7.300ns
The critical path consists of the following:
	bus request operation ('gmem_load_2_req', main.cpp:206->main.cpp:268) on port 'gmem' (main.cpp:206->main.cpp:268) [45]  (7.300 ns)

 <State 42>: 7.300ns
The critical path consists of the following:
	bus request operation ('gmem_load_2_req', main.cpp:206->main.cpp:268) on port 'gmem' (main.cpp:206->main.cpp:268) [45]  (7.300 ns)

 <State 43>: 7.300ns
The critical path consists of the following:
	bus request operation ('gmem_load_2_req', main.cpp:206->main.cpp:268) on port 'gmem' (main.cpp:206->main.cpp:268) [45]  (7.300 ns)

 <State 44>: 7.300ns
The critical path consists of the following:
	bus request operation ('gmem_load_2_req', main.cpp:206->main.cpp:268) on port 'gmem' (main.cpp:206->main.cpp:268) [45]  (7.300 ns)

 <State 45>: 7.300ns
The critical path consists of the following:
	bus request operation ('gmem_load_2_req', main.cpp:206->main.cpp:268) on port 'gmem' (main.cpp:206->main.cpp:268) [45]  (7.300 ns)

 <State 46>: 7.300ns
The critical path consists of the following:
	bus request operation ('gmem_load_2_req', main.cpp:206->main.cpp:268) on port 'gmem' (main.cpp:206->main.cpp:268) [45]  (7.300 ns)

 <State 47>: 7.300ns
The critical path consists of the following:
	bus request operation ('gmem_load_2_req', main.cpp:206->main.cpp:268) on port 'gmem' (main.cpp:206->main.cpp:268) [45]  (7.300 ns)

 <State 48>: 7.300ns
The critical path consists of the following:
	bus request operation ('gmem_load_2_req', main.cpp:206->main.cpp:268) on port 'gmem' (main.cpp:206->main.cpp:268) [45]  (7.300 ns)

 <State 49>: 7.300ns
The critical path consists of the following:
	bus request operation ('gmem_load_2_req', main.cpp:206->main.cpp:268) on port 'gmem' (main.cpp:206->main.cpp:268) [45]  (7.300 ns)

 <State 50>: 7.300ns
The critical path consists of the following:
	bus request operation ('gmem_load_2_req', main.cpp:206->main.cpp:268) on port 'gmem' (main.cpp:206->main.cpp:268) [45]  (7.300 ns)

 <State 51>: 7.300ns
The critical path consists of the following:
	bus request operation ('gmem_load_2_req', main.cpp:206->main.cpp:268) on port 'gmem' (main.cpp:206->main.cpp:268) [45]  (7.300 ns)

 <State 52>: 7.300ns
The critical path consists of the following:
	bus request operation ('gmem_load_2_req', main.cpp:206->main.cpp:268) on port 'gmem' (main.cpp:206->main.cpp:268) [45]  (7.300 ns)

 <State 53>: 7.300ns
The critical path consists of the following:
	bus request operation ('gmem_load_2_req', main.cpp:206->main.cpp:268) on port 'gmem' (main.cpp:206->main.cpp:268) [45]  (7.300 ns)

 <State 54>: 7.300ns
The critical path consists of the following:
	bus request operation ('gmem_load_2_req', main.cpp:206->main.cpp:268) on port 'gmem' (main.cpp:206->main.cpp:268) [45]  (7.300 ns)

 <State 55>: 7.300ns
The critical path consists of the following:
	bus request operation ('gmem_load_2_req', main.cpp:206->main.cpp:268) on port 'gmem' (main.cpp:206->main.cpp:268) [45]  (7.300 ns)

 <State 56>: 7.300ns
The critical path consists of the following:
	bus request operation ('gmem_load_2_req', main.cpp:206->main.cpp:268) on port 'gmem' (main.cpp:206->main.cpp:268) [45]  (7.300 ns)

 <State 57>: 7.300ns
The critical path consists of the following:
	bus request operation ('gmem_load_2_req', main.cpp:206->main.cpp:268) on port 'gmem' (main.cpp:206->main.cpp:268) [45]  (7.300 ns)

 <State 58>: 7.300ns
The critical path consists of the following:
	bus request operation ('gmem_load_2_req', main.cpp:206->main.cpp:268) on port 'gmem' (main.cpp:206->main.cpp:268) [45]  (7.300 ns)

 <State 59>: 7.300ns
The critical path consists of the following:
	bus request operation ('gmem_load_2_req', main.cpp:206->main.cpp:268) on port 'gmem' (main.cpp:206->main.cpp:268) [45]  (7.300 ns)

 <State 60>: 7.300ns
The critical path consists of the following:
	bus request operation ('gmem_load_2_req', main.cpp:206->main.cpp:268) on port 'gmem' (main.cpp:206->main.cpp:268) [45]  (7.300 ns)

 <State 61>: 7.300ns
The critical path consists of the following:
	bus request operation ('gmem_load_2_req', main.cpp:206->main.cpp:268) on port 'gmem' (main.cpp:206->main.cpp:268) [45]  (7.300 ns)

 <State 62>: 7.300ns
The critical path consists of the following:
	bus request operation ('gmem_load_2_req', main.cpp:206->main.cpp:268) on port 'gmem' (main.cpp:206->main.cpp:268) [45]  (7.300 ns)

 <State 63>: 7.300ns
The critical path consists of the following:
	bus request operation ('gmem_load_2_req', main.cpp:206->main.cpp:268) on port 'gmem' (main.cpp:206->main.cpp:268) [45]  (7.300 ns)

 <State 64>: 7.300ns
The critical path consists of the following:
	bus request operation ('gmem_load_2_req', main.cpp:206->main.cpp:268) on port 'gmem' (main.cpp:206->main.cpp:268) [45]  (7.300 ns)

 <State 65>: 7.300ns
The critical path consists of the following:
	bus request operation ('gmem_load_2_req', main.cpp:206->main.cpp:268) on port 'gmem' (main.cpp:206->main.cpp:268) [45]  (7.300 ns)

 <State 66>: 7.300ns
The critical path consists of the following:
	bus request operation ('gmem_load_2_req', main.cpp:206->main.cpp:268) on port 'gmem' (main.cpp:206->main.cpp:268) [45]  (7.300 ns)

 <State 67>: 7.300ns
The critical path consists of the following:
	bus request operation ('gmem_load_2_req', main.cpp:206->main.cpp:268) on port 'gmem' (main.cpp:206->main.cpp:268) [45]  (7.300 ns)

 <State 68>: 7.300ns
The critical path consists of the following:
	bus request operation ('gmem_load_2_req', main.cpp:206->main.cpp:268) on port 'gmem' (main.cpp:206->main.cpp:268) [45]  (7.300 ns)

 <State 69>: 7.300ns
The critical path consists of the following:
	bus request operation ('gmem_load_2_req', main.cpp:206->main.cpp:268) on port 'gmem' (main.cpp:206->main.cpp:268) [45]  (7.300 ns)

 <State 70>: 7.300ns
The critical path consists of the following:
	bus request operation ('gmem_load_2_req', main.cpp:206->main.cpp:268) on port 'gmem' (main.cpp:206->main.cpp:268) [45]  (7.300 ns)

 <State 71>: 7.300ns
The critical path consists of the following:
	bus request operation ('gmem_load_2_req', main.cpp:206->main.cpp:268) on port 'gmem' (main.cpp:206->main.cpp:268) [45]  (7.300 ns)

 <State 72>: 7.300ns
The critical path consists of the following:
	bus request operation ('gmem_load_2_req', main.cpp:206->main.cpp:268) on port 'gmem' (main.cpp:206->main.cpp:268) [45]  (7.300 ns)

 <State 73>: 7.300ns
The critical path consists of the following:
	bus read operation ('gmem_addr_read', main.cpp:206->main.cpp:268) on port 'gmem' (main.cpp:206->main.cpp:268) [46]  (7.300 ns)

 <State 74>: 7.300ns
The critical path consists of the following:
	bus read operation ('gmem_addr_2_read', main.cpp:207->main.cpp:268) on port 'gmem' (main.cpp:207->main.cpp:268) [51]  (7.300 ns)

 <State 75>: 6.112ns
The critical path consists of the following:
	multiplexor before 'phi' operation ('empty', main.cpp:206->main.cpp:268) with incoming values : ('shiftreg_cast') ('gmem_addr_read', main.cpp:206->main.cpp:268) [54]  (0.460 ns)
	'phi' operation ('empty', main.cpp:206->main.cpp:268) with incoming values : ('shiftreg_cast') ('gmem_addr_read', main.cpp:206->main.cpp:268) [54]  (0.000 ns)
	multiplexor before operation 'sitodp' with delay (0.755 ns)
'sitodp' operation ('x', main.cpp:206->main.cpp:268) [59]  (4.897 ns)

 <State 76>: 5.652ns
The critical path consists of the following:
	'sitodp' operation ('x', main.cpp:206->main.cpp:268) [59]  (5.652 ns)

 <State 77>: 5.652ns
The critical path consists of the following:
	'sitodp' operation ('y', main.cpp:207->main.cpp:268) [62]  (5.652 ns)

 <State 78>: 5.580ns
The critical path consists of the following:
	'dmul' operation ('mul_i5', main.cpp:209->main.cpp:268) [64]  (5.580 ns)

 <State 79>: 5.580ns
The critical path consists of the following:
	'dmul' operation ('mul_i5', main.cpp:209->main.cpp:268) [64]  (5.580 ns)

 <State 80>: 5.580ns
The critical path consists of the following:
	'dmul' operation ('mul_i5', main.cpp:209->main.cpp:268) [64]  (5.580 ns)

 <State 81>: 5.158ns
The critical path consists of the following:
	'dsub' operation ('sub_i', main.cpp:209->main.cpp:268) [63]  (5.158 ns)

 <State 82>: 5.158ns
The critical path consists of the following:
	multiplexor before operation 'dsub' with delay (0.586 ns)
'dsub' operation ('temp', main.cpp:209->main.cpp:268) [65]  (4.572 ns)

 <State 83>: 5.158ns
The critical path consists of the following:
	'dsub' operation ('temp', main.cpp:209->main.cpp:268) [65]  (5.158 ns)

 <State 84>: 5.158ns
The critical path consists of the following:
	'dsub' operation ('temp', main.cpp:209->main.cpp:268) [65]  (5.158 ns)

 <State 85>: 5.158ns
The critical path consists of the following:
	'dsub' operation ('temp', main.cpp:209->main.cpp:268) [65]  (5.158 ns)

 <State 86>: 0.000ns
The critical path consists of the following:

 <State 87>: 5.580ns
The critical path consists of the following:
	multiplexor before operation 'dmul' with delay (0.657 ns)
'dmul' operation ('tempSquared', main.cpp:210->main.cpp:268) [66]  (4.923 ns)

 <State 88>: 5.580ns
The critical path consists of the following:
	'dmul' operation ('tempSquared', main.cpp:210->main.cpp:268) [66]  (5.580 ns)

 <State 89>: 5.580ns
The critical path consists of the following:
	'dmul' operation ('tempSquared', main.cpp:210->main.cpp:268) [66]  (5.580 ns)

 <State 90>: 5.580ns
The critical path consists of the following:
	'dmul' operation ('tempSquared', main.cpp:210->main.cpp:268) [66]  (5.580 ns)

 <State 91>: 0.000ns
The critical path consists of the following:

 <State 92>: 5.158ns
The critical path consists of the following:
	'load' operation ('f_1_load', main.cpp:212->main.cpp:268) on local variable 'f' [56]  (0.000 ns)
	multiplexor before operation 'dadd' with delay (0.671 ns)
'dadd' operation ('f', main.cpp:212->main.cpp:268) [67]  (4.487 ns)

 <State 93>: 5.158ns
The critical path consists of the following:
	'dadd' operation ('f', main.cpp:212->main.cpp:268) [67]  (5.158 ns)

 <State 94>: 5.158ns
The critical path consists of the following:
	'dadd' operation ('f', main.cpp:212->main.cpp:268) [67]  (5.158 ns)

 <State 95>: 5.618ns
The critical path consists of the following:
	'dadd' operation ('f', main.cpp:212->main.cpp:268) [67]  (5.158 ns)
	'store' operation ('store_ln204', main.cpp:204->main.cpp:268) of variable 'f', main.cpp:212->main.cpp:268 on local variable 'f' [69]  (0.460 ns)


============================================================
+ Verbose Summary: Binding
============================================================
N/A
* FSMD analyzer results:
  - Output states:
 - Input state : 
  - Chain level:
	State 1
	State 2
	State 3
	State 4
	State 5
	State 6
	State 7
	State 8
	State 9
	State 10
	State 11
	State 12
	State 13
	State 14
	State 15
	State 16
	State 17
	State 18
	State 19
	State 20
	State 21
	State 22
	State 23
	State 24
	State 25
	State 26
	State 27
	State 28
	State 29
	State 30
	State 31
	State 32
	State 33
	State 34
	State 35
	State 36
	State 37
	State 38
	State 39
	State 40
	State 41
	State 42
	State 43
	State 44
	State 45
	State 46
	State 47
	State 48
	State 49
	State 50
	State 51
	State 52
	State 53
	State 54
	State 55
	State 56
	State 57
	State 58
	State 59
	State 60
	State 61
	State 62
	State 63
	State 64
	State 65
	State 66
	State 67
	State 68
	State 69
	State 70
	State 71
	State 72
	State 73
	State 74
	State 75
	State 76
	State 77
	State 78
	State 79
	State 80
	State 81
	State 82
	State 83
	State 84
	State 85
	State 86
	State 87
	State 88
	State 89
	State 90
	State 91
	State 92
	State 93
	State 94
	State 95


============================================================
+ Verbose Summary: Datapath Resource usage 
============================================================
N/A
