

================================================================
== Vitis HLS Report for 'fit_Pipeline_VITIS_LOOP_148_1'
================================================================
* Date:           Thu Feb 27 15:44:25 2025

* Version:        2023.1 (Build 3854077 on May  4 2023)
* Project:        hls_fit
* Solution:       solution2 (Vitis Kernel Flow Target)
* Product family: virtexuplus
* Target device:  xcvu11p-flga2577-1-e


================================================================
== Performance Estimates
================================================================
+ Timing: 
    * Summary: 
    +--------+----------+----------+------------+
    |  Clock |  Target  | Estimated| Uncertainty|
    +--------+----------+----------+------------+
    |ap_clk  |  10.00 ns|  7.300 ns|     2.70 ns|
    +--------+----------+----------+------------+

+ Latency: 
    * Summary: 
    +---------+---------+----------+----------+-----+-----+---------+
    |  Latency (cycles) |  Latency (absolute) |  Interval | Pipeline|
    |   min   |   max   |    min   |    max   | min | max |   Type  |
    +---------+---------+----------+----------+-----+-----+---------+
    |        ?|        ?|         ?|         ?|    ?|    ?|       no|
    +---------+---------+----------+----------+-----+-----+---------+

    + Detail: 
        * Instance: 
        N/A

        * Loop: 
        +--------------------+---------+---------+----------+-----------+-----------+------+----------+
        |                    |  Latency (cycles) | Iteration|  Initiation Interval  | Trip |          |
        |      Loop Name     |   min   |   max   |  Latency |  achieved |   target  | Count| Pipelined|
        +--------------------+---------+---------+----------+-----------+-----------+------+----------+
        |- VITIS_LOOP_148_1  |        ?|        ?|       103|          3|          1|     ?|       yes|
        +--------------------+---------+---------+----------+-----------+-----------+------+----------+



================================================================
== Utilization Estimates
================================================================
* Summary: 
+---------------------+---------+------+---------+---------+-----+
|         Name        | BRAM_18K|  DSP |    FF   |   LUT   | URAM|
+---------------------+---------+------+---------+---------+-----+
|DSP                  |        -|     -|        -|        -|    -|
|Expression           |        -|     -|        0|     1607|    -|
|FIFO                 |        -|     -|        -|        -|    -|
|Instance             |        -|     -|        -|        -|    -|
|Memory               |        -|     -|        -|        -|    -|
|Multiplexer          |        -|     -|        -|      601|    -|
|Register             |        -|     -|     1896|      128|    -|
+---------------------+---------+------+---------+---------+-----+
|Total                |        0|     0|     1896|     2336|    0|
+---------------------+---------+------+---------+---------+-----+
|Available SLR        |     1344|  3072|   864000|   432000|  320|
+---------------------+---------+------+---------+---------+-----+
|Utilization SLR (%)  |        0|     0|       ~0|       ~0|    0|
+---------------------+---------+------+---------+---------+-----+
|Available            |     4032|  9216|  2592000|  1296000|  960|
+---------------------+---------+------+---------+---------+-----+
|Utilization (%)      |        0|     0|       ~0|       ~0|    0|
+---------------------+---------+------+---------+---------+-----+

+ Detail: 
    * Instance: 
    N/A

    * DSP: 
    N/A

    * Memory: 
    N/A

    * FIFO: 
    N/A

    * Expression: 
    +---------------------------+----------+----+---+-----+------------+------------+
    |       Variable Name       | Operation| DSP| FF| LUT | Bitwidth P0| Bitwidth P1|
    +---------------------------+----------+----+---+-----+------------+------------+
    |add_ln148_fu_332_p2        |         +|   0|  0|   38|          31|           1|
    |add_ln150_1_fu_372_p2      |         +|   0|  0|   12|           4|           4|
    |add_ln150_fu_278_p2        |         +|   0|  0|   71|          64|          64|
    |add_ln151_1_fu_398_p2      |         +|   0|  0|   12|           4|           4|
    |add_ln151_fu_304_p2        |         +|   0|  0|   71|          64|          64|
    |add_ln152_1_fu_402_p2      |         +|   0|  0|   12|           4|           4|
    |add_ln152_fu_318_p2        |         +|   0|  0|   71|          64|          64|
    |ap_block_pp0_stage0_00001  |       and|   0|  0|    2|           1|           1|
    |ap_block_state2_io         |       and|   0|  0|    2|           1|           1|
    |icmp_ln148_fu_260_p2       |      icmp|   0|  0|   39|          32|          32|
    |lshr_ln150_fu_388_p2       |      lshr|   0|  0|  423|         128|         128|
    |lshr_ln151_fu_417_p2       |      lshr|   0|  0|  423|         128|         128|
    |lshr_ln152_fu_438_p2       |      lshr|   0|  0|  423|         128|         128|
    |ap_block_pp0_stage0_11001  |        or|   0|  0|    2|           1|           1|
    |ap_block_pp0_stage1_11001  |        or|   0|  0|    2|           1|           1|
    |ap_block_pp0_stage2_11001  |        or|   0|  0|    2|           1|           1|
    |ap_enable_pp0              |       xor|   0|  0|    2|           1|           2|
    +---------------------------+----------+----+---+-----+------------+------------+
    |Total                      |          |   0|  0| 1607|         657|         628|
    +---------------------------+----------+----+---+-----+------------+------------+

    * Multiplexer: 
    +-----------------------------------+----+-----------+-----+-----------+
    |                Name               | LUT| Input Size| Bits| Total Bits|
    +-----------------------------------+----+-----------+-----+-----------+
    |Stt_fu_96                          |   9|          2|   64|        128|
    |ap_NS_fsm                          |  20|          4|    1|          4|
    |ap_done_int                        |   9|          2|    1|          2|
    |ap_enable_reg_pp0_iter0            |   9|          2|    1|          2|
    |ap_enable_reg_pp0_iter1            |   9|          2|    1|          2|
    |ap_enable_reg_pp0_iter34           |   9|          2|    1|          2|
    |ap_loop_exit_ready_pp0_iter10_reg  |   9|          2|    1|          2|
    |ap_loop_exit_ready_pp0_iter11_reg  |   9|          2|    1|          2|
    |ap_loop_exit_ready_pp0_iter12_reg  |   9|          2|    1|          2|
    |ap_loop_exit_ready_pp0_iter13_reg  |   9|          2|    1|          2|
    |ap_loop_exit_ready_pp0_iter14_reg  |   9|          2|    1|          2|
    |ap_loop_exit_ready_pp0_iter15_reg  |   9|          2|    1|          2|
    |ap_loop_exit_ready_pp0_iter16_reg  |   9|          2|    1|          2|
    |ap_loop_exit_ready_pp0_iter17_reg  |   9|          2|    1|          2|
    |ap_loop_exit_ready_pp0_iter18_reg  |   9|          2|    1|          2|
    |ap_loop_exit_ready_pp0_iter19_reg  |   9|          2|    1|          2|
    |ap_loop_exit_ready_pp0_iter1_reg   |   9|          2|    1|          2|
    |ap_loop_exit_ready_pp0_iter20_reg  |   9|          2|    1|          2|
    |ap_loop_exit_ready_pp0_iter21_reg  |   9|          2|    1|          2|
    |ap_loop_exit_ready_pp0_iter22_reg  |   9|          2|    1|          2|
    |ap_loop_exit_ready_pp0_iter23_reg  |   9|          2|    1|          2|
    |ap_loop_exit_ready_pp0_iter24_reg  |   9|          2|    1|          2|
    |ap_loop_exit_ready_pp0_iter25_reg  |   9|          2|    1|          2|
    |ap_loop_exit_ready_pp0_iter26_reg  |   9|          2|    1|          2|
    |ap_loop_exit_ready_pp0_iter27_reg  |   9|          2|    1|          2|
    |ap_loop_exit_ready_pp0_iter28_reg  |   9|          2|    1|          2|
    |ap_loop_exit_ready_pp0_iter29_reg  |   9|          2|    1|          2|
    |ap_loop_exit_ready_pp0_iter2_reg   |   9|          2|    1|          2|
    |ap_loop_exit_ready_pp0_iter30_reg  |   9|          2|    1|          2|
    |ap_loop_exit_ready_pp0_iter31_reg  |   9|          2|    1|          2|
    |ap_loop_exit_ready_pp0_iter32_reg  |   9|          2|    1|          2|
    |ap_loop_exit_ready_pp0_iter33_reg  |   9|          2|    1|          2|
    |ap_loop_exit_ready_pp0_iter3_reg   |   9|          2|    1|          2|
    |ap_loop_exit_ready_pp0_iter4_reg   |   9|          2|    1|          2|
    |ap_loop_exit_ready_pp0_iter5_reg   |   9|          2|    1|          2|
    |ap_loop_exit_ready_pp0_iter6_reg   |   9|          2|    1|          2|
    |ap_loop_exit_ready_pp0_iter7_reg   |   9|          2|    1|          2|
    |ap_loop_exit_ready_pp0_iter8_reg   |   9|          2|    1|          2|
    |ap_loop_exit_ready_pp0_iter9_reg   |   9|          2|    1|          2|
    |ap_sig_allocacmp_Stt_load          |   9|          2|   64|        128|
    |ap_sig_allocacmp_i_3               |   9|          2|   31|         62|
    |ap_sig_allocacmp_term2_load        |   9|          2|   64|        128|
    |gmem_blk_n_AR                      |   9|          2|    1|          2|
    |gmem_blk_n_R                       |   9|          2|    1|          2|
    |grp_fu_214_p0                      |  20|          4|   64|        256|
    |grp_fu_214_p1                      |  20|          4|   64|        256|
    |grp_fu_218_p0                      |  14|          3|   64|        192|
    |grp_fu_218_p1                      |  14|          3|   64|        192|
    |grp_fu_222_p0                      |  20|          4|   64|        256|
    |grp_fu_222_p1                      |  20|          4|   64|        256|
    |grp_fu_226_p0                      |  14|          3|   64|        192|
    |grp_fu_226_p1                      |  14|          3|   64|        192|
    |grp_fu_235_p0                      |  20|          4|   64|        256|
    |i_fu_100                           |   9|          2|   31|         62|
    |m_axi_gmem_ARADDR                  |  20|          4|   64|        256|
    |term2_fu_92                        |   9|          2|   64|        128|
    +-----------------------------------+----+-----------+-----+-----------+
    |Total                              | 601|        130|  998|       3022|
    +-----------------------------------+----+-----------+-----+-----------+

    * Register: 
    +-----------------------------------+-----+----+-----+-----------+
    |                Name               |  FF | LUT| Bits| Const Bits|
    +-----------------------------------+-----+----+-----+-----------+
    |Stt_fu_96                          |   64|   0|   64|          0|
    |add_ln150_1_reg_602                |    4|   0|    4|          0|
    |add_ln151_1_reg_617                |    4|   0|    4|          0|
    |add_ln152_1_reg_622                |    4|   0|    4|          0|
    |ap_CS_fsm                          |    3|   0|    3|          0|
    |ap_done_reg                        |    1|   0|    1|          0|
    |ap_enable_reg_pp0_iter0_reg        |    1|   0|    1|          0|
    |ap_enable_reg_pp0_iter1            |    1|   0|    1|          0|
    |ap_enable_reg_pp0_iter10           |    1|   0|    1|          0|
    |ap_enable_reg_pp0_iter11           |    1|   0|    1|          0|
    |ap_enable_reg_pp0_iter12           |    1|   0|    1|          0|
    |ap_enable_reg_pp0_iter13           |    1|   0|    1|          0|
    |ap_enable_reg_pp0_iter14           |    1|   0|    1|          0|
    |ap_enable_reg_pp0_iter15           |    1|   0|    1|          0|
    |ap_enable_reg_pp0_iter16           |    1|   0|    1|          0|
    |ap_enable_reg_pp0_iter17           |    1|   0|    1|          0|
    |ap_enable_reg_pp0_iter18           |    1|   0|    1|          0|
    |ap_enable_reg_pp0_iter19           |    1|   0|    1|          0|
    |ap_enable_reg_pp0_iter2            |    1|   0|    1|          0|
    |ap_enable_reg_pp0_iter20           |    1|   0|    1|          0|
    |ap_enable_reg_pp0_iter21           |    1|   0|    1|          0|
    |ap_enable_reg_pp0_iter22           |    1|   0|    1|          0|
    |ap_enable_reg_pp0_iter23           |    1|   0|    1|          0|
    |ap_enable_reg_pp0_iter24           |    1|   0|    1|          0|
    |ap_enable_reg_pp0_iter25           |    1|   0|    1|          0|
    |ap_enable_reg_pp0_iter26           |    1|   0|    1|          0|
    |ap_enable_reg_pp0_iter27           |    1|   0|    1|          0|
    |ap_enable_reg_pp0_iter28           |    1|   0|    1|          0|
    |ap_enable_reg_pp0_iter29           |    1|   0|    1|          0|
    |ap_enable_reg_pp0_iter3            |    1|   0|    1|          0|
    |ap_enable_reg_pp0_iter30           |    1|   0|    1|          0|
    |ap_enable_reg_pp0_iter31           |    1|   0|    1|          0|
    |ap_enable_reg_pp0_iter32           |    1|   0|    1|          0|
    |ap_enable_reg_pp0_iter33           |    1|   0|    1|          0|
    |ap_enable_reg_pp0_iter34           |    1|   0|    1|          0|
    |ap_enable_reg_pp0_iter4            |    1|   0|    1|          0|
    |ap_enable_reg_pp0_iter5            |    1|   0|    1|          0|
    |ap_enable_reg_pp0_iter6            |    1|   0|    1|          0|
    |ap_enable_reg_pp0_iter7            |    1|   0|    1|          0|
    |ap_enable_reg_pp0_iter8            |    1|   0|    1|          0|
    |ap_enable_reg_pp0_iter9            |    1|   0|    1|          0|
    |ap_loop_exit_ready_pp0_iter10_reg  |    1|   0|    1|          0|
    |ap_loop_exit_ready_pp0_iter11_reg  |    1|   0|    1|          0|
    |ap_loop_exit_ready_pp0_iter12_reg  |    1|   0|    1|          0|
    |ap_loop_exit_ready_pp0_iter13_reg  |    1|   0|    1|          0|
    |ap_loop_exit_ready_pp0_iter14_reg  |    1|   0|    1|          0|
    |ap_loop_exit_ready_pp0_iter15_reg  |    1|   0|    1|          0|
    |ap_loop_exit_ready_pp0_iter16_reg  |    1|   0|    1|          0|
    |ap_loop_exit_ready_pp0_iter17_reg  |    1|   0|    1|          0|
    |ap_loop_exit_ready_pp0_iter18_reg  |    1|   0|    1|          0|
    |ap_loop_exit_ready_pp0_iter19_reg  |    1|   0|    1|          0|
    |ap_loop_exit_ready_pp0_iter1_reg   |    1|   0|    1|          0|
    |ap_loop_exit_ready_pp0_iter20_reg  |    1|   0|    1|          0|
    |ap_loop_exit_ready_pp0_iter21_reg  |    1|   0|    1|          0|
    |ap_loop_exit_ready_pp0_iter22_reg  |    1|   0|    1|          0|
    |ap_loop_exit_ready_pp0_iter23_reg  |    1|   0|    1|          0|
    |ap_loop_exit_ready_pp0_iter24_reg  |    1|   0|    1|          0|
    |ap_loop_exit_ready_pp0_iter25_reg  |    1|   0|    1|          0|
    |ap_loop_exit_ready_pp0_iter26_reg  |    1|   0|    1|          0|
    |ap_loop_exit_ready_pp0_iter27_reg  |    1|   0|    1|          0|
    |ap_loop_exit_ready_pp0_iter28_reg  |    1|   0|    1|          0|
    |ap_loop_exit_ready_pp0_iter29_reg  |    1|   0|    1|          0|
    |ap_loop_exit_ready_pp0_iter2_reg   |    1|   0|    1|          0|
    |ap_loop_exit_ready_pp0_iter30_reg  |    1|   0|    1|          0|
    |ap_loop_exit_ready_pp0_iter31_reg  |    1|   0|    1|          0|
    |ap_loop_exit_ready_pp0_iter32_reg  |    1|   0|    1|          0|
    |ap_loop_exit_ready_pp0_iter33_reg  |    1|   0|    1|          0|
    |ap_loop_exit_ready_pp0_iter3_reg   |    1|   0|    1|          0|
    |ap_loop_exit_ready_pp0_iter4_reg   |    1|   0|    1|          0|
    |ap_loop_exit_ready_pp0_iter5_reg   |    1|   0|    1|          0|
    |ap_loop_exit_ready_pp0_iter6_reg   |    1|   0|    1|          0|
    |ap_loop_exit_ready_pp0_iter7_reg   |    1|   0|    1|          0|
    |ap_loop_exit_ready_pp0_iter8_reg   |    1|   0|    1|          0|
    |ap_loop_exit_ready_pp0_iter9_reg   |    1|   0|    1|          0|
    |gmem_addr_3_read_reg_612           |  128|   0|  128|          0|
    |gmem_addr_4_read_reg_638           |  128|   0|  128|          0|
    |gmem_addr_read_reg_597             |  128|   0|  128|          0|
    |i_3_reg_537                        |   31|   0|   31|          0|
    |i_fu_100                           |   31|   0|   31|          0|
    |icmp_ln148_reg_543                 |    1|   0|    1|          0|
    |mul14_i_reg_696                    |   64|   0|   64|          0|
    |mul16_i_reg_663                    |   64|   0|   64|          0|
    |overSig_reg_678                    |   64|   0|   64|          0|
    |sig_reg_653                        |   64|   0|   64|          0|
    |sub12_i_reg_658                    |   64|   0|   64|          0|
    |sub15_i_reg_668                    |   64|   0|   64|          0|
    |t_reg_684                          |   64|   0|   64|          0|
    |tempOverSigSquared_reg_706         |   64|   0|   64|          0|
    |tempOverSig_reg_690                |   64|   0|   64|          0|
    |temp_reg_673                       |   64|   0|   64|          0|
    |term2_fu_92                        |   64|   0|   64|          0|
    |trunc_ln150_2_reg_553              |   60|   0|   60|          0|
    |trunc_ln150_reg_574                |    1|   0|    1|          0|
    |trunc_ln2_reg_569                  |   60|   0|   60|          0|
    |trunc_ln8_reg_591                  |    1|   0|    4|          3|
    |trunc_ln9_reg_564                  |   60|   0|   60|          0|
    |x_reg_627                          |   64|   0|   64|          0|
    |y_reg_643                          |   64|   0|   64|          0|
    |zext_ln150_reg_547                 |   31|   0|   64|         33|
    |icmp_ln148_reg_543                 |   64|  32|    1|          0|
    |sub12_i_reg_658                    |   64|  32|   64|          0|
    |temp_reg_673                       |   64|  32|   64|          0|
    |trunc_ln150_reg_574                |   64|  32|    1|          0|
    +-----------------------------------+-----+----+-----+-----------+
    |Total                              | 1896| 128| 1806|         36|
    +-----------------------------------+-----+----+-----+-----------+



================================================================
== Interface
================================================================
* Summary: 
+---------------------+-----+-----+------------+-------------------------------+--------------+
|      RTL Ports      | Dir | Bits|  Protocol  |         Source Object         |    C Type    |
+---------------------+-----+-----+------------+-------------------------------+--------------+
|ap_clk               |   in|    1|  ap_ctrl_hs|  fit_Pipeline_VITIS_LOOP_148_1|  return value|
|ap_rst               |   in|    1|  ap_ctrl_hs|  fit_Pipeline_VITIS_LOOP_148_1|  return value|
|ap_start             |   in|    1|  ap_ctrl_hs|  fit_Pipeline_VITIS_LOOP_148_1|  return value|
|ap_done              |  out|    1|  ap_ctrl_hs|  fit_Pipeline_VITIS_LOOP_148_1|  return value|
|ap_idle              |  out|    1|  ap_ctrl_hs|  fit_Pipeline_VITIS_LOOP_148_1|  return value|
|ap_ready             |  out|    1|  ap_ctrl_hs|  fit_Pipeline_VITIS_LOOP_148_1|  return value|
|grp_fu_663_p_din0    |  out|   64|  ap_ctrl_hs|  fit_Pipeline_VITIS_LOOP_148_1|  return value|
|grp_fu_663_p_din1    |  out|   64|  ap_ctrl_hs|  fit_Pipeline_VITIS_LOOP_148_1|  return value|
|grp_fu_663_p_opcode  |  out|    1|  ap_ctrl_hs|  fit_Pipeline_VITIS_LOOP_148_1|  return value|
|grp_fu_663_p_dout0   |   in|   64|  ap_ctrl_hs|  fit_Pipeline_VITIS_LOOP_148_1|  return value|
|grp_fu_663_p_ce      |  out|    1|  ap_ctrl_hs|  fit_Pipeline_VITIS_LOOP_148_1|  return value|
|grp_fu_218_p_din0    |  out|   64|  ap_ctrl_hs|  fit_Pipeline_VITIS_LOOP_148_1|  return value|
|grp_fu_218_p_din1    |  out|   64|  ap_ctrl_hs|  fit_Pipeline_VITIS_LOOP_148_1|  return value|
|grp_fu_218_p_opcode  |  out|    2|  ap_ctrl_hs|  fit_Pipeline_VITIS_LOOP_148_1|  return value|
|grp_fu_218_p_dout0   |   in|   64|  ap_ctrl_hs|  fit_Pipeline_VITIS_LOOP_148_1|  return value|
|grp_fu_218_p_ce      |  out|    1|  ap_ctrl_hs|  fit_Pipeline_VITIS_LOOP_148_1|  return value|
|grp_fu_224_p_din0    |  out|   64|  ap_ctrl_hs|  fit_Pipeline_VITIS_LOOP_148_1|  return value|
|grp_fu_224_p_din1    |  out|   64|  ap_ctrl_hs|  fit_Pipeline_VITIS_LOOP_148_1|  return value|
|grp_fu_224_p_dout0   |   in|   64|  ap_ctrl_hs|  fit_Pipeline_VITIS_LOOP_148_1|  return value|
|grp_fu_224_p_ce      |  out|    1|  ap_ctrl_hs|  fit_Pipeline_VITIS_LOOP_148_1|  return value|
|grp_fu_228_p_din0    |  out|   64|  ap_ctrl_hs|  fit_Pipeline_VITIS_LOOP_148_1|  return value|
|grp_fu_228_p_din1    |  out|   64|  ap_ctrl_hs|  fit_Pipeline_VITIS_LOOP_148_1|  return value|
|grp_fu_228_p_dout0   |   in|   64|  ap_ctrl_hs|  fit_Pipeline_VITIS_LOOP_148_1|  return value|
|grp_fu_228_p_ce      |  out|    1|  ap_ctrl_hs|  fit_Pipeline_VITIS_LOOP_148_1|  return value|
|grp_fu_240_p_din0    |  out|   64|  ap_ctrl_hs|  fit_Pipeline_VITIS_LOOP_148_1|  return value|
|grp_fu_240_p_din1    |  out|   64|  ap_ctrl_hs|  fit_Pipeline_VITIS_LOOP_148_1|  return value|
|grp_fu_240_p_dout0   |   in|   64|  ap_ctrl_hs|  fit_Pipeline_VITIS_LOOP_148_1|  return value|
|grp_fu_240_p_ce      |  out|    1|  ap_ctrl_hs|  fit_Pipeline_VITIS_LOOP_148_1|  return value|
|grp_fu_248_p_din0    |  out|   64|  ap_ctrl_hs|  fit_Pipeline_VITIS_LOOP_148_1|  return value|
|grp_fu_248_p_dout0   |   in|   64|  ap_ctrl_hs|  fit_Pipeline_VITIS_LOOP_148_1|  return value|
|grp_fu_248_p_ce      |  out|    1|  ap_ctrl_hs|  fit_Pipeline_VITIS_LOOP_148_1|  return value|
|m_axi_gmem_AWVALID   |  out|    1|       m_axi|                           gmem|       pointer|
|m_axi_gmem_AWREADY   |   in|    1|       m_axi|                           gmem|       pointer|
|m_axi_gmem_AWADDR    |  out|   64|       m_axi|                           gmem|       pointer|
|m_axi_gmem_AWID      |  out|    1|       m_axi|                           gmem|       pointer|
|m_axi_gmem_AWLEN     |  out|   32|       m_axi|                           gmem|       pointer|
|m_axi_gmem_AWSIZE    |  out|    3|       m_axi|                           gmem|       pointer|
|m_axi_gmem_AWBURST   |  out|    2|       m_axi|                           gmem|       pointer|
|m_axi_gmem_AWLOCK    |  out|    2|       m_axi|                           gmem|       pointer|
|m_axi_gmem_AWCACHE   |  out|    4|       m_axi|                           gmem|       pointer|
|m_axi_gmem_AWPROT    |  out|    3|       m_axi|                           gmem|       pointer|
|m_axi_gmem_AWQOS     |  out|    4|       m_axi|                           gmem|       pointer|
|m_axi_gmem_AWREGION  |  out|    4|       m_axi|                           gmem|       pointer|
|m_axi_gmem_AWUSER    |  out|    1|       m_axi|                           gmem|       pointer|
|m_axi_gmem_WVALID    |  out|    1|       m_axi|                           gmem|       pointer|
|m_axi_gmem_WREADY    |   in|    1|       m_axi|                           gmem|       pointer|
|m_axi_gmem_WDATA     |  out|  128|       m_axi|                           gmem|       pointer|
|m_axi_gmem_WSTRB     |  out|   16|       m_axi|                           gmem|       pointer|
|m_axi_gmem_WLAST     |  out|    1|       m_axi|                           gmem|       pointer|
|m_axi_gmem_WID       |  out|    1|       m_axi|                           gmem|       pointer|
|m_axi_gmem_WUSER     |  out|    1|       m_axi|                           gmem|       pointer|
|m_axi_gmem_ARVALID   |  out|    1|       m_axi|                           gmem|       pointer|
|m_axi_gmem_ARREADY   |   in|    1|       m_axi|                           gmem|       pointer|
|m_axi_gmem_ARADDR    |  out|   64|       m_axi|                           gmem|       pointer|
|m_axi_gmem_ARID      |  out|    1|       m_axi|                           gmem|       pointer|
|m_axi_gmem_ARLEN     |  out|   32|       m_axi|                           gmem|       pointer|
|m_axi_gmem_ARSIZE    |  out|    3|       m_axi|                           gmem|       pointer|
|m_axi_gmem_ARBURST   |  out|    2|       m_axi|                           gmem|       pointer|
|m_axi_gmem_ARLOCK    |  out|    2|       m_axi|                           gmem|       pointer|
|m_axi_gmem_ARCACHE   |  out|    4|       m_axi|                           gmem|       pointer|
|m_axi_gmem_ARPROT    |  out|    3|       m_axi|                           gmem|       pointer|
|m_axi_gmem_ARQOS     |  out|    4|       m_axi|                           gmem|       pointer|
|m_axi_gmem_ARREGION  |  out|    4|       m_axi|                           gmem|       pointer|
|m_axi_gmem_ARUSER    |  out|    1|       m_axi|                           gmem|       pointer|
|m_axi_gmem_RVALID    |   in|    1|       m_axi|                           gmem|       pointer|
|m_axi_gmem_RREADY    |  out|    1|       m_axi|                           gmem|       pointer|
|m_axi_gmem_RDATA     |   in|  128|       m_axi|                           gmem|       pointer|
|m_axi_gmem_RLAST     |   in|    1|       m_axi|                           gmem|       pointer|
|m_axi_gmem_RID       |   in|    1|       m_axi|                           gmem|       pointer|
|m_axi_gmem_RFIFONUM  |   in|    9|       m_axi|                           gmem|       pointer|
|m_axi_gmem_RUSER     |   in|    1|       m_axi|                           gmem|       pointer|
|m_axi_gmem_RRESP     |   in|    2|       m_axi|                           gmem|       pointer|
|m_axi_gmem_BVALID    |   in|    1|       m_axi|                           gmem|       pointer|
|m_axi_gmem_BREADY    |  out|    1|       m_axi|                           gmem|       pointer|
|m_axi_gmem_BRESP     |   in|    2|       m_axi|                           gmem|       pointer|
|m_axi_gmem_BID       |   in|    1|       m_axi|                           gmem|       pointer|
|m_axi_gmem_BUSER     |   in|    1|       m_axi|                           gmem|       pointer|
|size                 |   in|   32|     ap_none|                           size|        scalar|
|arrx                 |   in|   64|     ap_none|                           arrx|        scalar|
|trunc_ln             |   in|    4|     ap_none|                       trunc_ln|        scalar|
|arry                 |   in|   64|     ap_none|                           arry|        scalar|
|trunc_ln1            |   in|    4|     ap_none|                      trunc_ln1|        scalar|
|arrsigs              |   in|   64|     ap_none|                        arrsigs|        scalar|
|trunc_ln3            |   in|    4|     ap_none|                      trunc_ln3|        scalar|
|SxoS                 |   in|   64|     ap_none|                           SxoS|        scalar|
|a                    |   in|   64|     ap_none|                              a|        scalar|
|b                    |   in|   64|     ap_none|                              b|        scalar|
|Stt_out              |  out|   64|      ap_vld|                        Stt_out|       pointer|
|Stt_out_ap_vld       |  out|    1|      ap_vld|                        Stt_out|       pointer|
|term2_out            |  out|   64|      ap_vld|                      term2_out|       pointer|
|term2_out_ap_vld     |  out|    1|      ap_vld|                      term2_out|       pointer|
+---------------------+-----+-----+------------+-------------------------------+--------------+

============================================================
+ Verbose Summary: Synthesis Manager
============================================================
InlineROM: 1
ExposeGlobal: 0
============================================================
+ Verbose Summary: CDFG Model
============================================================
IsTopModel: 0
ResetActiveHigh: 1
IsCombinational: 2
IsDatapathOnly: 2
HasWiredReturn: 1
HasMFsm: 2
HasVarLatency: 1
IsPipeline: 0
IsRtlPipelined: 0
IsInstanceOverlapped: 0
IsDontTouch: 0
HasImplIP: 0
IsGatedGlobalClock: 0

+ Individual pipeline summary: 
  * Pipeline-0: initiation interval (II) = 3, depth = 103


============================================================
+ Verbose Summary: Schedule
============================================================
* Number of FSM states : 103
* Pipeline : 1
  Pipeline-0 : II = 3, D = 103, States = { 1 2 3 4 5 6 7 8 9 10 11 12 13 14 15 16 17 18 19 20 21 22 23 24 25 26 27 28 29 30 31 32 33 34 35 36 37 38 39 40 41 42 43 44 45 46 47 48 49 50 51 52 53 54 55 56 57 58 59 60 61 62 63 64 65 66 67 68 69 70 71 72 73 74 75 76 77 78 79 80 81 82 83 84 85 86 87 88 89 90 91 92 93 94 95 96 97 98 99 100 101 102 103 }
* Dataflow Pipeline: 0

* FSM state transitions: 
1 --> 2 
2 --> 3 
3 --> 4 
4 --> 5 
5 --> 6 
6 --> 7 
7 --> 8 
8 --> 9 
9 --> 10 
10 --> 11 
11 --> 12 
12 --> 13 
13 --> 14 
14 --> 15 
15 --> 16 
16 --> 17 
17 --> 18 
18 --> 19 
19 --> 20 
20 --> 21 
21 --> 22 
22 --> 23 
23 --> 24 
24 --> 25 
25 --> 26 
26 --> 27 
27 --> 28 
28 --> 29 
29 --> 30 
30 --> 31 
31 --> 32 
32 --> 33 
33 --> 34 
34 --> 35 
35 --> 36 
36 --> 37 
37 --> 38 
38 --> 39 
39 --> 40 
40 --> 41 
41 --> 42 
42 --> 43 
43 --> 44 
44 --> 45 
45 --> 46 
46 --> 47 
47 --> 48 
48 --> 49 
49 --> 50 
50 --> 51 
51 --> 52 
52 --> 53 
53 --> 54 
54 --> 55 
55 --> 56 
56 --> 57 
57 --> 58 
58 --> 59 
59 --> 60 
60 --> 61 
61 --> 62 
62 --> 63 
63 --> 64 
64 --> 65 
65 --> 66 
66 --> 67 
67 --> 68 
68 --> 69 
69 --> 70 
70 --> 71 
71 --> 72 
72 --> 73 
73 --> 74 
74 --> 75 
75 --> 76 
76 --> 77 
77 --> 78 
78 --> 79 
79 --> 80 
80 --> 81 
81 --> 82 
82 --> 83 
83 --> 84 
84 --> 85 
85 --> 86 
86 --> 87 
87 --> 88 
88 --> 89 
89 --> 90 
90 --> 91 
91 --> 92 
92 --> 93 
93 --> 94 
94 --> 95 
95 --> 96 
96 --> 97 
97 --> 98 
98 --> 99 
99 --> 100 
100 --> 101 
101 --> 102 
102 --> 103 
103 --> 

* FSM state operations: 

State 1 <SV = 0> <Delay = 1.36>
ST_1 : Operation 106 [1/1] (0.00ns)   --->   "%term2 = alloca i32 1"   --->   Operation 106 'alloca' 'term2' <Predicate = true> <Delay = 0.00>
ST_1 : Operation 107 [1/1] (0.00ns)   --->   "%Stt = alloca i32 1"   --->   Operation 107 'alloca' 'Stt' <Predicate = true> <Delay = 0.00>
ST_1 : Operation 108 [1/1] (0.00ns)   --->   "%i = alloca i32 1"   --->   Operation 108 'alloca' 'i' <Predicate = true> <Delay = 0.00>
ST_1 : Operation 109 [1/1] (0.00ns)   --->   "%specinterface_ln0 = specinterface void @_ssdm_op_SpecInterface, i128 %gmem, void @empty_14, i32 0, i32 0, void @empty_10, i32 64, i32 0, void @empty, void @empty_1, void @empty_10, i32 16, i32 16, i32 16, i32 16, void @empty_10, void @empty_10, i32 4294967295, i32 0"   --->   Operation 109 'specinterface' 'specinterface_ln0' <Predicate = true> <Delay = 0.00>
ST_1 : Operation 110 [1/1] (0.00ns)   --->   "%b_read = read i64 @_ssdm_op_Read.ap_auto.double, i64 %b"   --->   Operation 110 'read' 'b_read' <Predicate = true> <Delay = 0.00>
ST_1 : Operation 111 [1/1] (0.00ns)   --->   "%a_read = read i64 @_ssdm_op_Read.ap_auto.double, i64 %a"   --->   Operation 111 'read' 'a_read' <Predicate = true> <Delay = 0.00>
ST_1 : Operation 112 [1/1] (0.00ns)   --->   "%SxoS_read = read i64 @_ssdm_op_Read.ap_auto.double, i64 %SxoS"   --->   Operation 112 'read' 'SxoS_read' <Predicate = true> <Delay = 0.00>
ST_1 : Operation 113 [1/1] (0.00ns)   --->   "%trunc_ln3_read = read i4 @_ssdm_op_Read.ap_auto.i4, i4 %trunc_ln3"   --->   Operation 113 'read' 'trunc_ln3_read' <Predicate = true> <Delay = 0.00>
ST_1 : Operation 114 [1/1] (0.00ns)   --->   "%arrsigs_read = read i64 @_ssdm_op_Read.ap_auto.i64, i64 %arrsigs"   --->   Operation 114 'read' 'arrsigs_read' <Predicate = true> <Delay = 0.00>
ST_1 : Operation 115 [1/1] (0.00ns)   --->   "%trunc_ln1_read = read i4 @_ssdm_op_Read.ap_auto.i4, i4 %trunc_ln1"   --->   Operation 115 'read' 'trunc_ln1_read' <Predicate = true> <Delay = 0.00>
ST_1 : Operation 116 [1/1] (0.00ns)   --->   "%arry_read = read i64 @_ssdm_op_Read.ap_auto.i64, i64 %arry"   --->   Operation 116 'read' 'arry_read' <Predicate = true> <Delay = 0.00>
ST_1 : Operation 117 [1/1] (0.00ns)   --->   "%trunc_ln_read = read i4 @_ssdm_op_Read.ap_auto.i4, i4 %trunc_ln"   --->   Operation 117 'read' 'trunc_ln_read' <Predicate = true> <Delay = 0.00>
ST_1 : Operation 118 [1/1] (0.00ns)   --->   "%arrx_read = read i64 @_ssdm_op_Read.ap_auto.i64, i64 %arrx"   --->   Operation 118 'read' 'arrx_read' <Predicate = true> <Delay = 0.00>
ST_1 : Operation 119 [1/1] (0.00ns)   --->   "%size_read = read i32 @_ssdm_op_Read.ap_auto.i32, i32 %size"   --->   Operation 119 'read' 'size_read' <Predicate = true> <Delay = 0.00>
ST_1 : Operation 120 [1/1] (0.46ns)   --->   "%store_ln0 = store i31 0, i31 %i"   --->   Operation 120 'store' 'store_ln0' <Predicate = true> <Delay = 0.46>
ST_1 : Operation 121 [1/1] (0.46ns)   --->   "%store_ln0 = store i64 0, i64 %Stt"   --->   Operation 121 'store' 'store_ln0' <Predicate = true> <Delay = 0.46>
ST_1 : Operation 122 [1/1] (0.46ns)   --->   "%store_ln0 = store i64 0, i64 %term2"   --->   Operation 122 'store' 'store_ln0' <Predicate = true> <Delay = 0.46>
ST_1 : Operation 123 [1/1] (0.00ns)   --->   "%br_ln0 = br void %for.inc.i21"   --->   Operation 123 'br' 'br_ln0' <Predicate = true> <Delay = 0.00>
ST_1 : Operation 124 [1/1] (0.00ns)   --->   "%i_3 = load i31 %i" [main.cpp:150->main.cpp:272]   --->   Operation 124 'load' 'i_3' <Predicate = true> <Delay = 0.00>
ST_1 : Operation 125 [1/1] (0.00ns)   --->   "%i_4_cast = zext i31 %i_3" [main.cpp:150->main.cpp:272]   --->   Operation 125 'zext' 'i_4_cast' <Predicate = true> <Delay = 0.00>
ST_1 : Operation 126 [1/1] (1.14ns)   --->   "%icmp_ln148 = icmp_slt  i32 %i_4_cast, i32 %size_read" [main.cpp:148->main.cpp:272]   --->   Operation 126 'icmp' 'icmp_ln148' <Predicate = true> <Delay = 1.14> <CoreInst = "Cmp">   --->   Core 9 'Cmp' <Latency = 0> <II = 1> <Delay = 1.14> <FuncUnit> <Opcode : 'icmp'> <InPorts = 2> <OutPorts = 1>
ST_1 : Operation 127 [1/1] (0.00ns)   --->   "%br_ln148 = br i1 %icmp_ln148, void %calc_chi_squared.exit.loopexit.exitStub, void %for.inc.i21.split" [main.cpp:148->main.cpp:272]   --->   Operation 127 'br' 'br_ln148' <Predicate = true> <Delay = 0.00>
ST_1 : Operation 128 [1/1] (0.00ns)   --->   "%shl_ln5 = bitconcatenate i34 @_ssdm_op_BitConcatenate.i34.i31.i3, i31 %i_3, i3 0" [main.cpp:150->main.cpp:272]   --->   Operation 128 'bitconcatenate' 'shl_ln5' <Predicate = (icmp_ln148)> <Delay = 0.00>
ST_1 : Operation 129 [1/1] (0.00ns)   --->   "%zext_ln150 = zext i34 %shl_ln5" [main.cpp:150->main.cpp:272]   --->   Operation 129 'zext' 'zext_ln150' <Predicate = (icmp_ln148)> <Delay = 0.00>
ST_1 : Operation 130 [1/1] (1.36ns)   --->   "%add_ln150 = add i64 %zext_ln150, i64 %arrx_read" [main.cpp:150->main.cpp:272]   --->   Operation 130 'add' 'add_ln150' <Predicate = (icmp_ln148)> <Delay = 1.36> <CoreInst = "Adder">   --->   Core 1 'Adder' <Latency = 0> <II = 1> <Delay = 1.36> <FuncUnit> <Opcode : 'add' 'sub'> <InPorts = 2> <OutPorts = 1>
ST_1 : Operation 131 [1/1] (0.00ns)   --->   "%trunc_ln150_2 = partselect i60 @_ssdm_op_PartSelect.i60.i64.i32.i32, i64 %add_ln150, i32 4, i32 63" [main.cpp:150->main.cpp:272]   --->   Operation 131 'partselect' 'trunc_ln150_2' <Predicate = (icmp_ln148)> <Delay = 0.00>

State 2 <SV = 1> <Delay = 7.30>
ST_2 : Operation 132 [1/1] (0.00ns)   --->   "%sext_ln150 = sext i60 %trunc_ln150_2" [main.cpp:150->main.cpp:272]   --->   Operation 132 'sext' 'sext_ln150' <Predicate = (icmp_ln148)> <Delay = 0.00>
ST_2 : Operation 133 [1/1] (0.00ns)   --->   "%gmem_addr = getelementptr i128 %gmem, i64 %sext_ln150" [main.cpp:150->main.cpp:272]   --->   Operation 133 'getelementptr' 'gmem_addr' <Predicate = (icmp_ln148)> <Delay = 0.00>
ST_2 : Operation 134 [71/71] (7.30ns)   --->   "%gmem_load_7_req = readreq i1 @_ssdm_op_ReadReq.m_axi.i128P1A, i64 %gmem_addr, i32 1" [main.cpp:150->main.cpp:272]   --->   Operation 134 'readreq' 'gmem_load_7_req' <Predicate = (icmp_ln148)> <Delay = 7.30> <CoreInst = "m_axi">   --->   Core 121 'm_axi' <Latency = 0> <II = 1> <Delay = 1.00> <Adapter> <Opcode : 'read' 'write' 'readreq' 'writereq' 'writeresp'>
ST_2 : Operation 135 [1/1] (1.36ns)   --->   "%add_ln151 = add i64 %zext_ln150, i64 %arry_read" [main.cpp:151->main.cpp:272]   --->   Operation 135 'add' 'add_ln151' <Predicate = (icmp_ln148)> <Delay = 1.36> <CoreInst = "Adder">   --->   Core 1 'Adder' <Latency = 0> <II = 1> <Delay = 1.36> <FuncUnit> <Opcode : 'add' 'sub'> <InPorts = 2> <OutPorts = 1>
ST_2 : Operation 136 [1/1] (0.00ns)   --->   "%trunc_ln9 = partselect i60 @_ssdm_op_PartSelect.i60.i64.i32.i32, i64 %add_ln151, i32 4, i32 63" [main.cpp:151->main.cpp:272]   --->   Operation 136 'partselect' 'trunc_ln9' <Predicate = (icmp_ln148)> <Delay = 0.00>
ST_2 : Operation 137 [1/1] (1.36ns)   --->   "%add_ln152 = add i64 %zext_ln150, i64 %arrsigs_read" [main.cpp:152->main.cpp:272]   --->   Operation 137 'add' 'add_ln152' <Predicate = (icmp_ln148)> <Delay = 1.36> <CoreInst = "Adder">   --->   Core 1 'Adder' <Latency = 0> <II = 1> <Delay = 1.36> <FuncUnit> <Opcode : 'add' 'sub'> <InPorts = 2> <OutPorts = 1>
ST_2 : Operation 138 [1/1] (0.00ns)   --->   "%trunc_ln2 = partselect i60 @_ssdm_op_PartSelect.i60.i64.i32.i32, i64 %add_ln152, i32 4, i32 63" [main.cpp:152->main.cpp:272]   --->   Operation 138 'partselect' 'trunc_ln2' <Predicate = (icmp_ln148)> <Delay = 0.00>

State 3 <SV = 2> <Delay = 7.30>
ST_3 : Operation 139 [1/1] (0.00ns)   --->   "%specbitsmap_ln0 = specbitsmap void @_ssdm_op_SpecBitsMap, i128 %gmem"   --->   Operation 139 'specbitsmap' 'specbitsmap_ln0' <Predicate = true> <Delay = 0.00>
ST_3 : Operation 140 [1/1] (0.00ns)   --->   "%specpipeline_ln0 = specpipeline void @_ssdm_op_SpecPipeline, i32 4294967295, i32 0, i32 1, i32 0, void @p_str5"   --->   Operation 140 'specpipeline' 'specpipeline_ln0' <Predicate = true> <Delay = 0.00>
ST_3 : Operation 141 [1/1] (1.14ns)   --->   "%add_ln148 = add i31 %i_3, i31 1" [main.cpp:148->main.cpp:272]   --->   Operation 141 'add' 'add_ln148' <Predicate = true> <Delay = 1.14> <CoreInst = "Adder">   --->   Core 1 'Adder' <Latency = 0> <II = 1> <Delay = 1.14> <FuncUnit> <Opcode : 'add' 'sub'> <InPorts = 2> <OutPorts = 1>
ST_3 : Operation 142 [1/1] (0.00ns)   --->   "%trunc_ln150 = trunc i31 %i_3" [main.cpp:150->main.cpp:272]   --->   Operation 142 'trunc' 'trunc_ln150' <Predicate = (icmp_ln148)> <Delay = 0.00>
ST_3 : Operation 143 [70/71] (7.30ns)   --->   "%gmem_load_7_req = readreq i1 @_ssdm_op_ReadReq.m_axi.i128P1A, i64 %gmem_addr, i32 1" [main.cpp:150->main.cpp:272]   --->   Operation 143 'readreq' 'gmem_load_7_req' <Predicate = (icmp_ln148)> <Delay = 7.30> <CoreInst = "m_axi">   --->   Core 121 'm_axi' <Latency = 0> <II = 1> <Delay = 1.00> <Adapter> <Opcode : 'read' 'write' 'readreq' 'writereq' 'writeresp'>
ST_3 : Operation 144 [1/1] (0.00ns)   --->   "%sext_ln151 = sext i60 %trunc_ln9" [main.cpp:151->main.cpp:272]   --->   Operation 144 'sext' 'sext_ln151' <Predicate = (icmp_ln148)> <Delay = 0.00>
ST_3 : Operation 145 [1/1] (0.00ns)   --->   "%gmem_addr_3 = getelementptr i128 %gmem, i64 %sext_ln151" [main.cpp:151->main.cpp:272]   --->   Operation 145 'getelementptr' 'gmem_addr_3' <Predicate = (icmp_ln148)> <Delay = 0.00>
ST_3 : Operation 146 [71/71] (7.30ns)   --->   "%gmem_load_8_req = readreq i1 @_ssdm_op_ReadReq.m_axi.i128P1A, i64 %gmem_addr_3, i32 1" [main.cpp:151->main.cpp:272]   --->   Operation 146 'readreq' 'gmem_load_8_req' <Predicate = (icmp_ln148)> <Delay = 7.30> <CoreInst = "m_axi">   --->   Core 121 'm_axi' <Latency = 0> <II = 1> <Delay = 1.00> <Adapter> <Opcode : 'read' 'write' 'readreq' 'writereq' 'writeresp'>
ST_3 : Operation 147 [1/1] (0.46ns)   --->   "%store_ln148 = store i31 %add_ln148, i31 %i" [main.cpp:148->main.cpp:272]   --->   Operation 147 'store' 'store_ln148' <Predicate = (icmp_ln148)> <Delay = 0.46>

State 4 <SV = 3> <Delay = 7.30>
ST_4 : Operation 148 [69/71] (7.30ns)   --->   "%gmem_load_7_req = readreq i1 @_ssdm_op_ReadReq.m_axi.i128P1A, i64 %gmem_addr, i32 1" [main.cpp:150->main.cpp:272]   --->   Operation 148 'readreq' 'gmem_load_7_req' <Predicate = true> <Delay = 7.30> <CoreInst = "m_axi">   --->   Core 121 'm_axi' <Latency = 0> <II = 1> <Delay = 1.00> <Adapter> <Opcode : 'read' 'write' 'readreq' 'writereq' 'writeresp'>
ST_4 : Operation 149 [70/71] (7.30ns)   --->   "%gmem_load_8_req = readreq i1 @_ssdm_op_ReadReq.m_axi.i128P1A, i64 %gmem_addr_3, i32 1" [main.cpp:151->main.cpp:272]   --->   Operation 149 'readreq' 'gmem_load_8_req' <Predicate = true> <Delay = 7.30> <CoreInst = "m_axi">   --->   Core 121 'm_axi' <Latency = 0> <II = 1> <Delay = 1.00> <Adapter> <Opcode : 'read' 'write' 'readreq' 'writereq' 'writeresp'>
ST_4 : Operation 150 [1/1] (0.00ns)   --->   "%sext_ln152 = sext i60 %trunc_ln2" [main.cpp:152->main.cpp:272]   --->   Operation 150 'sext' 'sext_ln152' <Predicate = true> <Delay = 0.00>
ST_4 : Operation 151 [1/1] (0.00ns)   --->   "%gmem_addr_4 = getelementptr i128 %gmem, i64 %sext_ln152" [main.cpp:152->main.cpp:272]   --->   Operation 151 'getelementptr' 'gmem_addr_4' <Predicate = true> <Delay = 0.00>
ST_4 : Operation 152 [71/71] (7.30ns)   --->   "%gmem_load_9_req = readreq i1 @_ssdm_op_ReadReq.m_axi.i128P1A, i64 %gmem_addr_4, i32 1" [main.cpp:152->main.cpp:272]   --->   Operation 152 'readreq' 'gmem_load_9_req' <Predicate = true> <Delay = 7.30> <CoreInst = "m_axi">   --->   Core 121 'm_axi' <Latency = 0> <II = 1> <Delay = 1.00> <Adapter> <Opcode : 'read' 'write' 'readreq' 'writereq' 'writeresp'>

State 5 <SV = 4> <Delay = 7.30>
ST_5 : Operation 153 [68/71] (7.30ns)   --->   "%gmem_load_7_req = readreq i1 @_ssdm_op_ReadReq.m_axi.i128P1A, i64 %gmem_addr, i32 1" [main.cpp:150->main.cpp:272]   --->   Operation 153 'readreq' 'gmem_load_7_req' <Predicate = true> <Delay = 7.30> <CoreInst = "m_axi">   --->   Core 121 'm_axi' <Latency = 0> <II = 1> <Delay = 1.00> <Adapter> <Opcode : 'read' 'write' 'readreq' 'writereq' 'writeresp'>
ST_5 : Operation 154 [69/71] (7.30ns)   --->   "%gmem_load_8_req = readreq i1 @_ssdm_op_ReadReq.m_axi.i128P1A, i64 %gmem_addr_3, i32 1" [main.cpp:151->main.cpp:272]   --->   Operation 154 'readreq' 'gmem_load_8_req' <Predicate = true> <Delay = 7.30> <CoreInst = "m_axi">   --->   Core 121 'm_axi' <Latency = 0> <II = 1> <Delay = 1.00> <Adapter> <Opcode : 'read' 'write' 'readreq' 'writereq' 'writeresp'>
ST_5 : Operation 155 [70/71] (7.30ns)   --->   "%gmem_load_9_req = readreq i1 @_ssdm_op_ReadReq.m_axi.i128P1A, i64 %gmem_addr_4, i32 1" [main.cpp:152->main.cpp:272]   --->   Operation 155 'readreq' 'gmem_load_9_req' <Predicate = true> <Delay = 7.30> <CoreInst = "m_axi">   --->   Core 121 'm_axi' <Latency = 0> <II = 1> <Delay = 1.00> <Adapter> <Opcode : 'read' 'write' 'readreq' 'writereq' 'writeresp'>

State 6 <SV = 5> <Delay = 7.30>
ST_6 : Operation 156 [67/71] (7.30ns)   --->   "%gmem_load_7_req = readreq i1 @_ssdm_op_ReadReq.m_axi.i128P1A, i64 %gmem_addr, i32 1" [main.cpp:150->main.cpp:272]   --->   Operation 156 'readreq' 'gmem_load_7_req' <Predicate = true> <Delay = 7.30> <CoreInst = "m_axi">   --->   Core 121 'm_axi' <Latency = 0> <II = 1> <Delay = 1.00> <Adapter> <Opcode : 'read' 'write' 'readreq' 'writereq' 'writeresp'>
ST_6 : Operation 157 [68/71] (7.30ns)   --->   "%gmem_load_8_req = readreq i1 @_ssdm_op_ReadReq.m_axi.i128P1A, i64 %gmem_addr_3, i32 1" [main.cpp:151->main.cpp:272]   --->   Operation 157 'readreq' 'gmem_load_8_req' <Predicate = true> <Delay = 7.30> <CoreInst = "m_axi">   --->   Core 121 'm_axi' <Latency = 0> <II = 1> <Delay = 1.00> <Adapter> <Opcode : 'read' 'write' 'readreq' 'writereq' 'writeresp'>
ST_6 : Operation 158 [69/71] (7.30ns)   --->   "%gmem_load_9_req = readreq i1 @_ssdm_op_ReadReq.m_axi.i128P1A, i64 %gmem_addr_4, i32 1" [main.cpp:152->main.cpp:272]   --->   Operation 158 'readreq' 'gmem_load_9_req' <Predicate = true> <Delay = 7.30> <CoreInst = "m_axi">   --->   Core 121 'm_axi' <Latency = 0> <II = 1> <Delay = 1.00> <Adapter> <Opcode : 'read' 'write' 'readreq' 'writereq' 'writeresp'>

State 7 <SV = 6> <Delay = 7.30>
ST_7 : Operation 159 [66/71] (7.30ns)   --->   "%gmem_load_7_req = readreq i1 @_ssdm_op_ReadReq.m_axi.i128P1A, i64 %gmem_addr, i32 1" [main.cpp:150->main.cpp:272]   --->   Operation 159 'readreq' 'gmem_load_7_req' <Predicate = true> <Delay = 7.30> <CoreInst = "m_axi">   --->   Core 121 'm_axi' <Latency = 0> <II = 1> <Delay = 1.00> <Adapter> <Opcode : 'read' 'write' 'readreq' 'writereq' 'writeresp'>
ST_7 : Operation 160 [67/71] (7.30ns)   --->   "%gmem_load_8_req = readreq i1 @_ssdm_op_ReadReq.m_axi.i128P1A, i64 %gmem_addr_3, i32 1" [main.cpp:151->main.cpp:272]   --->   Operation 160 'readreq' 'gmem_load_8_req' <Predicate = true> <Delay = 7.30> <CoreInst = "m_axi">   --->   Core 121 'm_axi' <Latency = 0> <II = 1> <Delay = 1.00> <Adapter> <Opcode : 'read' 'write' 'readreq' 'writereq' 'writeresp'>
ST_7 : Operation 161 [68/71] (7.30ns)   --->   "%gmem_load_9_req = readreq i1 @_ssdm_op_ReadReq.m_axi.i128P1A, i64 %gmem_addr_4, i32 1" [main.cpp:152->main.cpp:272]   --->   Operation 161 'readreq' 'gmem_load_9_req' <Predicate = true> <Delay = 7.30> <CoreInst = "m_axi">   --->   Core 121 'm_axi' <Latency = 0> <II = 1> <Delay = 1.00> <Adapter> <Opcode : 'read' 'write' 'readreq' 'writereq' 'writeresp'>

State 8 <SV = 7> <Delay = 7.30>
ST_8 : Operation 162 [65/71] (7.30ns)   --->   "%gmem_load_7_req = readreq i1 @_ssdm_op_ReadReq.m_axi.i128P1A, i64 %gmem_addr, i32 1" [main.cpp:150->main.cpp:272]   --->   Operation 162 'readreq' 'gmem_load_7_req' <Predicate = true> <Delay = 7.30> <CoreInst = "m_axi">   --->   Core 121 'm_axi' <Latency = 0> <II = 1> <Delay = 1.00> <Adapter> <Opcode : 'read' 'write' 'readreq' 'writereq' 'writeresp'>
ST_8 : Operation 163 [66/71] (7.30ns)   --->   "%gmem_load_8_req = readreq i1 @_ssdm_op_ReadReq.m_axi.i128P1A, i64 %gmem_addr_3, i32 1" [main.cpp:151->main.cpp:272]   --->   Operation 163 'readreq' 'gmem_load_8_req' <Predicate = true> <Delay = 7.30> <CoreInst = "m_axi">   --->   Core 121 'm_axi' <Latency = 0> <II = 1> <Delay = 1.00> <Adapter> <Opcode : 'read' 'write' 'readreq' 'writereq' 'writeresp'>
ST_8 : Operation 164 [67/71] (7.30ns)   --->   "%gmem_load_9_req = readreq i1 @_ssdm_op_ReadReq.m_axi.i128P1A, i64 %gmem_addr_4, i32 1" [main.cpp:152->main.cpp:272]   --->   Operation 164 'readreq' 'gmem_load_9_req' <Predicate = true> <Delay = 7.30> <CoreInst = "m_axi">   --->   Core 121 'm_axi' <Latency = 0> <II = 1> <Delay = 1.00> <Adapter> <Opcode : 'read' 'write' 'readreq' 'writereq' 'writeresp'>

State 9 <SV = 8> <Delay = 7.30>
ST_9 : Operation 165 [64/71] (7.30ns)   --->   "%gmem_load_7_req = readreq i1 @_ssdm_op_ReadReq.m_axi.i128P1A, i64 %gmem_addr, i32 1" [main.cpp:150->main.cpp:272]   --->   Operation 165 'readreq' 'gmem_load_7_req' <Predicate = true> <Delay = 7.30> <CoreInst = "m_axi">   --->   Core 121 'm_axi' <Latency = 0> <II = 1> <Delay = 1.00> <Adapter> <Opcode : 'read' 'write' 'readreq' 'writereq' 'writeresp'>
ST_9 : Operation 166 [65/71] (7.30ns)   --->   "%gmem_load_8_req = readreq i1 @_ssdm_op_ReadReq.m_axi.i128P1A, i64 %gmem_addr_3, i32 1" [main.cpp:151->main.cpp:272]   --->   Operation 166 'readreq' 'gmem_load_8_req' <Predicate = true> <Delay = 7.30> <CoreInst = "m_axi">   --->   Core 121 'm_axi' <Latency = 0> <II = 1> <Delay = 1.00> <Adapter> <Opcode : 'read' 'write' 'readreq' 'writereq' 'writeresp'>
ST_9 : Operation 167 [66/71] (7.30ns)   --->   "%gmem_load_9_req = readreq i1 @_ssdm_op_ReadReq.m_axi.i128P1A, i64 %gmem_addr_4, i32 1" [main.cpp:152->main.cpp:272]   --->   Operation 167 'readreq' 'gmem_load_9_req' <Predicate = true> <Delay = 7.30> <CoreInst = "m_axi">   --->   Core 121 'm_axi' <Latency = 0> <II = 1> <Delay = 1.00> <Adapter> <Opcode : 'read' 'write' 'readreq' 'writereq' 'writeresp'>

State 10 <SV = 9> <Delay = 7.30>
ST_10 : Operation 168 [63/71] (7.30ns)   --->   "%gmem_load_7_req = readreq i1 @_ssdm_op_ReadReq.m_axi.i128P1A, i64 %gmem_addr, i32 1" [main.cpp:150->main.cpp:272]   --->   Operation 168 'readreq' 'gmem_load_7_req' <Predicate = true> <Delay = 7.30> <CoreInst = "m_axi">   --->   Core 121 'm_axi' <Latency = 0> <II = 1> <Delay = 1.00> <Adapter> <Opcode : 'read' 'write' 'readreq' 'writereq' 'writeresp'>
ST_10 : Operation 169 [64/71] (7.30ns)   --->   "%gmem_load_8_req = readreq i1 @_ssdm_op_ReadReq.m_axi.i128P1A, i64 %gmem_addr_3, i32 1" [main.cpp:151->main.cpp:272]   --->   Operation 169 'readreq' 'gmem_load_8_req' <Predicate = true> <Delay = 7.30> <CoreInst = "m_axi">   --->   Core 121 'm_axi' <Latency = 0> <II = 1> <Delay = 1.00> <Adapter> <Opcode : 'read' 'write' 'readreq' 'writereq' 'writeresp'>
ST_10 : Operation 170 [65/71] (7.30ns)   --->   "%gmem_load_9_req = readreq i1 @_ssdm_op_ReadReq.m_axi.i128P1A, i64 %gmem_addr_4, i32 1" [main.cpp:152->main.cpp:272]   --->   Operation 170 'readreq' 'gmem_load_9_req' <Predicate = true> <Delay = 7.30> <CoreInst = "m_axi">   --->   Core 121 'm_axi' <Latency = 0> <II = 1> <Delay = 1.00> <Adapter> <Opcode : 'read' 'write' 'readreq' 'writereq' 'writeresp'>

State 11 <SV = 10> <Delay = 7.30>
ST_11 : Operation 171 [62/71] (7.30ns)   --->   "%gmem_load_7_req = readreq i1 @_ssdm_op_ReadReq.m_axi.i128P1A, i64 %gmem_addr, i32 1" [main.cpp:150->main.cpp:272]   --->   Operation 171 'readreq' 'gmem_load_7_req' <Predicate = true> <Delay = 7.30> <CoreInst = "m_axi">   --->   Core 121 'm_axi' <Latency = 0> <II = 1> <Delay = 1.00> <Adapter> <Opcode : 'read' 'write' 'readreq' 'writereq' 'writeresp'>
ST_11 : Operation 172 [63/71] (7.30ns)   --->   "%gmem_load_8_req = readreq i1 @_ssdm_op_ReadReq.m_axi.i128P1A, i64 %gmem_addr_3, i32 1" [main.cpp:151->main.cpp:272]   --->   Operation 172 'readreq' 'gmem_load_8_req' <Predicate = true> <Delay = 7.30> <CoreInst = "m_axi">   --->   Core 121 'm_axi' <Latency = 0> <II = 1> <Delay = 1.00> <Adapter> <Opcode : 'read' 'write' 'readreq' 'writereq' 'writeresp'>
ST_11 : Operation 173 [64/71] (7.30ns)   --->   "%gmem_load_9_req = readreq i1 @_ssdm_op_ReadReq.m_axi.i128P1A, i64 %gmem_addr_4, i32 1" [main.cpp:152->main.cpp:272]   --->   Operation 173 'readreq' 'gmem_load_9_req' <Predicate = true> <Delay = 7.30> <CoreInst = "m_axi">   --->   Core 121 'm_axi' <Latency = 0> <II = 1> <Delay = 1.00> <Adapter> <Opcode : 'read' 'write' 'readreq' 'writereq' 'writeresp'>

State 12 <SV = 11> <Delay = 7.30>
ST_12 : Operation 174 [61/71] (7.30ns)   --->   "%gmem_load_7_req = readreq i1 @_ssdm_op_ReadReq.m_axi.i128P1A, i64 %gmem_addr, i32 1" [main.cpp:150->main.cpp:272]   --->   Operation 174 'readreq' 'gmem_load_7_req' <Predicate = true> <Delay = 7.30> <CoreInst = "m_axi">   --->   Core 121 'm_axi' <Latency = 0> <II = 1> <Delay = 1.00> <Adapter> <Opcode : 'read' 'write' 'readreq' 'writereq' 'writeresp'>
ST_12 : Operation 175 [62/71] (7.30ns)   --->   "%gmem_load_8_req = readreq i1 @_ssdm_op_ReadReq.m_axi.i128P1A, i64 %gmem_addr_3, i32 1" [main.cpp:151->main.cpp:272]   --->   Operation 175 'readreq' 'gmem_load_8_req' <Predicate = true> <Delay = 7.30> <CoreInst = "m_axi">   --->   Core 121 'm_axi' <Latency = 0> <II = 1> <Delay = 1.00> <Adapter> <Opcode : 'read' 'write' 'readreq' 'writereq' 'writeresp'>
ST_12 : Operation 176 [63/71] (7.30ns)   --->   "%gmem_load_9_req = readreq i1 @_ssdm_op_ReadReq.m_axi.i128P1A, i64 %gmem_addr_4, i32 1" [main.cpp:152->main.cpp:272]   --->   Operation 176 'readreq' 'gmem_load_9_req' <Predicate = true> <Delay = 7.30> <CoreInst = "m_axi">   --->   Core 121 'm_axi' <Latency = 0> <II = 1> <Delay = 1.00> <Adapter> <Opcode : 'read' 'write' 'readreq' 'writereq' 'writeresp'>

State 13 <SV = 12> <Delay = 7.30>
ST_13 : Operation 177 [60/71] (7.30ns)   --->   "%gmem_load_7_req = readreq i1 @_ssdm_op_ReadReq.m_axi.i128P1A, i64 %gmem_addr, i32 1" [main.cpp:150->main.cpp:272]   --->   Operation 177 'readreq' 'gmem_load_7_req' <Predicate = true> <Delay = 7.30> <CoreInst = "m_axi">   --->   Core 121 'm_axi' <Latency = 0> <II = 1> <Delay = 1.00> <Adapter> <Opcode : 'read' 'write' 'readreq' 'writereq' 'writeresp'>
ST_13 : Operation 178 [61/71] (7.30ns)   --->   "%gmem_load_8_req = readreq i1 @_ssdm_op_ReadReq.m_axi.i128P1A, i64 %gmem_addr_3, i32 1" [main.cpp:151->main.cpp:272]   --->   Operation 178 'readreq' 'gmem_load_8_req' <Predicate = true> <Delay = 7.30> <CoreInst = "m_axi">   --->   Core 121 'm_axi' <Latency = 0> <II = 1> <Delay = 1.00> <Adapter> <Opcode : 'read' 'write' 'readreq' 'writereq' 'writeresp'>
ST_13 : Operation 179 [62/71] (7.30ns)   --->   "%gmem_load_9_req = readreq i1 @_ssdm_op_ReadReq.m_axi.i128P1A, i64 %gmem_addr_4, i32 1" [main.cpp:152->main.cpp:272]   --->   Operation 179 'readreq' 'gmem_load_9_req' <Predicate = true> <Delay = 7.30> <CoreInst = "m_axi">   --->   Core 121 'm_axi' <Latency = 0> <II = 1> <Delay = 1.00> <Adapter> <Opcode : 'read' 'write' 'readreq' 'writereq' 'writeresp'>

State 14 <SV = 13> <Delay = 7.30>
ST_14 : Operation 180 [59/71] (7.30ns)   --->   "%gmem_load_7_req = readreq i1 @_ssdm_op_ReadReq.m_axi.i128P1A, i64 %gmem_addr, i32 1" [main.cpp:150->main.cpp:272]   --->   Operation 180 'readreq' 'gmem_load_7_req' <Predicate = true> <Delay = 7.30> <CoreInst = "m_axi">   --->   Core 121 'm_axi' <Latency = 0> <II = 1> <Delay = 1.00> <Adapter> <Opcode : 'read' 'write' 'readreq' 'writereq' 'writeresp'>
ST_14 : Operation 181 [60/71] (7.30ns)   --->   "%gmem_load_8_req = readreq i1 @_ssdm_op_ReadReq.m_axi.i128P1A, i64 %gmem_addr_3, i32 1" [main.cpp:151->main.cpp:272]   --->   Operation 181 'readreq' 'gmem_load_8_req' <Predicate = true> <Delay = 7.30> <CoreInst = "m_axi">   --->   Core 121 'm_axi' <Latency = 0> <II = 1> <Delay = 1.00> <Adapter> <Opcode : 'read' 'write' 'readreq' 'writereq' 'writeresp'>
ST_14 : Operation 182 [61/71] (7.30ns)   --->   "%gmem_load_9_req = readreq i1 @_ssdm_op_ReadReq.m_axi.i128P1A, i64 %gmem_addr_4, i32 1" [main.cpp:152->main.cpp:272]   --->   Operation 182 'readreq' 'gmem_load_9_req' <Predicate = true> <Delay = 7.30> <CoreInst = "m_axi">   --->   Core 121 'm_axi' <Latency = 0> <II = 1> <Delay = 1.00> <Adapter> <Opcode : 'read' 'write' 'readreq' 'writereq' 'writeresp'>

State 15 <SV = 14> <Delay = 7.30>
ST_15 : Operation 183 [58/71] (7.30ns)   --->   "%gmem_load_7_req = readreq i1 @_ssdm_op_ReadReq.m_axi.i128P1A, i64 %gmem_addr, i32 1" [main.cpp:150->main.cpp:272]   --->   Operation 183 'readreq' 'gmem_load_7_req' <Predicate = true> <Delay = 7.30> <CoreInst = "m_axi">   --->   Core 121 'm_axi' <Latency = 0> <II = 1> <Delay = 1.00> <Adapter> <Opcode : 'read' 'write' 'readreq' 'writereq' 'writeresp'>
ST_15 : Operation 184 [59/71] (7.30ns)   --->   "%gmem_load_8_req = readreq i1 @_ssdm_op_ReadReq.m_axi.i128P1A, i64 %gmem_addr_3, i32 1" [main.cpp:151->main.cpp:272]   --->   Operation 184 'readreq' 'gmem_load_8_req' <Predicate = true> <Delay = 7.30> <CoreInst = "m_axi">   --->   Core 121 'm_axi' <Latency = 0> <II = 1> <Delay = 1.00> <Adapter> <Opcode : 'read' 'write' 'readreq' 'writereq' 'writeresp'>
ST_15 : Operation 185 [60/71] (7.30ns)   --->   "%gmem_load_9_req = readreq i1 @_ssdm_op_ReadReq.m_axi.i128P1A, i64 %gmem_addr_4, i32 1" [main.cpp:152->main.cpp:272]   --->   Operation 185 'readreq' 'gmem_load_9_req' <Predicate = true> <Delay = 7.30> <CoreInst = "m_axi">   --->   Core 121 'm_axi' <Latency = 0> <II = 1> <Delay = 1.00> <Adapter> <Opcode : 'read' 'write' 'readreq' 'writereq' 'writeresp'>

State 16 <SV = 15> <Delay = 7.30>
ST_16 : Operation 186 [57/71] (7.30ns)   --->   "%gmem_load_7_req = readreq i1 @_ssdm_op_ReadReq.m_axi.i128P1A, i64 %gmem_addr, i32 1" [main.cpp:150->main.cpp:272]   --->   Operation 186 'readreq' 'gmem_load_7_req' <Predicate = true> <Delay = 7.30> <CoreInst = "m_axi">   --->   Core 121 'm_axi' <Latency = 0> <II = 1> <Delay = 1.00> <Adapter> <Opcode : 'read' 'write' 'readreq' 'writereq' 'writeresp'>
ST_16 : Operation 187 [58/71] (7.30ns)   --->   "%gmem_load_8_req = readreq i1 @_ssdm_op_ReadReq.m_axi.i128P1A, i64 %gmem_addr_3, i32 1" [main.cpp:151->main.cpp:272]   --->   Operation 187 'readreq' 'gmem_load_8_req' <Predicate = true> <Delay = 7.30> <CoreInst = "m_axi">   --->   Core 121 'm_axi' <Latency = 0> <II = 1> <Delay = 1.00> <Adapter> <Opcode : 'read' 'write' 'readreq' 'writereq' 'writeresp'>
ST_16 : Operation 188 [59/71] (7.30ns)   --->   "%gmem_load_9_req = readreq i1 @_ssdm_op_ReadReq.m_axi.i128P1A, i64 %gmem_addr_4, i32 1" [main.cpp:152->main.cpp:272]   --->   Operation 188 'readreq' 'gmem_load_9_req' <Predicate = true> <Delay = 7.30> <CoreInst = "m_axi">   --->   Core 121 'm_axi' <Latency = 0> <II = 1> <Delay = 1.00> <Adapter> <Opcode : 'read' 'write' 'readreq' 'writereq' 'writeresp'>

State 17 <SV = 16> <Delay = 7.30>
ST_17 : Operation 189 [56/71] (7.30ns)   --->   "%gmem_load_7_req = readreq i1 @_ssdm_op_ReadReq.m_axi.i128P1A, i64 %gmem_addr, i32 1" [main.cpp:150->main.cpp:272]   --->   Operation 189 'readreq' 'gmem_load_7_req' <Predicate = true> <Delay = 7.30> <CoreInst = "m_axi">   --->   Core 121 'm_axi' <Latency = 0> <II = 1> <Delay = 1.00> <Adapter> <Opcode : 'read' 'write' 'readreq' 'writereq' 'writeresp'>
ST_17 : Operation 190 [57/71] (7.30ns)   --->   "%gmem_load_8_req = readreq i1 @_ssdm_op_ReadReq.m_axi.i128P1A, i64 %gmem_addr_3, i32 1" [main.cpp:151->main.cpp:272]   --->   Operation 190 'readreq' 'gmem_load_8_req' <Predicate = true> <Delay = 7.30> <CoreInst = "m_axi">   --->   Core 121 'm_axi' <Latency = 0> <II = 1> <Delay = 1.00> <Adapter> <Opcode : 'read' 'write' 'readreq' 'writereq' 'writeresp'>
ST_17 : Operation 191 [58/71] (7.30ns)   --->   "%gmem_load_9_req = readreq i1 @_ssdm_op_ReadReq.m_axi.i128P1A, i64 %gmem_addr_4, i32 1" [main.cpp:152->main.cpp:272]   --->   Operation 191 'readreq' 'gmem_load_9_req' <Predicate = true> <Delay = 7.30> <CoreInst = "m_axi">   --->   Core 121 'm_axi' <Latency = 0> <II = 1> <Delay = 1.00> <Adapter> <Opcode : 'read' 'write' 'readreq' 'writereq' 'writeresp'>

State 18 <SV = 17> <Delay = 7.30>
ST_18 : Operation 192 [55/71] (7.30ns)   --->   "%gmem_load_7_req = readreq i1 @_ssdm_op_ReadReq.m_axi.i128P1A, i64 %gmem_addr, i32 1" [main.cpp:150->main.cpp:272]   --->   Operation 192 'readreq' 'gmem_load_7_req' <Predicate = true> <Delay = 7.30> <CoreInst = "m_axi">   --->   Core 121 'm_axi' <Latency = 0> <II = 1> <Delay = 1.00> <Adapter> <Opcode : 'read' 'write' 'readreq' 'writereq' 'writeresp'>
ST_18 : Operation 193 [56/71] (7.30ns)   --->   "%gmem_load_8_req = readreq i1 @_ssdm_op_ReadReq.m_axi.i128P1A, i64 %gmem_addr_3, i32 1" [main.cpp:151->main.cpp:272]   --->   Operation 193 'readreq' 'gmem_load_8_req' <Predicate = true> <Delay = 7.30> <CoreInst = "m_axi">   --->   Core 121 'm_axi' <Latency = 0> <II = 1> <Delay = 1.00> <Adapter> <Opcode : 'read' 'write' 'readreq' 'writereq' 'writeresp'>
ST_18 : Operation 194 [57/71] (7.30ns)   --->   "%gmem_load_9_req = readreq i1 @_ssdm_op_ReadReq.m_axi.i128P1A, i64 %gmem_addr_4, i32 1" [main.cpp:152->main.cpp:272]   --->   Operation 194 'readreq' 'gmem_load_9_req' <Predicate = true> <Delay = 7.30> <CoreInst = "m_axi">   --->   Core 121 'm_axi' <Latency = 0> <II = 1> <Delay = 1.00> <Adapter> <Opcode : 'read' 'write' 'readreq' 'writereq' 'writeresp'>

State 19 <SV = 18> <Delay = 7.30>
ST_19 : Operation 195 [54/71] (7.30ns)   --->   "%gmem_load_7_req = readreq i1 @_ssdm_op_ReadReq.m_axi.i128P1A, i64 %gmem_addr, i32 1" [main.cpp:150->main.cpp:272]   --->   Operation 195 'readreq' 'gmem_load_7_req' <Predicate = true> <Delay = 7.30> <CoreInst = "m_axi">   --->   Core 121 'm_axi' <Latency = 0> <II = 1> <Delay = 1.00> <Adapter> <Opcode : 'read' 'write' 'readreq' 'writereq' 'writeresp'>
ST_19 : Operation 196 [55/71] (7.30ns)   --->   "%gmem_load_8_req = readreq i1 @_ssdm_op_ReadReq.m_axi.i128P1A, i64 %gmem_addr_3, i32 1" [main.cpp:151->main.cpp:272]   --->   Operation 196 'readreq' 'gmem_load_8_req' <Predicate = true> <Delay = 7.30> <CoreInst = "m_axi">   --->   Core 121 'm_axi' <Latency = 0> <II = 1> <Delay = 1.00> <Adapter> <Opcode : 'read' 'write' 'readreq' 'writereq' 'writeresp'>
ST_19 : Operation 197 [56/71] (7.30ns)   --->   "%gmem_load_9_req = readreq i1 @_ssdm_op_ReadReq.m_axi.i128P1A, i64 %gmem_addr_4, i32 1" [main.cpp:152->main.cpp:272]   --->   Operation 197 'readreq' 'gmem_load_9_req' <Predicate = true> <Delay = 7.30> <CoreInst = "m_axi">   --->   Core 121 'm_axi' <Latency = 0> <II = 1> <Delay = 1.00> <Adapter> <Opcode : 'read' 'write' 'readreq' 'writereq' 'writeresp'>

State 20 <SV = 19> <Delay = 7.30>
ST_20 : Operation 198 [53/71] (7.30ns)   --->   "%gmem_load_7_req = readreq i1 @_ssdm_op_ReadReq.m_axi.i128P1A, i64 %gmem_addr, i32 1" [main.cpp:150->main.cpp:272]   --->   Operation 198 'readreq' 'gmem_load_7_req' <Predicate = true> <Delay = 7.30> <CoreInst = "m_axi">   --->   Core 121 'm_axi' <Latency = 0> <II = 1> <Delay = 1.00> <Adapter> <Opcode : 'read' 'write' 'readreq' 'writereq' 'writeresp'>
ST_20 : Operation 199 [54/71] (7.30ns)   --->   "%gmem_load_8_req = readreq i1 @_ssdm_op_ReadReq.m_axi.i128P1A, i64 %gmem_addr_3, i32 1" [main.cpp:151->main.cpp:272]   --->   Operation 199 'readreq' 'gmem_load_8_req' <Predicate = true> <Delay = 7.30> <CoreInst = "m_axi">   --->   Core 121 'm_axi' <Latency = 0> <II = 1> <Delay = 1.00> <Adapter> <Opcode : 'read' 'write' 'readreq' 'writereq' 'writeresp'>
ST_20 : Operation 200 [55/71] (7.30ns)   --->   "%gmem_load_9_req = readreq i1 @_ssdm_op_ReadReq.m_axi.i128P1A, i64 %gmem_addr_4, i32 1" [main.cpp:152->main.cpp:272]   --->   Operation 200 'readreq' 'gmem_load_9_req' <Predicate = true> <Delay = 7.30> <CoreInst = "m_axi">   --->   Core 121 'm_axi' <Latency = 0> <II = 1> <Delay = 1.00> <Adapter> <Opcode : 'read' 'write' 'readreq' 'writereq' 'writeresp'>

State 21 <SV = 20> <Delay = 7.30>
ST_21 : Operation 201 [52/71] (7.30ns)   --->   "%gmem_load_7_req = readreq i1 @_ssdm_op_ReadReq.m_axi.i128P1A, i64 %gmem_addr, i32 1" [main.cpp:150->main.cpp:272]   --->   Operation 201 'readreq' 'gmem_load_7_req' <Predicate = true> <Delay = 7.30> <CoreInst = "m_axi">   --->   Core 121 'm_axi' <Latency = 0> <II = 1> <Delay = 1.00> <Adapter> <Opcode : 'read' 'write' 'readreq' 'writereq' 'writeresp'>
ST_21 : Operation 202 [53/71] (7.30ns)   --->   "%gmem_load_8_req = readreq i1 @_ssdm_op_ReadReq.m_axi.i128P1A, i64 %gmem_addr_3, i32 1" [main.cpp:151->main.cpp:272]   --->   Operation 202 'readreq' 'gmem_load_8_req' <Predicate = true> <Delay = 7.30> <CoreInst = "m_axi">   --->   Core 121 'm_axi' <Latency = 0> <II = 1> <Delay = 1.00> <Adapter> <Opcode : 'read' 'write' 'readreq' 'writereq' 'writeresp'>
ST_21 : Operation 203 [54/71] (7.30ns)   --->   "%gmem_load_9_req = readreq i1 @_ssdm_op_ReadReq.m_axi.i128P1A, i64 %gmem_addr_4, i32 1" [main.cpp:152->main.cpp:272]   --->   Operation 203 'readreq' 'gmem_load_9_req' <Predicate = true> <Delay = 7.30> <CoreInst = "m_axi">   --->   Core 121 'm_axi' <Latency = 0> <II = 1> <Delay = 1.00> <Adapter> <Opcode : 'read' 'write' 'readreq' 'writereq' 'writeresp'>

State 22 <SV = 21> <Delay = 7.30>
ST_22 : Operation 204 [51/71] (7.30ns)   --->   "%gmem_load_7_req = readreq i1 @_ssdm_op_ReadReq.m_axi.i128P1A, i64 %gmem_addr, i32 1" [main.cpp:150->main.cpp:272]   --->   Operation 204 'readreq' 'gmem_load_7_req' <Predicate = true> <Delay = 7.30> <CoreInst = "m_axi">   --->   Core 121 'm_axi' <Latency = 0> <II = 1> <Delay = 1.00> <Adapter> <Opcode : 'read' 'write' 'readreq' 'writereq' 'writeresp'>
ST_22 : Operation 205 [52/71] (7.30ns)   --->   "%gmem_load_8_req = readreq i1 @_ssdm_op_ReadReq.m_axi.i128P1A, i64 %gmem_addr_3, i32 1" [main.cpp:151->main.cpp:272]   --->   Operation 205 'readreq' 'gmem_load_8_req' <Predicate = true> <Delay = 7.30> <CoreInst = "m_axi">   --->   Core 121 'm_axi' <Latency = 0> <II = 1> <Delay = 1.00> <Adapter> <Opcode : 'read' 'write' 'readreq' 'writereq' 'writeresp'>
ST_22 : Operation 206 [53/71] (7.30ns)   --->   "%gmem_load_9_req = readreq i1 @_ssdm_op_ReadReq.m_axi.i128P1A, i64 %gmem_addr_4, i32 1" [main.cpp:152->main.cpp:272]   --->   Operation 206 'readreq' 'gmem_load_9_req' <Predicate = true> <Delay = 7.30> <CoreInst = "m_axi">   --->   Core 121 'm_axi' <Latency = 0> <II = 1> <Delay = 1.00> <Adapter> <Opcode : 'read' 'write' 'readreq' 'writereq' 'writeresp'>

State 23 <SV = 22> <Delay = 7.30>
ST_23 : Operation 207 [50/71] (7.30ns)   --->   "%gmem_load_7_req = readreq i1 @_ssdm_op_ReadReq.m_axi.i128P1A, i64 %gmem_addr, i32 1" [main.cpp:150->main.cpp:272]   --->   Operation 207 'readreq' 'gmem_load_7_req' <Predicate = true> <Delay = 7.30> <CoreInst = "m_axi">   --->   Core 121 'm_axi' <Latency = 0> <II = 1> <Delay = 1.00> <Adapter> <Opcode : 'read' 'write' 'readreq' 'writereq' 'writeresp'>
ST_23 : Operation 208 [51/71] (7.30ns)   --->   "%gmem_load_8_req = readreq i1 @_ssdm_op_ReadReq.m_axi.i128P1A, i64 %gmem_addr_3, i32 1" [main.cpp:151->main.cpp:272]   --->   Operation 208 'readreq' 'gmem_load_8_req' <Predicate = true> <Delay = 7.30> <CoreInst = "m_axi">   --->   Core 121 'm_axi' <Latency = 0> <II = 1> <Delay = 1.00> <Adapter> <Opcode : 'read' 'write' 'readreq' 'writereq' 'writeresp'>
ST_23 : Operation 209 [52/71] (7.30ns)   --->   "%gmem_load_9_req = readreq i1 @_ssdm_op_ReadReq.m_axi.i128P1A, i64 %gmem_addr_4, i32 1" [main.cpp:152->main.cpp:272]   --->   Operation 209 'readreq' 'gmem_load_9_req' <Predicate = true> <Delay = 7.30> <CoreInst = "m_axi">   --->   Core 121 'm_axi' <Latency = 0> <II = 1> <Delay = 1.00> <Adapter> <Opcode : 'read' 'write' 'readreq' 'writereq' 'writeresp'>

State 24 <SV = 23> <Delay = 7.30>
ST_24 : Operation 210 [49/71] (7.30ns)   --->   "%gmem_load_7_req = readreq i1 @_ssdm_op_ReadReq.m_axi.i128P1A, i64 %gmem_addr, i32 1" [main.cpp:150->main.cpp:272]   --->   Operation 210 'readreq' 'gmem_load_7_req' <Predicate = true> <Delay = 7.30> <CoreInst = "m_axi">   --->   Core 121 'm_axi' <Latency = 0> <II = 1> <Delay = 1.00> <Adapter> <Opcode : 'read' 'write' 'readreq' 'writereq' 'writeresp'>
ST_24 : Operation 211 [50/71] (7.30ns)   --->   "%gmem_load_8_req = readreq i1 @_ssdm_op_ReadReq.m_axi.i128P1A, i64 %gmem_addr_3, i32 1" [main.cpp:151->main.cpp:272]   --->   Operation 211 'readreq' 'gmem_load_8_req' <Predicate = true> <Delay = 7.30> <CoreInst = "m_axi">   --->   Core 121 'm_axi' <Latency = 0> <II = 1> <Delay = 1.00> <Adapter> <Opcode : 'read' 'write' 'readreq' 'writereq' 'writeresp'>
ST_24 : Operation 212 [51/71] (7.30ns)   --->   "%gmem_load_9_req = readreq i1 @_ssdm_op_ReadReq.m_axi.i128P1A, i64 %gmem_addr_4, i32 1" [main.cpp:152->main.cpp:272]   --->   Operation 212 'readreq' 'gmem_load_9_req' <Predicate = true> <Delay = 7.30> <CoreInst = "m_axi">   --->   Core 121 'm_axi' <Latency = 0> <II = 1> <Delay = 1.00> <Adapter> <Opcode : 'read' 'write' 'readreq' 'writereq' 'writeresp'>

State 25 <SV = 24> <Delay = 7.30>
ST_25 : Operation 213 [48/71] (7.30ns)   --->   "%gmem_load_7_req = readreq i1 @_ssdm_op_ReadReq.m_axi.i128P1A, i64 %gmem_addr, i32 1" [main.cpp:150->main.cpp:272]   --->   Operation 213 'readreq' 'gmem_load_7_req' <Predicate = true> <Delay = 7.30> <CoreInst = "m_axi">   --->   Core 121 'm_axi' <Latency = 0> <II = 1> <Delay = 1.00> <Adapter> <Opcode : 'read' 'write' 'readreq' 'writereq' 'writeresp'>
ST_25 : Operation 214 [49/71] (7.30ns)   --->   "%gmem_load_8_req = readreq i1 @_ssdm_op_ReadReq.m_axi.i128P1A, i64 %gmem_addr_3, i32 1" [main.cpp:151->main.cpp:272]   --->   Operation 214 'readreq' 'gmem_load_8_req' <Predicate = true> <Delay = 7.30> <CoreInst = "m_axi">   --->   Core 121 'm_axi' <Latency = 0> <II = 1> <Delay = 1.00> <Adapter> <Opcode : 'read' 'write' 'readreq' 'writereq' 'writeresp'>
ST_25 : Operation 215 [50/71] (7.30ns)   --->   "%gmem_load_9_req = readreq i1 @_ssdm_op_ReadReq.m_axi.i128P1A, i64 %gmem_addr_4, i32 1" [main.cpp:152->main.cpp:272]   --->   Operation 215 'readreq' 'gmem_load_9_req' <Predicate = true> <Delay = 7.30> <CoreInst = "m_axi">   --->   Core 121 'm_axi' <Latency = 0> <II = 1> <Delay = 1.00> <Adapter> <Opcode : 'read' 'write' 'readreq' 'writereq' 'writeresp'>

State 26 <SV = 25> <Delay = 7.30>
ST_26 : Operation 216 [47/71] (7.30ns)   --->   "%gmem_load_7_req = readreq i1 @_ssdm_op_ReadReq.m_axi.i128P1A, i64 %gmem_addr, i32 1" [main.cpp:150->main.cpp:272]   --->   Operation 216 'readreq' 'gmem_load_7_req' <Predicate = true> <Delay = 7.30> <CoreInst = "m_axi">   --->   Core 121 'm_axi' <Latency = 0> <II = 1> <Delay = 1.00> <Adapter> <Opcode : 'read' 'write' 'readreq' 'writereq' 'writeresp'>
ST_26 : Operation 217 [48/71] (7.30ns)   --->   "%gmem_load_8_req = readreq i1 @_ssdm_op_ReadReq.m_axi.i128P1A, i64 %gmem_addr_3, i32 1" [main.cpp:151->main.cpp:272]   --->   Operation 217 'readreq' 'gmem_load_8_req' <Predicate = true> <Delay = 7.30> <CoreInst = "m_axi">   --->   Core 121 'm_axi' <Latency = 0> <II = 1> <Delay = 1.00> <Adapter> <Opcode : 'read' 'write' 'readreq' 'writereq' 'writeresp'>
ST_26 : Operation 218 [49/71] (7.30ns)   --->   "%gmem_load_9_req = readreq i1 @_ssdm_op_ReadReq.m_axi.i128P1A, i64 %gmem_addr_4, i32 1" [main.cpp:152->main.cpp:272]   --->   Operation 218 'readreq' 'gmem_load_9_req' <Predicate = true> <Delay = 7.30> <CoreInst = "m_axi">   --->   Core 121 'm_axi' <Latency = 0> <II = 1> <Delay = 1.00> <Adapter> <Opcode : 'read' 'write' 'readreq' 'writereq' 'writeresp'>

State 27 <SV = 26> <Delay = 7.30>
ST_27 : Operation 219 [46/71] (7.30ns)   --->   "%gmem_load_7_req = readreq i1 @_ssdm_op_ReadReq.m_axi.i128P1A, i64 %gmem_addr, i32 1" [main.cpp:150->main.cpp:272]   --->   Operation 219 'readreq' 'gmem_load_7_req' <Predicate = true> <Delay = 7.30> <CoreInst = "m_axi">   --->   Core 121 'm_axi' <Latency = 0> <II = 1> <Delay = 1.00> <Adapter> <Opcode : 'read' 'write' 'readreq' 'writereq' 'writeresp'>
ST_27 : Operation 220 [47/71] (7.30ns)   --->   "%gmem_load_8_req = readreq i1 @_ssdm_op_ReadReq.m_axi.i128P1A, i64 %gmem_addr_3, i32 1" [main.cpp:151->main.cpp:272]   --->   Operation 220 'readreq' 'gmem_load_8_req' <Predicate = true> <Delay = 7.30> <CoreInst = "m_axi">   --->   Core 121 'm_axi' <Latency = 0> <II = 1> <Delay = 1.00> <Adapter> <Opcode : 'read' 'write' 'readreq' 'writereq' 'writeresp'>
ST_27 : Operation 221 [48/71] (7.30ns)   --->   "%gmem_load_9_req = readreq i1 @_ssdm_op_ReadReq.m_axi.i128P1A, i64 %gmem_addr_4, i32 1" [main.cpp:152->main.cpp:272]   --->   Operation 221 'readreq' 'gmem_load_9_req' <Predicate = true> <Delay = 7.30> <CoreInst = "m_axi">   --->   Core 121 'm_axi' <Latency = 0> <II = 1> <Delay = 1.00> <Adapter> <Opcode : 'read' 'write' 'readreq' 'writereq' 'writeresp'>

State 28 <SV = 27> <Delay = 7.30>
ST_28 : Operation 222 [45/71] (7.30ns)   --->   "%gmem_load_7_req = readreq i1 @_ssdm_op_ReadReq.m_axi.i128P1A, i64 %gmem_addr, i32 1" [main.cpp:150->main.cpp:272]   --->   Operation 222 'readreq' 'gmem_load_7_req' <Predicate = true> <Delay = 7.30> <CoreInst = "m_axi">   --->   Core 121 'm_axi' <Latency = 0> <II = 1> <Delay = 1.00> <Adapter> <Opcode : 'read' 'write' 'readreq' 'writereq' 'writeresp'>
ST_28 : Operation 223 [46/71] (7.30ns)   --->   "%gmem_load_8_req = readreq i1 @_ssdm_op_ReadReq.m_axi.i128P1A, i64 %gmem_addr_3, i32 1" [main.cpp:151->main.cpp:272]   --->   Operation 223 'readreq' 'gmem_load_8_req' <Predicate = true> <Delay = 7.30> <CoreInst = "m_axi">   --->   Core 121 'm_axi' <Latency = 0> <II = 1> <Delay = 1.00> <Adapter> <Opcode : 'read' 'write' 'readreq' 'writereq' 'writeresp'>
ST_28 : Operation 224 [47/71] (7.30ns)   --->   "%gmem_load_9_req = readreq i1 @_ssdm_op_ReadReq.m_axi.i128P1A, i64 %gmem_addr_4, i32 1" [main.cpp:152->main.cpp:272]   --->   Operation 224 'readreq' 'gmem_load_9_req' <Predicate = true> <Delay = 7.30> <CoreInst = "m_axi">   --->   Core 121 'm_axi' <Latency = 0> <II = 1> <Delay = 1.00> <Adapter> <Opcode : 'read' 'write' 'readreq' 'writereq' 'writeresp'>

State 29 <SV = 28> <Delay = 7.30>
ST_29 : Operation 225 [44/71] (7.30ns)   --->   "%gmem_load_7_req = readreq i1 @_ssdm_op_ReadReq.m_axi.i128P1A, i64 %gmem_addr, i32 1" [main.cpp:150->main.cpp:272]   --->   Operation 225 'readreq' 'gmem_load_7_req' <Predicate = true> <Delay = 7.30> <CoreInst = "m_axi">   --->   Core 121 'm_axi' <Latency = 0> <II = 1> <Delay = 1.00> <Adapter> <Opcode : 'read' 'write' 'readreq' 'writereq' 'writeresp'>
ST_29 : Operation 226 [45/71] (7.30ns)   --->   "%gmem_load_8_req = readreq i1 @_ssdm_op_ReadReq.m_axi.i128P1A, i64 %gmem_addr_3, i32 1" [main.cpp:151->main.cpp:272]   --->   Operation 226 'readreq' 'gmem_load_8_req' <Predicate = true> <Delay = 7.30> <CoreInst = "m_axi">   --->   Core 121 'm_axi' <Latency = 0> <II = 1> <Delay = 1.00> <Adapter> <Opcode : 'read' 'write' 'readreq' 'writereq' 'writeresp'>
ST_29 : Operation 227 [46/71] (7.30ns)   --->   "%gmem_load_9_req = readreq i1 @_ssdm_op_ReadReq.m_axi.i128P1A, i64 %gmem_addr_4, i32 1" [main.cpp:152->main.cpp:272]   --->   Operation 227 'readreq' 'gmem_load_9_req' <Predicate = true> <Delay = 7.30> <CoreInst = "m_axi">   --->   Core 121 'm_axi' <Latency = 0> <II = 1> <Delay = 1.00> <Adapter> <Opcode : 'read' 'write' 'readreq' 'writereq' 'writeresp'>

State 30 <SV = 29> <Delay = 7.30>
ST_30 : Operation 228 [43/71] (7.30ns)   --->   "%gmem_load_7_req = readreq i1 @_ssdm_op_ReadReq.m_axi.i128P1A, i64 %gmem_addr, i32 1" [main.cpp:150->main.cpp:272]   --->   Operation 228 'readreq' 'gmem_load_7_req' <Predicate = true> <Delay = 7.30> <CoreInst = "m_axi">   --->   Core 121 'm_axi' <Latency = 0> <II = 1> <Delay = 1.00> <Adapter> <Opcode : 'read' 'write' 'readreq' 'writereq' 'writeresp'>
ST_30 : Operation 229 [44/71] (7.30ns)   --->   "%gmem_load_8_req = readreq i1 @_ssdm_op_ReadReq.m_axi.i128P1A, i64 %gmem_addr_3, i32 1" [main.cpp:151->main.cpp:272]   --->   Operation 229 'readreq' 'gmem_load_8_req' <Predicate = true> <Delay = 7.30> <CoreInst = "m_axi">   --->   Core 121 'm_axi' <Latency = 0> <II = 1> <Delay = 1.00> <Adapter> <Opcode : 'read' 'write' 'readreq' 'writereq' 'writeresp'>
ST_30 : Operation 230 [45/71] (7.30ns)   --->   "%gmem_load_9_req = readreq i1 @_ssdm_op_ReadReq.m_axi.i128P1A, i64 %gmem_addr_4, i32 1" [main.cpp:152->main.cpp:272]   --->   Operation 230 'readreq' 'gmem_load_9_req' <Predicate = true> <Delay = 7.30> <CoreInst = "m_axi">   --->   Core 121 'm_axi' <Latency = 0> <II = 1> <Delay = 1.00> <Adapter> <Opcode : 'read' 'write' 'readreq' 'writereq' 'writeresp'>

State 31 <SV = 30> <Delay = 7.30>
ST_31 : Operation 231 [42/71] (7.30ns)   --->   "%gmem_load_7_req = readreq i1 @_ssdm_op_ReadReq.m_axi.i128P1A, i64 %gmem_addr, i32 1" [main.cpp:150->main.cpp:272]   --->   Operation 231 'readreq' 'gmem_load_7_req' <Predicate = true> <Delay = 7.30> <CoreInst = "m_axi">   --->   Core 121 'm_axi' <Latency = 0> <II = 1> <Delay = 1.00> <Adapter> <Opcode : 'read' 'write' 'readreq' 'writereq' 'writeresp'>
ST_31 : Operation 232 [43/71] (7.30ns)   --->   "%gmem_load_8_req = readreq i1 @_ssdm_op_ReadReq.m_axi.i128P1A, i64 %gmem_addr_3, i32 1" [main.cpp:151->main.cpp:272]   --->   Operation 232 'readreq' 'gmem_load_8_req' <Predicate = true> <Delay = 7.30> <CoreInst = "m_axi">   --->   Core 121 'm_axi' <Latency = 0> <II = 1> <Delay = 1.00> <Adapter> <Opcode : 'read' 'write' 'readreq' 'writereq' 'writeresp'>
ST_31 : Operation 233 [44/71] (7.30ns)   --->   "%gmem_load_9_req = readreq i1 @_ssdm_op_ReadReq.m_axi.i128P1A, i64 %gmem_addr_4, i32 1" [main.cpp:152->main.cpp:272]   --->   Operation 233 'readreq' 'gmem_load_9_req' <Predicate = true> <Delay = 7.30> <CoreInst = "m_axi">   --->   Core 121 'm_axi' <Latency = 0> <II = 1> <Delay = 1.00> <Adapter> <Opcode : 'read' 'write' 'readreq' 'writereq' 'writeresp'>

State 32 <SV = 31> <Delay = 7.30>
ST_32 : Operation 234 [41/71] (7.30ns)   --->   "%gmem_load_7_req = readreq i1 @_ssdm_op_ReadReq.m_axi.i128P1A, i64 %gmem_addr, i32 1" [main.cpp:150->main.cpp:272]   --->   Operation 234 'readreq' 'gmem_load_7_req' <Predicate = true> <Delay = 7.30> <CoreInst = "m_axi">   --->   Core 121 'm_axi' <Latency = 0> <II = 1> <Delay = 1.00> <Adapter> <Opcode : 'read' 'write' 'readreq' 'writereq' 'writeresp'>
ST_32 : Operation 235 [42/71] (7.30ns)   --->   "%gmem_load_8_req = readreq i1 @_ssdm_op_ReadReq.m_axi.i128P1A, i64 %gmem_addr_3, i32 1" [main.cpp:151->main.cpp:272]   --->   Operation 235 'readreq' 'gmem_load_8_req' <Predicate = true> <Delay = 7.30> <CoreInst = "m_axi">   --->   Core 121 'm_axi' <Latency = 0> <II = 1> <Delay = 1.00> <Adapter> <Opcode : 'read' 'write' 'readreq' 'writereq' 'writeresp'>
ST_32 : Operation 236 [43/71] (7.30ns)   --->   "%gmem_load_9_req = readreq i1 @_ssdm_op_ReadReq.m_axi.i128P1A, i64 %gmem_addr_4, i32 1" [main.cpp:152->main.cpp:272]   --->   Operation 236 'readreq' 'gmem_load_9_req' <Predicate = true> <Delay = 7.30> <CoreInst = "m_axi">   --->   Core 121 'm_axi' <Latency = 0> <II = 1> <Delay = 1.00> <Adapter> <Opcode : 'read' 'write' 'readreq' 'writereq' 'writeresp'>

State 33 <SV = 32> <Delay = 7.30>
ST_33 : Operation 237 [40/71] (7.30ns)   --->   "%gmem_load_7_req = readreq i1 @_ssdm_op_ReadReq.m_axi.i128P1A, i64 %gmem_addr, i32 1" [main.cpp:150->main.cpp:272]   --->   Operation 237 'readreq' 'gmem_load_7_req' <Predicate = true> <Delay = 7.30> <CoreInst = "m_axi">   --->   Core 121 'm_axi' <Latency = 0> <II = 1> <Delay = 1.00> <Adapter> <Opcode : 'read' 'write' 'readreq' 'writereq' 'writeresp'>
ST_33 : Operation 238 [41/71] (7.30ns)   --->   "%gmem_load_8_req = readreq i1 @_ssdm_op_ReadReq.m_axi.i128P1A, i64 %gmem_addr_3, i32 1" [main.cpp:151->main.cpp:272]   --->   Operation 238 'readreq' 'gmem_load_8_req' <Predicate = true> <Delay = 7.30> <CoreInst = "m_axi">   --->   Core 121 'm_axi' <Latency = 0> <II = 1> <Delay = 1.00> <Adapter> <Opcode : 'read' 'write' 'readreq' 'writereq' 'writeresp'>
ST_33 : Operation 239 [42/71] (7.30ns)   --->   "%gmem_load_9_req = readreq i1 @_ssdm_op_ReadReq.m_axi.i128P1A, i64 %gmem_addr_4, i32 1" [main.cpp:152->main.cpp:272]   --->   Operation 239 'readreq' 'gmem_load_9_req' <Predicate = true> <Delay = 7.30> <CoreInst = "m_axi">   --->   Core 121 'm_axi' <Latency = 0> <II = 1> <Delay = 1.00> <Adapter> <Opcode : 'read' 'write' 'readreq' 'writereq' 'writeresp'>

State 34 <SV = 33> <Delay = 7.30>
ST_34 : Operation 240 [39/71] (7.30ns)   --->   "%gmem_load_7_req = readreq i1 @_ssdm_op_ReadReq.m_axi.i128P1A, i64 %gmem_addr, i32 1" [main.cpp:150->main.cpp:272]   --->   Operation 240 'readreq' 'gmem_load_7_req' <Predicate = true> <Delay = 7.30> <CoreInst = "m_axi">   --->   Core 121 'm_axi' <Latency = 0> <II = 1> <Delay = 1.00> <Adapter> <Opcode : 'read' 'write' 'readreq' 'writereq' 'writeresp'>
ST_34 : Operation 241 [40/71] (7.30ns)   --->   "%gmem_load_8_req = readreq i1 @_ssdm_op_ReadReq.m_axi.i128P1A, i64 %gmem_addr_3, i32 1" [main.cpp:151->main.cpp:272]   --->   Operation 241 'readreq' 'gmem_load_8_req' <Predicate = true> <Delay = 7.30> <CoreInst = "m_axi">   --->   Core 121 'm_axi' <Latency = 0> <II = 1> <Delay = 1.00> <Adapter> <Opcode : 'read' 'write' 'readreq' 'writereq' 'writeresp'>
ST_34 : Operation 242 [41/71] (7.30ns)   --->   "%gmem_load_9_req = readreq i1 @_ssdm_op_ReadReq.m_axi.i128P1A, i64 %gmem_addr_4, i32 1" [main.cpp:152->main.cpp:272]   --->   Operation 242 'readreq' 'gmem_load_9_req' <Predicate = true> <Delay = 7.30> <CoreInst = "m_axi">   --->   Core 121 'm_axi' <Latency = 0> <II = 1> <Delay = 1.00> <Adapter> <Opcode : 'read' 'write' 'readreq' 'writereq' 'writeresp'>

State 35 <SV = 34> <Delay = 7.30>
ST_35 : Operation 243 [38/71] (7.30ns)   --->   "%gmem_load_7_req = readreq i1 @_ssdm_op_ReadReq.m_axi.i128P1A, i64 %gmem_addr, i32 1" [main.cpp:150->main.cpp:272]   --->   Operation 243 'readreq' 'gmem_load_7_req' <Predicate = true> <Delay = 7.30> <CoreInst = "m_axi">   --->   Core 121 'm_axi' <Latency = 0> <II = 1> <Delay = 1.00> <Adapter> <Opcode : 'read' 'write' 'readreq' 'writereq' 'writeresp'>
ST_35 : Operation 244 [39/71] (7.30ns)   --->   "%gmem_load_8_req = readreq i1 @_ssdm_op_ReadReq.m_axi.i128P1A, i64 %gmem_addr_3, i32 1" [main.cpp:151->main.cpp:272]   --->   Operation 244 'readreq' 'gmem_load_8_req' <Predicate = true> <Delay = 7.30> <CoreInst = "m_axi">   --->   Core 121 'm_axi' <Latency = 0> <II = 1> <Delay = 1.00> <Adapter> <Opcode : 'read' 'write' 'readreq' 'writereq' 'writeresp'>
ST_35 : Operation 245 [40/71] (7.30ns)   --->   "%gmem_load_9_req = readreq i1 @_ssdm_op_ReadReq.m_axi.i128P1A, i64 %gmem_addr_4, i32 1" [main.cpp:152->main.cpp:272]   --->   Operation 245 'readreq' 'gmem_load_9_req' <Predicate = true> <Delay = 7.30> <CoreInst = "m_axi">   --->   Core 121 'm_axi' <Latency = 0> <II = 1> <Delay = 1.00> <Adapter> <Opcode : 'read' 'write' 'readreq' 'writereq' 'writeresp'>

State 36 <SV = 35> <Delay = 7.30>
ST_36 : Operation 246 [37/71] (7.30ns)   --->   "%gmem_load_7_req = readreq i1 @_ssdm_op_ReadReq.m_axi.i128P1A, i64 %gmem_addr, i32 1" [main.cpp:150->main.cpp:272]   --->   Operation 246 'readreq' 'gmem_load_7_req' <Predicate = true> <Delay = 7.30> <CoreInst = "m_axi">   --->   Core 121 'm_axi' <Latency = 0> <II = 1> <Delay = 1.00> <Adapter> <Opcode : 'read' 'write' 'readreq' 'writereq' 'writeresp'>
ST_36 : Operation 247 [38/71] (7.30ns)   --->   "%gmem_load_8_req = readreq i1 @_ssdm_op_ReadReq.m_axi.i128P1A, i64 %gmem_addr_3, i32 1" [main.cpp:151->main.cpp:272]   --->   Operation 247 'readreq' 'gmem_load_8_req' <Predicate = true> <Delay = 7.30> <CoreInst = "m_axi">   --->   Core 121 'm_axi' <Latency = 0> <II = 1> <Delay = 1.00> <Adapter> <Opcode : 'read' 'write' 'readreq' 'writereq' 'writeresp'>
ST_36 : Operation 248 [39/71] (7.30ns)   --->   "%gmem_load_9_req = readreq i1 @_ssdm_op_ReadReq.m_axi.i128P1A, i64 %gmem_addr_4, i32 1" [main.cpp:152->main.cpp:272]   --->   Operation 248 'readreq' 'gmem_load_9_req' <Predicate = true> <Delay = 7.30> <CoreInst = "m_axi">   --->   Core 121 'm_axi' <Latency = 0> <II = 1> <Delay = 1.00> <Adapter> <Opcode : 'read' 'write' 'readreq' 'writereq' 'writeresp'>

State 37 <SV = 36> <Delay = 7.30>
ST_37 : Operation 249 [36/71] (7.30ns)   --->   "%gmem_load_7_req = readreq i1 @_ssdm_op_ReadReq.m_axi.i128P1A, i64 %gmem_addr, i32 1" [main.cpp:150->main.cpp:272]   --->   Operation 249 'readreq' 'gmem_load_7_req' <Predicate = true> <Delay = 7.30> <CoreInst = "m_axi">   --->   Core 121 'm_axi' <Latency = 0> <II = 1> <Delay = 1.00> <Adapter> <Opcode : 'read' 'write' 'readreq' 'writereq' 'writeresp'>
ST_37 : Operation 250 [37/71] (7.30ns)   --->   "%gmem_load_8_req = readreq i1 @_ssdm_op_ReadReq.m_axi.i128P1A, i64 %gmem_addr_3, i32 1" [main.cpp:151->main.cpp:272]   --->   Operation 250 'readreq' 'gmem_load_8_req' <Predicate = true> <Delay = 7.30> <CoreInst = "m_axi">   --->   Core 121 'm_axi' <Latency = 0> <II = 1> <Delay = 1.00> <Adapter> <Opcode : 'read' 'write' 'readreq' 'writereq' 'writeresp'>
ST_37 : Operation 251 [38/71] (7.30ns)   --->   "%gmem_load_9_req = readreq i1 @_ssdm_op_ReadReq.m_axi.i128P1A, i64 %gmem_addr_4, i32 1" [main.cpp:152->main.cpp:272]   --->   Operation 251 'readreq' 'gmem_load_9_req' <Predicate = true> <Delay = 7.30> <CoreInst = "m_axi">   --->   Core 121 'm_axi' <Latency = 0> <II = 1> <Delay = 1.00> <Adapter> <Opcode : 'read' 'write' 'readreq' 'writereq' 'writeresp'>

State 38 <SV = 37> <Delay = 7.30>
ST_38 : Operation 252 [35/71] (7.30ns)   --->   "%gmem_load_7_req = readreq i1 @_ssdm_op_ReadReq.m_axi.i128P1A, i64 %gmem_addr, i32 1" [main.cpp:150->main.cpp:272]   --->   Operation 252 'readreq' 'gmem_load_7_req' <Predicate = true> <Delay = 7.30> <CoreInst = "m_axi">   --->   Core 121 'm_axi' <Latency = 0> <II = 1> <Delay = 1.00> <Adapter> <Opcode : 'read' 'write' 'readreq' 'writereq' 'writeresp'>
ST_38 : Operation 253 [36/71] (7.30ns)   --->   "%gmem_load_8_req = readreq i1 @_ssdm_op_ReadReq.m_axi.i128P1A, i64 %gmem_addr_3, i32 1" [main.cpp:151->main.cpp:272]   --->   Operation 253 'readreq' 'gmem_load_8_req' <Predicate = true> <Delay = 7.30> <CoreInst = "m_axi">   --->   Core 121 'm_axi' <Latency = 0> <II = 1> <Delay = 1.00> <Adapter> <Opcode : 'read' 'write' 'readreq' 'writereq' 'writeresp'>
ST_38 : Operation 254 [37/71] (7.30ns)   --->   "%gmem_load_9_req = readreq i1 @_ssdm_op_ReadReq.m_axi.i128P1A, i64 %gmem_addr_4, i32 1" [main.cpp:152->main.cpp:272]   --->   Operation 254 'readreq' 'gmem_load_9_req' <Predicate = true> <Delay = 7.30> <CoreInst = "m_axi">   --->   Core 121 'm_axi' <Latency = 0> <II = 1> <Delay = 1.00> <Adapter> <Opcode : 'read' 'write' 'readreq' 'writereq' 'writeresp'>

State 39 <SV = 38> <Delay = 7.30>
ST_39 : Operation 255 [34/71] (7.30ns)   --->   "%gmem_load_7_req = readreq i1 @_ssdm_op_ReadReq.m_axi.i128P1A, i64 %gmem_addr, i32 1" [main.cpp:150->main.cpp:272]   --->   Operation 255 'readreq' 'gmem_load_7_req' <Predicate = true> <Delay = 7.30> <CoreInst = "m_axi">   --->   Core 121 'm_axi' <Latency = 0> <II = 1> <Delay = 1.00> <Adapter> <Opcode : 'read' 'write' 'readreq' 'writereq' 'writeresp'>
ST_39 : Operation 256 [35/71] (7.30ns)   --->   "%gmem_load_8_req = readreq i1 @_ssdm_op_ReadReq.m_axi.i128P1A, i64 %gmem_addr_3, i32 1" [main.cpp:151->main.cpp:272]   --->   Operation 256 'readreq' 'gmem_load_8_req' <Predicate = true> <Delay = 7.30> <CoreInst = "m_axi">   --->   Core 121 'm_axi' <Latency = 0> <II = 1> <Delay = 1.00> <Adapter> <Opcode : 'read' 'write' 'readreq' 'writereq' 'writeresp'>
ST_39 : Operation 257 [36/71] (7.30ns)   --->   "%gmem_load_9_req = readreq i1 @_ssdm_op_ReadReq.m_axi.i128P1A, i64 %gmem_addr_4, i32 1" [main.cpp:152->main.cpp:272]   --->   Operation 257 'readreq' 'gmem_load_9_req' <Predicate = true> <Delay = 7.30> <CoreInst = "m_axi">   --->   Core 121 'm_axi' <Latency = 0> <II = 1> <Delay = 1.00> <Adapter> <Opcode : 'read' 'write' 'readreq' 'writereq' 'writeresp'>

State 40 <SV = 39> <Delay = 7.30>
ST_40 : Operation 258 [33/71] (7.30ns)   --->   "%gmem_load_7_req = readreq i1 @_ssdm_op_ReadReq.m_axi.i128P1A, i64 %gmem_addr, i32 1" [main.cpp:150->main.cpp:272]   --->   Operation 258 'readreq' 'gmem_load_7_req' <Predicate = true> <Delay = 7.30> <CoreInst = "m_axi">   --->   Core 121 'm_axi' <Latency = 0> <II = 1> <Delay = 1.00> <Adapter> <Opcode : 'read' 'write' 'readreq' 'writereq' 'writeresp'>
ST_40 : Operation 259 [34/71] (7.30ns)   --->   "%gmem_load_8_req = readreq i1 @_ssdm_op_ReadReq.m_axi.i128P1A, i64 %gmem_addr_3, i32 1" [main.cpp:151->main.cpp:272]   --->   Operation 259 'readreq' 'gmem_load_8_req' <Predicate = true> <Delay = 7.30> <CoreInst = "m_axi">   --->   Core 121 'm_axi' <Latency = 0> <II = 1> <Delay = 1.00> <Adapter> <Opcode : 'read' 'write' 'readreq' 'writereq' 'writeresp'>
ST_40 : Operation 260 [35/71] (7.30ns)   --->   "%gmem_load_9_req = readreq i1 @_ssdm_op_ReadReq.m_axi.i128P1A, i64 %gmem_addr_4, i32 1" [main.cpp:152->main.cpp:272]   --->   Operation 260 'readreq' 'gmem_load_9_req' <Predicate = true> <Delay = 7.30> <CoreInst = "m_axi">   --->   Core 121 'm_axi' <Latency = 0> <II = 1> <Delay = 1.00> <Adapter> <Opcode : 'read' 'write' 'readreq' 'writereq' 'writeresp'>

State 41 <SV = 40> <Delay = 7.30>
ST_41 : Operation 261 [32/71] (7.30ns)   --->   "%gmem_load_7_req = readreq i1 @_ssdm_op_ReadReq.m_axi.i128P1A, i64 %gmem_addr, i32 1" [main.cpp:150->main.cpp:272]   --->   Operation 261 'readreq' 'gmem_load_7_req' <Predicate = true> <Delay = 7.30> <CoreInst = "m_axi">   --->   Core 121 'm_axi' <Latency = 0> <II = 1> <Delay = 1.00> <Adapter> <Opcode : 'read' 'write' 'readreq' 'writereq' 'writeresp'>
ST_41 : Operation 262 [33/71] (7.30ns)   --->   "%gmem_load_8_req = readreq i1 @_ssdm_op_ReadReq.m_axi.i128P1A, i64 %gmem_addr_3, i32 1" [main.cpp:151->main.cpp:272]   --->   Operation 262 'readreq' 'gmem_load_8_req' <Predicate = true> <Delay = 7.30> <CoreInst = "m_axi">   --->   Core 121 'm_axi' <Latency = 0> <II = 1> <Delay = 1.00> <Adapter> <Opcode : 'read' 'write' 'readreq' 'writereq' 'writeresp'>
ST_41 : Operation 263 [34/71] (7.30ns)   --->   "%gmem_load_9_req = readreq i1 @_ssdm_op_ReadReq.m_axi.i128P1A, i64 %gmem_addr_4, i32 1" [main.cpp:152->main.cpp:272]   --->   Operation 263 'readreq' 'gmem_load_9_req' <Predicate = true> <Delay = 7.30> <CoreInst = "m_axi">   --->   Core 121 'm_axi' <Latency = 0> <II = 1> <Delay = 1.00> <Adapter> <Opcode : 'read' 'write' 'readreq' 'writereq' 'writeresp'>

State 42 <SV = 41> <Delay = 7.30>
ST_42 : Operation 264 [31/71] (7.30ns)   --->   "%gmem_load_7_req = readreq i1 @_ssdm_op_ReadReq.m_axi.i128P1A, i64 %gmem_addr, i32 1" [main.cpp:150->main.cpp:272]   --->   Operation 264 'readreq' 'gmem_load_7_req' <Predicate = true> <Delay = 7.30> <CoreInst = "m_axi">   --->   Core 121 'm_axi' <Latency = 0> <II = 1> <Delay = 1.00> <Adapter> <Opcode : 'read' 'write' 'readreq' 'writereq' 'writeresp'>
ST_42 : Operation 265 [32/71] (7.30ns)   --->   "%gmem_load_8_req = readreq i1 @_ssdm_op_ReadReq.m_axi.i128P1A, i64 %gmem_addr_3, i32 1" [main.cpp:151->main.cpp:272]   --->   Operation 265 'readreq' 'gmem_load_8_req' <Predicate = true> <Delay = 7.30> <CoreInst = "m_axi">   --->   Core 121 'm_axi' <Latency = 0> <II = 1> <Delay = 1.00> <Adapter> <Opcode : 'read' 'write' 'readreq' 'writereq' 'writeresp'>
ST_42 : Operation 266 [33/71] (7.30ns)   --->   "%gmem_load_9_req = readreq i1 @_ssdm_op_ReadReq.m_axi.i128P1A, i64 %gmem_addr_4, i32 1" [main.cpp:152->main.cpp:272]   --->   Operation 266 'readreq' 'gmem_load_9_req' <Predicate = true> <Delay = 7.30> <CoreInst = "m_axi">   --->   Core 121 'm_axi' <Latency = 0> <II = 1> <Delay = 1.00> <Adapter> <Opcode : 'read' 'write' 'readreq' 'writereq' 'writeresp'>

State 43 <SV = 42> <Delay = 7.30>
ST_43 : Operation 267 [30/71] (7.30ns)   --->   "%gmem_load_7_req = readreq i1 @_ssdm_op_ReadReq.m_axi.i128P1A, i64 %gmem_addr, i32 1" [main.cpp:150->main.cpp:272]   --->   Operation 267 'readreq' 'gmem_load_7_req' <Predicate = true> <Delay = 7.30> <CoreInst = "m_axi">   --->   Core 121 'm_axi' <Latency = 0> <II = 1> <Delay = 1.00> <Adapter> <Opcode : 'read' 'write' 'readreq' 'writereq' 'writeresp'>
ST_43 : Operation 268 [31/71] (7.30ns)   --->   "%gmem_load_8_req = readreq i1 @_ssdm_op_ReadReq.m_axi.i128P1A, i64 %gmem_addr_3, i32 1" [main.cpp:151->main.cpp:272]   --->   Operation 268 'readreq' 'gmem_load_8_req' <Predicate = true> <Delay = 7.30> <CoreInst = "m_axi">   --->   Core 121 'm_axi' <Latency = 0> <II = 1> <Delay = 1.00> <Adapter> <Opcode : 'read' 'write' 'readreq' 'writereq' 'writeresp'>
ST_43 : Operation 269 [32/71] (7.30ns)   --->   "%gmem_load_9_req = readreq i1 @_ssdm_op_ReadReq.m_axi.i128P1A, i64 %gmem_addr_4, i32 1" [main.cpp:152->main.cpp:272]   --->   Operation 269 'readreq' 'gmem_load_9_req' <Predicate = true> <Delay = 7.30> <CoreInst = "m_axi">   --->   Core 121 'm_axi' <Latency = 0> <II = 1> <Delay = 1.00> <Adapter> <Opcode : 'read' 'write' 'readreq' 'writereq' 'writeresp'>

State 44 <SV = 43> <Delay = 7.30>
ST_44 : Operation 270 [29/71] (7.30ns)   --->   "%gmem_load_7_req = readreq i1 @_ssdm_op_ReadReq.m_axi.i128P1A, i64 %gmem_addr, i32 1" [main.cpp:150->main.cpp:272]   --->   Operation 270 'readreq' 'gmem_load_7_req' <Predicate = true> <Delay = 7.30> <CoreInst = "m_axi">   --->   Core 121 'm_axi' <Latency = 0> <II = 1> <Delay = 1.00> <Adapter> <Opcode : 'read' 'write' 'readreq' 'writereq' 'writeresp'>
ST_44 : Operation 271 [30/71] (7.30ns)   --->   "%gmem_load_8_req = readreq i1 @_ssdm_op_ReadReq.m_axi.i128P1A, i64 %gmem_addr_3, i32 1" [main.cpp:151->main.cpp:272]   --->   Operation 271 'readreq' 'gmem_load_8_req' <Predicate = true> <Delay = 7.30> <CoreInst = "m_axi">   --->   Core 121 'm_axi' <Latency = 0> <II = 1> <Delay = 1.00> <Adapter> <Opcode : 'read' 'write' 'readreq' 'writereq' 'writeresp'>
ST_44 : Operation 272 [31/71] (7.30ns)   --->   "%gmem_load_9_req = readreq i1 @_ssdm_op_ReadReq.m_axi.i128P1A, i64 %gmem_addr_4, i32 1" [main.cpp:152->main.cpp:272]   --->   Operation 272 'readreq' 'gmem_load_9_req' <Predicate = true> <Delay = 7.30> <CoreInst = "m_axi">   --->   Core 121 'm_axi' <Latency = 0> <II = 1> <Delay = 1.00> <Adapter> <Opcode : 'read' 'write' 'readreq' 'writereq' 'writeresp'>

State 45 <SV = 44> <Delay = 7.30>
ST_45 : Operation 273 [28/71] (7.30ns)   --->   "%gmem_load_7_req = readreq i1 @_ssdm_op_ReadReq.m_axi.i128P1A, i64 %gmem_addr, i32 1" [main.cpp:150->main.cpp:272]   --->   Operation 273 'readreq' 'gmem_load_7_req' <Predicate = true> <Delay = 7.30> <CoreInst = "m_axi">   --->   Core 121 'm_axi' <Latency = 0> <II = 1> <Delay = 1.00> <Adapter> <Opcode : 'read' 'write' 'readreq' 'writereq' 'writeresp'>
ST_45 : Operation 274 [29/71] (7.30ns)   --->   "%gmem_load_8_req = readreq i1 @_ssdm_op_ReadReq.m_axi.i128P1A, i64 %gmem_addr_3, i32 1" [main.cpp:151->main.cpp:272]   --->   Operation 274 'readreq' 'gmem_load_8_req' <Predicate = true> <Delay = 7.30> <CoreInst = "m_axi">   --->   Core 121 'm_axi' <Latency = 0> <II = 1> <Delay = 1.00> <Adapter> <Opcode : 'read' 'write' 'readreq' 'writereq' 'writeresp'>
ST_45 : Operation 275 [30/71] (7.30ns)   --->   "%gmem_load_9_req = readreq i1 @_ssdm_op_ReadReq.m_axi.i128P1A, i64 %gmem_addr_4, i32 1" [main.cpp:152->main.cpp:272]   --->   Operation 275 'readreq' 'gmem_load_9_req' <Predicate = true> <Delay = 7.30> <CoreInst = "m_axi">   --->   Core 121 'm_axi' <Latency = 0> <II = 1> <Delay = 1.00> <Adapter> <Opcode : 'read' 'write' 'readreq' 'writereq' 'writeresp'>

State 46 <SV = 45> <Delay = 7.30>
ST_46 : Operation 276 [27/71] (7.30ns)   --->   "%gmem_load_7_req = readreq i1 @_ssdm_op_ReadReq.m_axi.i128P1A, i64 %gmem_addr, i32 1" [main.cpp:150->main.cpp:272]   --->   Operation 276 'readreq' 'gmem_load_7_req' <Predicate = true> <Delay = 7.30> <CoreInst = "m_axi">   --->   Core 121 'm_axi' <Latency = 0> <II = 1> <Delay = 1.00> <Adapter> <Opcode : 'read' 'write' 'readreq' 'writereq' 'writeresp'>
ST_46 : Operation 277 [28/71] (7.30ns)   --->   "%gmem_load_8_req = readreq i1 @_ssdm_op_ReadReq.m_axi.i128P1A, i64 %gmem_addr_3, i32 1" [main.cpp:151->main.cpp:272]   --->   Operation 277 'readreq' 'gmem_load_8_req' <Predicate = true> <Delay = 7.30> <CoreInst = "m_axi">   --->   Core 121 'm_axi' <Latency = 0> <II = 1> <Delay = 1.00> <Adapter> <Opcode : 'read' 'write' 'readreq' 'writereq' 'writeresp'>
ST_46 : Operation 278 [29/71] (7.30ns)   --->   "%gmem_load_9_req = readreq i1 @_ssdm_op_ReadReq.m_axi.i128P1A, i64 %gmem_addr_4, i32 1" [main.cpp:152->main.cpp:272]   --->   Operation 278 'readreq' 'gmem_load_9_req' <Predicate = true> <Delay = 7.30> <CoreInst = "m_axi">   --->   Core 121 'm_axi' <Latency = 0> <II = 1> <Delay = 1.00> <Adapter> <Opcode : 'read' 'write' 'readreq' 'writereq' 'writeresp'>

State 47 <SV = 46> <Delay = 7.30>
ST_47 : Operation 279 [26/71] (7.30ns)   --->   "%gmem_load_7_req = readreq i1 @_ssdm_op_ReadReq.m_axi.i128P1A, i64 %gmem_addr, i32 1" [main.cpp:150->main.cpp:272]   --->   Operation 279 'readreq' 'gmem_load_7_req' <Predicate = true> <Delay = 7.30> <CoreInst = "m_axi">   --->   Core 121 'm_axi' <Latency = 0> <II = 1> <Delay = 1.00> <Adapter> <Opcode : 'read' 'write' 'readreq' 'writereq' 'writeresp'>
ST_47 : Operation 280 [27/71] (7.30ns)   --->   "%gmem_load_8_req = readreq i1 @_ssdm_op_ReadReq.m_axi.i128P1A, i64 %gmem_addr_3, i32 1" [main.cpp:151->main.cpp:272]   --->   Operation 280 'readreq' 'gmem_load_8_req' <Predicate = true> <Delay = 7.30> <CoreInst = "m_axi">   --->   Core 121 'm_axi' <Latency = 0> <II = 1> <Delay = 1.00> <Adapter> <Opcode : 'read' 'write' 'readreq' 'writereq' 'writeresp'>
ST_47 : Operation 281 [28/71] (7.30ns)   --->   "%gmem_load_9_req = readreq i1 @_ssdm_op_ReadReq.m_axi.i128P1A, i64 %gmem_addr_4, i32 1" [main.cpp:152->main.cpp:272]   --->   Operation 281 'readreq' 'gmem_load_9_req' <Predicate = true> <Delay = 7.30> <CoreInst = "m_axi">   --->   Core 121 'm_axi' <Latency = 0> <II = 1> <Delay = 1.00> <Adapter> <Opcode : 'read' 'write' 'readreq' 'writereq' 'writeresp'>

State 48 <SV = 47> <Delay = 7.30>
ST_48 : Operation 282 [25/71] (7.30ns)   --->   "%gmem_load_7_req = readreq i1 @_ssdm_op_ReadReq.m_axi.i128P1A, i64 %gmem_addr, i32 1" [main.cpp:150->main.cpp:272]   --->   Operation 282 'readreq' 'gmem_load_7_req' <Predicate = true> <Delay = 7.30> <CoreInst = "m_axi">   --->   Core 121 'm_axi' <Latency = 0> <II = 1> <Delay = 1.00> <Adapter> <Opcode : 'read' 'write' 'readreq' 'writereq' 'writeresp'>
ST_48 : Operation 283 [26/71] (7.30ns)   --->   "%gmem_load_8_req = readreq i1 @_ssdm_op_ReadReq.m_axi.i128P1A, i64 %gmem_addr_3, i32 1" [main.cpp:151->main.cpp:272]   --->   Operation 283 'readreq' 'gmem_load_8_req' <Predicate = true> <Delay = 7.30> <CoreInst = "m_axi">   --->   Core 121 'm_axi' <Latency = 0> <II = 1> <Delay = 1.00> <Adapter> <Opcode : 'read' 'write' 'readreq' 'writereq' 'writeresp'>
ST_48 : Operation 284 [27/71] (7.30ns)   --->   "%gmem_load_9_req = readreq i1 @_ssdm_op_ReadReq.m_axi.i128P1A, i64 %gmem_addr_4, i32 1" [main.cpp:152->main.cpp:272]   --->   Operation 284 'readreq' 'gmem_load_9_req' <Predicate = true> <Delay = 7.30> <CoreInst = "m_axi">   --->   Core 121 'm_axi' <Latency = 0> <II = 1> <Delay = 1.00> <Adapter> <Opcode : 'read' 'write' 'readreq' 'writereq' 'writeresp'>

State 49 <SV = 48> <Delay = 7.30>
ST_49 : Operation 285 [24/71] (7.30ns)   --->   "%gmem_load_7_req = readreq i1 @_ssdm_op_ReadReq.m_axi.i128P1A, i64 %gmem_addr, i32 1" [main.cpp:150->main.cpp:272]   --->   Operation 285 'readreq' 'gmem_load_7_req' <Predicate = true> <Delay = 7.30> <CoreInst = "m_axi">   --->   Core 121 'm_axi' <Latency = 0> <II = 1> <Delay = 1.00> <Adapter> <Opcode : 'read' 'write' 'readreq' 'writereq' 'writeresp'>
ST_49 : Operation 286 [25/71] (7.30ns)   --->   "%gmem_load_8_req = readreq i1 @_ssdm_op_ReadReq.m_axi.i128P1A, i64 %gmem_addr_3, i32 1" [main.cpp:151->main.cpp:272]   --->   Operation 286 'readreq' 'gmem_load_8_req' <Predicate = true> <Delay = 7.30> <CoreInst = "m_axi">   --->   Core 121 'm_axi' <Latency = 0> <II = 1> <Delay = 1.00> <Adapter> <Opcode : 'read' 'write' 'readreq' 'writereq' 'writeresp'>
ST_49 : Operation 287 [26/71] (7.30ns)   --->   "%gmem_load_9_req = readreq i1 @_ssdm_op_ReadReq.m_axi.i128P1A, i64 %gmem_addr_4, i32 1" [main.cpp:152->main.cpp:272]   --->   Operation 287 'readreq' 'gmem_load_9_req' <Predicate = true> <Delay = 7.30> <CoreInst = "m_axi">   --->   Core 121 'm_axi' <Latency = 0> <II = 1> <Delay = 1.00> <Adapter> <Opcode : 'read' 'write' 'readreq' 'writereq' 'writeresp'>

State 50 <SV = 49> <Delay = 7.30>
ST_50 : Operation 288 [23/71] (7.30ns)   --->   "%gmem_load_7_req = readreq i1 @_ssdm_op_ReadReq.m_axi.i128P1A, i64 %gmem_addr, i32 1" [main.cpp:150->main.cpp:272]   --->   Operation 288 'readreq' 'gmem_load_7_req' <Predicate = true> <Delay = 7.30> <CoreInst = "m_axi">   --->   Core 121 'm_axi' <Latency = 0> <II = 1> <Delay = 1.00> <Adapter> <Opcode : 'read' 'write' 'readreq' 'writereq' 'writeresp'>
ST_50 : Operation 289 [24/71] (7.30ns)   --->   "%gmem_load_8_req = readreq i1 @_ssdm_op_ReadReq.m_axi.i128P1A, i64 %gmem_addr_3, i32 1" [main.cpp:151->main.cpp:272]   --->   Operation 289 'readreq' 'gmem_load_8_req' <Predicate = true> <Delay = 7.30> <CoreInst = "m_axi">   --->   Core 121 'm_axi' <Latency = 0> <II = 1> <Delay = 1.00> <Adapter> <Opcode : 'read' 'write' 'readreq' 'writereq' 'writeresp'>
ST_50 : Operation 290 [25/71] (7.30ns)   --->   "%gmem_load_9_req = readreq i1 @_ssdm_op_ReadReq.m_axi.i128P1A, i64 %gmem_addr_4, i32 1" [main.cpp:152->main.cpp:272]   --->   Operation 290 'readreq' 'gmem_load_9_req' <Predicate = true> <Delay = 7.30> <CoreInst = "m_axi">   --->   Core 121 'm_axi' <Latency = 0> <II = 1> <Delay = 1.00> <Adapter> <Opcode : 'read' 'write' 'readreq' 'writereq' 'writeresp'>

State 51 <SV = 50> <Delay = 7.30>
ST_51 : Operation 291 [22/71] (7.30ns)   --->   "%gmem_load_7_req = readreq i1 @_ssdm_op_ReadReq.m_axi.i128P1A, i64 %gmem_addr, i32 1" [main.cpp:150->main.cpp:272]   --->   Operation 291 'readreq' 'gmem_load_7_req' <Predicate = true> <Delay = 7.30> <CoreInst = "m_axi">   --->   Core 121 'm_axi' <Latency = 0> <II = 1> <Delay = 1.00> <Adapter> <Opcode : 'read' 'write' 'readreq' 'writereq' 'writeresp'>
ST_51 : Operation 292 [23/71] (7.30ns)   --->   "%gmem_load_8_req = readreq i1 @_ssdm_op_ReadReq.m_axi.i128P1A, i64 %gmem_addr_3, i32 1" [main.cpp:151->main.cpp:272]   --->   Operation 292 'readreq' 'gmem_load_8_req' <Predicate = true> <Delay = 7.30> <CoreInst = "m_axi">   --->   Core 121 'm_axi' <Latency = 0> <II = 1> <Delay = 1.00> <Adapter> <Opcode : 'read' 'write' 'readreq' 'writereq' 'writeresp'>
ST_51 : Operation 293 [24/71] (7.30ns)   --->   "%gmem_load_9_req = readreq i1 @_ssdm_op_ReadReq.m_axi.i128P1A, i64 %gmem_addr_4, i32 1" [main.cpp:152->main.cpp:272]   --->   Operation 293 'readreq' 'gmem_load_9_req' <Predicate = true> <Delay = 7.30> <CoreInst = "m_axi">   --->   Core 121 'm_axi' <Latency = 0> <II = 1> <Delay = 1.00> <Adapter> <Opcode : 'read' 'write' 'readreq' 'writereq' 'writeresp'>

State 52 <SV = 51> <Delay = 7.30>
ST_52 : Operation 294 [21/71] (7.30ns)   --->   "%gmem_load_7_req = readreq i1 @_ssdm_op_ReadReq.m_axi.i128P1A, i64 %gmem_addr, i32 1" [main.cpp:150->main.cpp:272]   --->   Operation 294 'readreq' 'gmem_load_7_req' <Predicate = true> <Delay = 7.30> <CoreInst = "m_axi">   --->   Core 121 'm_axi' <Latency = 0> <II = 1> <Delay = 1.00> <Adapter> <Opcode : 'read' 'write' 'readreq' 'writereq' 'writeresp'>
ST_52 : Operation 295 [22/71] (7.30ns)   --->   "%gmem_load_8_req = readreq i1 @_ssdm_op_ReadReq.m_axi.i128P1A, i64 %gmem_addr_3, i32 1" [main.cpp:151->main.cpp:272]   --->   Operation 295 'readreq' 'gmem_load_8_req' <Predicate = true> <Delay = 7.30> <CoreInst = "m_axi">   --->   Core 121 'm_axi' <Latency = 0> <II = 1> <Delay = 1.00> <Adapter> <Opcode : 'read' 'write' 'readreq' 'writereq' 'writeresp'>
ST_52 : Operation 296 [23/71] (7.30ns)   --->   "%gmem_load_9_req = readreq i1 @_ssdm_op_ReadReq.m_axi.i128P1A, i64 %gmem_addr_4, i32 1" [main.cpp:152->main.cpp:272]   --->   Operation 296 'readreq' 'gmem_load_9_req' <Predicate = true> <Delay = 7.30> <CoreInst = "m_axi">   --->   Core 121 'm_axi' <Latency = 0> <II = 1> <Delay = 1.00> <Adapter> <Opcode : 'read' 'write' 'readreq' 'writereq' 'writeresp'>

State 53 <SV = 52> <Delay = 7.30>
ST_53 : Operation 297 [20/71] (7.30ns)   --->   "%gmem_load_7_req = readreq i1 @_ssdm_op_ReadReq.m_axi.i128P1A, i64 %gmem_addr, i32 1" [main.cpp:150->main.cpp:272]   --->   Operation 297 'readreq' 'gmem_load_7_req' <Predicate = true> <Delay = 7.30> <CoreInst = "m_axi">   --->   Core 121 'm_axi' <Latency = 0> <II = 1> <Delay = 1.00> <Adapter> <Opcode : 'read' 'write' 'readreq' 'writereq' 'writeresp'>
ST_53 : Operation 298 [21/71] (7.30ns)   --->   "%gmem_load_8_req = readreq i1 @_ssdm_op_ReadReq.m_axi.i128P1A, i64 %gmem_addr_3, i32 1" [main.cpp:151->main.cpp:272]   --->   Operation 298 'readreq' 'gmem_load_8_req' <Predicate = true> <Delay = 7.30> <CoreInst = "m_axi">   --->   Core 121 'm_axi' <Latency = 0> <II = 1> <Delay = 1.00> <Adapter> <Opcode : 'read' 'write' 'readreq' 'writereq' 'writeresp'>
ST_53 : Operation 299 [22/71] (7.30ns)   --->   "%gmem_load_9_req = readreq i1 @_ssdm_op_ReadReq.m_axi.i128P1A, i64 %gmem_addr_4, i32 1" [main.cpp:152->main.cpp:272]   --->   Operation 299 'readreq' 'gmem_load_9_req' <Predicate = true> <Delay = 7.30> <CoreInst = "m_axi">   --->   Core 121 'm_axi' <Latency = 0> <II = 1> <Delay = 1.00> <Adapter> <Opcode : 'read' 'write' 'readreq' 'writereq' 'writeresp'>

State 54 <SV = 53> <Delay = 7.30>
ST_54 : Operation 300 [19/71] (7.30ns)   --->   "%gmem_load_7_req = readreq i1 @_ssdm_op_ReadReq.m_axi.i128P1A, i64 %gmem_addr, i32 1" [main.cpp:150->main.cpp:272]   --->   Operation 300 'readreq' 'gmem_load_7_req' <Predicate = true> <Delay = 7.30> <CoreInst = "m_axi">   --->   Core 121 'm_axi' <Latency = 0> <II = 1> <Delay = 1.00> <Adapter> <Opcode : 'read' 'write' 'readreq' 'writereq' 'writeresp'>
ST_54 : Operation 301 [20/71] (7.30ns)   --->   "%gmem_load_8_req = readreq i1 @_ssdm_op_ReadReq.m_axi.i128P1A, i64 %gmem_addr_3, i32 1" [main.cpp:151->main.cpp:272]   --->   Operation 301 'readreq' 'gmem_load_8_req' <Predicate = true> <Delay = 7.30> <CoreInst = "m_axi">   --->   Core 121 'm_axi' <Latency = 0> <II = 1> <Delay = 1.00> <Adapter> <Opcode : 'read' 'write' 'readreq' 'writereq' 'writeresp'>
ST_54 : Operation 302 [21/71] (7.30ns)   --->   "%gmem_load_9_req = readreq i1 @_ssdm_op_ReadReq.m_axi.i128P1A, i64 %gmem_addr_4, i32 1" [main.cpp:152->main.cpp:272]   --->   Operation 302 'readreq' 'gmem_load_9_req' <Predicate = true> <Delay = 7.30> <CoreInst = "m_axi">   --->   Core 121 'm_axi' <Latency = 0> <II = 1> <Delay = 1.00> <Adapter> <Opcode : 'read' 'write' 'readreq' 'writereq' 'writeresp'>

State 55 <SV = 54> <Delay = 7.30>
ST_55 : Operation 303 [18/71] (7.30ns)   --->   "%gmem_load_7_req = readreq i1 @_ssdm_op_ReadReq.m_axi.i128P1A, i64 %gmem_addr, i32 1" [main.cpp:150->main.cpp:272]   --->   Operation 303 'readreq' 'gmem_load_7_req' <Predicate = true> <Delay = 7.30> <CoreInst = "m_axi">   --->   Core 121 'm_axi' <Latency = 0> <II = 1> <Delay = 1.00> <Adapter> <Opcode : 'read' 'write' 'readreq' 'writereq' 'writeresp'>
ST_55 : Operation 304 [19/71] (7.30ns)   --->   "%gmem_load_8_req = readreq i1 @_ssdm_op_ReadReq.m_axi.i128P1A, i64 %gmem_addr_3, i32 1" [main.cpp:151->main.cpp:272]   --->   Operation 304 'readreq' 'gmem_load_8_req' <Predicate = true> <Delay = 7.30> <CoreInst = "m_axi">   --->   Core 121 'm_axi' <Latency = 0> <II = 1> <Delay = 1.00> <Adapter> <Opcode : 'read' 'write' 'readreq' 'writereq' 'writeresp'>
ST_55 : Operation 305 [20/71] (7.30ns)   --->   "%gmem_load_9_req = readreq i1 @_ssdm_op_ReadReq.m_axi.i128P1A, i64 %gmem_addr_4, i32 1" [main.cpp:152->main.cpp:272]   --->   Operation 305 'readreq' 'gmem_load_9_req' <Predicate = true> <Delay = 7.30> <CoreInst = "m_axi">   --->   Core 121 'm_axi' <Latency = 0> <II = 1> <Delay = 1.00> <Adapter> <Opcode : 'read' 'write' 'readreq' 'writereq' 'writeresp'>

State 56 <SV = 55> <Delay = 7.30>
ST_56 : Operation 306 [17/71] (7.30ns)   --->   "%gmem_load_7_req = readreq i1 @_ssdm_op_ReadReq.m_axi.i128P1A, i64 %gmem_addr, i32 1" [main.cpp:150->main.cpp:272]   --->   Operation 306 'readreq' 'gmem_load_7_req' <Predicate = true> <Delay = 7.30> <CoreInst = "m_axi">   --->   Core 121 'm_axi' <Latency = 0> <II = 1> <Delay = 1.00> <Adapter> <Opcode : 'read' 'write' 'readreq' 'writereq' 'writeresp'>
ST_56 : Operation 307 [18/71] (7.30ns)   --->   "%gmem_load_8_req = readreq i1 @_ssdm_op_ReadReq.m_axi.i128P1A, i64 %gmem_addr_3, i32 1" [main.cpp:151->main.cpp:272]   --->   Operation 307 'readreq' 'gmem_load_8_req' <Predicate = true> <Delay = 7.30> <CoreInst = "m_axi">   --->   Core 121 'm_axi' <Latency = 0> <II = 1> <Delay = 1.00> <Adapter> <Opcode : 'read' 'write' 'readreq' 'writereq' 'writeresp'>
ST_56 : Operation 308 [19/71] (7.30ns)   --->   "%gmem_load_9_req = readreq i1 @_ssdm_op_ReadReq.m_axi.i128P1A, i64 %gmem_addr_4, i32 1" [main.cpp:152->main.cpp:272]   --->   Operation 308 'readreq' 'gmem_load_9_req' <Predicate = true> <Delay = 7.30> <CoreInst = "m_axi">   --->   Core 121 'm_axi' <Latency = 0> <II = 1> <Delay = 1.00> <Adapter> <Opcode : 'read' 'write' 'readreq' 'writereq' 'writeresp'>

State 57 <SV = 56> <Delay = 7.30>
ST_57 : Operation 309 [16/71] (7.30ns)   --->   "%gmem_load_7_req = readreq i1 @_ssdm_op_ReadReq.m_axi.i128P1A, i64 %gmem_addr, i32 1" [main.cpp:150->main.cpp:272]   --->   Operation 309 'readreq' 'gmem_load_7_req' <Predicate = true> <Delay = 7.30> <CoreInst = "m_axi">   --->   Core 121 'm_axi' <Latency = 0> <II = 1> <Delay = 1.00> <Adapter> <Opcode : 'read' 'write' 'readreq' 'writereq' 'writeresp'>
ST_57 : Operation 310 [17/71] (7.30ns)   --->   "%gmem_load_8_req = readreq i1 @_ssdm_op_ReadReq.m_axi.i128P1A, i64 %gmem_addr_3, i32 1" [main.cpp:151->main.cpp:272]   --->   Operation 310 'readreq' 'gmem_load_8_req' <Predicate = true> <Delay = 7.30> <CoreInst = "m_axi">   --->   Core 121 'm_axi' <Latency = 0> <II = 1> <Delay = 1.00> <Adapter> <Opcode : 'read' 'write' 'readreq' 'writereq' 'writeresp'>
ST_57 : Operation 311 [18/71] (7.30ns)   --->   "%gmem_load_9_req = readreq i1 @_ssdm_op_ReadReq.m_axi.i128P1A, i64 %gmem_addr_4, i32 1" [main.cpp:152->main.cpp:272]   --->   Operation 311 'readreq' 'gmem_load_9_req' <Predicate = true> <Delay = 7.30> <CoreInst = "m_axi">   --->   Core 121 'm_axi' <Latency = 0> <II = 1> <Delay = 1.00> <Adapter> <Opcode : 'read' 'write' 'readreq' 'writereq' 'writeresp'>

State 58 <SV = 57> <Delay = 7.30>
ST_58 : Operation 312 [15/71] (7.30ns)   --->   "%gmem_load_7_req = readreq i1 @_ssdm_op_ReadReq.m_axi.i128P1A, i64 %gmem_addr, i32 1" [main.cpp:150->main.cpp:272]   --->   Operation 312 'readreq' 'gmem_load_7_req' <Predicate = true> <Delay = 7.30> <CoreInst = "m_axi">   --->   Core 121 'm_axi' <Latency = 0> <II = 1> <Delay = 1.00> <Adapter> <Opcode : 'read' 'write' 'readreq' 'writereq' 'writeresp'>
ST_58 : Operation 313 [16/71] (7.30ns)   --->   "%gmem_load_8_req = readreq i1 @_ssdm_op_ReadReq.m_axi.i128P1A, i64 %gmem_addr_3, i32 1" [main.cpp:151->main.cpp:272]   --->   Operation 313 'readreq' 'gmem_load_8_req' <Predicate = true> <Delay = 7.30> <CoreInst = "m_axi">   --->   Core 121 'm_axi' <Latency = 0> <II = 1> <Delay = 1.00> <Adapter> <Opcode : 'read' 'write' 'readreq' 'writereq' 'writeresp'>
ST_58 : Operation 314 [17/71] (7.30ns)   --->   "%gmem_load_9_req = readreq i1 @_ssdm_op_ReadReq.m_axi.i128P1A, i64 %gmem_addr_4, i32 1" [main.cpp:152->main.cpp:272]   --->   Operation 314 'readreq' 'gmem_load_9_req' <Predicate = true> <Delay = 7.30> <CoreInst = "m_axi">   --->   Core 121 'm_axi' <Latency = 0> <II = 1> <Delay = 1.00> <Adapter> <Opcode : 'read' 'write' 'readreq' 'writereq' 'writeresp'>

State 59 <SV = 58> <Delay = 7.30>
ST_59 : Operation 315 [14/71] (7.30ns)   --->   "%gmem_load_7_req = readreq i1 @_ssdm_op_ReadReq.m_axi.i128P1A, i64 %gmem_addr, i32 1" [main.cpp:150->main.cpp:272]   --->   Operation 315 'readreq' 'gmem_load_7_req' <Predicate = true> <Delay = 7.30> <CoreInst = "m_axi">   --->   Core 121 'm_axi' <Latency = 0> <II = 1> <Delay = 1.00> <Adapter> <Opcode : 'read' 'write' 'readreq' 'writereq' 'writeresp'>
ST_59 : Operation 316 [15/71] (7.30ns)   --->   "%gmem_load_8_req = readreq i1 @_ssdm_op_ReadReq.m_axi.i128P1A, i64 %gmem_addr_3, i32 1" [main.cpp:151->main.cpp:272]   --->   Operation 316 'readreq' 'gmem_load_8_req' <Predicate = true> <Delay = 7.30> <CoreInst = "m_axi">   --->   Core 121 'm_axi' <Latency = 0> <II = 1> <Delay = 1.00> <Adapter> <Opcode : 'read' 'write' 'readreq' 'writereq' 'writeresp'>
ST_59 : Operation 317 [16/71] (7.30ns)   --->   "%gmem_load_9_req = readreq i1 @_ssdm_op_ReadReq.m_axi.i128P1A, i64 %gmem_addr_4, i32 1" [main.cpp:152->main.cpp:272]   --->   Operation 317 'readreq' 'gmem_load_9_req' <Predicate = true> <Delay = 7.30> <CoreInst = "m_axi">   --->   Core 121 'm_axi' <Latency = 0> <II = 1> <Delay = 1.00> <Adapter> <Opcode : 'read' 'write' 'readreq' 'writereq' 'writeresp'>

State 60 <SV = 59> <Delay = 7.30>
ST_60 : Operation 318 [13/71] (7.30ns)   --->   "%gmem_load_7_req = readreq i1 @_ssdm_op_ReadReq.m_axi.i128P1A, i64 %gmem_addr, i32 1" [main.cpp:150->main.cpp:272]   --->   Operation 318 'readreq' 'gmem_load_7_req' <Predicate = true> <Delay = 7.30> <CoreInst = "m_axi">   --->   Core 121 'm_axi' <Latency = 0> <II = 1> <Delay = 1.00> <Adapter> <Opcode : 'read' 'write' 'readreq' 'writereq' 'writeresp'>
ST_60 : Operation 319 [14/71] (7.30ns)   --->   "%gmem_load_8_req = readreq i1 @_ssdm_op_ReadReq.m_axi.i128P1A, i64 %gmem_addr_3, i32 1" [main.cpp:151->main.cpp:272]   --->   Operation 319 'readreq' 'gmem_load_8_req' <Predicate = true> <Delay = 7.30> <CoreInst = "m_axi">   --->   Core 121 'm_axi' <Latency = 0> <II = 1> <Delay = 1.00> <Adapter> <Opcode : 'read' 'write' 'readreq' 'writereq' 'writeresp'>
ST_60 : Operation 320 [15/71] (7.30ns)   --->   "%gmem_load_9_req = readreq i1 @_ssdm_op_ReadReq.m_axi.i128P1A, i64 %gmem_addr_4, i32 1" [main.cpp:152->main.cpp:272]   --->   Operation 320 'readreq' 'gmem_load_9_req' <Predicate = true> <Delay = 7.30> <CoreInst = "m_axi">   --->   Core 121 'm_axi' <Latency = 0> <II = 1> <Delay = 1.00> <Adapter> <Opcode : 'read' 'write' 'readreq' 'writereq' 'writeresp'>

State 61 <SV = 60> <Delay = 7.30>
ST_61 : Operation 321 [12/71] (7.30ns)   --->   "%gmem_load_7_req = readreq i1 @_ssdm_op_ReadReq.m_axi.i128P1A, i64 %gmem_addr, i32 1" [main.cpp:150->main.cpp:272]   --->   Operation 321 'readreq' 'gmem_load_7_req' <Predicate = true> <Delay = 7.30> <CoreInst = "m_axi">   --->   Core 121 'm_axi' <Latency = 0> <II = 1> <Delay = 1.00> <Adapter> <Opcode : 'read' 'write' 'readreq' 'writereq' 'writeresp'>
ST_61 : Operation 322 [13/71] (7.30ns)   --->   "%gmem_load_8_req = readreq i1 @_ssdm_op_ReadReq.m_axi.i128P1A, i64 %gmem_addr_3, i32 1" [main.cpp:151->main.cpp:272]   --->   Operation 322 'readreq' 'gmem_load_8_req' <Predicate = true> <Delay = 7.30> <CoreInst = "m_axi">   --->   Core 121 'm_axi' <Latency = 0> <II = 1> <Delay = 1.00> <Adapter> <Opcode : 'read' 'write' 'readreq' 'writereq' 'writeresp'>
ST_61 : Operation 323 [14/71] (7.30ns)   --->   "%gmem_load_9_req = readreq i1 @_ssdm_op_ReadReq.m_axi.i128P1A, i64 %gmem_addr_4, i32 1" [main.cpp:152->main.cpp:272]   --->   Operation 323 'readreq' 'gmem_load_9_req' <Predicate = true> <Delay = 7.30> <CoreInst = "m_axi">   --->   Core 121 'm_axi' <Latency = 0> <II = 1> <Delay = 1.00> <Adapter> <Opcode : 'read' 'write' 'readreq' 'writereq' 'writeresp'>

State 62 <SV = 61> <Delay = 7.30>
ST_62 : Operation 324 [11/71] (7.30ns)   --->   "%gmem_load_7_req = readreq i1 @_ssdm_op_ReadReq.m_axi.i128P1A, i64 %gmem_addr, i32 1" [main.cpp:150->main.cpp:272]   --->   Operation 324 'readreq' 'gmem_load_7_req' <Predicate = true> <Delay = 7.30> <CoreInst = "m_axi">   --->   Core 121 'm_axi' <Latency = 0> <II = 1> <Delay = 1.00> <Adapter> <Opcode : 'read' 'write' 'readreq' 'writereq' 'writeresp'>
ST_62 : Operation 325 [12/71] (7.30ns)   --->   "%gmem_load_8_req = readreq i1 @_ssdm_op_ReadReq.m_axi.i128P1A, i64 %gmem_addr_3, i32 1" [main.cpp:151->main.cpp:272]   --->   Operation 325 'readreq' 'gmem_load_8_req' <Predicate = true> <Delay = 7.30> <CoreInst = "m_axi">   --->   Core 121 'm_axi' <Latency = 0> <II = 1> <Delay = 1.00> <Adapter> <Opcode : 'read' 'write' 'readreq' 'writereq' 'writeresp'>
ST_62 : Operation 326 [13/71] (7.30ns)   --->   "%gmem_load_9_req = readreq i1 @_ssdm_op_ReadReq.m_axi.i128P1A, i64 %gmem_addr_4, i32 1" [main.cpp:152->main.cpp:272]   --->   Operation 326 'readreq' 'gmem_load_9_req' <Predicate = true> <Delay = 7.30> <CoreInst = "m_axi">   --->   Core 121 'm_axi' <Latency = 0> <II = 1> <Delay = 1.00> <Adapter> <Opcode : 'read' 'write' 'readreq' 'writereq' 'writeresp'>

State 63 <SV = 62> <Delay = 7.30>
ST_63 : Operation 327 [10/71] (7.30ns)   --->   "%gmem_load_7_req = readreq i1 @_ssdm_op_ReadReq.m_axi.i128P1A, i64 %gmem_addr, i32 1" [main.cpp:150->main.cpp:272]   --->   Operation 327 'readreq' 'gmem_load_7_req' <Predicate = true> <Delay = 7.30> <CoreInst = "m_axi">   --->   Core 121 'm_axi' <Latency = 0> <II = 1> <Delay = 1.00> <Adapter> <Opcode : 'read' 'write' 'readreq' 'writereq' 'writeresp'>
ST_63 : Operation 328 [11/71] (7.30ns)   --->   "%gmem_load_8_req = readreq i1 @_ssdm_op_ReadReq.m_axi.i128P1A, i64 %gmem_addr_3, i32 1" [main.cpp:151->main.cpp:272]   --->   Operation 328 'readreq' 'gmem_load_8_req' <Predicate = true> <Delay = 7.30> <CoreInst = "m_axi">   --->   Core 121 'm_axi' <Latency = 0> <II = 1> <Delay = 1.00> <Adapter> <Opcode : 'read' 'write' 'readreq' 'writereq' 'writeresp'>
ST_63 : Operation 329 [12/71] (7.30ns)   --->   "%gmem_load_9_req = readreq i1 @_ssdm_op_ReadReq.m_axi.i128P1A, i64 %gmem_addr_4, i32 1" [main.cpp:152->main.cpp:272]   --->   Operation 329 'readreq' 'gmem_load_9_req' <Predicate = true> <Delay = 7.30> <CoreInst = "m_axi">   --->   Core 121 'm_axi' <Latency = 0> <II = 1> <Delay = 1.00> <Adapter> <Opcode : 'read' 'write' 'readreq' 'writereq' 'writeresp'>

State 64 <SV = 63> <Delay = 7.30>
ST_64 : Operation 330 [9/71] (7.30ns)   --->   "%gmem_load_7_req = readreq i1 @_ssdm_op_ReadReq.m_axi.i128P1A, i64 %gmem_addr, i32 1" [main.cpp:150->main.cpp:272]   --->   Operation 330 'readreq' 'gmem_load_7_req' <Predicate = true> <Delay = 7.30> <CoreInst = "m_axi">   --->   Core 121 'm_axi' <Latency = 0> <II = 1> <Delay = 1.00> <Adapter> <Opcode : 'read' 'write' 'readreq' 'writereq' 'writeresp'>
ST_64 : Operation 331 [10/71] (7.30ns)   --->   "%gmem_load_8_req = readreq i1 @_ssdm_op_ReadReq.m_axi.i128P1A, i64 %gmem_addr_3, i32 1" [main.cpp:151->main.cpp:272]   --->   Operation 331 'readreq' 'gmem_load_8_req' <Predicate = true> <Delay = 7.30> <CoreInst = "m_axi">   --->   Core 121 'm_axi' <Latency = 0> <II = 1> <Delay = 1.00> <Adapter> <Opcode : 'read' 'write' 'readreq' 'writereq' 'writeresp'>
ST_64 : Operation 332 [11/71] (7.30ns)   --->   "%gmem_load_9_req = readreq i1 @_ssdm_op_ReadReq.m_axi.i128P1A, i64 %gmem_addr_4, i32 1" [main.cpp:152->main.cpp:272]   --->   Operation 332 'readreq' 'gmem_load_9_req' <Predicate = true> <Delay = 7.30> <CoreInst = "m_axi">   --->   Core 121 'm_axi' <Latency = 0> <II = 1> <Delay = 1.00> <Adapter> <Opcode : 'read' 'write' 'readreq' 'writereq' 'writeresp'>

State 65 <SV = 64> <Delay = 7.30>
ST_65 : Operation 333 [8/71] (7.30ns)   --->   "%gmem_load_7_req = readreq i1 @_ssdm_op_ReadReq.m_axi.i128P1A, i64 %gmem_addr, i32 1" [main.cpp:150->main.cpp:272]   --->   Operation 333 'readreq' 'gmem_load_7_req' <Predicate = true> <Delay = 7.30> <CoreInst = "m_axi">   --->   Core 121 'm_axi' <Latency = 0> <II = 1> <Delay = 1.00> <Adapter> <Opcode : 'read' 'write' 'readreq' 'writereq' 'writeresp'>
ST_65 : Operation 334 [9/71] (7.30ns)   --->   "%gmem_load_8_req = readreq i1 @_ssdm_op_ReadReq.m_axi.i128P1A, i64 %gmem_addr_3, i32 1" [main.cpp:151->main.cpp:272]   --->   Operation 334 'readreq' 'gmem_load_8_req' <Predicate = true> <Delay = 7.30> <CoreInst = "m_axi">   --->   Core 121 'm_axi' <Latency = 0> <II = 1> <Delay = 1.00> <Adapter> <Opcode : 'read' 'write' 'readreq' 'writereq' 'writeresp'>
ST_65 : Operation 335 [10/71] (7.30ns)   --->   "%gmem_load_9_req = readreq i1 @_ssdm_op_ReadReq.m_axi.i128P1A, i64 %gmem_addr_4, i32 1" [main.cpp:152->main.cpp:272]   --->   Operation 335 'readreq' 'gmem_load_9_req' <Predicate = true> <Delay = 7.30> <CoreInst = "m_axi">   --->   Core 121 'm_axi' <Latency = 0> <II = 1> <Delay = 1.00> <Adapter> <Opcode : 'read' 'write' 'readreq' 'writereq' 'writeresp'>

State 66 <SV = 65> <Delay = 7.30>
ST_66 : Operation 336 [7/71] (7.30ns)   --->   "%gmem_load_7_req = readreq i1 @_ssdm_op_ReadReq.m_axi.i128P1A, i64 %gmem_addr, i32 1" [main.cpp:150->main.cpp:272]   --->   Operation 336 'readreq' 'gmem_load_7_req' <Predicate = true> <Delay = 7.30> <CoreInst = "m_axi">   --->   Core 121 'm_axi' <Latency = 0> <II = 1> <Delay = 1.00> <Adapter> <Opcode : 'read' 'write' 'readreq' 'writereq' 'writeresp'>
ST_66 : Operation 337 [8/71] (7.30ns)   --->   "%gmem_load_8_req = readreq i1 @_ssdm_op_ReadReq.m_axi.i128P1A, i64 %gmem_addr_3, i32 1" [main.cpp:151->main.cpp:272]   --->   Operation 337 'readreq' 'gmem_load_8_req' <Predicate = true> <Delay = 7.30> <CoreInst = "m_axi">   --->   Core 121 'm_axi' <Latency = 0> <II = 1> <Delay = 1.00> <Adapter> <Opcode : 'read' 'write' 'readreq' 'writereq' 'writeresp'>
ST_66 : Operation 338 [9/71] (7.30ns)   --->   "%gmem_load_9_req = readreq i1 @_ssdm_op_ReadReq.m_axi.i128P1A, i64 %gmem_addr_4, i32 1" [main.cpp:152->main.cpp:272]   --->   Operation 338 'readreq' 'gmem_load_9_req' <Predicate = true> <Delay = 7.30> <CoreInst = "m_axi">   --->   Core 121 'm_axi' <Latency = 0> <II = 1> <Delay = 1.00> <Adapter> <Opcode : 'read' 'write' 'readreq' 'writereq' 'writeresp'>

State 67 <SV = 66> <Delay = 7.30>
ST_67 : Operation 339 [6/71] (7.30ns)   --->   "%gmem_load_7_req = readreq i1 @_ssdm_op_ReadReq.m_axi.i128P1A, i64 %gmem_addr, i32 1" [main.cpp:150->main.cpp:272]   --->   Operation 339 'readreq' 'gmem_load_7_req' <Predicate = true> <Delay = 7.30> <CoreInst = "m_axi">   --->   Core 121 'm_axi' <Latency = 0> <II = 1> <Delay = 1.00> <Adapter> <Opcode : 'read' 'write' 'readreq' 'writereq' 'writeresp'>
ST_67 : Operation 340 [7/71] (7.30ns)   --->   "%gmem_load_8_req = readreq i1 @_ssdm_op_ReadReq.m_axi.i128P1A, i64 %gmem_addr_3, i32 1" [main.cpp:151->main.cpp:272]   --->   Operation 340 'readreq' 'gmem_load_8_req' <Predicate = true> <Delay = 7.30> <CoreInst = "m_axi">   --->   Core 121 'm_axi' <Latency = 0> <II = 1> <Delay = 1.00> <Adapter> <Opcode : 'read' 'write' 'readreq' 'writereq' 'writeresp'>
ST_67 : Operation 341 [8/71] (7.30ns)   --->   "%gmem_load_9_req = readreq i1 @_ssdm_op_ReadReq.m_axi.i128P1A, i64 %gmem_addr_4, i32 1" [main.cpp:152->main.cpp:272]   --->   Operation 341 'readreq' 'gmem_load_9_req' <Predicate = true> <Delay = 7.30> <CoreInst = "m_axi">   --->   Core 121 'm_axi' <Latency = 0> <II = 1> <Delay = 1.00> <Adapter> <Opcode : 'read' 'write' 'readreq' 'writereq' 'writeresp'>

State 68 <SV = 67> <Delay = 7.30>
ST_68 : Operation 342 [5/71] (7.30ns)   --->   "%gmem_load_7_req = readreq i1 @_ssdm_op_ReadReq.m_axi.i128P1A, i64 %gmem_addr, i32 1" [main.cpp:150->main.cpp:272]   --->   Operation 342 'readreq' 'gmem_load_7_req' <Predicate = true> <Delay = 7.30> <CoreInst = "m_axi">   --->   Core 121 'm_axi' <Latency = 0> <II = 1> <Delay = 1.00> <Adapter> <Opcode : 'read' 'write' 'readreq' 'writereq' 'writeresp'>
ST_68 : Operation 343 [6/71] (7.30ns)   --->   "%gmem_load_8_req = readreq i1 @_ssdm_op_ReadReq.m_axi.i128P1A, i64 %gmem_addr_3, i32 1" [main.cpp:151->main.cpp:272]   --->   Operation 343 'readreq' 'gmem_load_8_req' <Predicate = true> <Delay = 7.30> <CoreInst = "m_axi">   --->   Core 121 'm_axi' <Latency = 0> <II = 1> <Delay = 1.00> <Adapter> <Opcode : 'read' 'write' 'readreq' 'writereq' 'writeresp'>
ST_68 : Operation 344 [7/71] (7.30ns)   --->   "%gmem_load_9_req = readreq i1 @_ssdm_op_ReadReq.m_axi.i128P1A, i64 %gmem_addr_4, i32 1" [main.cpp:152->main.cpp:272]   --->   Operation 344 'readreq' 'gmem_load_9_req' <Predicate = true> <Delay = 7.30> <CoreInst = "m_axi">   --->   Core 121 'm_axi' <Latency = 0> <II = 1> <Delay = 1.00> <Adapter> <Opcode : 'read' 'write' 'readreq' 'writereq' 'writeresp'>

State 69 <SV = 68> <Delay = 7.30>
ST_69 : Operation 345 [4/71] (7.30ns)   --->   "%gmem_load_7_req = readreq i1 @_ssdm_op_ReadReq.m_axi.i128P1A, i64 %gmem_addr, i32 1" [main.cpp:150->main.cpp:272]   --->   Operation 345 'readreq' 'gmem_load_7_req' <Predicate = true> <Delay = 7.30> <CoreInst = "m_axi">   --->   Core 121 'm_axi' <Latency = 0> <II = 1> <Delay = 1.00> <Adapter> <Opcode : 'read' 'write' 'readreq' 'writereq' 'writeresp'>
ST_69 : Operation 346 [5/71] (7.30ns)   --->   "%gmem_load_8_req = readreq i1 @_ssdm_op_ReadReq.m_axi.i128P1A, i64 %gmem_addr_3, i32 1" [main.cpp:151->main.cpp:272]   --->   Operation 346 'readreq' 'gmem_load_8_req' <Predicate = true> <Delay = 7.30> <CoreInst = "m_axi">   --->   Core 121 'm_axi' <Latency = 0> <II = 1> <Delay = 1.00> <Adapter> <Opcode : 'read' 'write' 'readreq' 'writereq' 'writeresp'>
ST_69 : Operation 347 [6/71] (7.30ns)   --->   "%gmem_load_9_req = readreq i1 @_ssdm_op_ReadReq.m_axi.i128P1A, i64 %gmem_addr_4, i32 1" [main.cpp:152->main.cpp:272]   --->   Operation 347 'readreq' 'gmem_load_9_req' <Predicate = true> <Delay = 7.30> <CoreInst = "m_axi">   --->   Core 121 'm_axi' <Latency = 0> <II = 1> <Delay = 1.00> <Adapter> <Opcode : 'read' 'write' 'readreq' 'writereq' 'writeresp'>

State 70 <SV = 69> <Delay = 7.30>
ST_70 : Operation 348 [3/71] (7.30ns)   --->   "%gmem_load_7_req = readreq i1 @_ssdm_op_ReadReq.m_axi.i128P1A, i64 %gmem_addr, i32 1" [main.cpp:150->main.cpp:272]   --->   Operation 348 'readreq' 'gmem_load_7_req' <Predicate = true> <Delay = 7.30> <CoreInst = "m_axi">   --->   Core 121 'm_axi' <Latency = 0> <II = 1> <Delay = 1.00> <Adapter> <Opcode : 'read' 'write' 'readreq' 'writereq' 'writeresp'>
ST_70 : Operation 349 [4/71] (7.30ns)   --->   "%gmem_load_8_req = readreq i1 @_ssdm_op_ReadReq.m_axi.i128P1A, i64 %gmem_addr_3, i32 1" [main.cpp:151->main.cpp:272]   --->   Operation 349 'readreq' 'gmem_load_8_req' <Predicate = true> <Delay = 7.30> <CoreInst = "m_axi">   --->   Core 121 'm_axi' <Latency = 0> <II = 1> <Delay = 1.00> <Adapter> <Opcode : 'read' 'write' 'readreq' 'writereq' 'writeresp'>
ST_70 : Operation 350 [5/71] (7.30ns)   --->   "%gmem_load_9_req = readreq i1 @_ssdm_op_ReadReq.m_axi.i128P1A, i64 %gmem_addr_4, i32 1" [main.cpp:152->main.cpp:272]   --->   Operation 350 'readreq' 'gmem_load_9_req' <Predicate = true> <Delay = 7.30> <CoreInst = "m_axi">   --->   Core 121 'm_axi' <Latency = 0> <II = 1> <Delay = 1.00> <Adapter> <Opcode : 'read' 'write' 'readreq' 'writereq' 'writeresp'>

State 71 <SV = 70> <Delay = 7.30>
ST_71 : Operation 351 [2/71] (7.30ns)   --->   "%gmem_load_7_req = readreq i1 @_ssdm_op_ReadReq.m_axi.i128P1A, i64 %gmem_addr, i32 1" [main.cpp:150->main.cpp:272]   --->   Operation 351 'readreq' 'gmem_load_7_req' <Predicate = true> <Delay = 7.30> <CoreInst = "m_axi">   --->   Core 121 'm_axi' <Latency = 0> <II = 1> <Delay = 1.00> <Adapter> <Opcode : 'read' 'write' 'readreq' 'writereq' 'writeresp'>
ST_71 : Operation 352 [3/71] (7.30ns)   --->   "%gmem_load_8_req = readreq i1 @_ssdm_op_ReadReq.m_axi.i128P1A, i64 %gmem_addr_3, i32 1" [main.cpp:151->main.cpp:272]   --->   Operation 352 'readreq' 'gmem_load_8_req' <Predicate = true> <Delay = 7.30> <CoreInst = "m_axi">   --->   Core 121 'm_axi' <Latency = 0> <II = 1> <Delay = 1.00> <Adapter> <Opcode : 'read' 'write' 'readreq' 'writereq' 'writeresp'>
ST_71 : Operation 353 [4/71] (7.30ns)   --->   "%gmem_load_9_req = readreq i1 @_ssdm_op_ReadReq.m_axi.i128P1A, i64 %gmem_addr_4, i32 1" [main.cpp:152->main.cpp:272]   --->   Operation 353 'readreq' 'gmem_load_9_req' <Predicate = true> <Delay = 7.30> <CoreInst = "m_axi">   --->   Core 121 'm_axi' <Latency = 0> <II = 1> <Delay = 1.00> <Adapter> <Opcode : 'read' 'write' 'readreq' 'writereq' 'writeresp'>

State 72 <SV = 71> <Delay = 7.30>
ST_72 : Operation 354 [1/71] (7.30ns)   --->   "%gmem_load_7_req = readreq i1 @_ssdm_op_ReadReq.m_axi.i128P1A, i64 %gmem_addr, i32 1" [main.cpp:150->main.cpp:272]   --->   Operation 354 'readreq' 'gmem_load_7_req' <Predicate = true> <Delay = 7.30> <CoreInst = "m_axi">   --->   Core 121 'm_axi' <Latency = 0> <II = 1> <Delay = 1.00> <Adapter> <Opcode : 'read' 'write' 'readreq' 'writereq' 'writeresp'>
ST_72 : Operation 355 [2/71] (7.30ns)   --->   "%gmem_load_8_req = readreq i1 @_ssdm_op_ReadReq.m_axi.i128P1A, i64 %gmem_addr_3, i32 1" [main.cpp:151->main.cpp:272]   --->   Operation 355 'readreq' 'gmem_load_8_req' <Predicate = true> <Delay = 7.30> <CoreInst = "m_axi">   --->   Core 121 'm_axi' <Latency = 0> <II = 1> <Delay = 1.00> <Adapter> <Opcode : 'read' 'write' 'readreq' 'writereq' 'writeresp'>
ST_72 : Operation 356 [3/71] (7.30ns)   --->   "%gmem_load_9_req = readreq i1 @_ssdm_op_ReadReq.m_axi.i128P1A, i64 %gmem_addr_4, i32 1" [main.cpp:152->main.cpp:272]   --->   Operation 356 'readreq' 'gmem_load_9_req' <Predicate = true> <Delay = 7.30> <CoreInst = "m_axi">   --->   Core 121 'm_axi' <Latency = 0> <II = 1> <Delay = 1.00> <Adapter> <Opcode : 'read' 'write' 'readreq' 'writereq' 'writeresp'>

State 73 <SV = 72> <Delay = 7.30>
ST_73 : Operation 357 [1/1] (0.00ns)   --->   "%trunc_ln8 = bitconcatenate i4 @_ssdm_op_BitConcatenate.i4.i1.i3, i1 %trunc_ln150, i3 0" [main.cpp:150->main.cpp:272]   --->   Operation 357 'bitconcatenate' 'trunc_ln8' <Predicate = true> <Delay = 0.00>
ST_73 : Operation 358 [1/1] (7.30ns)   --->   "%gmem_addr_read = read i128 @_ssdm_op_Read.m_axi.i128P1A, i64 %gmem_addr" [main.cpp:150->main.cpp:272]   --->   Operation 358 'read' 'gmem_addr_read' <Predicate = true> <Delay = 7.30> <CoreInst = "m_axi">   --->   Core 121 'm_axi' <Latency = 0> <II = 1> <Delay = 1.00> <Adapter> <Opcode : 'read' 'write' 'readreq' 'writereq' 'writeresp'>
ST_73 : Operation 359 [1/1] (0.80ns)   --->   "%add_ln150_1 = add i4 %trunc_ln8, i4 %trunc_ln_read" [main.cpp:150->main.cpp:272]   --->   Operation 359 'add' 'add_ln150_1' <Predicate = true> <Delay = 0.80> <CoreInst = "Adder">   --->   Core 1 'Adder' <Latency = 0> <II = 1> <Delay = 0.80> <FuncUnit> <Opcode : 'add' 'sub'> <InPorts = 2> <OutPorts = 1>
ST_73 : Operation 360 [1/71] (7.30ns)   --->   "%gmem_load_8_req = readreq i1 @_ssdm_op_ReadReq.m_axi.i128P1A, i64 %gmem_addr_3, i32 1" [main.cpp:151->main.cpp:272]   --->   Operation 360 'readreq' 'gmem_load_8_req' <Predicate = true> <Delay = 7.30> <CoreInst = "m_axi">   --->   Core 121 'm_axi' <Latency = 0> <II = 1> <Delay = 1.00> <Adapter> <Opcode : 'read' 'write' 'readreq' 'writereq' 'writeresp'>
ST_73 : Operation 361 [2/71] (7.30ns)   --->   "%gmem_load_9_req = readreq i1 @_ssdm_op_ReadReq.m_axi.i128P1A, i64 %gmem_addr_4, i32 1" [main.cpp:152->main.cpp:272]   --->   Operation 361 'readreq' 'gmem_load_9_req' <Predicate = true> <Delay = 7.30> <CoreInst = "m_axi">   --->   Core 121 'm_axi' <Latency = 0> <II = 1> <Delay = 1.00> <Adapter> <Opcode : 'read' 'write' 'readreq' 'writereq' 'writeresp'>

State 74 <SV = 73> <Delay = 7.30>
ST_74 : Operation 362 [1/1] (0.00ns)   --->   "%shl_ln150_1 = bitconcatenate i7 @_ssdm_op_BitConcatenate.i7.i4.i3, i4 %add_ln150_1, i3 0" [main.cpp:150->main.cpp:272]   --->   Operation 362 'bitconcatenate' 'shl_ln150_1' <Predicate = true> <Delay = 0.00>
ST_74 : Operation 363 [1/1] (0.00ns)   --->   "%zext_ln150_1 = zext i7 %shl_ln150_1" [main.cpp:150->main.cpp:272]   --->   Operation 363 'zext' 'zext_ln150_1' <Predicate = true> <Delay = 0.00>
ST_74 : Operation 364 [1/1] (1.40ns)   --->   "%lshr_ln150 = lshr i128 %gmem_addr_read, i128 %zext_ln150_1" [main.cpp:150->main.cpp:272]   --->   Operation 364 'lshr' 'lshr_ln150' <Predicate = true> <Delay = 1.40> <CoreInst = "Shifter">   --->   Core 75 'Shifter' <Latency = 0> <II = 1> <Delay = 1.40> <FuncUnit> <Opcode : 'shl' 'lshr' 'ashr'> <InPorts = 2> <OutPorts = 1>
ST_74 : Operation 365 [1/1] (0.00ns)   --->   "%trunc_ln150_1 = trunc i128 %lshr_ln150" [main.cpp:150->main.cpp:272]   --->   Operation 365 'trunc' 'trunc_ln150_1' <Predicate = true> <Delay = 0.00>
ST_74 : [1/1] (0.75ns)   --->   Input mux for Operation 366 '%x = sitodp i64 %trunc_ln150_1'
ST_74 : Operation 366 [2/2] (4.89ns)   --->   "%x = sitodp i64 %trunc_ln150_1" [main.cpp:150->main.cpp:272]   --->   Operation 366 'sitodp' 'x' <Predicate = true> <Delay = 4.89> <CoreInst = "Int2Double">   --->   Core 66 'Int2Double' <Latency = 1> <II = 1> <Delay = 5.65> <FuncUnit> <Opcode : 'sitodp' 'uitodp'> <InPorts = 1> <OutPorts = 1>
ST_74 : Operation 367 [1/1] (7.30ns)   --->   "%gmem_addr_3_read = read i128 @_ssdm_op_Read.m_axi.i128P1A, i64 %gmem_addr_3" [main.cpp:151->main.cpp:272]   --->   Operation 367 'read' 'gmem_addr_3_read' <Predicate = true> <Delay = 7.30> <CoreInst = "m_axi">   --->   Core 121 'm_axi' <Latency = 0> <II = 1> <Delay = 1.00> <Adapter> <Opcode : 'read' 'write' 'readreq' 'writereq' 'writeresp'>
ST_74 : Operation 368 [1/1] (0.80ns)   --->   "%add_ln151_1 = add i4 %trunc_ln8, i4 %trunc_ln1_read" [main.cpp:151->main.cpp:272]   --->   Operation 368 'add' 'add_ln151_1' <Predicate = true> <Delay = 0.80> <CoreInst = "Adder">   --->   Core 1 'Adder' <Latency = 0> <II = 1> <Delay = 0.80> <FuncUnit> <Opcode : 'add' 'sub'> <InPorts = 2> <OutPorts = 1>
ST_74 : Operation 369 [1/71] (7.30ns)   --->   "%gmem_load_9_req = readreq i1 @_ssdm_op_ReadReq.m_axi.i128P1A, i64 %gmem_addr_4, i32 1" [main.cpp:152->main.cpp:272]   --->   Operation 369 'readreq' 'gmem_load_9_req' <Predicate = true> <Delay = 7.30> <CoreInst = "m_axi">   --->   Core 121 'm_axi' <Latency = 0> <II = 1> <Delay = 1.00> <Adapter> <Opcode : 'read' 'write' 'readreq' 'writereq' 'writeresp'>
ST_74 : Operation 370 [1/1] (0.80ns)   --->   "%add_ln152_1 = add i4 %trunc_ln8, i4 %trunc_ln3_read" [main.cpp:152->main.cpp:272]   --->   Operation 370 'add' 'add_ln152_1' <Predicate = true> <Delay = 0.80> <CoreInst = "Adder">   --->   Core 1 'Adder' <Latency = 0> <II = 1> <Delay = 0.80> <FuncUnit> <Opcode : 'add' 'sub'> <InPorts = 2> <OutPorts = 1>

State 75 <SV = 74> <Delay = 7.30>
ST_75 : Operation 371 [1/2] (5.65ns)   --->   "%x = sitodp i64 %trunc_ln150_1" [main.cpp:150->main.cpp:272]   --->   Operation 371 'sitodp' 'x' <Predicate = true> <Delay = 5.65> <CoreInst = "Int2Double">   --->   Core 66 'Int2Double' <Latency = 1> <II = 1> <Delay = 5.65> <FuncUnit> <Opcode : 'sitodp' 'uitodp'> <InPorts = 1> <OutPorts = 1>
ST_75 : Operation 372 [1/1] (0.00ns)   --->   "%shl_ln6 = bitconcatenate i7 @_ssdm_op_BitConcatenate.i7.i4.i3, i4 %add_ln151_1, i3 0" [main.cpp:151->main.cpp:272]   --->   Operation 372 'bitconcatenate' 'shl_ln6' <Predicate = true> <Delay = 0.00>
ST_75 : Operation 373 [1/1] (0.00ns)   --->   "%zext_ln151 = zext i7 %shl_ln6" [main.cpp:151->main.cpp:272]   --->   Operation 373 'zext' 'zext_ln151' <Predicate = true> <Delay = 0.00>
ST_75 : Operation 374 [1/1] (1.40ns)   --->   "%lshr_ln151 = lshr i128 %gmem_addr_3_read, i128 %zext_ln151" [main.cpp:151->main.cpp:272]   --->   Operation 374 'lshr' 'lshr_ln151' <Predicate = true> <Delay = 1.40> <CoreInst = "Shifter">   --->   Core 75 'Shifter' <Latency = 0> <II = 1> <Delay = 1.40> <FuncUnit> <Opcode : 'shl' 'lshr' 'ashr'> <InPorts = 2> <OutPorts = 1>
ST_75 : Operation 375 [1/1] (0.00ns)   --->   "%trunc_ln151 = trunc i128 %lshr_ln151" [main.cpp:151->main.cpp:272]   --->   Operation 375 'trunc' 'trunc_ln151' <Predicate = true> <Delay = 0.00>
ST_75 : [1/1] (0.75ns)   --->   Input mux for Operation 376 '%y = sitodp i64 %trunc_ln151'
ST_75 : Operation 376 [2/2] (4.89ns)   --->   "%y = sitodp i64 %trunc_ln151" [main.cpp:151->main.cpp:272]   --->   Operation 376 'sitodp' 'y' <Predicate = true> <Delay = 4.89> <CoreInst = "Int2Double">   --->   Core 66 'Int2Double' <Latency = 1> <II = 1> <Delay = 5.65> <FuncUnit> <Opcode : 'sitodp' 'uitodp'> <InPorts = 1> <OutPorts = 1>
ST_75 : Operation 377 [1/1] (7.30ns)   --->   "%gmem_addr_4_read = read i128 @_ssdm_op_Read.m_axi.i128P1A, i64 %gmem_addr_4" [main.cpp:152->main.cpp:272]   --->   Operation 377 'read' 'gmem_addr_4_read' <Predicate = true> <Delay = 7.30> <CoreInst = "m_axi">   --->   Core 121 'm_axi' <Latency = 0> <II = 1> <Delay = 1.00> <Adapter> <Opcode : 'read' 'write' 'readreq' 'writereq' 'writeresp'>

State 76 <SV = 75> <Delay = 7.06>
ST_76 : Operation 378 [1/2] (5.65ns)   --->   "%y = sitodp i64 %trunc_ln151" [main.cpp:151->main.cpp:272]   --->   Operation 378 'sitodp' 'y' <Predicate = true> <Delay = 5.65> <CoreInst = "Int2Double">   --->   Core 66 'Int2Double' <Latency = 1> <II = 1> <Delay = 5.65> <FuncUnit> <Opcode : 'sitodp' 'uitodp'> <InPorts = 1> <OutPorts = 1>
ST_76 : Operation 379 [1/1] (0.00ns)   --->   "%shl_ln7 = bitconcatenate i7 @_ssdm_op_BitConcatenate.i7.i4.i3, i4 %add_ln152_1, i3 0" [main.cpp:152->main.cpp:272]   --->   Operation 379 'bitconcatenate' 'shl_ln7' <Predicate = true> <Delay = 0.00>
ST_76 : Operation 380 [1/1] (0.00ns)   --->   "%zext_ln152 = zext i7 %shl_ln7" [main.cpp:152->main.cpp:272]   --->   Operation 380 'zext' 'zext_ln152' <Predicate = true> <Delay = 0.00>
ST_76 : Operation 381 [1/1] (1.40ns)   --->   "%lshr_ln152 = lshr i128 %gmem_addr_4_read, i128 %zext_ln152" [main.cpp:152->main.cpp:272]   --->   Operation 381 'lshr' 'lshr_ln152' <Predicate = true> <Delay = 1.40> <CoreInst = "Shifter">   --->   Core 75 'Shifter' <Latency = 0> <II = 1> <Delay = 1.40> <FuncUnit> <Opcode : 'shl' 'lshr' 'ashr'> <InPorts = 2> <OutPorts = 1>
ST_76 : Operation 382 [1/1] (0.00ns)   --->   "%trunc_ln152 = trunc i128 %lshr_ln152" [main.cpp:152->main.cpp:272]   --->   Operation 382 'trunc' 'trunc_ln152' <Predicate = true> <Delay = 0.00>
ST_76 : [1/1] (0.75ns)   --->   Input mux for Operation 383 '%sig = sitodp i64 %trunc_ln152'
ST_76 : Operation 383 [2/2] (4.89ns)   --->   "%sig = sitodp i64 %trunc_ln152" [main.cpp:152->main.cpp:272]   --->   Operation 383 'sitodp' 'sig' <Predicate = true> <Delay = 4.89> <CoreInst = "Int2Double">   --->   Core 66 'Int2Double' <Latency = 1> <II = 1> <Delay = 5.65> <FuncUnit> <Opcode : 'sitodp' 'uitodp'> <InPorts = 1> <OutPorts = 1>
ST_76 : [1/1] (0.58ns)   --->   Input mux for Operation 384 '%sub12_i = dsub i64 %x, i64 %SxoS_read'
ST_76 : Operation 384 [4/4] (4.57ns)   --->   "%sub12_i = dsub i64 %x, i64 %SxoS_read" [main.cpp:157->main.cpp:272]   --->   Operation 384 'dsub' 'sub12_i' <Predicate = true> <Delay = 4.57> <CoreInst = "DAddSub_fulldsp">   --->   Core 37 'DAddSub_fulldsp' <Latency = 3> <II = 1> <Delay = 5.15> <FuncUnit> <Opcode : 'dadd' 'dsub'> <InPorts = 2> <OutPorts = 1>
ST_76 : [1/1] (0.65ns)   --->   Input mux for Operation 385 '%mul16_i = dmul i64 %b_read, i64 %x'
ST_76 : Operation 385 [4/4] (4.92ns)   --->   "%mul16_i = dmul i64 %b_read, i64 %x" [main.cpp:161->main.cpp:272]   --->   Operation 385 'dmul' 'mul16_i' <Predicate = true> <Delay = 4.92> <CoreInst = "DMul_maxdsp">   --->   Core 49 'DMul_maxdsp' <Latency = 3> <II = 1> <Delay = 5.58> <FuncUnit> <Opcode : 'dmul'> <InPorts = 2> <OutPorts = 1>

State 77 <SV = 76> <Delay = 5.65>
ST_77 : Operation 386 [1/2] (5.65ns)   --->   "%sig = sitodp i64 %trunc_ln152" [main.cpp:152->main.cpp:272]   --->   Operation 386 'sitodp' 'sig' <Predicate = true> <Delay = 5.65> <CoreInst = "Int2Double">   --->   Core 66 'Int2Double' <Latency = 1> <II = 1> <Delay = 5.65> <FuncUnit> <Opcode : 'sitodp' 'uitodp'> <InPorts = 1> <OutPorts = 1>
ST_77 : Operation 387 [3/4] (5.15ns)   --->   "%sub12_i = dsub i64 %x, i64 %SxoS_read" [main.cpp:157->main.cpp:272]   --->   Operation 387 'dsub' 'sub12_i' <Predicate = true> <Delay = 5.15> <CoreInst = "DAddSub_fulldsp">   --->   Core 37 'DAddSub_fulldsp' <Latency = 3> <II = 1> <Delay = 5.15> <FuncUnit> <Opcode : 'dadd' 'dsub'> <InPorts = 2> <OutPorts = 1>
ST_77 : [1/1] (0.58ns)   --->   Input mux for Operation 388 '%sub15_i = dsub i64 %y, i64 %a_read'
ST_77 : Operation 388 [4/4] (4.57ns)   --->   "%sub15_i = dsub i64 %y, i64 %a_read" [main.cpp:161->main.cpp:272]   --->   Operation 388 'dsub' 'sub15_i' <Predicate = true> <Delay = 4.57> <CoreInst = "DAddSub_fulldsp">   --->   Core 37 'DAddSub_fulldsp' <Latency = 3> <II = 1> <Delay = 5.15> <FuncUnit> <Opcode : 'dadd' 'dsub'> <InPorts = 2> <OutPorts = 1>
ST_77 : Operation 389 [3/4] (5.58ns)   --->   "%mul16_i = dmul i64 %b_read, i64 %x" [main.cpp:161->main.cpp:272]   --->   Operation 389 'dmul' 'mul16_i' <Predicate = true> <Delay = 5.58> <CoreInst = "DMul_maxdsp">   --->   Core 49 'DMul_maxdsp' <Latency = 3> <II = 1> <Delay = 5.58> <FuncUnit> <Opcode : 'dmul'> <InPorts = 2> <OutPorts = 1>

State 78 <SV = 77> <Delay = 7.15>
ST_78 : [1/1] (0.75ns)   --->   Input mux for Operation 390 '%overSig = ddiv i64 1, i64 %sig'
ST_78 : Operation 390 [13/13] (6.40ns)   --->   "%overSig = ddiv i64 1, i64 %sig" [main.cpp:153->main.cpp:272]   --->   Operation 390 'ddiv' 'overSig' <Predicate = true> <Delay = 6.40> <CoreInst = "DDiv">   --->   Core 39 'DDiv' <Latency = 12> <II = 1> <Delay = 7.15> <FuncUnit> <Opcode : 'ddiv' 'drem'> <InPorts = 2> <OutPorts = 1>
ST_78 : Operation 391 [2/4] (5.15ns)   --->   "%sub12_i = dsub i64 %x, i64 %SxoS_read" [main.cpp:157->main.cpp:272]   --->   Operation 391 'dsub' 'sub12_i' <Predicate = true> <Delay = 5.15> <CoreInst = "DAddSub_fulldsp">   --->   Core 37 'DAddSub_fulldsp' <Latency = 3> <II = 1> <Delay = 5.15> <FuncUnit> <Opcode : 'dadd' 'dsub'> <InPorts = 2> <OutPorts = 1>
ST_78 : Operation 392 [3/4] (5.15ns)   --->   "%sub15_i = dsub i64 %y, i64 %a_read" [main.cpp:161->main.cpp:272]   --->   Operation 392 'dsub' 'sub15_i' <Predicate = true> <Delay = 5.15> <CoreInst = "DAddSub_fulldsp">   --->   Core 37 'DAddSub_fulldsp' <Latency = 3> <II = 1> <Delay = 5.15> <FuncUnit> <Opcode : 'dadd' 'dsub'> <InPorts = 2> <OutPorts = 1>
ST_78 : Operation 393 [2/4] (5.58ns)   --->   "%mul16_i = dmul i64 %b_read, i64 %x" [main.cpp:161->main.cpp:272]   --->   Operation 393 'dmul' 'mul16_i' <Predicate = true> <Delay = 5.58> <CoreInst = "DMul_maxdsp">   --->   Core 49 'DMul_maxdsp' <Latency = 3> <II = 1> <Delay = 5.58> <FuncUnit> <Opcode : 'dmul'> <InPorts = 2> <OutPorts = 1>

State 79 <SV = 78> <Delay = 7.15>
ST_79 : Operation 394 [12/13] (7.15ns)   --->   "%overSig = ddiv i64 1, i64 %sig" [main.cpp:153->main.cpp:272]   --->   Operation 394 'ddiv' 'overSig' <Predicate = true> <Delay = 7.15> <CoreInst = "DDiv">   --->   Core 39 'DDiv' <Latency = 12> <II = 1> <Delay = 7.15> <FuncUnit> <Opcode : 'ddiv' 'drem'> <InPorts = 2> <OutPorts = 1>
ST_79 : Operation 395 [1/4] (5.15ns)   --->   "%sub12_i = dsub i64 %x, i64 %SxoS_read" [main.cpp:157->main.cpp:272]   --->   Operation 395 'dsub' 'sub12_i' <Predicate = true> <Delay = 5.15> <CoreInst = "DAddSub_fulldsp">   --->   Core 37 'DAddSub_fulldsp' <Latency = 3> <II = 1> <Delay = 5.15> <FuncUnit> <Opcode : 'dadd' 'dsub'> <InPorts = 2> <OutPorts = 1>
ST_79 : Operation 396 [2/4] (5.15ns)   --->   "%sub15_i = dsub i64 %y, i64 %a_read" [main.cpp:161->main.cpp:272]   --->   Operation 396 'dsub' 'sub15_i' <Predicate = true> <Delay = 5.15> <CoreInst = "DAddSub_fulldsp">   --->   Core 37 'DAddSub_fulldsp' <Latency = 3> <II = 1> <Delay = 5.15> <FuncUnit> <Opcode : 'dadd' 'dsub'> <InPorts = 2> <OutPorts = 1>
ST_79 : Operation 397 [1/4] (5.58ns)   --->   "%mul16_i = dmul i64 %b_read, i64 %x" [main.cpp:161->main.cpp:272]   --->   Operation 397 'dmul' 'mul16_i' <Predicate = true> <Delay = 5.58> <CoreInst = "DMul_maxdsp">   --->   Core 49 'DMul_maxdsp' <Latency = 3> <II = 1> <Delay = 5.58> <FuncUnit> <Opcode : 'dmul'> <InPorts = 2> <OutPorts = 1>

State 80 <SV = 79> <Delay = 7.15>
ST_80 : Operation 398 [11/13] (7.15ns)   --->   "%overSig = ddiv i64 1, i64 %sig" [main.cpp:153->main.cpp:272]   --->   Operation 398 'ddiv' 'overSig' <Predicate = true> <Delay = 7.15> <CoreInst = "DDiv">   --->   Core 39 'DDiv' <Latency = 12> <II = 1> <Delay = 7.15> <FuncUnit> <Opcode : 'ddiv' 'drem'> <InPorts = 2> <OutPorts = 1>
ST_80 : Operation 399 [1/4] (5.15ns)   --->   "%sub15_i = dsub i64 %y, i64 %a_read" [main.cpp:161->main.cpp:272]   --->   Operation 399 'dsub' 'sub15_i' <Predicate = true> <Delay = 5.15> <CoreInst = "DAddSub_fulldsp">   --->   Core 37 'DAddSub_fulldsp' <Latency = 3> <II = 1> <Delay = 5.15> <FuncUnit> <Opcode : 'dadd' 'dsub'> <InPorts = 2> <OutPorts = 1>

State 81 <SV = 80> <Delay = 7.15>
ST_81 : Operation 400 [10/13] (7.15ns)   --->   "%overSig = ddiv i64 1, i64 %sig" [main.cpp:153->main.cpp:272]   --->   Operation 400 'ddiv' 'overSig' <Predicate = true> <Delay = 7.15> <CoreInst = "DDiv">   --->   Core 39 'DDiv' <Latency = 12> <II = 1> <Delay = 7.15> <FuncUnit> <Opcode : 'ddiv' 'drem'> <InPorts = 2> <OutPorts = 1>
ST_81 : [1/1] (0.58ns)   --->   Input mux for Operation 401 '%temp = dsub i64 %sub15_i, i64 %mul16_i'
ST_81 : Operation 401 [4/4] (4.57ns)   --->   "%temp = dsub i64 %sub15_i, i64 %mul16_i" [main.cpp:161->main.cpp:272]   --->   Operation 401 'dsub' 'temp' <Predicate = true> <Delay = 4.57> <CoreInst = "DAddSub_fulldsp">   --->   Core 37 'DAddSub_fulldsp' <Latency = 3> <II = 1> <Delay = 5.15> <FuncUnit> <Opcode : 'dadd' 'dsub'> <InPorts = 2> <OutPorts = 1>

State 82 <SV = 81> <Delay = 7.15>
ST_82 : Operation 402 [9/13] (7.15ns)   --->   "%overSig = ddiv i64 1, i64 %sig" [main.cpp:153->main.cpp:272]   --->   Operation 402 'ddiv' 'overSig' <Predicate = true> <Delay = 7.15> <CoreInst = "DDiv">   --->   Core 39 'DDiv' <Latency = 12> <II = 1> <Delay = 7.15> <FuncUnit> <Opcode : 'ddiv' 'drem'> <InPorts = 2> <OutPorts = 1>
ST_82 : Operation 403 [3/4] (5.15ns)   --->   "%temp = dsub i64 %sub15_i, i64 %mul16_i" [main.cpp:161->main.cpp:272]   --->   Operation 403 'dsub' 'temp' <Predicate = true> <Delay = 5.15> <CoreInst = "DAddSub_fulldsp">   --->   Core 37 'DAddSub_fulldsp' <Latency = 3> <II = 1> <Delay = 5.15> <FuncUnit> <Opcode : 'dadd' 'dsub'> <InPorts = 2> <OutPorts = 1>

State 83 <SV = 82> <Delay = 7.15>
ST_83 : Operation 404 [8/13] (7.15ns)   --->   "%overSig = ddiv i64 1, i64 %sig" [main.cpp:153->main.cpp:272]   --->   Operation 404 'ddiv' 'overSig' <Predicate = true> <Delay = 7.15> <CoreInst = "DDiv">   --->   Core 39 'DDiv' <Latency = 12> <II = 1> <Delay = 7.15> <FuncUnit> <Opcode : 'ddiv' 'drem'> <InPorts = 2> <OutPorts = 1>
ST_83 : Operation 405 [2/4] (5.15ns)   --->   "%temp = dsub i64 %sub15_i, i64 %mul16_i" [main.cpp:161->main.cpp:272]   --->   Operation 405 'dsub' 'temp' <Predicate = true> <Delay = 5.15> <CoreInst = "DAddSub_fulldsp">   --->   Core 37 'DAddSub_fulldsp' <Latency = 3> <II = 1> <Delay = 5.15> <FuncUnit> <Opcode : 'dadd' 'dsub'> <InPorts = 2> <OutPorts = 1>

State 84 <SV = 83> <Delay = 7.15>
ST_84 : Operation 406 [7/13] (7.15ns)   --->   "%overSig = ddiv i64 1, i64 %sig" [main.cpp:153->main.cpp:272]   --->   Operation 406 'ddiv' 'overSig' <Predicate = true> <Delay = 7.15> <CoreInst = "DDiv">   --->   Core 39 'DDiv' <Latency = 12> <II = 1> <Delay = 7.15> <FuncUnit> <Opcode : 'ddiv' 'drem'> <InPorts = 2> <OutPorts = 1>
ST_84 : Operation 407 [1/4] (5.15ns)   --->   "%temp = dsub i64 %sub15_i, i64 %mul16_i" [main.cpp:161->main.cpp:272]   --->   Operation 407 'dsub' 'temp' <Predicate = true> <Delay = 5.15> <CoreInst = "DAddSub_fulldsp">   --->   Core 37 'DAddSub_fulldsp' <Latency = 3> <II = 1> <Delay = 5.15> <FuncUnit> <Opcode : 'dadd' 'dsub'> <InPorts = 2> <OutPorts = 1>

State 85 <SV = 84> <Delay = 7.15>
ST_85 : Operation 408 [6/13] (7.15ns)   --->   "%overSig = ddiv i64 1, i64 %sig" [main.cpp:153->main.cpp:272]   --->   Operation 408 'ddiv' 'overSig' <Predicate = true> <Delay = 7.15> <CoreInst = "DDiv">   --->   Core 39 'DDiv' <Latency = 12> <II = 1> <Delay = 7.15> <FuncUnit> <Opcode : 'ddiv' 'drem'> <InPorts = 2> <OutPorts = 1>

State 86 <SV = 85> <Delay = 7.15>
ST_86 : Operation 409 [5/13] (7.15ns)   --->   "%overSig = ddiv i64 1, i64 %sig" [main.cpp:153->main.cpp:272]   --->   Operation 409 'ddiv' 'overSig' <Predicate = true> <Delay = 7.15> <CoreInst = "DDiv">   --->   Core 39 'DDiv' <Latency = 12> <II = 1> <Delay = 7.15> <FuncUnit> <Opcode : 'ddiv' 'drem'> <InPorts = 2> <OutPorts = 1>

State 87 <SV = 86> <Delay = 7.15>
ST_87 : Operation 410 [4/13] (7.15ns)   --->   "%overSig = ddiv i64 1, i64 %sig" [main.cpp:153->main.cpp:272]   --->   Operation 410 'ddiv' 'overSig' <Predicate = true> <Delay = 7.15> <CoreInst = "DDiv">   --->   Core 39 'DDiv' <Latency = 12> <II = 1> <Delay = 7.15> <FuncUnit> <Opcode : 'ddiv' 'drem'> <InPorts = 2> <OutPorts = 1>

State 88 <SV = 87> <Delay = 7.15>
ST_88 : Operation 411 [3/13] (7.15ns)   --->   "%overSig = ddiv i64 1, i64 %sig" [main.cpp:153->main.cpp:272]   --->   Operation 411 'ddiv' 'overSig' <Predicate = true> <Delay = 7.15> <CoreInst = "DDiv">   --->   Core 39 'DDiv' <Latency = 12> <II = 1> <Delay = 7.15> <FuncUnit> <Opcode : 'ddiv' 'drem'> <InPorts = 2> <OutPorts = 1>

State 89 <SV = 88> <Delay = 7.15>
ST_89 : Operation 412 [2/13] (7.15ns)   --->   "%overSig = ddiv i64 1, i64 %sig" [main.cpp:153->main.cpp:272]   --->   Operation 412 'ddiv' 'overSig' <Predicate = true> <Delay = 7.15> <CoreInst = "DDiv">   --->   Core 39 'DDiv' <Latency = 12> <II = 1> <Delay = 7.15> <FuncUnit> <Opcode : 'ddiv' 'drem'> <InPorts = 2> <OutPorts = 1>

State 90 <SV = 89> <Delay = 7.15>
ST_90 : Operation 413 [1/13] (7.15ns)   --->   "%overSig = ddiv i64 1, i64 %sig" [main.cpp:153->main.cpp:272]   --->   Operation 413 'ddiv' 'overSig' <Predicate = true> <Delay = 7.15> <CoreInst = "DDiv">   --->   Core 39 'DDiv' <Latency = 12> <II = 1> <Delay = 7.15> <FuncUnit> <Opcode : 'ddiv' 'drem'> <InPorts = 2> <OutPorts = 1>

State 91 <SV = 90> <Delay = 5.58>
ST_91 : [1/1] (0.65ns)   --->   Input mux for Operation 414 '%t = dmul i64 %overSig, i64 %sub12_i'
ST_91 : Operation 414 [4/4] (4.92ns)   --->   "%t = dmul i64 %overSig, i64 %sub12_i" [main.cpp:157->main.cpp:272]   --->   Operation 414 'dmul' 't' <Predicate = true> <Delay = 4.92> <CoreInst = "DMul_maxdsp">   --->   Core 49 'DMul_maxdsp' <Latency = 3> <II = 1> <Delay = 5.58> <FuncUnit> <Opcode : 'dmul'> <InPorts = 2> <OutPorts = 1>

State 92 <SV = 91> <Delay = 5.58>
ST_92 : Operation 415 [3/4] (5.58ns)   --->   "%t = dmul i64 %overSig, i64 %sub12_i" [main.cpp:157->main.cpp:272]   --->   Operation 415 'dmul' 't' <Predicate = true> <Delay = 5.58> <CoreInst = "DMul_maxdsp">   --->   Core 49 'DMul_maxdsp' <Latency = 3> <II = 1> <Delay = 5.58> <FuncUnit> <Opcode : 'dmul'> <InPorts = 2> <OutPorts = 1>
ST_92 : [1/1] (0.65ns)   --->   Input mux for Operation 416 '%tempOverSig = dmul i64 %temp, i64 %overSig'
ST_92 : Operation 416 [4/4] (4.92ns)   --->   "%tempOverSig = dmul i64 %temp, i64 %overSig" [main.cpp:162->main.cpp:272]   --->   Operation 416 'dmul' 'tempOverSig' <Predicate = true> <Delay = 4.92> <CoreInst = "DMul_maxdsp">   --->   Core 49 'DMul_maxdsp' <Latency = 3> <II = 1> <Delay = 5.58> <FuncUnit> <Opcode : 'dmul'> <InPorts = 2> <OutPorts = 1>

State 93 <SV = 92> <Delay = 5.58>
ST_93 : Operation 417 [2/4] (5.58ns)   --->   "%t = dmul i64 %overSig, i64 %sub12_i" [main.cpp:157->main.cpp:272]   --->   Operation 417 'dmul' 't' <Predicate = true> <Delay = 5.58> <CoreInst = "DMul_maxdsp">   --->   Core 49 'DMul_maxdsp' <Latency = 3> <II = 1> <Delay = 5.58> <FuncUnit> <Opcode : 'dmul'> <InPorts = 2> <OutPorts = 1>
ST_93 : Operation 418 [3/4] (5.58ns)   --->   "%tempOverSig = dmul i64 %temp, i64 %overSig" [main.cpp:162->main.cpp:272]   --->   Operation 418 'dmul' 'tempOverSig' <Predicate = true> <Delay = 5.58> <CoreInst = "DMul_maxdsp">   --->   Core 49 'DMul_maxdsp' <Latency = 3> <II = 1> <Delay = 5.58> <FuncUnit> <Opcode : 'dmul'> <InPorts = 2> <OutPorts = 1>

State 94 <SV = 93> <Delay = 5.58>
ST_94 : Operation 419 [1/4] (5.58ns)   --->   "%t = dmul i64 %overSig, i64 %sub12_i" [main.cpp:157->main.cpp:272]   --->   Operation 419 'dmul' 't' <Predicate = true> <Delay = 5.58> <CoreInst = "DMul_maxdsp">   --->   Core 49 'DMul_maxdsp' <Latency = 3> <II = 1> <Delay = 5.58> <FuncUnit> <Opcode : 'dmul'> <InPorts = 2> <OutPorts = 1>
ST_94 : Operation 420 [2/4] (5.58ns)   --->   "%tempOverSig = dmul i64 %temp, i64 %overSig" [main.cpp:162->main.cpp:272]   --->   Operation 420 'dmul' 'tempOverSig' <Predicate = true> <Delay = 5.58> <CoreInst = "DMul_maxdsp">   --->   Core 49 'DMul_maxdsp' <Latency = 3> <II = 1> <Delay = 5.58> <FuncUnit> <Opcode : 'dmul'> <InPorts = 2> <OutPorts = 1>

State 95 <SV = 94> <Delay = 5.58>
ST_95 : [1/1] (0.65ns)   --->   Input mux for Operation 421 '%mul14_i = dmul i64 %t, i64 %t'
ST_95 : Operation 421 [4/4] (4.92ns)   --->   "%mul14_i = dmul i64 %t, i64 %t" [main.cpp:159->main.cpp:272]   --->   Operation 421 'dmul' 'mul14_i' <Predicate = true> <Delay = 4.92> <CoreInst = "DMul_maxdsp">   --->   Core 49 'DMul_maxdsp' <Latency = 3> <II = 1> <Delay = 5.58> <FuncUnit> <Opcode : 'dmul'> <InPorts = 2> <OutPorts = 1>
ST_95 : Operation 422 [1/4] (5.58ns)   --->   "%tempOverSig = dmul i64 %temp, i64 %overSig" [main.cpp:162->main.cpp:272]   --->   Operation 422 'dmul' 'tempOverSig' <Predicate = true> <Delay = 5.58> <CoreInst = "DMul_maxdsp">   --->   Core 49 'DMul_maxdsp' <Latency = 3> <II = 1> <Delay = 5.58> <FuncUnit> <Opcode : 'dmul'> <InPorts = 2> <OutPorts = 1>

State 96 <SV = 95> <Delay = 5.58>
ST_96 : Operation 423 [3/4] (5.58ns)   --->   "%mul14_i = dmul i64 %t, i64 %t" [main.cpp:159->main.cpp:272]   --->   Operation 423 'dmul' 'mul14_i' <Predicate = true> <Delay = 5.58> <CoreInst = "DMul_maxdsp">   --->   Core 49 'DMul_maxdsp' <Latency = 3> <II = 1> <Delay = 5.58> <FuncUnit> <Opcode : 'dmul'> <InPorts = 2> <OutPorts = 1>
ST_96 : [1/1] (0.65ns)   --->   Input mux for Operation 424 '%tempOverSigSquared = dmul i64 %tempOverSig, i64 %tempOverSig'
ST_96 : Operation 424 [4/4] (4.92ns)   --->   "%tempOverSigSquared = dmul i64 %tempOverSig, i64 %tempOverSig" [main.cpp:163->main.cpp:272]   --->   Operation 424 'dmul' 'tempOverSigSquared' <Predicate = true> <Delay = 4.92> <CoreInst = "DMul_maxdsp">   --->   Core 49 'DMul_maxdsp' <Latency = 3> <II = 1> <Delay = 5.58> <FuncUnit> <Opcode : 'dmul'> <InPorts = 2> <OutPorts = 1>

State 97 <SV = 96> <Delay = 5.58>
ST_97 : Operation 425 [2/4] (5.58ns)   --->   "%mul14_i = dmul i64 %t, i64 %t" [main.cpp:159->main.cpp:272]   --->   Operation 425 'dmul' 'mul14_i' <Predicate = true> <Delay = 5.58> <CoreInst = "DMul_maxdsp">   --->   Core 49 'DMul_maxdsp' <Latency = 3> <II = 1> <Delay = 5.58> <FuncUnit> <Opcode : 'dmul'> <InPorts = 2> <OutPorts = 1>
ST_97 : Operation 426 [3/4] (5.58ns)   --->   "%tempOverSigSquared = dmul i64 %tempOverSig, i64 %tempOverSig" [main.cpp:163->main.cpp:272]   --->   Operation 426 'dmul' 'tempOverSigSquared' <Predicate = true> <Delay = 5.58> <CoreInst = "DMul_maxdsp">   --->   Core 49 'DMul_maxdsp' <Latency = 3> <II = 1> <Delay = 5.58> <FuncUnit> <Opcode : 'dmul'> <InPorts = 2> <OutPorts = 1>

State 98 <SV = 97> <Delay = 5.58>
ST_98 : Operation 427 [1/4] (5.58ns)   --->   "%mul14_i = dmul i64 %t, i64 %t" [main.cpp:159->main.cpp:272]   --->   Operation 427 'dmul' 'mul14_i' <Predicate = true> <Delay = 5.58> <CoreInst = "DMul_maxdsp">   --->   Core 49 'DMul_maxdsp' <Latency = 3> <II = 1> <Delay = 5.58> <FuncUnit> <Opcode : 'dmul'> <InPorts = 2> <OutPorts = 1>
ST_98 : Operation 428 [2/4] (5.58ns)   --->   "%tempOverSigSquared = dmul i64 %tempOverSig, i64 %tempOverSig" [main.cpp:163->main.cpp:272]   --->   Operation 428 'dmul' 'tempOverSigSquared' <Predicate = true> <Delay = 5.58> <CoreInst = "DMul_maxdsp">   --->   Core 49 'DMul_maxdsp' <Latency = 3> <II = 1> <Delay = 5.58> <FuncUnit> <Opcode : 'dmul'> <InPorts = 2> <OutPorts = 1>

State 99 <SV = 98> <Delay = 5.58>
ST_99 : Operation 429 [1/1] (0.00ns)   --->   "%Stt_load = load i64 %Stt" [main.cpp:159->main.cpp:272]   --->   Operation 429 'load' 'Stt_load' <Predicate = true> <Delay = 0.00>
ST_99 : [1/1] (0.67ns)   --->   Input mux for Operation 430 '%Stt_1 = dadd i64 %Stt_load, i64 %mul14_i'
ST_99 : Operation 430 [4/4] (4.48ns)   --->   "%Stt_1 = dadd i64 %Stt_load, i64 %mul14_i" [main.cpp:159->main.cpp:272]   --->   Operation 430 'dadd' 'Stt_1' <Predicate = true> <Delay = 4.48> <CoreInst = "DAddSub_fulldsp">   --->   Core 37 'DAddSub_fulldsp' <Latency = 3> <II = 1> <Delay = 5.15> <FuncUnit> <Opcode : 'dadd' 'dsub'> <InPorts = 2> <OutPorts = 1>
ST_99 : Operation 431 [1/4] (5.58ns)   --->   "%tempOverSigSquared = dmul i64 %tempOverSig, i64 %tempOverSig" [main.cpp:163->main.cpp:272]   --->   Operation 431 'dmul' 'tempOverSigSquared' <Predicate = true> <Delay = 5.58> <CoreInst = "DMul_maxdsp">   --->   Core 49 'DMul_maxdsp' <Latency = 3> <II = 1> <Delay = 5.58> <FuncUnit> <Opcode : 'dmul'> <InPorts = 2> <OutPorts = 1>

State 100 <SV = 99> <Delay = 5.15>
ST_100 : Operation 432 [1/1] (0.00ns)   --->   "%term2_load = load i64 %term2" [main.cpp:165->main.cpp:272]   --->   Operation 432 'load' 'term2_load' <Predicate = true> <Delay = 0.00>
ST_100 : Operation 433 [3/4] (5.15ns)   --->   "%Stt_1 = dadd i64 %Stt_load, i64 %mul14_i" [main.cpp:159->main.cpp:272]   --->   Operation 433 'dadd' 'Stt_1' <Predicate = true> <Delay = 5.15> <CoreInst = "DAddSub_fulldsp">   --->   Core 37 'DAddSub_fulldsp' <Latency = 3> <II = 1> <Delay = 5.15> <FuncUnit> <Opcode : 'dadd' 'dsub'> <InPorts = 2> <OutPorts = 1>
ST_100 : [1/1] (0.67ns)   --->   Input mux for Operation 434 '%term2_1 = dadd i64 %term2_load, i64 %tempOverSigSquared'
ST_100 : Operation 434 [4/4] (4.48ns)   --->   "%term2_1 = dadd i64 %term2_load, i64 %tempOverSigSquared" [main.cpp:165->main.cpp:272]   --->   Operation 434 'dadd' 'term2_1' <Predicate = true> <Delay = 4.48> <CoreInst = "DAddSub_fulldsp">   --->   Core 37 'DAddSub_fulldsp' <Latency = 3> <II = 1> <Delay = 5.15> <FuncUnit> <Opcode : 'dadd' 'dsub'> <InPorts = 2> <OutPorts = 1>
ST_100 : Operation 444 [1/1] (0.00ns)   --->   "%term2_load_1 = load i64 %term2"   --->   Operation 444 'load' 'term2_load_1' <Predicate = (!icmp_ln148)> <Delay = 0.00>
ST_100 : Operation 445 [1/1] (0.00ns)   --->   "%Stt_load_1 = load i64 %Stt"   --->   Operation 445 'load' 'Stt_load_1' <Predicate = (!icmp_ln148)> <Delay = 0.00>
ST_100 : Operation 446 [1/1] (0.00ns)   --->   "%write_ln0 = write void @_ssdm_op_Write.ap_auto.doubleP0A, i64 %Stt_out, i64 %Stt_load_1"   --->   Operation 446 'write' 'write_ln0' <Predicate = (!icmp_ln148)> <Delay = 0.00>
ST_100 : Operation 447 [1/1] (0.00ns)   --->   "%write_ln0 = write void @_ssdm_op_Write.ap_auto.doubleP0A, i64 %term2_out, i64 %term2_load_1"   --->   Operation 447 'write' 'write_ln0' <Predicate = (!icmp_ln148)> <Delay = 0.00>
ST_100 : Operation 448 [1/1] (0.00ns)   --->   "%ret_ln0 = ret"   --->   Operation 448 'ret' 'ret_ln0' <Predicate = (!icmp_ln148)> <Delay = 0.00>

State 101 <SV = 100> <Delay = 5.15>
ST_101 : Operation 435 [2/4] (5.15ns)   --->   "%Stt_1 = dadd i64 %Stt_load, i64 %mul14_i" [main.cpp:159->main.cpp:272]   --->   Operation 435 'dadd' 'Stt_1' <Predicate = true> <Delay = 5.15> <CoreInst = "DAddSub_fulldsp">   --->   Core 37 'DAddSub_fulldsp' <Latency = 3> <II = 1> <Delay = 5.15> <FuncUnit> <Opcode : 'dadd' 'dsub'> <InPorts = 2> <OutPorts = 1>
ST_101 : Operation 436 [3/4] (5.15ns)   --->   "%term2_1 = dadd i64 %term2_load, i64 %tempOverSigSquared" [main.cpp:165->main.cpp:272]   --->   Operation 436 'dadd' 'term2_1' <Predicate = true> <Delay = 5.15> <CoreInst = "DAddSub_fulldsp">   --->   Core 37 'DAddSub_fulldsp' <Latency = 3> <II = 1> <Delay = 5.15> <FuncUnit> <Opcode : 'dadd' 'dsub'> <InPorts = 2> <OutPorts = 1>

State 102 <SV = 101> <Delay = 5.61>
ST_102 : Operation 437 [1/4] (5.15ns)   --->   "%Stt_1 = dadd i64 %Stt_load, i64 %mul14_i" [main.cpp:159->main.cpp:272]   --->   Operation 437 'dadd' 'Stt_1' <Predicate = true> <Delay = 5.15> <CoreInst = "DAddSub_fulldsp">   --->   Core 37 'DAddSub_fulldsp' <Latency = 3> <II = 1> <Delay = 5.15> <FuncUnit> <Opcode : 'dadd' 'dsub'> <InPorts = 2> <OutPorts = 1>
ST_102 : Operation 438 [2/4] (5.15ns)   --->   "%term2_1 = dadd i64 %term2_load, i64 %tempOverSigSquared" [main.cpp:165->main.cpp:272]   --->   Operation 438 'dadd' 'term2_1' <Predicate = true> <Delay = 5.15> <CoreInst = "DAddSub_fulldsp">   --->   Core 37 'DAddSub_fulldsp' <Latency = 3> <II = 1> <Delay = 5.15> <FuncUnit> <Opcode : 'dadd' 'dsub'> <InPorts = 2> <OutPorts = 1>
ST_102 : Operation 439 [1/1] (0.46ns)   --->   "%store_ln148 = store i64 %Stt_1, i64 %Stt" [main.cpp:148->main.cpp:272]   --->   Operation 439 'store' 'store_ln148' <Predicate = true> <Delay = 0.46>

State 103 <SV = 102> <Delay = 5.61>
ST_103 : Operation 440 [1/1] (0.00ns)   --->   "%specloopname_ln148 = specloopname void @_ssdm_op_SpecLoopName, void @empty_16" [main.cpp:148->main.cpp:272]   --->   Operation 440 'specloopname' 'specloopname_ln148' <Predicate = true> <Delay = 0.00>
ST_103 : Operation 441 [1/4] (5.15ns)   --->   "%term2_1 = dadd i64 %term2_load, i64 %tempOverSigSquared" [main.cpp:165->main.cpp:272]   --->   Operation 441 'dadd' 'term2_1' <Predicate = true> <Delay = 5.15> <CoreInst = "DAddSub_fulldsp">   --->   Core 37 'DAddSub_fulldsp' <Latency = 3> <II = 1> <Delay = 5.15> <FuncUnit> <Opcode : 'dadd' 'dsub'> <InPorts = 2> <OutPorts = 1>
ST_103 : Operation 442 [1/1] (0.46ns)   --->   "%store_ln148 = store i64 %term2_1, i64 %term2" [main.cpp:148->main.cpp:272]   --->   Operation 442 'store' 'store_ln148' <Predicate = true> <Delay = 0.46>
ST_103 : Operation 443 [1/1] (0.00ns)   --->   "%br_ln148 = br void %for.inc.i21" [main.cpp:148->main.cpp:272]   --->   Operation 443 'br' 'br_ln148' <Predicate = true> <Delay = 0.00>


============================================================
+ Verbose Summary: Binding
============================================================
STG Binding: 
---------------- STG Properties BEGIN ----------------
- Is combinational: 0
- Is one-state seq: 0
- Is datapath-only: 0
- Is pipelined: 0
- Is top level: 0
Port [ Return ] is wired: 1; IO mode=ap_ctrl_hs:ce=0
Port [ gmem]:  wired=1; compound=1; hidden=0; nouse=0; global=0; static=0; extern=0; dir=0; type=4; pingpong=0; private_global=0; IO mode=m_axi:ce=0
Port [ size]:  wired=1; compound=0; hidden=0; nouse=0; global=0; static=0; extern=0; dir=0; type=0; pingpong=0; private_global=0; IO mode=ap_none:ce=0
Port [ arrx]:  wired=1; compound=0; hidden=0; nouse=0; global=0; static=0; extern=0; dir=0; type=0; pingpong=0; private_global=0; IO mode=ap_none:ce=0
Port [ trunc_ln]:  wired=1; compound=0; hidden=0; nouse=0; global=0; static=0; extern=0; dir=0; type=0; pingpong=0; private_global=0; IO mode=ap_none:ce=0
Port [ arry]:  wired=1; compound=0; hidden=0; nouse=0; global=0; static=0; extern=0; dir=0; type=0; pingpong=0; private_global=0; IO mode=ap_none:ce=0
Port [ trunc_ln1]:  wired=1; compound=0; hidden=0; nouse=0; global=0; static=0; extern=0; dir=0; type=0; pingpong=0; private_global=0; IO mode=ap_none:ce=0
Port [ arrsigs]:  wired=1; compound=0; hidden=0; nouse=0; global=0; static=0; extern=0; dir=0; type=0; pingpong=0; private_global=0; IO mode=ap_none:ce=0
Port [ trunc_ln3]:  wired=1; compound=0; hidden=0; nouse=0; global=0; static=0; extern=0; dir=0; type=0; pingpong=0; private_global=0; IO mode=ap_none:ce=0
Port [ SxoS]:  wired=1; compound=0; hidden=0; nouse=0; global=0; static=0; extern=0; dir=0; type=0; pingpong=0; private_global=0; IO mode=ap_none:ce=0
Port [ a]:  wired=1; compound=0; hidden=0; nouse=0; global=0; static=0; extern=0; dir=0; type=0; pingpong=0; private_global=0; IO mode=ap_none:ce=0
Port [ b]:  wired=1; compound=0; hidden=0; nouse=0; global=0; static=0; extern=0; dir=0; type=0; pingpong=0; private_global=0; IO mode=ap_none:ce=0
Port [ Stt_out]:  wired=1; compound=0; hidden=0; nouse=0; global=0; static=0; extern=0; dir=1; type=0; pingpong=0; private_global=0; IO mode=ap_vld:ce=0
Port [ term2_out]:  wired=1; compound=0; hidden=0; nouse=0; global=0; static=0; extern=0; dir=1; type=0; pingpong=0; private_global=0; IO mode=ap_vld:ce=0
---------------- STG Properties END ------------------

---------------- Datapath Model BEGIN ----------------

<LifeTime>
<method=bitvector/>
term2              (alloca        ) [ 01111111111111111111111111111111111111111111111111111111111111111111111111111111111111111111111111111111]
Stt                (alloca        ) [ 01111111111111111111111111111111111111111111111111111111111111111111111111111111111111111111111111111110]
i                  (alloca        ) [ 01110000000000000000000000000000000000000000000000000000000000000000000000000000000000000000000000000000]
specinterface_ln0  (specinterface ) [ 00000000000000000000000000000000000000000000000000000000000000000000000000000000000000000000000000000000]
b_read             (read          ) [ 01111111111111111111111111111111111111111111111111111111111111111111111111111111000000000000000000000000]
a_read             (read          ) [ 01111111111111111111111111111111111111111111111111111111111111111111111111111111100000000000000000000000]
SxoS_read          (read          ) [ 01111111111111111111111111111111111111111111111111111111111111111111111111111111000000000000000000000000]
trunc_ln3_read     (read          ) [ 01111111111111111111111111111111111111111111111111111111111111111111111111100000000000000000000000000000]
arrsigs_read       (read          ) [ 00100000000000000000000000000000000000000000000000000000000000000000000000000000000000000000000000000000]
trunc_ln1_read     (read          ) [ 01111111111111111111111111111111111111111111111111111111111111111111111111100000000000000000000000000000]
arry_read          (read          ) [ 00100000000000000000000000000000000000000000000000000000000000000000000000000000000000000000000000000000]
trunc_ln_read      (read          ) [ 01111111111111111111111111111111111111111111111111111111111111111111111111000000000000000000000000000000]
arrx_read          (read          ) [ 00000000000000000000000000000000000000000000000000000000000000000000000000000000000000000000000000000000]
size_read          (read          ) [ 00000000000000000000000000000000000000000000000000000000000000000000000000000000000000000000000000000000]
store_ln0          (store         ) [ 00000000000000000000000000000000000000000000000000000000000000000000000000000000000000000000000000000000]
store_ln0          (store         ) [ 00000000000000000000000000000000000000000000000000000000000000000000000000000000000000000000000000000000]
store_ln0          (store         ) [ 00000000000000000000000000000000000000000000000000000000000000000000000000000000000000000000000000000000]
br_ln0             (br            ) [ 00000000000000000000000000000000000000000000000000000000000000000000000000000000000000000000000000000000]
i_3                (load          ) [ 00110000000000000000000000000000000000000000000000000000000000000000000000000000000000000000000000000000]
i_4_cast           (zext          ) [ 00000000000000000000000000000000000000000000000000000000000000000000000000000000000000000000000000000000]
icmp_ln148         (icmp          ) [ 01111111111111111111111111111111111111111111111111111111111111111111111111111111111111111111111111111000]
br_ln148           (br            ) [ 00000000000000000000000000000000000000000000000000000000000000000000000000000000000000000000000000000000]
shl_ln5            (bitconcatenate) [ 00000000000000000000000000000000000000000000000000000000000000000000000000000000000000000000000000000000]
zext_ln150         (zext          ) [ 00100000000000000000000000000000000000000000000000000000000000000000000000000000000000000000000000000000]
add_ln150          (add           ) [ 00000000000000000000000000000000000000000000000000000000000000000000000000000000000000000000000000000000]
trunc_ln150_2      (partselect    ) [ 00100000000000000000000000000000000000000000000000000000000000000000000000000000000000000000000000000000]
sext_ln150         (sext          ) [ 00000000000000000000000000000000000000000000000000000000000000000000000000000000000000000000000000000000]
gmem_addr          (getelementptr ) [ 01111111111111111111111111111111111111111111111111111111111111111111111111000000000000000000000000000000]
add_ln151          (add           ) [ 00000000000000000000000000000000000000000000000000000000000000000000000000000000000000000000000000000000]
trunc_ln9          (partselect    ) [ 00010000000000000000000000000000000000000000000000000000000000000000000000000000000000000000000000000000]
add_ln152          (add           ) [ 00000000000000000000000000000000000000000000000000000000000000000000000000000000000000000000000000000000]
trunc_ln2          (partselect    ) [ 01011000000000000000000000000000000000000000000000000000000000000000000000000000000000000000000000000000]
specbitsmap_ln0    (specbitsmap   ) [ 00000000000000000000000000000000000000000000000000000000000000000000000000000000000000000000000000000000]
specpipeline_ln0   (specpipeline  ) [ 00000000000000000000000000000000000000000000000000000000000000000000000000000000000000000000000000000000]
add_ln148          (add           ) [ 00000000000000000000000000000000000000000000000000000000000000000000000000000000000000000000000000000000]
trunc_ln150        (trunc         ) [ 01111111111111111111111111111111111111111111111111111111111111111111111111000000000000000000000000000000]
sext_ln151         (sext          ) [ 00000000000000000000000000000000000000000000000000000000000000000000000000000000000000000000000000000000]
gmem_addr_3        (getelementptr ) [ 01111111111111111111111111111111111111111111111111111111111111111111111111100000000000000000000000000000]
store_ln148        (store         ) [ 00000000000000000000000000000000000000000000000000000000000000000000000000000000000000000000000000000000]
sext_ln152         (sext          ) [ 00000000000000000000000000000000000000000000000000000000000000000000000000000000000000000000000000000000]
gmem_addr_4        (getelementptr ) [ 01110111111111111111111111111111111111111111111111111111111111111111111111110000000000000000000000000000]
gmem_load_7_req    (readreq       ) [ 00000000000000000000000000000000000000000000000000000000000000000000000000000000000000000000000000000000]
trunc_ln8          (bitconcatenate) [ 00100000000000000000000000000000000000000000000000000000000000000000000000100000000000000000000000000000]
gmem_addr_read     (read          ) [ 00100000000000000000000000000000000000000000000000000000000000000000000000100000000000000000000000000000]
add_ln150_1        (add           ) [ 00100000000000000000000000000000000000000000000000000000000000000000000000100000000000000000000000000000]
gmem_load_8_req    (readreq       ) [ 00000000000000000000000000000000000000000000000000000000000000000000000000000000000000000000000000000000]
shl_ln150_1        (bitconcatenate) [ 00000000000000000000000000000000000000000000000000000000000000000000000000000000000000000000000000000000]
zext_ln150_1       (zext          ) [ 00000000000000000000000000000000000000000000000000000000000000000000000000000000000000000000000000000000]
lshr_ln150         (lshr          ) [ 00000000000000000000000000000000000000000000000000000000000000000000000000000000000000000000000000000000]
trunc_ln150_1      (trunc         ) [ 00010000000000000000000000000000000000000000000000000000000000000000000000010000000000000000000000000000]
gmem_addr_3_read   (read          ) [ 00010000000000000000000000000000000000000000000000000000000000000000000000010000000000000000000000000000]
add_ln151_1        (add           ) [ 00010000000000000000000000000000000000000000000000000000000000000000000000010000000000000000000000000000]
gmem_load_9_req    (readreq       ) [ 00000000000000000000000000000000000000000000000000000000000000000000000000000000000000000000000000000000]
add_ln152_1        (add           ) [ 01010000000000000000000000000000000000000000000000000000000000000000000000011000000000000000000000000000]
x                  (sitodp        ) [ 01110000000000000000000000000000000000000000000000000000000000000000000000001111000000000000000000000000]
shl_ln6            (bitconcatenate) [ 00000000000000000000000000000000000000000000000000000000000000000000000000000000000000000000000000000000]
zext_ln151         (zext          ) [ 00000000000000000000000000000000000000000000000000000000000000000000000000000000000000000000000000000000]
lshr_ln151         (lshr          ) [ 00000000000000000000000000000000000000000000000000000000000000000000000000000000000000000000000000000000]
trunc_ln151        (trunc         ) [ 01000000000000000000000000000000000000000000000000000000000000000000000000001000000000000000000000000000]
gmem_addr_4_read   (read          ) [ 01000000000000000000000000000000000000000000000000000000000000000000000000001000000000000000000000000000]
y                  (sitodp        ) [ 01110000000000000000000000000000000000000000000000000000000000000000000000000111100000000000000000000000]
shl_ln7            (bitconcatenate) [ 00000000000000000000000000000000000000000000000000000000000000000000000000000000000000000000000000000000]
zext_ln152         (zext          ) [ 00000000000000000000000000000000000000000000000000000000000000000000000000000000000000000000000000000000]
lshr_ln152         (lshr          ) [ 00000000000000000000000000000000000000000000000000000000000000000000000000000000000000000000000000000000]
trunc_ln152        (trunc         ) [ 00100000000000000000000000000000000000000000000000000000000000000000000000000100000000000000000000000000]
sig                (sitodp        ) [ 01110000000000000000000000000000000000000000000000000000000000000000000000000011111111111110000000000000]
sub12_i            (dsub          ) [ 01110000000000000000000000000000000000000000000000000000000000000000000000000000111111111111111000000000]
mul16_i            (dmul          ) [ 01110000000000000000000000000000000000000000000000000000000000000000000000000000111110000000000000000000]
sub15_i            (dsub          ) [ 01110000000000000000000000000000000000000000000000000000000000000000000000000000011110000000000000000000]
temp               (dsub          ) [ 01110000000000000000000000000000000000000000000000000000000000000000000000000000000001111111111100000000]
overSig            (ddiv          ) [ 01110000000000000000000000000000000000000000000000000000000000000000000000000000000000000001111100000000]
t                  (dmul          ) [ 01110000000000000000000000000000000000000000000000000000000000000000000000000000000000000000000111100000]
tempOverSig        (dmul          ) [ 01110000000000000000000000000000000000000000000000000000000000000000000000000000000000000000000011110000]
mul14_i            (dmul          ) [ 01110000000000000000000000000000000000000000000000000000000000000000000000000000000000000000000000011110]
Stt_load           (load          ) [ 01110000000000000000000000000000000000000000000000000000000000000000000000000000000000000000000000001110]
tempOverSigSquared (dmul          ) [ 01110000000000000000000000000000000000000000000000000000000000000000000000000000000000000000000000001111]
term2_load         (load          ) [ 01110000000000000000000000000000000000000000000000000000000000000000000000000000000000000000000000000111]
Stt_1              (dadd          ) [ 00000000000000000000000000000000000000000000000000000000000000000000000000000000000000000000000000000000]
store_ln148        (store         ) [ 00000000000000000000000000000000000000000000000000000000000000000000000000000000000000000000000000000000]
specloopname_ln148 (specloopname  ) [ 00000000000000000000000000000000000000000000000000000000000000000000000000000000000000000000000000000000]
term2_1            (dadd          ) [ 00000000000000000000000000000000000000000000000000000000000000000000000000000000000000000000000000000000]
store_ln148        (store         ) [ 00000000000000000000000000000000000000000000000000000000000000000000000000000000000000000000000000000000]
br_ln148           (br            ) [ 00000000000000000000000000000000000000000000000000000000000000000000000000000000000000000000000000000000]
term2_load_1       (load          ) [ 00000000000000000000000000000000000000000000000000000000000000000000000000000000000000000000000000000000]
Stt_load_1         (load          ) [ 00000000000000000000000000000000000000000000000000000000000000000000000000000000000000000000000000000000]
write_ln0          (write         ) [ 00000000000000000000000000000000000000000000000000000000000000000000000000000000000000000000000000000000]
write_ln0          (write         ) [ 00000000000000000000000000000000000000000000000000000000000000000000000000000000000000000000000000000000]
ret_ln0            (ret           ) [ 00000000000000000000000000000000000000000000000000000000000000000000000000000000000000000000000000000000]
</LifeTime>

<model>

<comp_list>
<comp id="0" class="1000" name="gmem">
<pin_list>
<pin id="1" dir="1" index="0" bw="1" slack="0"/>
</pin_list>
<bind>
<StgValue><ssdm name="gmem"/></StgValue>
</bind>
</comp>

<comp id="2" class="1000" name="size">
<pin_list>
<pin id="3" dir="1" index="0" bw="1" slack="0"/>
</pin_list>
<bind>
<StgValue><ssdm name="size"/></StgValue>
</bind>
</comp>

<comp id="4" class="1000" name="arrx">
<pin_list>
<pin id="5" dir="1" index="0" bw="1" slack="0"/>
</pin_list>
<bind>
<StgValue><ssdm name="arrx"/></StgValue>
</bind>
</comp>

<comp id="6" class="1000" name="trunc_ln">
<pin_list>
<pin id="7" dir="1" index="0" bw="1" slack="0"/>
</pin_list>
<bind>
<StgValue><ssdm name="trunc_ln"/></StgValue>
</bind>
</comp>

<comp id="8" class="1000" name="arry">
<pin_list>
<pin id="9" dir="1" index="0" bw="1" slack="0"/>
</pin_list>
<bind>
<StgValue><ssdm name="arry"/></StgValue>
</bind>
</comp>

<comp id="10" class="1000" name="trunc_ln1">
<pin_list>
<pin id="11" dir="1" index="0" bw="1" slack="0"/>
</pin_list>
<bind>
<StgValue><ssdm name="trunc_ln1"/></StgValue>
</bind>
</comp>

<comp id="12" class="1000" name="arrsigs">
<pin_list>
<pin id="13" dir="1" index="0" bw="1" slack="0"/>
</pin_list>
<bind>
<StgValue><ssdm name="arrsigs"/></StgValue>
</bind>
</comp>

<comp id="14" class="1000" name="trunc_ln3">
<pin_list>
<pin id="15" dir="1" index="0" bw="1" slack="0"/>
</pin_list>
<bind>
<StgValue><ssdm name="trunc_ln3"/></StgValue>
</bind>
</comp>

<comp id="16" class="1000" name="SxoS">
<pin_list>
<pin id="17" dir="1" index="0" bw="1" slack="0"/>
</pin_list>
<bind>
<StgValue><ssdm name="SxoS"/></StgValue>
</bind>
</comp>

<comp id="18" class="1000" name="a">
<pin_list>
<pin id="19" dir="1" index="0" bw="1" slack="0"/>
</pin_list>
<bind>
<StgValue><ssdm name="a"/></StgValue>
</bind>
</comp>

<comp id="20" class="1000" name="b">
<pin_list>
<pin id="21" dir="1" index="0" bw="1" slack="0"/>
</pin_list>
<bind>
<StgValue><ssdm name="b"/></StgValue>
</bind>
</comp>

<comp id="22" class="1000" name="Stt_out">
<pin_list>
<pin id="23" dir="1" index="0" bw="1" slack="0"/>
</pin_list>
<bind>
<StgValue><ssdm name="Stt_out"/></StgValue>
</bind>
</comp>

<comp id="24" class="1000" name="term2_out">
<pin_list>
<pin id="25" dir="1" index="0" bw="1" slack="0"/>
</pin_list>
<bind>
<StgValue><ssdm name="term2_out"/></StgValue>
</bind>
</comp>

<comp id="26" class="1001" name="const_26">
<pin_list>
<pin id="27" dir="1" index="0" bw="1" slack="0"/>
</pin_list>
<bind>
<StgValue><ssdm name=""/></StgValue>
</bind>
</comp>

<comp id="28" class="1001" name="const_28">
<pin_list>
<pin id="29" dir="1" index="0" bw="1" slack="2147483647"/>
</pin_list>
<bind>
<StgValue><ssdm name="_ssdm_op_SpecInterface"/></StgValue>
</bind>
</comp>

<comp id="30" class="1001" name="const_30">
<pin_list>
<pin id="31" dir="1" index="0" bw="1" slack="2147483647"/>
</pin_list>
<bind>
<StgValue><ssdm name="empty_14"/></StgValue>
</bind>
</comp>

<comp id="32" class="1001" name="const_32">
<pin_list>
<pin id="33" dir="1" index="0" bw="1" slack="2147483647"/>
</pin_list>
<bind>
<StgValue><ssdm name=""/></StgValue>
</bind>
</comp>

<comp id="34" class="1001" name="const_34">
<pin_list>
<pin id="35" dir="1" index="0" bw="1" slack="2147483647"/>
</pin_list>
<bind>
<StgValue><ssdm name="empty_10"/></StgValue>
</bind>
</comp>

<comp id="36" class="1001" name="const_36">
<pin_list>
<pin id="37" dir="1" index="0" bw="1" slack="2147483647"/>
</pin_list>
<bind>
<StgValue><ssdm name=""/></StgValue>
</bind>
</comp>

<comp id="38" class="1001" name="const_38">
<pin_list>
<pin id="39" dir="1" index="0" bw="1" slack="2147483647"/>
</pin_list>
<bind>
<StgValue><ssdm name="empty"/></StgValue>
</bind>
</comp>

<comp id="40" class="1001" name="const_40">
<pin_list>
<pin id="41" dir="1" index="0" bw="1" slack="2147483647"/>
</pin_list>
<bind>
<StgValue><ssdm name="empty_1"/></StgValue>
</bind>
</comp>

<comp id="42" class="1001" name="const_42">
<pin_list>
<pin id="43" dir="1" index="0" bw="1" slack="2147483647"/>
</pin_list>
<bind>
<StgValue><ssdm name=""/></StgValue>
</bind>
</comp>

<comp id="44" class="1001" name="const_44">
<pin_list>
<pin id="45" dir="1" index="0" bw="1" slack="2147483647"/>
</pin_list>
<bind>
<StgValue><ssdm name=""/></StgValue>
</bind>
</comp>

<comp id="46" class="1001" name="const_46">
<pin_list>
<pin id="47" dir="1" index="0" bw="1" slack="0"/>
</pin_list>
<bind>
<StgValue><ssdm name="_ssdm_op_Read.ap_auto.double"/></StgValue>
</bind>
</comp>

<comp id="48" class="1001" name="const_48">
<pin_list>
<pin id="49" dir="1" index="0" bw="1" slack="0"/>
</pin_list>
<bind>
<StgValue><ssdm name="_ssdm_op_Read.ap_auto.i4"/></StgValue>
</bind>
</comp>

<comp id="50" class="1001" name="const_50">
<pin_list>
<pin id="51" dir="1" index="0" bw="1" slack="0"/>
</pin_list>
<bind>
<StgValue><ssdm name="_ssdm_op_Read.ap_auto.i64"/></StgValue>
</bind>
</comp>

<comp id="52" class="1001" name="const_52">
<pin_list>
<pin id="53" dir="1" index="0" bw="1" slack="0"/>
</pin_list>
<bind>
<StgValue><ssdm name="_ssdm_op_Read.ap_auto.i32"/></StgValue>
</bind>
</comp>

<comp id="54" class="1001" name="const_54">
<pin_list>
<pin id="55" dir="1" index="0" bw="1" slack="0"/>
</pin_list>
<bind>
<StgValue><ssdm name=""/></StgValue>
</bind>
</comp>

<comp id="56" class="1001" name="const_56">
<pin_list>
<pin id="57" dir="1" index="0" bw="1" slack="0"/>
</pin_list>
<bind>
<StgValue><ssdm name=""/></StgValue>
</bind>
</comp>

<comp id="58" class="1001" name="const_58">
<pin_list>
<pin id="59" dir="1" index="0" bw="1" slack="0"/>
</pin_list>
<bind>
<StgValue><ssdm name="_ssdm_op_BitConcatenate.i34.i31.i3"/></StgValue>
</bind>
</comp>

<comp id="60" class="1001" name="const_60">
<pin_list>
<pin id="61" dir="1" index="0" bw="1" slack="0"/>
</pin_list>
<bind>
<StgValue><ssdm name=""/></StgValue>
</bind>
</comp>

<comp id="62" class="1001" name="const_62">
<pin_list>
<pin id="63" dir="1" index="0" bw="1" slack="0"/>
</pin_list>
<bind>
<StgValue><ssdm name="_ssdm_op_PartSelect.i60.i64.i32.i32"/></StgValue>
</bind>
</comp>

<comp id="64" class="1001" name="const_64">
<pin_list>
<pin id="65" dir="1" index="0" bw="1" slack="0"/>
</pin_list>
<bind>
<StgValue><ssdm name=""/></StgValue>
</bind>
</comp>

<comp id="66" class="1001" name="const_66">
<pin_list>
<pin id="67" dir="1" index="0" bw="1" slack="0"/>
</pin_list>
<bind>
<StgValue><ssdm name=""/></StgValue>
</bind>
</comp>

<comp id="68" class="1001" name="const_68">
<pin_list>
<pin id="69" dir="1" index="0" bw="1" slack="0"/>
</pin_list>
<bind>
<StgValue><ssdm name="_ssdm_op_ReadReq.m_axi.i128P1A"/></StgValue>
</bind>
</comp>

<comp id="70" class="1001" name="const_70">
<pin_list>
<pin id="71" dir="1" index="0" bw="1" slack="2147483647"/>
</pin_list>
<bind>
<StgValue><ssdm name="_ssdm_op_SpecBitsMap"/></StgValue>
</bind>
</comp>

<comp id="72" class="1001" name="const_72">
<pin_list>
<pin id="73" dir="1" index="0" bw="1" slack="2147483647"/>
</pin_list>
<bind>
<StgValue><ssdm name="_ssdm_op_SpecPipeline"/></StgValue>
</bind>
</comp>

<comp id="74" class="1001" name="const_74">
<pin_list>
<pin id="75" dir="1" index="0" bw="1" slack="2147483647"/>
</pin_list>
<bind>
<StgValue><ssdm name="p_str5"/></StgValue>
</bind>
</comp>

<comp id="76" class="1001" name="const_76">
<pin_list>
<pin id="77" dir="1" index="0" bw="1" slack="0"/>
</pin_list>
<bind>
<StgValue><ssdm name=""/></StgValue>
</bind>
</comp>

<comp id="78" class="1001" name="const_78">
<pin_list>
<pin id="79" dir="1" index="0" bw="1" slack="0"/>
</pin_list>
<bind>
<StgValue><ssdm name="_ssdm_op_BitConcatenate.i4.i1.i3"/></StgValue>
</bind>
</comp>

<comp id="80" class="1001" name="const_80">
<pin_list>
<pin id="81" dir="1" index="0" bw="1" slack="0"/>
</pin_list>
<bind>
<StgValue><ssdm name="_ssdm_op_Read.m_axi.i128P1A"/></StgValue>
</bind>
</comp>

<comp id="82" class="1001" name="const_82">
<pin_list>
<pin id="83" dir="1" index="0" bw="1" slack="0"/>
</pin_list>
<bind>
<StgValue><ssdm name="_ssdm_op_BitConcatenate.i7.i4.i3"/></StgValue>
</bind>
</comp>

<comp id="84" class="1001" name="const_84">
<pin_list>
<pin id="85" dir="1" index="0" bw="1" slack="0"/>
</pin_list>
<bind>
<StgValue><ssdm name=""/></StgValue>
</bind>
</comp>

<comp id="86" class="1001" name="const_86">
<pin_list>
<pin id="87" dir="1" index="0" bw="1" slack="2147483647"/>
</pin_list>
<bind>
<StgValue><ssdm name="_ssdm_op_SpecLoopName"/></StgValue>
</bind>
</comp>

<comp id="88" class="1001" name="const_88">
<pin_list>
<pin id="89" dir="1" index="0" bw="1" slack="2147483647"/>
</pin_list>
<bind>
<StgValue><ssdm name="empty_16"/></StgValue>
</bind>
</comp>

<comp id="90" class="1001" name="const_90">
<pin_list>
<pin id="91" dir="1" index="0" bw="1" slack="0"/>
</pin_list>
<bind>
<StgValue><ssdm name="_ssdm_op_Write.ap_auto.doubleP0A"/></StgValue>
</bind>
</comp>

<comp id="92" class="1004" name="term2_fu_92">
<pin_list>
<pin id="93" dir="0" index="0" bw="1" slack="0"/>
<pin id="94" dir="1" index="1" bw="64" slack="0"/>
</pin_list>
<bind>
<opcode="alloca(26) " fcode="alloca"/>
<opset="term2/1 "/>
</bind>
</comp>

<comp id="96" class="1004" name="Stt_fu_96">
<pin_list>
<pin id="97" dir="0" index="0" bw="1" slack="0"/>
<pin id="98" dir="1" index="1" bw="64" slack="0"/>
</pin_list>
<bind>
<opcode="alloca(26) " fcode="alloca"/>
<opset="Stt/1 "/>
</bind>
</comp>

<comp id="100" class="1004" name="i_fu_100">
<pin_list>
<pin id="101" dir="0" index="0" bw="1" slack="0"/>
<pin id="102" dir="1" index="1" bw="31" slack="0"/>
</pin_list>
<bind>
<opcode="alloca(26) " fcode="alloca"/>
<opset="i/1 "/>
</bind>
</comp>

<comp id="104" class="1004" name="b_read_read_fu_104">
<pin_list>
<pin id="105" dir="0" index="0" bw="64" slack="0"/>
<pin id="106" dir="0" index="1" bw="64" slack="0"/>
<pin id="107" dir="1" index="2" bw="64" slack="75"/>
</pin_list>
<bind>
<opcode="read(1150) " fcode="read"/>
<opset="b_read/1 "/>
</bind>
</comp>

<comp id="110" class="1004" name="a_read_read_fu_110">
<pin_list>
<pin id="111" dir="0" index="0" bw="64" slack="0"/>
<pin id="112" dir="0" index="1" bw="64" slack="0"/>
<pin id="113" dir="1" index="2" bw="64" slack="76"/>
</pin_list>
<bind>
<opcode="read(1150) " fcode="read"/>
<opset="a_read/1 "/>
</bind>
</comp>

<comp id="116" class="1004" name="SxoS_read_read_fu_116">
<pin_list>
<pin id="117" dir="0" index="0" bw="64" slack="0"/>
<pin id="118" dir="0" index="1" bw="64" slack="0"/>
<pin id="119" dir="1" index="2" bw="64" slack="75"/>
</pin_list>
<bind>
<opcode="read(1150) " fcode="read"/>
<opset="SxoS_read/1 "/>
</bind>
</comp>

<comp id="122" class="1004" name="trunc_ln3_read_read_fu_122">
<pin_list>
<pin id="123" dir="0" index="0" bw="4" slack="0"/>
<pin id="124" dir="0" index="1" bw="4" slack="0"/>
<pin id="125" dir="1" index="2" bw="4" slack="73"/>
</pin_list>
<bind>
<opcode="read(1150) " fcode="read"/>
<opset="trunc_ln3_read/1 "/>
</bind>
</comp>

<comp id="128" class="1004" name="arrsigs_read_read_fu_128">
<pin_list>
<pin id="129" dir="0" index="0" bw="64" slack="0"/>
<pin id="130" dir="0" index="1" bw="64" slack="0"/>
<pin id="131" dir="1" index="2" bw="64" slack="1"/>
</pin_list>
<bind>
<opcode="read(1150) " fcode="read"/>
<opset="arrsigs_read/1 "/>
</bind>
</comp>

<comp id="134" class="1004" name="trunc_ln1_read_read_fu_134">
<pin_list>
<pin id="135" dir="0" index="0" bw="4" slack="0"/>
<pin id="136" dir="0" index="1" bw="4" slack="0"/>
<pin id="137" dir="1" index="2" bw="4" slack="73"/>
</pin_list>
<bind>
<opcode="read(1150) " fcode="read"/>
<opset="trunc_ln1_read/1 "/>
</bind>
</comp>

<comp id="140" class="1004" name="arry_read_read_fu_140">
<pin_list>
<pin id="141" dir="0" index="0" bw="64" slack="0"/>
<pin id="142" dir="0" index="1" bw="64" slack="0"/>
<pin id="143" dir="1" index="2" bw="64" slack="1"/>
</pin_list>
<bind>
<opcode="read(1150) " fcode="read"/>
<opset="arry_read/1 "/>
</bind>
</comp>

<comp id="146" class="1004" name="trunc_ln_read_read_fu_146">
<pin_list>
<pin id="147" dir="0" index="0" bw="4" slack="0"/>
<pin id="148" dir="0" index="1" bw="4" slack="0"/>
<pin id="149" dir="1" index="2" bw="4" slack="72"/>
</pin_list>
<bind>
<opcode="read(1150) " fcode="read"/>
<opset="trunc_ln_read/1 "/>
</bind>
</comp>

<comp id="152" class="1004" name="arrx_read_read_fu_152">
<pin_list>
<pin id="153" dir="0" index="0" bw="64" slack="0"/>
<pin id="154" dir="0" index="1" bw="64" slack="0"/>
<pin id="155" dir="1" index="2" bw="64" slack="0"/>
</pin_list>
<bind>
<opcode="read(1150) " fcode="read"/>
<opset="arrx_read/1 "/>
</bind>
</comp>

<comp id="158" class="1004" name="size_read_read_fu_158">
<pin_list>
<pin id="159" dir="0" index="0" bw="32" slack="0"/>
<pin id="160" dir="0" index="1" bw="32" slack="0"/>
<pin id="161" dir="1" index="2" bw="32" slack="0"/>
</pin_list>
<bind>
<opcode="read(1150) " fcode="read"/>
<opset="size_read/1 "/>
</bind>
</comp>

<comp id="164" class="1004" name="grp_readreq_fu_164">
<pin_list>
<pin id="165" dir="0" index="0" bw="1" slack="0"/>
<pin id="166" dir="0" index="1" bw="128" slack="0"/>
<pin id="167" dir="0" index="2" bw="1" slack="0"/>
<pin id="168" dir="1" index="3" bw="1" slack="2147483647"/>
</pin_list>
<bind>
<opcode="readreq(1154) " fcode="readreq"/>
<opset="gmem_load_7_req/2 "/>
</bind>
</comp>

<comp id="171" class="1004" name="grp_readreq_fu_171">
<pin_list>
<pin id="172" dir="0" index="0" bw="1" slack="0"/>
<pin id="173" dir="0" index="1" bw="128" slack="0"/>
<pin id="174" dir="0" index="2" bw="1" slack="0"/>
<pin id="175" dir="1" index="3" bw="1" slack="2147483647"/>
</pin_list>
<bind>
<opcode="readreq(1154) " fcode="readreq"/>
<opset="gmem_load_8_req/3 "/>
</bind>
</comp>

<comp id="178" class="1004" name="grp_readreq_fu_178">
<pin_list>
<pin id="179" dir="0" index="0" bw="1" slack="0"/>
<pin id="180" dir="0" index="1" bw="128" slack="0"/>
<pin id="181" dir="0" index="2" bw="1" slack="0"/>
<pin id="182" dir="1" index="3" bw="1" slack="2147483647"/>
</pin_list>
<bind>
<opcode="readreq(1154) " fcode="readreq"/>
<opset="gmem_load_9_req/4 "/>
</bind>
</comp>

<comp id="185" class="1004" name="gmem_addr_read_read_fu_185">
<pin_list>
<pin id="186" dir="0" index="0" bw="128" slack="0"/>
<pin id="187" dir="0" index="1" bw="128" slack="71"/>
<pin id="188" dir="1" index="2" bw="128" slack="1"/>
</pin_list>
<bind>
<opcode="read(1150) " fcode="read"/>
<opset="gmem_addr_read/73 "/>
</bind>
</comp>

<comp id="190" class="1004" name="gmem_addr_3_read_read_fu_190">
<pin_list>
<pin id="191" dir="0" index="0" bw="128" slack="0"/>
<pin id="192" dir="0" index="1" bw="128" slack="71"/>
<pin id="193" dir="1" index="2" bw="128" slack="1"/>
</pin_list>
<bind>
<opcode="read(1150) " fcode="read"/>
<opset="gmem_addr_3_read/74 "/>
</bind>
</comp>

<comp id="195" class="1004" name="gmem_addr_4_read_read_fu_195">
<pin_list>
<pin id="196" dir="0" index="0" bw="128" slack="0"/>
<pin id="197" dir="0" index="1" bw="128" slack="71"/>
<pin id="198" dir="1" index="2" bw="128" slack="1"/>
</pin_list>
<bind>
<opcode="read(1150) " fcode="read"/>
<opset="gmem_addr_4_read/75 "/>
</bind>
</comp>

<comp id="200" class="1004" name="write_ln0_write_fu_200">
<pin_list>
<pin id="201" dir="0" index="0" bw="0" slack="0"/>
<pin id="202" dir="0" index="1" bw="64" slack="0"/>
<pin id="203" dir="0" index="2" bw="64" slack="0"/>
<pin id="204" dir="1" index="3" bw="0" slack="2147483647"/>
</pin_list>
<bind>
<opcode="write(1151) " fcode="write"/>
<opset="write_ln0/100 "/>
</bind>
</comp>

<comp id="207" class="1004" name="write_ln0_write_fu_207">
<pin_list>
<pin id="208" dir="0" index="0" bw="0" slack="0"/>
<pin id="209" dir="0" index="1" bw="64" slack="0"/>
<pin id="210" dir="0" index="2" bw="64" slack="0"/>
<pin id="211" dir="1" index="3" bw="0" slack="2147483647"/>
</pin_list>
<bind>
<opcode="write(1151) " fcode="write"/>
<opset="write_ln0/100 "/>
</bind>
</comp>

<comp id="214" class="1004" name="grp_fu_214">
<pin_list>
<pin id="215" dir="0" index="0" bw="64" slack="1"/>
<pin id="216" dir="0" index="1" bw="64" slack="2"/>
<pin id="217" dir="1" index="2" bw="64" slack="1"/>
</pin_list>
<bind>
<opcode="dsub(509) " fcode="dadd"/>
<opset="sub12_i/76 sub15_i/77 temp/81 "/>
</bind>
</comp>

<comp id="218" class="1004" name="grp_fu_218">
<pin_list>
<pin id="219" dir="0" index="0" bw="64" slack="0"/>
<pin id="220" dir="0" index="1" bw="64" slack="1"/>
<pin id="221" dir="1" index="2" bw="64" slack="0"/>
</pin_list>
<bind>
<opcode="dadd(508) " fcode="dadd"/>
<opset="Stt_1/99 term2_1/100 "/>
</bind>
</comp>

<comp id="222" class="1004" name="grp_fu_222">
<pin_list>
<pin id="223" dir="0" index="0" bw="64" slack="1"/>
<pin id="224" dir="0" index="1" bw="64" slack="1"/>
<pin id="225" dir="1" index="2" bw="64" slack="1"/>
</pin_list>
<bind>
<opcode="dmul(510) " fcode="dmul"/>
<opset="mul16_i/76 tempOverSig/92 tempOverSigSquared/96 "/>
</bind>
</comp>

<comp id="226" class="1004" name="grp_fu_226">
<pin_list>
<pin id="227" dir="0" index="0" bw="64" slack="1"/>
<pin id="228" dir="0" index="1" bw="64" slack="1"/>
<pin id="229" dir="1" index="2" bw="64" slack="1"/>
</pin_list>
<bind>
<opcode="dmul(510) " fcode="dmul"/>
<opset="t/91 mul14_i/95 "/>
</bind>
</comp>

<comp id="230" class="1004" name="grp_fu_230">
<pin_list>
<pin id="231" dir="0" index="0" bw="64" slack="0"/>
<pin id="232" dir="0" index="1" bw="64" slack="1"/>
<pin id="233" dir="1" index="2" bw="64" slack="1"/>
</pin_list>
<bind>
<opcode="ddiv(511) " fcode="ddiv"/>
<opset="overSig/78 "/>
</bind>
</comp>

<comp id="235" class="1004" name="grp_fu_235">
<pin_list>
<pin id="236" dir="0" index="0" bw="64" slack="0"/>
<pin id="237" dir="1" index="1" bw="64" slack="1"/>
</pin_list>
<bind>
<opcode="sitodp(517) " fcode="sitodp"/>
<opset="x/74 y/75 sig/76 "/>
</bind>
</comp>

<comp id="238" class="1004" name="store_ln0_store_fu_238">
<pin_list>
<pin id="239" dir="0" index="0" bw="1" slack="0"/>
<pin id="240" dir="0" index="1" bw="31" slack="0"/>
<pin id="241" dir="1" index="2" bw="0" slack="2147483647"/>
</pin_list>
<bind>
<opcode="store(28) " fcode="store"/>
<opset="store_ln0/1 "/>
</bind>
</comp>

<comp id="243" class="1004" name="store_ln0_store_fu_243">
<pin_list>
<pin id="244" dir="0" index="0" bw="64" slack="0"/>
<pin id="245" dir="0" index="1" bw="64" slack="0"/>
<pin id="246" dir="1" index="2" bw="0" slack="2147483647"/>
</pin_list>
<bind>
<opcode="store(28) " fcode="store"/>
<opset="store_ln0/1 "/>
</bind>
</comp>

<comp id="248" class="1004" name="store_ln0_store_fu_248">
<pin_list>
<pin id="249" dir="0" index="0" bw="64" slack="0"/>
<pin id="250" dir="0" index="1" bw="64" slack="0"/>
<pin id="251" dir="1" index="2" bw="0" slack="2147483647"/>
</pin_list>
<bind>
<opcode="store(28) " fcode="store"/>
<opset="store_ln0/1 "/>
</bind>
</comp>

<comp id="253" class="1004" name="i_3_load_fu_253">
<pin_list>
<pin id="254" dir="0" index="0" bw="31" slack="0"/>
<pin id="255" dir="1" index="1" bw="31" slack="0"/>
</pin_list>
<bind>
<opcode="load(27) " fcode="load"/>
<opset="i_3/1 "/>
</bind>
</comp>

<comp id="256" class="1004" name="i_4_cast_fu_256">
<pin_list>
<pin id="257" dir="0" index="0" bw="31" slack="0"/>
<pin id="258" dir="1" index="1" bw="32" slack="0"/>
</pin_list>
<bind>
<opcode="zext(34) " fcode="zext"/>
<opset="i_4_cast/1 "/>
</bind>
</comp>

<comp id="260" class="1004" name="icmp_ln148_fu_260">
<pin_list>
<pin id="261" dir="0" index="0" bw="32" slack="0"/>
<pin id="262" dir="0" index="1" bw="32" slack="0"/>
<pin id="263" dir="1" index="2" bw="1" slack="1"/>
</pin_list>
<bind>
<opcode="icmp(45) " fcode="icmp"/>
<opset="icmp_ln148/1 "/>
</bind>
</comp>

<comp id="266" class="1004" name="shl_ln5_fu_266">
<pin_list>
<pin id="267" dir="0" index="0" bw="34" slack="0"/>
<pin id="268" dir="0" index="1" bw="31" slack="0"/>
<pin id="269" dir="0" index="2" bw="1" slack="0"/>
<pin id="270" dir="1" index="3" bw="34" slack="0"/>
</pin_list>
<bind>
<opcode="bitconcatenate(1004) " fcode="bitconcatenate"/>
<opset="shl_ln5/1 "/>
</bind>
</comp>

<comp id="274" class="1004" name="zext_ln150_fu_274">
<pin_list>
<pin id="275" dir="0" index="0" bw="34" slack="0"/>
<pin id="276" dir="1" index="1" bw="64" slack="0"/>
</pin_list>
<bind>
<opcode="zext(34) " fcode="zext"/>
<opset="zext_ln150/1 "/>
</bind>
</comp>

<comp id="278" class="1004" name="add_ln150_fu_278">
<pin_list>
<pin id="279" dir="0" index="0" bw="34" slack="0"/>
<pin id="280" dir="0" index="1" bw="64" slack="0"/>
<pin id="281" dir="1" index="2" bw="64" slack="0"/>
</pin_list>
<bind>
<opcode="add(8) " fcode="add"/>
<opset="add_ln150/1 "/>
</bind>
</comp>

<comp id="284" class="1004" name="trunc_ln150_2_fu_284">
<pin_list>
<pin id="285" dir="0" index="0" bw="60" slack="0"/>
<pin id="286" dir="0" index="1" bw="64" slack="0"/>
<pin id="287" dir="0" index="2" bw="4" slack="0"/>
<pin id="288" dir="0" index="3" bw="7" slack="0"/>
<pin id="289" dir="1" index="4" bw="60" slack="1"/>
</pin_list>
<bind>
<opcode="partselect(1002) " fcode="partselect"/>
<opset="trunc_ln150_2/1 "/>
</bind>
</comp>

<comp id="294" class="1004" name="sext_ln150_fu_294">
<pin_list>
<pin id="295" dir="0" index="0" bw="60" slack="1"/>
<pin id="296" dir="1" index="1" bw="64" slack="0"/>
</pin_list>
<bind>
<opcode="sext(35) " fcode="sext"/>
<opset="sext_ln150/2 "/>
</bind>
</comp>

<comp id="297" class="1004" name="gmem_addr_fu_297">
<pin_list>
<pin id="298" dir="0" index="0" bw="64" slack="0"/>
<pin id="299" dir="0" index="1" bw="64" slack="0"/>
<pin id="300" dir="1" index="2" bw="64" slack="0"/>
</pin_list>
<bind>
<opcode="getelementptr(29) " fcode="getelementptr"/>
<opset="gmem_addr/2 "/>
</bind>
</comp>

<comp id="304" class="1004" name="add_ln151_fu_304">
<pin_list>
<pin id="305" dir="0" index="0" bw="34" slack="1"/>
<pin id="306" dir="0" index="1" bw="64" slack="1"/>
<pin id="307" dir="1" index="2" bw="64" slack="0"/>
</pin_list>
<bind>
<opcode="add(8) " fcode="add"/>
<opset="add_ln151/2 "/>
</bind>
</comp>

<comp id="308" class="1004" name="trunc_ln9_fu_308">
<pin_list>
<pin id="309" dir="0" index="0" bw="60" slack="0"/>
<pin id="310" dir="0" index="1" bw="64" slack="0"/>
<pin id="311" dir="0" index="2" bw="4" slack="0"/>
<pin id="312" dir="0" index="3" bw="7" slack="0"/>
<pin id="313" dir="1" index="4" bw="60" slack="1"/>
</pin_list>
<bind>
<opcode="partselect(1002) " fcode="partselect"/>
<opset="trunc_ln9/2 "/>
</bind>
</comp>

<comp id="318" class="1004" name="add_ln152_fu_318">
<pin_list>
<pin id="319" dir="0" index="0" bw="34" slack="1"/>
<pin id="320" dir="0" index="1" bw="64" slack="1"/>
<pin id="321" dir="1" index="2" bw="64" slack="0"/>
</pin_list>
<bind>
<opcode="add(8) " fcode="add"/>
<opset="add_ln152/2 "/>
</bind>
</comp>

<comp id="322" class="1004" name="trunc_ln2_fu_322">
<pin_list>
<pin id="323" dir="0" index="0" bw="60" slack="0"/>
<pin id="324" dir="0" index="1" bw="64" slack="0"/>
<pin id="325" dir="0" index="2" bw="4" slack="0"/>
<pin id="326" dir="0" index="3" bw="7" slack="0"/>
<pin id="327" dir="1" index="4" bw="60" slack="2"/>
</pin_list>
<bind>
<opcode="partselect(1002) " fcode="partselect"/>
<opset="trunc_ln2/2 "/>
</bind>
</comp>

<comp id="332" class="1004" name="add_ln148_fu_332">
<pin_list>
<pin id="333" dir="0" index="0" bw="31" slack="2"/>
<pin id="334" dir="0" index="1" bw="1" slack="0"/>
<pin id="335" dir="1" index="2" bw="31" slack="0"/>
</pin_list>
<bind>
<opcode="add(8) " fcode="add"/>
<opset="add_ln148/3 "/>
</bind>
</comp>

<comp id="337" class="1004" name="trunc_ln150_fu_337">
<pin_list>
<pin id="338" dir="0" index="0" bw="31" slack="2"/>
<pin id="339" dir="1" index="1" bw="1" slack="70"/>
</pin_list>
<bind>
<opcode="trunc(33) " fcode="trunc"/>
<opset="trunc_ln150/3 "/>
</bind>
</comp>

<comp id="340" class="1004" name="sext_ln151_fu_340">
<pin_list>
<pin id="341" dir="0" index="0" bw="60" slack="1"/>
<pin id="342" dir="1" index="1" bw="64" slack="0"/>
</pin_list>
<bind>
<opcode="sext(35) " fcode="sext"/>
<opset="sext_ln151/3 "/>
</bind>
</comp>

<comp id="343" class="1004" name="gmem_addr_3_fu_343">
<pin_list>
<pin id="344" dir="0" index="0" bw="64" slack="0"/>
<pin id="345" dir="0" index="1" bw="64" slack="0"/>
<pin id="346" dir="1" index="2" bw="64" slack="0"/>
</pin_list>
<bind>
<opcode="getelementptr(29) " fcode="getelementptr"/>
<opset="gmem_addr_3/3 "/>
</bind>
</comp>

<comp id="350" class="1004" name="store_ln148_store_fu_350">
<pin_list>
<pin id="351" dir="0" index="0" bw="31" slack="0"/>
<pin id="352" dir="0" index="1" bw="31" slack="2"/>
<pin id="353" dir="1" index="2" bw="0" slack="2147483647"/>
</pin_list>
<bind>
<opcode="store(28) " fcode="store"/>
<opset="store_ln148/3 "/>
</bind>
</comp>

<comp id="355" class="1004" name="sext_ln152_fu_355">
<pin_list>
<pin id="356" dir="0" index="0" bw="60" slack="2"/>
<pin id="357" dir="1" index="1" bw="64" slack="0"/>
</pin_list>
<bind>
<opcode="sext(35) " fcode="sext"/>
<opset="sext_ln152/4 "/>
</bind>
</comp>

<comp id="358" class="1004" name="gmem_addr_4_fu_358">
<pin_list>
<pin id="359" dir="0" index="0" bw="64" slack="0"/>
<pin id="360" dir="0" index="1" bw="64" slack="0"/>
<pin id="361" dir="1" index="2" bw="64" slack="0"/>
</pin_list>
<bind>
<opcode="getelementptr(29) " fcode="getelementptr"/>
<opset="gmem_addr_4/4 "/>
</bind>
</comp>

<comp id="365" class="1004" name="trunc_ln8_fu_365">
<pin_list>
<pin id="366" dir="0" index="0" bw="4" slack="0"/>
<pin id="367" dir="0" index="1" bw="1" slack="70"/>
<pin id="368" dir="0" index="2" bw="1" slack="0"/>
<pin id="369" dir="1" index="3" bw="4" slack="0"/>
</pin_list>
<bind>
<opcode="bitconcatenate(1004) " fcode="bitconcatenate"/>
<opset="trunc_ln8/73 "/>
</bind>
</comp>

<comp id="372" class="1004" name="add_ln150_1_fu_372">
<pin_list>
<pin id="373" dir="0" index="0" bw="4" slack="0"/>
<pin id="374" dir="0" index="1" bw="4" slack="72"/>
<pin id="375" dir="1" index="2" bw="4" slack="1"/>
</pin_list>
<bind>
<opcode="add(8) " fcode="add"/>
<opset="add_ln150_1/73 "/>
</bind>
</comp>

<comp id="377" class="1004" name="shl_ln150_1_fu_377">
<pin_list>
<pin id="378" dir="0" index="0" bw="7" slack="0"/>
<pin id="379" dir="0" index="1" bw="4" slack="1"/>
<pin id="380" dir="0" index="2" bw="1" slack="0"/>
<pin id="381" dir="1" index="3" bw="7" slack="0"/>
</pin_list>
<bind>
<opcode="bitconcatenate(1004) " fcode="bitconcatenate"/>
<opset="shl_ln150_1/74 "/>
</bind>
</comp>

<comp id="384" class="1004" name="zext_ln150_1_fu_384">
<pin_list>
<pin id="385" dir="0" index="0" bw="7" slack="0"/>
<pin id="386" dir="1" index="1" bw="128" slack="0"/>
</pin_list>
<bind>
<opcode="zext(34) " fcode="zext"/>
<opset="zext_ln150_1/74 "/>
</bind>
</comp>

<comp id="388" class="1004" name="lshr_ln150_fu_388">
<pin_list>
<pin id="389" dir="0" index="0" bw="128" slack="1"/>
<pin id="390" dir="0" index="1" bw="7" slack="0"/>
<pin id="391" dir="1" index="2" bw="128" slack="0"/>
</pin_list>
<bind>
<opcode="lshr(21) " fcode="lshr"/>
<opset="lshr_ln150/74 "/>
</bind>
</comp>

<comp id="393" class="1004" name="trunc_ln150_1_fu_393">
<pin_list>
<pin id="394" dir="0" index="0" bw="128" slack="0"/>
<pin id="395" dir="1" index="1" bw="64" slack="0"/>
</pin_list>
<bind>
<opcode="trunc(33) " fcode="trunc"/>
<opset="trunc_ln150_1/74 "/>
</bind>
</comp>

<comp id="398" class="1004" name="add_ln151_1_fu_398">
<pin_list>
<pin id="399" dir="0" index="0" bw="4" slack="1"/>
<pin id="400" dir="0" index="1" bw="4" slack="73"/>
<pin id="401" dir="1" index="2" bw="4" slack="1"/>
</pin_list>
<bind>
<opcode="add(8) " fcode="add"/>
<opset="add_ln151_1/74 "/>
</bind>
</comp>

<comp id="402" class="1004" name="add_ln152_1_fu_402">
<pin_list>
<pin id="403" dir="0" index="0" bw="4" slack="1"/>
<pin id="404" dir="0" index="1" bw="4" slack="73"/>
<pin id="405" dir="1" index="2" bw="4" slack="2"/>
</pin_list>
<bind>
<opcode="add(8) " fcode="add"/>
<opset="add_ln152_1/74 "/>
</bind>
</comp>

<comp id="406" class="1004" name="shl_ln6_fu_406">
<pin_list>
<pin id="407" dir="0" index="0" bw="7" slack="0"/>
<pin id="408" dir="0" index="1" bw="4" slack="1"/>
<pin id="409" dir="0" index="2" bw="1" slack="0"/>
<pin id="410" dir="1" index="3" bw="7" slack="0"/>
</pin_list>
<bind>
<opcode="bitconcatenate(1004) " fcode="bitconcatenate"/>
<opset="shl_ln6/75 "/>
</bind>
</comp>

<comp id="413" class="1004" name="zext_ln151_fu_413">
<pin_list>
<pin id="414" dir="0" index="0" bw="7" slack="0"/>
<pin id="415" dir="1" index="1" bw="128" slack="0"/>
</pin_list>
<bind>
<opcode="zext(34) " fcode="zext"/>
<opset="zext_ln151/75 "/>
</bind>
</comp>

<comp id="417" class="1004" name="lshr_ln151_fu_417">
<pin_list>
<pin id="418" dir="0" index="0" bw="128" slack="1"/>
<pin id="419" dir="0" index="1" bw="7" slack="0"/>
<pin id="420" dir="1" index="2" bw="128" slack="0"/>
</pin_list>
<bind>
<opcode="lshr(21) " fcode="lshr"/>
<opset="lshr_ln151/75 "/>
</bind>
</comp>

<comp id="422" class="1004" name="trunc_ln151_fu_422">
<pin_list>
<pin id="423" dir="0" index="0" bw="128" slack="0"/>
<pin id="424" dir="1" index="1" bw="64" slack="0"/>
</pin_list>
<bind>
<opcode="trunc(33) " fcode="trunc"/>
<opset="trunc_ln151/75 "/>
</bind>
</comp>

<comp id="427" class="1004" name="shl_ln7_fu_427">
<pin_list>
<pin id="428" dir="0" index="0" bw="7" slack="0"/>
<pin id="429" dir="0" index="1" bw="4" slack="2"/>
<pin id="430" dir="0" index="2" bw="1" slack="0"/>
<pin id="431" dir="1" index="3" bw="7" slack="0"/>
</pin_list>
<bind>
<opcode="bitconcatenate(1004) " fcode="bitconcatenate"/>
<opset="shl_ln7/76 "/>
</bind>
</comp>

<comp id="434" class="1004" name="zext_ln152_fu_434">
<pin_list>
<pin id="435" dir="0" index="0" bw="7" slack="0"/>
<pin id="436" dir="1" index="1" bw="128" slack="0"/>
</pin_list>
<bind>
<opcode="zext(34) " fcode="zext"/>
<opset="zext_ln152/76 "/>
</bind>
</comp>

<comp id="438" class="1004" name="lshr_ln152_fu_438">
<pin_list>
<pin id="439" dir="0" index="0" bw="128" slack="1"/>
<pin id="440" dir="0" index="1" bw="7" slack="0"/>
<pin id="441" dir="1" index="2" bw="128" slack="0"/>
</pin_list>
<bind>
<opcode="lshr(21) " fcode="lshr"/>
<opset="lshr_ln152/76 "/>
</bind>
</comp>

<comp id="443" class="1004" name="trunc_ln152_fu_443">
<pin_list>
<pin id="444" dir="0" index="0" bw="128" slack="0"/>
<pin id="445" dir="1" index="1" bw="64" slack="0"/>
</pin_list>
<bind>
<opcode="trunc(33) " fcode="trunc"/>
<opset="trunc_ln152/76 "/>
</bind>
</comp>

<comp id="448" class="1004" name="Stt_load_load_fu_448">
<pin_list>
<pin id="449" dir="0" index="0" bw="64" slack="98"/>
<pin id="450" dir="1" index="1" bw="64" slack="0"/>
</pin_list>
<bind>
<opcode="load(27) " fcode="load"/>
<opset="Stt_load/99 "/>
</bind>
</comp>

<comp id="452" class="1004" name="term2_load_load_fu_452">
<pin_list>
<pin id="453" dir="0" index="0" bw="64" slack="99"/>
<pin id="454" dir="1" index="1" bw="64" slack="0"/>
</pin_list>
<bind>
<opcode="load(27) " fcode="load"/>
<opset="term2_load/100 "/>
</bind>
</comp>

<comp id="456" class="1004" name="store_ln148_store_fu_456">
<pin_list>
<pin id="457" dir="0" index="0" bw="64" slack="0"/>
<pin id="458" dir="0" index="1" bw="64" slack="101"/>
<pin id="459" dir="1" index="2" bw="0" slack="2147483647"/>
</pin_list>
<bind>
<opcode="store(28) " fcode="store"/>
<opset="store_ln148/102 "/>
</bind>
</comp>

<comp id="461" class="1004" name="store_ln148_store_fu_461">
<pin_list>
<pin id="462" dir="0" index="0" bw="64" slack="0"/>
<pin id="463" dir="0" index="1" bw="64" slack="102"/>
<pin id="464" dir="1" index="2" bw="0" slack="2147483647"/>
</pin_list>
<bind>
<opcode="store(28) " fcode="store"/>
<opset="store_ln148/103 "/>
</bind>
</comp>

<comp id="466" class="1004" name="term2_load_1_load_fu_466">
<pin_list>
<pin id="467" dir="0" index="0" bw="64" slack="99"/>
<pin id="468" dir="1" index="1" bw="64" slack="0"/>
</pin_list>
<bind>
<opcode="load(27) " fcode="load"/>
<opset="term2_load_1/100 "/>
</bind>
</comp>

<comp id="470" class="1004" name="Stt_load_1_load_fu_470">
<pin_list>
<pin id="471" dir="0" index="0" bw="64" slack="99"/>
<pin id="472" dir="1" index="1" bw="64" slack="0"/>
</pin_list>
<bind>
<opcode="load(27) " fcode="load"/>
<opset="Stt_load_1/100 "/>
</bind>
</comp>

<comp id="474" class="1005" name="term2_reg_474">
<pin_list>
<pin id="475" dir="0" index="0" bw="64" slack="0"/>
<pin id="476" dir="1" index="1" bw="64" slack="0"/>
</pin_list>
<bind>
<opset="term2 "/>
</bind>
</comp>

<comp id="482" class="1005" name="Stt_reg_482">
<pin_list>
<pin id="483" dir="0" index="0" bw="64" slack="0"/>
<pin id="484" dir="1" index="1" bw="64" slack="0"/>
</pin_list>
<bind>
<opset="Stt "/>
</bind>
</comp>

<comp id="490" class="1005" name="i_reg_490">
<pin_list>
<pin id="491" dir="0" index="0" bw="31" slack="0"/>
<pin id="492" dir="1" index="1" bw="31" slack="0"/>
</pin_list>
<bind>
<opset="i "/>
</bind>
</comp>

<comp id="497" class="1005" name="b_read_reg_497">
<pin_list>
<pin id="498" dir="0" index="0" bw="64" slack="75"/>
<pin id="499" dir="1" index="1" bw="64" slack="75"/>
</pin_list>
<bind>
<opset="b_read "/>
</bind>
</comp>

<comp id="502" class="1005" name="a_read_reg_502">
<pin_list>
<pin id="503" dir="0" index="0" bw="64" slack="76"/>
<pin id="504" dir="1" index="1" bw="64" slack="76"/>
</pin_list>
<bind>
<opset="a_read "/>
</bind>
</comp>

<comp id="507" class="1005" name="SxoS_read_reg_507">
<pin_list>
<pin id="508" dir="0" index="0" bw="64" slack="75"/>
<pin id="509" dir="1" index="1" bw="64" slack="75"/>
</pin_list>
<bind>
<opset="SxoS_read "/>
</bind>
</comp>

<comp id="512" class="1005" name="trunc_ln3_read_reg_512">
<pin_list>
<pin id="513" dir="0" index="0" bw="4" slack="73"/>
<pin id="514" dir="1" index="1" bw="4" slack="73"/>
</pin_list>
<bind>
<opset="trunc_ln3_read "/>
</bind>
</comp>

<comp id="517" class="1005" name="arrsigs_read_reg_517">
<pin_list>
<pin id="518" dir="0" index="0" bw="64" slack="1"/>
<pin id="519" dir="1" index="1" bw="64" slack="1"/>
</pin_list>
<bind>
<opset="arrsigs_read "/>
</bind>
</comp>

<comp id="522" class="1005" name="trunc_ln1_read_reg_522">
<pin_list>
<pin id="523" dir="0" index="0" bw="4" slack="73"/>
<pin id="524" dir="1" index="1" bw="4" slack="73"/>
</pin_list>
<bind>
<opset="trunc_ln1_read "/>
</bind>
</comp>

<comp id="527" class="1005" name="arry_read_reg_527">
<pin_list>
<pin id="528" dir="0" index="0" bw="64" slack="1"/>
<pin id="529" dir="1" index="1" bw="64" slack="1"/>
</pin_list>
<bind>
<opset="arry_read "/>
</bind>
</comp>

<comp id="532" class="1005" name="trunc_ln_read_reg_532">
<pin_list>
<pin id="533" dir="0" index="0" bw="4" slack="72"/>
<pin id="534" dir="1" index="1" bw="4" slack="72"/>
</pin_list>
<bind>
<opset="trunc_ln_read "/>
</bind>
</comp>

<comp id="537" class="1005" name="i_3_reg_537">
<pin_list>
<pin id="538" dir="0" index="0" bw="31" slack="2"/>
<pin id="539" dir="1" index="1" bw="31" slack="2"/>
</pin_list>
<bind>
<opset="i_3 "/>
</bind>
</comp>

<comp id="543" class="1005" name="icmp_ln148_reg_543">
<pin_list>
<pin id="544" dir="0" index="0" bw="1" slack="1"/>
<pin id="545" dir="1" index="1" bw="1" slack="2147483647"/>
</pin_list>
<bind>
<opset="icmp_ln148 "/>
</bind>
</comp>

<comp id="547" class="1005" name="zext_ln150_reg_547">
<pin_list>
<pin id="548" dir="0" index="0" bw="64" slack="1"/>
<pin id="549" dir="1" index="1" bw="64" slack="1"/>
</pin_list>
<bind>
<opset="zext_ln150 "/>
</bind>
</comp>

<comp id="553" class="1005" name="trunc_ln150_2_reg_553">
<pin_list>
<pin id="554" dir="0" index="0" bw="60" slack="1"/>
<pin id="555" dir="1" index="1" bw="60" slack="1"/>
</pin_list>
<bind>
<opset="trunc_ln150_2 "/>
</bind>
</comp>

<comp id="558" class="1005" name="gmem_addr_reg_558">
<pin_list>
<pin id="559" dir="0" index="0" bw="128" slack="1"/>
<pin id="560" dir="1" index="1" bw="128" slack="1"/>
</pin_list>
<bind>
<opset="gmem_addr "/>
</bind>
</comp>

<comp id="564" class="1005" name="trunc_ln9_reg_564">
<pin_list>
<pin id="565" dir="0" index="0" bw="60" slack="1"/>
<pin id="566" dir="1" index="1" bw="60" slack="1"/>
</pin_list>
<bind>
<opset="trunc_ln9 "/>
</bind>
</comp>

<comp id="569" class="1005" name="trunc_ln2_reg_569">
<pin_list>
<pin id="570" dir="0" index="0" bw="60" slack="2"/>
<pin id="571" dir="1" index="1" bw="60" slack="2"/>
</pin_list>
<bind>
<opset="trunc_ln2 "/>
</bind>
</comp>

<comp id="574" class="1005" name="trunc_ln150_reg_574">
<pin_list>
<pin id="575" dir="0" index="0" bw="1" slack="70"/>
<pin id="576" dir="1" index="1" bw="1" slack="70"/>
</pin_list>
<bind>
<opset="trunc_ln150 "/>
</bind>
</comp>

<comp id="579" class="1005" name="gmem_addr_3_reg_579">
<pin_list>
<pin id="580" dir="0" index="0" bw="128" slack="1"/>
<pin id="581" dir="1" index="1" bw="128" slack="1"/>
</pin_list>
<bind>
<opset="gmem_addr_3 "/>
</bind>
</comp>

<comp id="585" class="1005" name="gmem_addr_4_reg_585">
<pin_list>
<pin id="586" dir="0" index="0" bw="128" slack="1"/>
<pin id="587" dir="1" index="1" bw="128" slack="1"/>
</pin_list>
<bind>
<opset="gmem_addr_4 "/>
</bind>
</comp>

<comp id="591" class="1005" name="trunc_ln8_reg_591">
<pin_list>
<pin id="592" dir="0" index="0" bw="4" slack="1"/>
<pin id="593" dir="1" index="1" bw="4" slack="1"/>
</pin_list>
<bind>
<opset="trunc_ln8 "/>
</bind>
</comp>

<comp id="597" class="1005" name="gmem_addr_read_reg_597">
<pin_list>
<pin id="598" dir="0" index="0" bw="128" slack="1"/>
<pin id="599" dir="1" index="1" bw="128" slack="1"/>
</pin_list>
<bind>
<opset="gmem_addr_read "/>
</bind>
</comp>

<comp id="602" class="1005" name="add_ln150_1_reg_602">
<pin_list>
<pin id="603" dir="0" index="0" bw="4" slack="1"/>
<pin id="604" dir="1" index="1" bw="4" slack="1"/>
</pin_list>
<bind>
<opset="add_ln150_1 "/>
</bind>
</comp>

<comp id="607" class="1005" name="trunc_ln150_1_reg_607">
<pin_list>
<pin id="608" dir="0" index="0" bw="64" slack="1"/>
<pin id="609" dir="1" index="1" bw="64" slack="1"/>
</pin_list>
<bind>
<opset="trunc_ln150_1 "/>
</bind>
</comp>

<comp id="612" class="1005" name="gmem_addr_3_read_reg_612">
<pin_list>
<pin id="613" dir="0" index="0" bw="128" slack="1"/>
<pin id="614" dir="1" index="1" bw="128" slack="1"/>
</pin_list>
<bind>
<opset="gmem_addr_3_read "/>
</bind>
</comp>

<comp id="617" class="1005" name="add_ln151_1_reg_617">
<pin_list>
<pin id="618" dir="0" index="0" bw="4" slack="1"/>
<pin id="619" dir="1" index="1" bw="4" slack="1"/>
</pin_list>
<bind>
<opset="add_ln151_1 "/>
</bind>
</comp>

<comp id="622" class="1005" name="add_ln152_1_reg_622">
<pin_list>
<pin id="623" dir="0" index="0" bw="4" slack="2"/>
<pin id="624" dir="1" index="1" bw="4" slack="2"/>
</pin_list>
<bind>
<opset="add_ln152_1 "/>
</bind>
</comp>

<comp id="627" class="1005" name="x_reg_627">
<pin_list>
<pin id="628" dir="0" index="0" bw="64" slack="1"/>
<pin id="629" dir="1" index="1" bw="64" slack="1"/>
</pin_list>
<bind>
<opset="x "/>
</bind>
</comp>

<comp id="633" class="1005" name="trunc_ln151_reg_633">
<pin_list>
<pin id="634" dir="0" index="0" bw="64" slack="1"/>
<pin id="635" dir="1" index="1" bw="64" slack="1"/>
</pin_list>
<bind>
<opset="trunc_ln151 "/>
</bind>
</comp>

<comp id="638" class="1005" name="gmem_addr_4_read_reg_638">
<pin_list>
<pin id="639" dir="0" index="0" bw="128" slack="1"/>
<pin id="640" dir="1" index="1" bw="128" slack="1"/>
</pin_list>
<bind>
<opset="gmem_addr_4_read "/>
</bind>
</comp>

<comp id="643" class="1005" name="y_reg_643">
<pin_list>
<pin id="644" dir="0" index="0" bw="64" slack="1"/>
<pin id="645" dir="1" index="1" bw="64" slack="1"/>
</pin_list>
<bind>
<opset="y "/>
</bind>
</comp>

<comp id="648" class="1005" name="trunc_ln152_reg_648">
<pin_list>
<pin id="649" dir="0" index="0" bw="64" slack="1"/>
<pin id="650" dir="1" index="1" bw="64" slack="1"/>
</pin_list>
<bind>
<opset="trunc_ln152 "/>
</bind>
</comp>

<comp id="653" class="1005" name="sig_reg_653">
<pin_list>
<pin id="654" dir="0" index="0" bw="64" slack="1"/>
<pin id="655" dir="1" index="1" bw="64" slack="1"/>
</pin_list>
<bind>
<opset="sig "/>
</bind>
</comp>

<comp id="658" class="1005" name="sub12_i_reg_658">
<pin_list>
<pin id="659" dir="0" index="0" bw="64" slack="12"/>
<pin id="660" dir="1" index="1" bw="64" slack="12"/>
</pin_list>
<bind>
<opset="sub12_i "/>
</bind>
</comp>

<comp id="663" class="1005" name="mul16_i_reg_663">
<pin_list>
<pin id="664" dir="0" index="0" bw="64" slack="2"/>
<pin id="665" dir="1" index="1" bw="64" slack="2"/>
</pin_list>
<bind>
<opset="mul16_i "/>
</bind>
</comp>

<comp id="668" class="1005" name="sub15_i_reg_668">
<pin_list>
<pin id="669" dir="0" index="0" bw="64" slack="1"/>
<pin id="670" dir="1" index="1" bw="64" slack="1"/>
</pin_list>
<bind>
<opset="sub15_i "/>
</bind>
</comp>

<comp id="673" class="1005" name="temp_reg_673">
<pin_list>
<pin id="674" dir="0" index="0" bw="64" slack="8"/>
<pin id="675" dir="1" index="1" bw="64" slack="8"/>
</pin_list>
<bind>
<opset="temp "/>
</bind>
</comp>

<comp id="678" class="1005" name="overSig_reg_678">
<pin_list>
<pin id="679" dir="0" index="0" bw="64" slack="1"/>
<pin id="680" dir="1" index="1" bw="64" slack="1"/>
</pin_list>
<bind>
<opset="overSig "/>
</bind>
</comp>

<comp id="684" class="1005" name="t_reg_684">
<pin_list>
<pin id="685" dir="0" index="0" bw="64" slack="1"/>
<pin id="686" dir="1" index="1" bw="64" slack="1"/>
</pin_list>
<bind>
<opset="t "/>
</bind>
</comp>

<comp id="690" class="1005" name="tempOverSig_reg_690">
<pin_list>
<pin id="691" dir="0" index="0" bw="64" slack="1"/>
<pin id="692" dir="1" index="1" bw="64" slack="1"/>
</pin_list>
<bind>
<opset="tempOverSig "/>
</bind>
</comp>

<comp id="696" class="1005" name="mul14_i_reg_696">
<pin_list>
<pin id="697" dir="0" index="0" bw="64" slack="1"/>
<pin id="698" dir="1" index="1" bw="64" slack="1"/>
</pin_list>
<bind>
<opset="mul14_i "/>
</bind>
</comp>

<comp id="701" class="1005" name="Stt_load_reg_701">
<pin_list>
<pin id="702" dir="0" index="0" bw="64" slack="1"/>
<pin id="703" dir="1" index="1" bw="64" slack="1"/>
</pin_list>
<bind>
<opset="Stt_load "/>
</bind>
</comp>

<comp id="706" class="1005" name="tempOverSigSquared_reg_706">
<pin_list>
<pin id="707" dir="0" index="0" bw="64" slack="1"/>
<pin id="708" dir="1" index="1" bw="64" slack="1"/>
</pin_list>
<bind>
<opset="tempOverSigSquared "/>
</bind>
</comp>

<comp id="711" class="1005" name="term2_load_reg_711">
<pin_list>
<pin id="712" dir="0" index="0" bw="64" slack="1"/>
<pin id="713" dir="1" index="1" bw="64" slack="1"/>
</pin_list>
<bind>
<opset="term2_load "/>
</bind>
</comp>

</comp_list>

<net_list>
<net id="95"><net_src comp="26" pin="0"/><net_sink comp="92" pin=0"/></net>

<net id="99"><net_src comp="26" pin="0"/><net_sink comp="96" pin=0"/></net>

<net id="103"><net_src comp="26" pin="0"/><net_sink comp="100" pin=0"/></net>

<net id="108"><net_src comp="46" pin="0"/><net_sink comp="104" pin=0"/></net>

<net id="109"><net_src comp="20" pin="0"/><net_sink comp="104" pin=1"/></net>

<net id="114"><net_src comp="46" pin="0"/><net_sink comp="110" pin=0"/></net>

<net id="115"><net_src comp="18" pin="0"/><net_sink comp="110" pin=1"/></net>

<net id="120"><net_src comp="46" pin="0"/><net_sink comp="116" pin=0"/></net>

<net id="121"><net_src comp="16" pin="0"/><net_sink comp="116" pin=1"/></net>

<net id="126"><net_src comp="48" pin="0"/><net_sink comp="122" pin=0"/></net>

<net id="127"><net_src comp="14" pin="0"/><net_sink comp="122" pin=1"/></net>

<net id="132"><net_src comp="50" pin="0"/><net_sink comp="128" pin=0"/></net>

<net id="133"><net_src comp="12" pin="0"/><net_sink comp="128" pin=1"/></net>

<net id="138"><net_src comp="48" pin="0"/><net_sink comp="134" pin=0"/></net>

<net id="139"><net_src comp="10" pin="0"/><net_sink comp="134" pin=1"/></net>

<net id="144"><net_src comp="50" pin="0"/><net_sink comp="140" pin=0"/></net>

<net id="145"><net_src comp="8" pin="0"/><net_sink comp="140" pin=1"/></net>

<net id="150"><net_src comp="48" pin="0"/><net_sink comp="146" pin=0"/></net>

<net id="151"><net_src comp="6" pin="0"/><net_sink comp="146" pin=1"/></net>

<net id="156"><net_src comp="50" pin="0"/><net_sink comp="152" pin=0"/></net>

<net id="157"><net_src comp="4" pin="0"/><net_sink comp="152" pin=1"/></net>

<net id="162"><net_src comp="52" pin="0"/><net_sink comp="158" pin=0"/></net>

<net id="163"><net_src comp="2" pin="0"/><net_sink comp="158" pin=1"/></net>

<net id="169"><net_src comp="68" pin="0"/><net_sink comp="164" pin=0"/></net>

<net id="170"><net_src comp="26" pin="0"/><net_sink comp="164" pin=2"/></net>

<net id="176"><net_src comp="68" pin="0"/><net_sink comp="171" pin=0"/></net>

<net id="177"><net_src comp="26" pin="0"/><net_sink comp="171" pin=2"/></net>

<net id="183"><net_src comp="68" pin="0"/><net_sink comp="178" pin=0"/></net>

<net id="184"><net_src comp="26" pin="0"/><net_sink comp="178" pin=2"/></net>

<net id="189"><net_src comp="80" pin="0"/><net_sink comp="185" pin=0"/></net>

<net id="194"><net_src comp="80" pin="0"/><net_sink comp="190" pin=0"/></net>

<net id="199"><net_src comp="80" pin="0"/><net_sink comp="195" pin=0"/></net>

<net id="205"><net_src comp="90" pin="0"/><net_sink comp="200" pin=0"/></net>

<net id="206"><net_src comp="22" pin="0"/><net_sink comp="200" pin=1"/></net>

<net id="212"><net_src comp="90" pin="0"/><net_sink comp="207" pin=0"/></net>

<net id="213"><net_src comp="24" pin="0"/><net_sink comp="207" pin=1"/></net>

<net id="234"><net_src comp="84" pin="0"/><net_sink comp="230" pin=0"/></net>

<net id="242"><net_src comp="54" pin="0"/><net_sink comp="238" pin=0"/></net>

<net id="247"><net_src comp="56" pin="0"/><net_sink comp="243" pin=0"/></net>

<net id="252"><net_src comp="56" pin="0"/><net_sink comp="248" pin=0"/></net>

<net id="259"><net_src comp="253" pin="1"/><net_sink comp="256" pin=0"/></net>

<net id="264"><net_src comp="256" pin="1"/><net_sink comp="260" pin=0"/></net>

<net id="265"><net_src comp="158" pin="2"/><net_sink comp="260" pin=1"/></net>

<net id="271"><net_src comp="58" pin="0"/><net_sink comp="266" pin=0"/></net>

<net id="272"><net_src comp="253" pin="1"/><net_sink comp="266" pin=1"/></net>

<net id="273"><net_src comp="60" pin="0"/><net_sink comp="266" pin=2"/></net>

<net id="277"><net_src comp="266" pin="3"/><net_sink comp="274" pin=0"/></net>

<net id="282"><net_src comp="274" pin="1"/><net_sink comp="278" pin=0"/></net>

<net id="283"><net_src comp="152" pin="2"/><net_sink comp="278" pin=1"/></net>

<net id="290"><net_src comp="62" pin="0"/><net_sink comp="284" pin=0"/></net>

<net id="291"><net_src comp="278" pin="2"/><net_sink comp="284" pin=1"/></net>

<net id="292"><net_src comp="64" pin="0"/><net_sink comp="284" pin=2"/></net>

<net id="293"><net_src comp="66" pin="0"/><net_sink comp="284" pin=3"/></net>

<net id="301"><net_src comp="0" pin="0"/><net_sink comp="297" pin=0"/></net>

<net id="302"><net_src comp="294" pin="1"/><net_sink comp="297" pin=1"/></net>

<net id="303"><net_src comp="297" pin="2"/><net_sink comp="164" pin=1"/></net>

<net id="314"><net_src comp="62" pin="0"/><net_sink comp="308" pin=0"/></net>

<net id="315"><net_src comp="304" pin="2"/><net_sink comp="308" pin=1"/></net>

<net id="316"><net_src comp="64" pin="0"/><net_sink comp="308" pin=2"/></net>

<net id="317"><net_src comp="66" pin="0"/><net_sink comp="308" pin=3"/></net>

<net id="328"><net_src comp="62" pin="0"/><net_sink comp="322" pin=0"/></net>

<net id="329"><net_src comp="318" pin="2"/><net_sink comp="322" pin=1"/></net>

<net id="330"><net_src comp="64" pin="0"/><net_sink comp="322" pin=2"/></net>

<net id="331"><net_src comp="66" pin="0"/><net_sink comp="322" pin=3"/></net>

<net id="336"><net_src comp="76" pin="0"/><net_sink comp="332" pin=1"/></net>

<net id="347"><net_src comp="0" pin="0"/><net_sink comp="343" pin=0"/></net>

<net id="348"><net_src comp="340" pin="1"/><net_sink comp="343" pin=1"/></net>

<net id="349"><net_src comp="343" pin="2"/><net_sink comp="171" pin=1"/></net>

<net id="354"><net_src comp="332" pin="2"/><net_sink comp="350" pin=0"/></net>

<net id="362"><net_src comp="0" pin="0"/><net_sink comp="358" pin=0"/></net>

<net id="363"><net_src comp="355" pin="1"/><net_sink comp="358" pin=1"/></net>

<net id="364"><net_src comp="358" pin="2"/><net_sink comp="178" pin=1"/></net>

<net id="370"><net_src comp="78" pin="0"/><net_sink comp="365" pin=0"/></net>

<net id="371"><net_src comp="60" pin="0"/><net_sink comp="365" pin=2"/></net>

<net id="376"><net_src comp="365" pin="3"/><net_sink comp="372" pin=0"/></net>

<net id="382"><net_src comp="82" pin="0"/><net_sink comp="377" pin=0"/></net>

<net id="383"><net_src comp="60" pin="0"/><net_sink comp="377" pin=2"/></net>

<net id="387"><net_src comp="377" pin="3"/><net_sink comp="384" pin=0"/></net>

<net id="392"><net_src comp="384" pin="1"/><net_sink comp="388" pin=1"/></net>

<net id="396"><net_src comp="388" pin="2"/><net_sink comp="393" pin=0"/></net>

<net id="397"><net_src comp="393" pin="1"/><net_sink comp="235" pin=0"/></net>

<net id="411"><net_src comp="82" pin="0"/><net_sink comp="406" pin=0"/></net>

<net id="412"><net_src comp="60" pin="0"/><net_sink comp="406" pin=2"/></net>

<net id="416"><net_src comp="406" pin="3"/><net_sink comp="413" pin=0"/></net>

<net id="421"><net_src comp="413" pin="1"/><net_sink comp="417" pin=1"/></net>

<net id="425"><net_src comp="417" pin="2"/><net_sink comp="422" pin=0"/></net>

<net id="426"><net_src comp="422" pin="1"/><net_sink comp="235" pin=0"/></net>

<net id="432"><net_src comp="82" pin="0"/><net_sink comp="427" pin=0"/></net>

<net id="433"><net_src comp="60" pin="0"/><net_sink comp="427" pin=2"/></net>

<net id="437"><net_src comp="427" pin="3"/><net_sink comp="434" pin=0"/></net>

<net id="442"><net_src comp="434" pin="1"/><net_sink comp="438" pin=1"/></net>

<net id="446"><net_src comp="438" pin="2"/><net_sink comp="443" pin=0"/></net>

<net id="447"><net_src comp="443" pin="1"/><net_sink comp="235" pin=0"/></net>

<net id="451"><net_src comp="448" pin="1"/><net_sink comp="218" pin=0"/></net>

<net id="455"><net_src comp="452" pin="1"/><net_sink comp="218" pin=0"/></net>

<net id="460"><net_src comp="218" pin="2"/><net_sink comp="456" pin=0"/></net>

<net id="465"><net_src comp="218" pin="2"/><net_sink comp="461" pin=0"/></net>

<net id="469"><net_src comp="466" pin="1"/><net_sink comp="207" pin=2"/></net>

<net id="473"><net_src comp="470" pin="1"/><net_sink comp="200" pin=2"/></net>

<net id="477"><net_src comp="92" pin="1"/><net_sink comp="474" pin=0"/></net>

<net id="478"><net_src comp="474" pin="1"/><net_sink comp="248" pin=1"/></net>

<net id="479"><net_src comp="474" pin="1"/><net_sink comp="452" pin=0"/></net>

<net id="480"><net_src comp="474" pin="1"/><net_sink comp="461" pin=1"/></net>

<net id="481"><net_src comp="474" pin="1"/><net_sink comp="466" pin=0"/></net>

<net id="485"><net_src comp="96" pin="1"/><net_sink comp="482" pin=0"/></net>

<net id="486"><net_src comp="482" pin="1"/><net_sink comp="243" pin=1"/></net>

<net id="487"><net_src comp="482" pin="1"/><net_sink comp="448" pin=0"/></net>

<net id="488"><net_src comp="482" pin="1"/><net_sink comp="456" pin=1"/></net>

<net id="489"><net_src comp="482" pin="1"/><net_sink comp="470" pin=0"/></net>

<net id="493"><net_src comp="100" pin="1"/><net_sink comp="490" pin=0"/></net>

<net id="494"><net_src comp="490" pin="1"/><net_sink comp="238" pin=1"/></net>

<net id="495"><net_src comp="490" pin="1"/><net_sink comp="253" pin=0"/></net>

<net id="496"><net_src comp="490" pin="1"/><net_sink comp="350" pin=1"/></net>

<net id="500"><net_src comp="104" pin="2"/><net_sink comp="497" pin=0"/></net>

<net id="501"><net_src comp="497" pin="1"/><net_sink comp="222" pin=0"/></net>

<net id="505"><net_src comp="110" pin="2"/><net_sink comp="502" pin=0"/></net>

<net id="506"><net_src comp="502" pin="1"/><net_sink comp="214" pin=1"/></net>

<net id="510"><net_src comp="116" pin="2"/><net_sink comp="507" pin=0"/></net>

<net id="511"><net_src comp="507" pin="1"/><net_sink comp="214" pin=1"/></net>

<net id="515"><net_src comp="122" pin="2"/><net_sink comp="512" pin=0"/></net>

<net id="516"><net_src comp="512" pin="1"/><net_sink comp="402" pin=1"/></net>

<net id="520"><net_src comp="128" pin="2"/><net_sink comp="517" pin=0"/></net>

<net id="521"><net_src comp="517" pin="1"/><net_sink comp="318" pin=1"/></net>

<net id="525"><net_src comp="134" pin="2"/><net_sink comp="522" pin=0"/></net>

<net id="526"><net_src comp="522" pin="1"/><net_sink comp="398" pin=1"/></net>

<net id="530"><net_src comp="140" pin="2"/><net_sink comp="527" pin=0"/></net>

<net id="531"><net_src comp="527" pin="1"/><net_sink comp="304" pin=1"/></net>

<net id="535"><net_src comp="146" pin="2"/><net_sink comp="532" pin=0"/></net>

<net id="536"><net_src comp="532" pin="1"/><net_sink comp="372" pin=1"/></net>

<net id="540"><net_src comp="253" pin="1"/><net_sink comp="537" pin=0"/></net>

<net id="541"><net_src comp="537" pin="1"/><net_sink comp="332" pin=0"/></net>

<net id="542"><net_src comp="537" pin="1"/><net_sink comp="337" pin=0"/></net>

<net id="546"><net_src comp="260" pin="2"/><net_sink comp="543" pin=0"/></net>

<net id="550"><net_src comp="274" pin="1"/><net_sink comp="547" pin=0"/></net>

<net id="551"><net_src comp="547" pin="1"/><net_sink comp="304" pin=0"/></net>

<net id="552"><net_src comp="547" pin="1"/><net_sink comp="318" pin=0"/></net>

<net id="556"><net_src comp="284" pin="4"/><net_sink comp="553" pin=0"/></net>

<net id="557"><net_src comp="553" pin="1"/><net_sink comp="294" pin=0"/></net>

<net id="561"><net_src comp="297" pin="2"/><net_sink comp="558" pin=0"/></net>

<net id="562"><net_src comp="558" pin="1"/><net_sink comp="164" pin=1"/></net>

<net id="563"><net_src comp="558" pin="1"/><net_sink comp="185" pin=1"/></net>

<net id="567"><net_src comp="308" pin="4"/><net_sink comp="564" pin=0"/></net>

<net id="568"><net_src comp="564" pin="1"/><net_sink comp="340" pin=0"/></net>

<net id="572"><net_src comp="322" pin="4"/><net_sink comp="569" pin=0"/></net>

<net id="573"><net_src comp="569" pin="1"/><net_sink comp="355" pin=0"/></net>

<net id="577"><net_src comp="337" pin="1"/><net_sink comp="574" pin=0"/></net>

<net id="578"><net_src comp="574" pin="1"/><net_sink comp="365" pin=1"/></net>

<net id="582"><net_src comp="343" pin="2"/><net_sink comp="579" pin=0"/></net>

<net id="583"><net_src comp="579" pin="1"/><net_sink comp="171" pin=1"/></net>

<net id="584"><net_src comp="579" pin="1"/><net_sink comp="190" pin=1"/></net>

<net id="588"><net_src comp="358" pin="2"/><net_sink comp="585" pin=0"/></net>

<net id="589"><net_src comp="585" pin="1"/><net_sink comp="178" pin=1"/></net>

<net id="590"><net_src comp="585" pin="1"/><net_sink comp="195" pin=1"/></net>

<net id="594"><net_src comp="365" pin="3"/><net_sink comp="591" pin=0"/></net>

<net id="595"><net_src comp="591" pin="1"/><net_sink comp="398" pin=0"/></net>

<net id="596"><net_src comp="591" pin="1"/><net_sink comp="402" pin=0"/></net>

<net id="600"><net_src comp="185" pin="2"/><net_sink comp="597" pin=0"/></net>

<net id="601"><net_src comp="597" pin="1"/><net_sink comp="388" pin=0"/></net>

<net id="605"><net_src comp="372" pin="2"/><net_sink comp="602" pin=0"/></net>

<net id="606"><net_src comp="602" pin="1"/><net_sink comp="377" pin=1"/></net>

<net id="610"><net_src comp="393" pin="1"/><net_sink comp="607" pin=0"/></net>

<net id="611"><net_src comp="607" pin="1"/><net_sink comp="235" pin=0"/></net>

<net id="615"><net_src comp="190" pin="2"/><net_sink comp="612" pin=0"/></net>

<net id="616"><net_src comp="612" pin="1"/><net_sink comp="417" pin=0"/></net>

<net id="620"><net_src comp="398" pin="2"/><net_sink comp="617" pin=0"/></net>

<net id="621"><net_src comp="617" pin="1"/><net_sink comp="406" pin=1"/></net>

<net id="625"><net_src comp="402" pin="2"/><net_sink comp="622" pin=0"/></net>

<net id="626"><net_src comp="622" pin="1"/><net_sink comp="427" pin=1"/></net>

<net id="630"><net_src comp="235" pin="1"/><net_sink comp="627" pin=0"/></net>

<net id="631"><net_src comp="627" pin="1"/><net_sink comp="214" pin=0"/></net>

<net id="632"><net_src comp="627" pin="1"/><net_sink comp="222" pin=1"/></net>

<net id="636"><net_src comp="422" pin="1"/><net_sink comp="633" pin=0"/></net>

<net id="637"><net_src comp="633" pin="1"/><net_sink comp="235" pin=0"/></net>

<net id="641"><net_src comp="195" pin="2"/><net_sink comp="638" pin=0"/></net>

<net id="642"><net_src comp="638" pin="1"/><net_sink comp="438" pin=0"/></net>

<net id="646"><net_src comp="235" pin="1"/><net_sink comp="643" pin=0"/></net>

<net id="647"><net_src comp="643" pin="1"/><net_sink comp="214" pin=0"/></net>

<net id="651"><net_src comp="443" pin="1"/><net_sink comp="648" pin=0"/></net>

<net id="652"><net_src comp="648" pin="1"/><net_sink comp="235" pin=0"/></net>

<net id="656"><net_src comp="235" pin="1"/><net_sink comp="653" pin=0"/></net>

<net id="657"><net_src comp="653" pin="1"/><net_sink comp="230" pin=1"/></net>

<net id="661"><net_src comp="214" pin="2"/><net_sink comp="658" pin=0"/></net>

<net id="662"><net_src comp="658" pin="1"/><net_sink comp="226" pin=1"/></net>

<net id="666"><net_src comp="222" pin="2"/><net_sink comp="663" pin=0"/></net>

<net id="667"><net_src comp="663" pin="1"/><net_sink comp="214" pin=1"/></net>

<net id="671"><net_src comp="214" pin="2"/><net_sink comp="668" pin=0"/></net>

<net id="672"><net_src comp="668" pin="1"/><net_sink comp="214" pin=0"/></net>

<net id="676"><net_src comp="214" pin="2"/><net_sink comp="673" pin=0"/></net>

<net id="677"><net_src comp="673" pin="1"/><net_sink comp="222" pin=0"/></net>

<net id="681"><net_src comp="230" pin="2"/><net_sink comp="678" pin=0"/></net>

<net id="682"><net_src comp="678" pin="1"/><net_sink comp="226" pin=0"/></net>

<net id="683"><net_src comp="678" pin="1"/><net_sink comp="222" pin=1"/></net>

<net id="687"><net_src comp="226" pin="2"/><net_sink comp="684" pin=0"/></net>

<net id="688"><net_src comp="684" pin="1"/><net_sink comp="226" pin=0"/></net>

<net id="689"><net_src comp="684" pin="1"/><net_sink comp="226" pin=1"/></net>

<net id="693"><net_src comp="222" pin="2"/><net_sink comp="690" pin=0"/></net>

<net id="694"><net_src comp="690" pin="1"/><net_sink comp="222" pin=0"/></net>

<net id="695"><net_src comp="690" pin="1"/><net_sink comp="222" pin=1"/></net>

<net id="699"><net_src comp="226" pin="2"/><net_sink comp="696" pin=0"/></net>

<net id="700"><net_src comp="696" pin="1"/><net_sink comp="218" pin=1"/></net>

<net id="704"><net_src comp="448" pin="1"/><net_sink comp="701" pin=0"/></net>

<net id="705"><net_src comp="701" pin="1"/><net_sink comp="218" pin=0"/></net>

<net id="709"><net_src comp="222" pin="2"/><net_sink comp="706" pin=0"/></net>

<net id="710"><net_src comp="706" pin="1"/><net_sink comp="218" pin=1"/></net>

<net id="714"><net_src comp="452" pin="1"/><net_sink comp="711" pin=0"/></net>

<net id="715"><net_src comp="711" pin="1"/><net_sink comp="218" pin=0"/></net>

</net_list>

</model> 
---------------- Datapath Model END ------------------

* FSMD analyzer results:
  - Output states:
	Port: gmem | {}
	Port: Stt_out | {100 }
	Port: term2_out | {100 }
 - Input state : 
	Port: fit_Pipeline_VITIS_LOOP_148_1 : gmem | {2 3 4 5 6 7 8 9 10 11 12 13 14 15 16 17 18 19 20 21 22 23 24 25 26 27 28 29 30 31 32 33 34 35 36 37 38 39 40 41 42 43 44 45 46 47 48 49 50 51 52 53 54 55 56 57 58 59 60 61 62 63 64 65 66 67 68 69 70 71 72 73 74 75 }
	Port: fit_Pipeline_VITIS_LOOP_148_1 : size | {1 }
	Port: fit_Pipeline_VITIS_LOOP_148_1 : arrx | {1 }
	Port: fit_Pipeline_VITIS_LOOP_148_1 : trunc_ln | {1 }
	Port: fit_Pipeline_VITIS_LOOP_148_1 : arry | {1 }
	Port: fit_Pipeline_VITIS_LOOP_148_1 : trunc_ln1 | {1 }
	Port: fit_Pipeline_VITIS_LOOP_148_1 : arrsigs | {1 }
	Port: fit_Pipeline_VITIS_LOOP_148_1 : trunc_ln3 | {1 }
	Port: fit_Pipeline_VITIS_LOOP_148_1 : SxoS | {1 }
	Port: fit_Pipeline_VITIS_LOOP_148_1 : a | {1 }
	Port: fit_Pipeline_VITIS_LOOP_148_1 : b | {1 }
  - Chain level:
	State 1
		store_ln0 : 1
		store_ln0 : 1
		store_ln0 : 1
		i_3 : 1
		i_4_cast : 2
		icmp_ln148 : 3
		br_ln148 : 4
		shl_ln5 : 2
		zext_ln150 : 3
		add_ln150 : 4
		trunc_ln150_2 : 5
	State 2
		gmem_addr : 1
		gmem_load_7_req : 2
		trunc_ln9 : 1
		trunc_ln2 : 1
	State 3
		gmem_addr_3 : 1
		gmem_load_8_req : 2
		store_ln148 : 1
	State 4
		gmem_addr_4 : 1
		gmem_load_9_req : 2
	State 5
	State 6
	State 7
	State 8
	State 9
	State 10
	State 11
	State 12
	State 13
	State 14
	State 15
	State 16
	State 17
	State 18
	State 19
	State 20
	State 21
	State 22
	State 23
	State 24
	State 25
	State 26
	State 27
	State 28
	State 29
	State 30
	State 31
	State 32
	State 33
	State 34
	State 35
	State 36
	State 37
	State 38
	State 39
	State 40
	State 41
	State 42
	State 43
	State 44
	State 45
	State 46
	State 47
	State 48
	State 49
	State 50
	State 51
	State 52
	State 53
	State 54
	State 55
	State 56
	State 57
	State 58
	State 59
	State 60
	State 61
	State 62
	State 63
	State 64
	State 65
	State 66
	State 67
	State 68
	State 69
	State 70
	State 71
	State 72
	State 73
		add_ln150_1 : 1
	State 74
		zext_ln150_1 : 1
		lshr_ln150 : 2
		trunc_ln150_1 : 3
		x : 4
	State 75
		zext_ln151 : 1
		lshr_ln151 : 2
		trunc_ln151 : 3
		y : 4
	State 76
		zext_ln152 : 1
		lshr_ln152 : 2
		trunc_ln152 : 3
		sig : 4
	State 77
	State 78
	State 79
	State 80
	State 81
	State 82
	State 83
	State 84
	State 85
	State 86
	State 87
	State 88
	State 89
	State 90
	State 91
	State 92
	State 93
	State 94
	State 95
	State 96
	State 97
	State 98
	State 99
		Stt_1 : 1
	State 100
		term2_1 : 1
		write_ln0 : 1
		write_ln0 : 1
	State 101
	State 102
		store_ln148 : 1
	State 103
		store_ln148 : 1


============================================================
+ Verbose Summary: Datapath Resource usage 
============================================================

* Functional unit list:
|----------|------------------------------|---------|---------|---------|
| Operation|        Functional Unit       |   DSP   |    FF   |   LUT   |
|----------|------------------------------|---------|---------|---------|
|   dadd   |          grp_fu_214          |    3    |   430   |   710   |
|          |          grp_fu_218          |    3    |   430   |   710   |
|----------|------------------------------|---------|---------|---------|
|          |       lshr_ln150_fu_388      |    0    |    0    |   423   |
|   lshr   |       lshr_ln151_fu_417      |    0    |    0    |   423   |
|          |       lshr_ln152_fu_438      |    0    |    0    |   423   |
|----------|------------------------------|---------|---------|---------|
|   dmul   |          grp_fu_222          |    8    |   275   |   107   |
|          |          grp_fu_226          |    8    |   275   |   107   |
|----------|------------------------------|---------|---------|---------|
|          |       add_ln150_fu_278       |    0    |    0    |    71   |
|          |       add_ln151_fu_304       |    0    |    0    |    71   |
|          |       add_ln152_fu_318       |    0    |    0    |    71   |
|    add   |       add_ln148_fu_332       |    0    |    0    |    38   |
|          |      add_ln150_1_fu_372      |    0    |    0    |    12   |
|          |      add_ln151_1_fu_398      |    0    |    0    |    12   |
|          |      add_ln152_1_fu_402      |    0    |    0    |    12   |
|----------|------------------------------|---------|---------|---------|
|   icmp   |       icmp_ln148_fu_260      |    0    |    0    |    39   |
|----------|------------------------------|---------|---------|---------|
|          |      b_read_read_fu_104      |    0    |    0    |    0    |
|          |      a_read_read_fu_110      |    0    |    0    |    0    |
|          |     SxoS_read_read_fu_116    |    0    |    0    |    0    |
|          |  trunc_ln3_read_read_fu_122  |    0    |    0    |    0    |
|          |   arrsigs_read_read_fu_128   |    0    |    0    |    0    |
|          |  trunc_ln1_read_read_fu_134  |    0    |    0    |    0    |
|   read   |     arry_read_read_fu_140    |    0    |    0    |    0    |
|          |   trunc_ln_read_read_fu_146  |    0    |    0    |    0    |
|          |     arrx_read_read_fu_152    |    0    |    0    |    0    |
|          |     size_read_read_fu_158    |    0    |    0    |    0    |
|          |  gmem_addr_read_read_fu_185  |    0    |    0    |    0    |
|          | gmem_addr_3_read_read_fu_190 |    0    |    0    |    0    |
|          | gmem_addr_4_read_read_fu_195 |    0    |    0    |    0    |
|----------|------------------------------|---------|---------|---------|
|          |      grp_readreq_fu_164      |    0    |    0    |    0    |
|  readreq |      grp_readreq_fu_171      |    0    |    0    |    0    |
|          |      grp_readreq_fu_178      |    0    |    0    |    0    |
|----------|------------------------------|---------|---------|---------|
|   write  |    write_ln0_write_fu_200    |    0    |    0    |    0    |
|          |    write_ln0_write_fu_207    |    0    |    0    |    0    |
|----------|------------------------------|---------|---------|---------|
|   ddiv   |          grp_fu_230          |    0    |    0    |    0    |
|----------|------------------------------|---------|---------|---------|
|  sitodp  |          grp_fu_235          |    0    |    0    |    0    |
|----------|------------------------------|---------|---------|---------|
|          |        i_4_cast_fu_256       |    0    |    0    |    0    |
|          |       zext_ln150_fu_274      |    0    |    0    |    0    |
|   zext   |      zext_ln150_1_fu_384     |    0    |    0    |    0    |
|          |       zext_ln151_fu_413      |    0    |    0    |    0    |
|          |       zext_ln152_fu_434      |    0    |    0    |    0    |
|----------|------------------------------|---------|---------|---------|
|          |        shl_ln5_fu_266        |    0    |    0    |    0    |
|          |       trunc_ln8_fu_365       |    0    |    0    |    0    |
|bitconcatenate|      shl_ln150_1_fu_377      |    0    |    0    |    0    |
|          |        shl_ln6_fu_406        |    0    |    0    |    0    |
|          |        shl_ln7_fu_427        |    0    |    0    |    0    |
|----------|------------------------------|---------|---------|---------|
|          |     trunc_ln150_2_fu_284     |    0    |    0    |    0    |
|partselect|       trunc_ln9_fu_308       |    0    |    0    |    0    |
|          |       trunc_ln2_fu_322       |    0    |    0    |    0    |
|----------|------------------------------|---------|---------|---------|
|          |       sext_ln150_fu_294      |    0    |    0    |    0    |
|   sext   |       sext_ln151_fu_340      |    0    |    0    |    0    |
|          |       sext_ln152_fu_355      |    0    |    0    |    0    |
|----------|------------------------------|---------|---------|---------|
|          |      trunc_ln150_fu_337      |    0    |    0    |    0    |
|   trunc  |     trunc_ln150_1_fu_393     |    0    |    0    |    0    |
|          |      trunc_ln151_fu_422      |    0    |    0    |    0    |
|          |      trunc_ln152_fu_443      |    0    |    0    |    0    |
|----------|------------------------------|---------|---------|---------|
|   Total  |                              |    22   |   1410  |   3229  |
|----------|------------------------------|---------|---------|---------|

Memories:
N/A

* Register list:
+--------------------------+--------+
|                          |   FF   |
+--------------------------+--------+
|     Stt_load_reg_701     |   64   |
|        Stt_reg_482       |   64   |
|     SxoS_read_reg_507    |   64   |
|      a_read_reg_502      |   64   |
|    add_ln150_1_reg_602   |    4   |
|    add_ln151_1_reg_617   |    4   |
|    add_ln152_1_reg_622   |    4   |
|   arrsigs_read_reg_517   |   64   |
|     arry_read_reg_527    |   64   |
|      b_read_reg_497      |   64   |
| gmem_addr_3_read_reg_612 |   128  |
|    gmem_addr_3_reg_579   |   128  |
| gmem_addr_4_read_reg_638 |   128  |
|    gmem_addr_4_reg_585   |   128  |
|  gmem_addr_read_reg_597  |   128  |
|     gmem_addr_reg_558    |   128  |
|        i_3_reg_537       |   31   |
|         i_reg_490        |   31   |
|    icmp_ln148_reg_543    |    1   |
|      mul14_i_reg_696     |   64   |
|      mul16_i_reg_663     |   64   |
|      overSig_reg_678     |   64   |
|        sig_reg_653       |   64   |
|      sub12_i_reg_658     |   64   |
|      sub15_i_reg_668     |   64   |
|         t_reg_684        |   64   |
|tempOverSigSquared_reg_706|   64   |
|    tempOverSig_reg_690   |   64   |
|       temp_reg_673       |   64   |
|    term2_load_reg_711    |   64   |
|       term2_reg_474      |   64   |
|   trunc_ln150_1_reg_607  |   64   |
|   trunc_ln150_2_reg_553  |   60   |
|    trunc_ln150_reg_574   |    1   |
|    trunc_ln151_reg_633   |   64   |
|    trunc_ln152_reg_648   |   64   |
|  trunc_ln1_read_reg_522  |    4   |
|     trunc_ln2_reg_569    |   60   |
|  trunc_ln3_read_reg_512  |    4   |
|     trunc_ln8_reg_591    |    4   |
|     trunc_ln9_reg_564    |   60   |
|   trunc_ln_read_reg_532  |    4   |
|         x_reg_627        |   64   |
|         y_reg_643        |   64   |
|    zext_ln150_reg_547    |   64   |
+--------------------------+--------+
|           Total          |  2640  |
+--------------------------+--------+

* Multiplexer (MUX) list: 
|--------------------|------|------|------|--------||---------||---------|
|        Comp        |  Pin | Size |  BW  | S x BW ||  Delay  ||   LUT   |
|--------------------|------|------|------|--------||---------||---------|
| grp_readreq_fu_164 |  p1  |   2  |  128 |   256  ||    9    |
| grp_readreq_fu_171 |  p1  |   2  |  128 |   256  ||    9    |
| grp_readreq_fu_178 |  p1  |   2  |  128 |   256  ||    9    |
|     grp_fu_214     |  p0  |   3  |  64  |   192  ||    14   |
|     grp_fu_214     |  p1  |   3  |  64  |   192  ||    14   |
|     grp_fu_218     |  p0  |   4  |  64  |   256  ||    20   |
|     grp_fu_218     |  p1  |   2  |  64  |   128  ||    9    |
|     grp_fu_222     |  p0  |   3  |  64  |   192  ||    14   |
|     grp_fu_222     |  p1  |   3  |  64  |   192  ||    14   |
|     grp_fu_226     |  p0  |   2  |  64  |   128  ||    9    |
|     grp_fu_226     |  p1  |   2  |  64  |   128  ||    9    |
|     grp_fu_235     |  p0  |   6  |  64  |   384  ||    31   |
|--------------------|------|------|------|--------||---------||---------|
|        Total       |      |      |      |  2560  || 5.94143 ||   161   |
|--------------------|------|------|------|--------||---------||---------|



* Summary:
+-----------+--------+--------+--------+--------+
|           |   DSP  |  Delay |   FF   |   LUT  |
+-----------+--------+--------+--------+--------+
|  Function |   22   |    -   |  1410  |  3229  |
|   Memory  |    -   |    -   |    -   |    -   |
|Multiplexer|    -   |    5   |    -   |   161  |
|  Register |    -   |    -   |  2640  |    -   |
+-----------+--------+--------+--------+--------+
|   Total   |   22   |    5   |  4050  |  3390  |
+-----------+--------+--------+--------+--------+
