

================================================================
== Vitis HLS Report for 'calc_chi_squared_1'
================================================================
* Date:           Thu Feb 27 22:08:30 2025

* Version:        2023.1 (Build 3854077 on May  4 2023)
* Project:        hls_fit
* Solution:       solution2 (Vitis Kernel Flow Target)
* Product family: virtexuplus
* Target device:  xcvu11p-flga2577-1-e


================================================================
== Performance Estimates
================================================================
+ Timing: 
    * Summary: 
    +--------+----------+----------+------------+
    |  Clock |  Target  | Estimated| Uncertainty|
    +--------+----------+----------+------------+
    |ap_clk  |  10.00 ns|  7.300 ns|     2.70 ns|
    +--------+----------+----------+------------+

+ Latency: 
    * Summary: 
    +---------+---------+----------+----------+-----+-----+---------+
    |  Latency (cycles) |  Latency (absolute) |  Interval | Pipeline|
    |   min   |   max   |    min   |    max   | min | max |   Type  |
    +---------+---------+----------+----------+-----+-----+---------+
    |        ?|        ?|         ?|         ?|    ?|    ?|       no|
    +---------+---------+----------+----------+-----+-----+---------+

    + Detail: 
        * Instance: 
        N/A

        * Loop: 
        +--------------------+---------+---------+----------+-----------+-----------+------+----------+
        |                    |  Latency (cycles) | Iteration|  Initiation Interval  | Trip |          |
        |      Loop Name     |   min   |   max   |  Latency |  achieved |   target  | Count| Pipelined|
        +--------------------+---------+---------+----------+-----------+-----------+------+----------+
        |- VITIS_LOOP_152_1  |        ?|        ?|       102|          -|          -|     ?|        no|
        +--------------------+---------+---------+----------+-----------+-----------+------+----------+

============================================================
+ Verbose Summary: Synthesis Manager
============================================================
InlineROM: 1
ExposeGlobal: 0
============================================================
+ Verbose Summary: CDFG Model
============================================================
IsTopModel: 0
ResetActiveHigh: 1
IsCombinational: 0
IsDatapathOnly: 0
HasWiredReturn: 1
HasMFsm: 0
HasVarLatency: 1
IsPipeline: 0
IsRtlPipelined: 0
IsInstanceOverlapped: 0
IsDontTouch: 0
HasImplIP: 0
IsGatedGlobalClock: 0


============================================================
+ Verbose Summary: Schedule
============================================================
* Number of FSM states : 145
* Pipeline : 0
* Dataflow Pipeline: 0

* FSM state transitions: 
1 --> 2 
2 --> 3 
3 --> 4 
4 --> 5 
5 --> 6 
6 --> 7 
7 --> 8 
8 --> 9 
9 --> 10 
10 --> 11 
11 --> 12 
12 --> 13 
13 --> 14 
14 --> 15 
15 --> 16 
16 --> 17 
17 --> 18 
18 --> 19 
19 --> 20 
20 --> 21 122 
21 --> 22 
22 --> 23 
23 --> 24 
24 --> 25 
25 --> 26 
26 --> 27 
27 --> 28 
28 --> 29 
29 --> 30 
30 --> 31 
31 --> 32 
32 --> 33 
33 --> 34 
34 --> 35 
35 --> 36 
36 --> 37 
37 --> 38 
38 --> 39 
39 --> 40 
40 --> 41 
41 --> 42 
42 --> 43 
43 --> 44 
44 --> 45 
45 --> 46 
46 --> 47 
47 --> 48 
48 --> 49 
49 --> 50 
50 --> 51 
51 --> 52 
52 --> 53 
53 --> 54 
54 --> 55 
55 --> 56 
56 --> 57 
57 --> 58 
58 --> 59 
59 --> 60 
60 --> 61 
61 --> 62 
62 --> 63 
63 --> 64 
64 --> 65 
65 --> 66 
66 --> 67 
67 --> 68 
68 --> 69 
69 --> 70 
70 --> 71 
71 --> 72 
72 --> 73 
73 --> 74 
74 --> 75 
75 --> 76 
76 --> 77 
77 --> 78 
78 --> 79 
79 --> 80 
80 --> 81 
81 --> 82 
82 --> 83 
83 --> 84 
84 --> 85 
85 --> 86 
86 --> 87 
87 --> 88 
88 --> 89 
89 --> 90 
90 --> 91 
91 --> 92 
92 --> 93 
93 --> 94 
94 --> 95 
95 --> 96 
96 --> 97 
97 --> 98 
98 --> 99 
99 --> 100 
100 --> 101 
101 --> 102 
102 --> 103 
103 --> 104 
104 --> 105 
105 --> 106 
106 --> 107 
107 --> 108 
108 --> 109 
109 --> 110 
110 --> 111 
111 --> 112 
112 --> 113 
113 --> 114 
114 --> 115 
115 --> 116 
116 --> 117 
117 --> 118 
118 --> 119 
119 --> 120 
120 --> 121 
121 --> 20 
122 --> 123 
123 --> 124 
124 --> 125 
125 --> 126 
126 --> 127 
127 --> 128 
128 --> 129 
129 --> 130 
130 --> 131 
131 --> 132 
132 --> 133 
133 --> 134 
134 --> 135 
135 --> 136 
136 --> 137 
137 --> 138 
138 --> 139 
139 --> 140 
140 --> 141 
141 --> 142 
142 --> 143 
143 --> 144 
144 --> 145 
145 --> 

* FSM state operations: 

State 1 <SV = 0> <Delay = 5.65>
ST_1 : Operation 146 [1/1] (0.00ns)   --->   "%term2 = alloca i32 1"   --->   Operation 146 'alloca' 'term2' <Predicate = true> <Delay = 0.00>
ST_1 : Operation 147 [1/1] (0.00ns)   --->   "%Stt = alloca i32 1"   --->   Operation 147 'alloca' 'Stt' <Predicate = true> <Delay = 0.00>
ST_1 : Operation 148 [1/1] (0.00ns)   --->   "%i = alloca i32 1"   --->   Operation 148 'alloca' 'i' <Predicate = true> <Delay = 0.00>
ST_1 : Operation 149 [1/1] (0.00ns)   --->   "%size_read = read i32 @_ssdm_op_Read.ap_auto.i32, i32 %size" [main.cpp:125]   --->   Operation 149 'read' 'size_read' <Predicate = true> <Delay = 0.00>
ST_1 : [1/1] (0.75ns)   --->   Input mux for Operation 150 '%conv = sitodp i32 %size_read'
ST_1 : Operation 150 [2/2] (4.89ns)   --->   "%conv = sitodp i32 %size_read" [main.cpp:130]   --->   Operation 150 'sitodp' 'conv' <Predicate = true> <Delay = 4.89> <CoreInst = "Int2Double">   --->   Core 66 'Int2Double' <Latency = 1> <II = 1> <Delay = 5.65> <FuncUnit> <Opcode : 'sitodp' 'uitodp'> <InPorts = 1> <OutPorts = 1>
ST_1 : Operation 151 [1/1] (0.46ns)   --->   "%store_ln152 = store i31 0, i31 %i" [main.cpp:152]   --->   Operation 151 'store' 'store_ln152' <Predicate = true> <Delay = 0.46>
ST_1 : Operation 152 [1/1] (0.46ns)   --->   "%store_ln152 = store i64 0, i64 %Stt" [main.cpp:152]   --->   Operation 152 'store' 'store_ln152' <Predicate = true> <Delay = 0.46>
ST_1 : Operation 153 [1/1] (0.46ns)   --->   "%store_ln152 = store i64 0, i64 %term2" [main.cpp:152]   --->   Operation 153 'store' 'store_ln152' <Predicate = true> <Delay = 0.46>

State 2 <SV = 1> <Delay = 5.65>
ST_2 : Operation 154 [1/2] (5.65ns)   --->   "%conv = sitodp i32 %size_read" [main.cpp:130]   --->   Operation 154 'sitodp' 'conv' <Predicate = true> <Delay = 5.65> <CoreInst = "Int2Double">   --->   Core 66 'Int2Double' <Latency = 1> <II = 1> <Delay = 5.65> <FuncUnit> <Opcode : 'sitodp' 'uitodp'> <InPorts = 1> <OutPorts = 1>

State 3 <SV = 2> <Delay = 5.15>
ST_3 : [1/1] (0.58ns)   --->   Input mux for Operation 155 '%sub = dadd i64 %conv, i64 -2'
ST_3 : Operation 155 [4/4] (4.57ns)   --->   "%sub = dadd i64 %conv, i64 -2" [main.cpp:130]   --->   Operation 155 'dadd' 'sub' <Predicate = true> <Delay = 4.57> <CoreInst = "DAddSub_fulldsp">   --->   Core 37 'DAddSub_fulldsp' <Latency = 3> <II = 1> <Delay = 5.15> <FuncUnit> <Opcode : 'dadd' 'dsub'> <InPorts = 2> <OutPorts = 1>

State 4 <SV = 3> <Delay = 7.30>
ST_4 : Operation 156 [1/1] (0.00ns)   --->   "%arrsig_read = read i64 @_ssdm_op_Read.ap_auto.i64, i64 %arrsig" [main.cpp:125]   --->   Operation 156 'read' 'arrsig_read' <Predicate = true> <Delay = 0.00>
ST_4 : Operation 157 [3/4] (5.15ns)   --->   "%sub = dadd i64 %conv, i64 -2" [main.cpp:130]   --->   Operation 157 'dadd' 'sub' <Predicate = true> <Delay = 5.15> <CoreInst = "DAddSub_fulldsp">   --->   Core 37 'DAddSub_fulldsp' <Latency = 3> <II = 1> <Delay = 5.15> <FuncUnit> <Opcode : 'dadd' 'dsub'> <InPorts = 2> <OutPorts = 1>
ST_4 : Operation 158 [2/2] (7.30ns)   --->   "%S = call i64 @calc_ovr_sig_sqrd.1, i64 %gmem, i64 %arrsig_read, i32 %size_read" [main.cpp:136]   --->   Operation 158 'call' 'S' <Predicate = true> <Delay = 7.30> <CoreType = "Generic">   --->   Core 0 '' <Latency = 0> <II = 1> <Delay = 1.00> <Generic> <Opcode : >
ST_4 : Operation 159 [1/1] (0.00ns)   --->   "%trunc_ln152_2 = partselect i61 @_ssdm_op_PartSelect.i61.i64.i32.i32, i64 %arrsig_read, i32 3, i32 63" [main.cpp:152]   --->   Operation 159 'partselect' 'trunc_ln152_2' <Predicate = true> <Delay = 0.00>

State 5 <SV = 4> <Delay = 5.15>
ST_5 : Operation 160 [2/4] (5.15ns)   --->   "%sub = dadd i64 %conv, i64 -2" [main.cpp:130]   --->   Operation 160 'dadd' 'sub' <Predicate = true> <Delay = 5.15> <CoreInst = "DAddSub_fulldsp">   --->   Core 37 'DAddSub_fulldsp' <Latency = 3> <II = 1> <Delay = 5.15> <FuncUnit> <Opcode : 'dadd' 'dsub'> <InPorts = 2> <OutPorts = 1>
ST_5 : Operation 161 [1/2] (0.00ns)   --->   "%S = call i64 @calc_ovr_sig_sqrd.1, i64 %gmem, i64 %arrsig_read, i32 %size_read" [main.cpp:136]   --->   Operation 161 'call' 'S' <Predicate = true> <Delay = 0.00> <CoreType = "Generic">   --->   Core 0 '' <Latency = 0> <II = 1> <Delay = 1.00> <Generic> <Opcode : >

State 6 <SV = 5> <Delay = 5.15>
ST_6 : Operation 162 [1/1] (0.00ns)   --->   "%arrx_read = read i64 @_ssdm_op_Read.ap_auto.i64, i64 %arrx" [main.cpp:125]   --->   Operation 162 'read' 'arrx_read' <Predicate = true> <Delay = 0.00>
ST_6 : Operation 163 [1/4] (5.15ns)   --->   "%sub = dadd i64 %conv, i64 -2" [main.cpp:130]   --->   Operation 163 'dadd' 'sub' <Predicate = true> <Delay = 5.15> <CoreInst = "DAddSub_fulldsp">   --->   Core 37 'DAddSub_fulldsp' <Latency = 3> <II = 1> <Delay = 5.15> <FuncUnit> <Opcode : 'dadd' 'dsub'> <InPorts = 2> <OutPorts = 1>
ST_6 : Operation 164 [2/2] (0.00ns)   --->   "%Sx = call i64 @calc_ovr_sig_sqrd_x.1, i64 %gmem, i64 %arrsig_read, i32 %size_read, i64 %arrx_read" [main.cpp:141]   --->   Operation 164 'call' 'Sx' <Predicate = true> <Delay = 0.00> <CoreType = "Generic">   --->   Core 0 '' <Latency = 0> <II = 1> <Delay = 1.00> <Generic> <Opcode : >
ST_6 : Operation 165 [1/1] (0.00ns)   --->   "%trunc_ln = partselect i61 @_ssdm_op_PartSelect.i61.i64.i32.i32, i64 %arrx_read, i32 3, i32 63" [main.cpp:152]   --->   Operation 165 'partselect' 'trunc_ln' <Predicate = true> <Delay = 0.00>

State 7 <SV = 6> <Delay = 7.15>
ST_7 : [1/1] (0.71ns)   --->   Input mux for Operation 166 '%term1 = ddiv i64 1, i64 %sub'
ST_7 : Operation 166 [13/13] (6.44ns)   --->   "%term1 = ddiv i64 1, i64 %sub" [main.cpp:130]   --->   Operation 166 'ddiv' 'term1' <Predicate = true> <Delay = 6.44> <CoreInst = "DDiv">   --->   Core 39 'DDiv' <Latency = 12> <II = 1> <Delay = 7.15> <FuncUnit> <Opcode : 'ddiv' 'drem'> <InPorts = 2> <OutPorts = 1>
ST_7 : [1/1] (0.71ns)   --->   Input mux for Operation 167 '%oneOverS = ddiv i64 1, i64 %S'
ST_7 : Operation 167 [13/13] (6.44ns)   --->   "%oneOverS = ddiv i64 1, i64 %S" [main.cpp:138]   --->   Operation 167 'ddiv' 'oneOverS' <Predicate = true> <Delay = 6.44> <CoreInst = "DDiv">   --->   Core 39 'DDiv' <Latency = 12> <II = 1> <Delay = 7.15> <FuncUnit> <Opcode : 'ddiv' 'drem'> <InPorts = 2> <OutPorts = 1>
ST_7 : Operation 168 [1/2] (0.00ns)   --->   "%Sx = call i64 @calc_ovr_sig_sqrd_x.1, i64 %gmem, i64 %arrsig_read, i32 %size_read, i64 %arrx_read" [main.cpp:141]   --->   Operation 168 'call' 'Sx' <Predicate = true> <Delay = 0.00> <CoreType = "Generic">   --->   Core 0 '' <Latency = 0> <II = 1> <Delay = 1.00> <Generic> <Opcode : >
ST_7 : [1/1] (0.71ns)   --->   Input mux for Operation 169 '%SxoS = ddiv i64 %Sx, i64 %S'
ST_7 : Operation 169 [13/13] (6.44ns)   --->   "%SxoS = ddiv i64 %Sx, i64 %S" [main.cpp:146]   --->   Operation 169 'ddiv' 'SxoS' <Predicate = true> <Delay = 6.44> <CoreInst = "DDiv">   --->   Core 39 'DDiv' <Latency = 12> <II = 1> <Delay = 7.15> <FuncUnit> <Opcode : 'ddiv' 'drem'> <InPorts = 2> <OutPorts = 1>

State 8 <SV = 7> <Delay = 7.15>
ST_8 : Operation 170 [12/13] (7.15ns)   --->   "%term1 = ddiv i64 1, i64 %sub" [main.cpp:130]   --->   Operation 170 'ddiv' 'term1' <Predicate = true> <Delay = 7.15> <CoreInst = "DDiv">   --->   Core 39 'DDiv' <Latency = 12> <II = 1> <Delay = 7.15> <FuncUnit> <Opcode : 'ddiv' 'drem'> <InPorts = 2> <OutPorts = 1>
ST_8 : Operation 171 [12/13] (7.15ns)   --->   "%oneOverS = ddiv i64 1, i64 %S" [main.cpp:138]   --->   Operation 171 'ddiv' 'oneOverS' <Predicate = true> <Delay = 7.15> <CoreInst = "DDiv">   --->   Core 39 'DDiv' <Latency = 12> <II = 1> <Delay = 7.15> <FuncUnit> <Opcode : 'ddiv' 'drem'> <InPorts = 2> <OutPorts = 1>
ST_8 : Operation 172 [12/13] (7.15ns)   --->   "%SxoS = ddiv i64 %Sx, i64 %S" [main.cpp:146]   --->   Operation 172 'ddiv' 'SxoS' <Predicate = true> <Delay = 7.15> <CoreInst = "DDiv">   --->   Core 39 'DDiv' <Latency = 12> <II = 1> <Delay = 7.15> <FuncUnit> <Opcode : 'ddiv' 'drem'> <InPorts = 2> <OutPorts = 1>

State 9 <SV = 8> <Delay = 7.15>
ST_9 : Operation 173 [11/13] (7.15ns)   --->   "%term1 = ddiv i64 1, i64 %sub" [main.cpp:130]   --->   Operation 173 'ddiv' 'term1' <Predicate = true> <Delay = 7.15> <CoreInst = "DDiv">   --->   Core 39 'DDiv' <Latency = 12> <II = 1> <Delay = 7.15> <FuncUnit> <Opcode : 'ddiv' 'drem'> <InPorts = 2> <OutPorts = 1>
ST_9 : Operation 174 [11/13] (7.15ns)   --->   "%oneOverS = ddiv i64 1, i64 %S" [main.cpp:138]   --->   Operation 174 'ddiv' 'oneOverS' <Predicate = true> <Delay = 7.15> <CoreInst = "DDiv">   --->   Core 39 'DDiv' <Latency = 12> <II = 1> <Delay = 7.15> <FuncUnit> <Opcode : 'ddiv' 'drem'> <InPorts = 2> <OutPorts = 1>
ST_9 : Operation 175 [11/13] (7.15ns)   --->   "%SxoS = ddiv i64 %Sx, i64 %S" [main.cpp:146]   --->   Operation 175 'ddiv' 'SxoS' <Predicate = true> <Delay = 7.15> <CoreInst = "DDiv">   --->   Core 39 'DDiv' <Latency = 12> <II = 1> <Delay = 7.15> <FuncUnit> <Opcode : 'ddiv' 'drem'> <InPorts = 2> <OutPorts = 1>

State 10 <SV = 9> <Delay = 7.15>
ST_10 : Operation 176 [10/13] (7.15ns)   --->   "%term1 = ddiv i64 1, i64 %sub" [main.cpp:130]   --->   Operation 176 'ddiv' 'term1' <Predicate = true> <Delay = 7.15> <CoreInst = "DDiv">   --->   Core 39 'DDiv' <Latency = 12> <II = 1> <Delay = 7.15> <FuncUnit> <Opcode : 'ddiv' 'drem'> <InPorts = 2> <OutPorts = 1>
ST_10 : Operation 177 [10/13] (7.15ns)   --->   "%oneOverS = ddiv i64 1, i64 %S" [main.cpp:138]   --->   Operation 177 'ddiv' 'oneOverS' <Predicate = true> <Delay = 7.15> <CoreInst = "DDiv">   --->   Core 39 'DDiv' <Latency = 12> <II = 1> <Delay = 7.15> <FuncUnit> <Opcode : 'ddiv' 'drem'> <InPorts = 2> <OutPorts = 1>
ST_10 : Operation 178 [10/13] (7.15ns)   --->   "%SxoS = ddiv i64 %Sx, i64 %S" [main.cpp:146]   --->   Operation 178 'ddiv' 'SxoS' <Predicate = true> <Delay = 7.15> <CoreInst = "DDiv">   --->   Core 39 'DDiv' <Latency = 12> <II = 1> <Delay = 7.15> <FuncUnit> <Opcode : 'ddiv' 'drem'> <InPorts = 2> <OutPorts = 1>

State 11 <SV = 10> <Delay = 7.15>
ST_11 : Operation 179 [9/13] (7.15ns)   --->   "%term1 = ddiv i64 1, i64 %sub" [main.cpp:130]   --->   Operation 179 'ddiv' 'term1' <Predicate = true> <Delay = 7.15> <CoreInst = "DDiv">   --->   Core 39 'DDiv' <Latency = 12> <II = 1> <Delay = 7.15> <FuncUnit> <Opcode : 'ddiv' 'drem'> <InPorts = 2> <OutPorts = 1>
ST_11 : Operation 180 [9/13] (7.15ns)   --->   "%oneOverS = ddiv i64 1, i64 %S" [main.cpp:138]   --->   Operation 180 'ddiv' 'oneOverS' <Predicate = true> <Delay = 7.15> <CoreInst = "DDiv">   --->   Core 39 'DDiv' <Latency = 12> <II = 1> <Delay = 7.15> <FuncUnit> <Opcode : 'ddiv' 'drem'> <InPorts = 2> <OutPorts = 1>
ST_11 : Operation 181 [9/13] (7.15ns)   --->   "%SxoS = ddiv i64 %Sx, i64 %S" [main.cpp:146]   --->   Operation 181 'ddiv' 'SxoS' <Predicate = true> <Delay = 7.15> <CoreInst = "DDiv">   --->   Core 39 'DDiv' <Latency = 12> <II = 1> <Delay = 7.15> <FuncUnit> <Opcode : 'ddiv' 'drem'> <InPorts = 2> <OutPorts = 1>

State 12 <SV = 11> <Delay = 7.15>
ST_12 : Operation 182 [8/13] (7.15ns)   --->   "%term1 = ddiv i64 1, i64 %sub" [main.cpp:130]   --->   Operation 182 'ddiv' 'term1' <Predicate = true> <Delay = 7.15> <CoreInst = "DDiv">   --->   Core 39 'DDiv' <Latency = 12> <II = 1> <Delay = 7.15> <FuncUnit> <Opcode : 'ddiv' 'drem'> <InPorts = 2> <OutPorts = 1>
ST_12 : Operation 183 [8/13] (7.15ns)   --->   "%oneOverS = ddiv i64 1, i64 %S" [main.cpp:138]   --->   Operation 183 'ddiv' 'oneOverS' <Predicate = true> <Delay = 7.15> <CoreInst = "DDiv">   --->   Core 39 'DDiv' <Latency = 12> <II = 1> <Delay = 7.15> <FuncUnit> <Opcode : 'ddiv' 'drem'> <InPorts = 2> <OutPorts = 1>
ST_12 : Operation 184 [8/13] (7.15ns)   --->   "%SxoS = ddiv i64 %Sx, i64 %S" [main.cpp:146]   --->   Operation 184 'ddiv' 'SxoS' <Predicate = true> <Delay = 7.15> <CoreInst = "DDiv">   --->   Core 39 'DDiv' <Latency = 12> <II = 1> <Delay = 7.15> <FuncUnit> <Opcode : 'ddiv' 'drem'> <InPorts = 2> <OutPorts = 1>

State 13 <SV = 12> <Delay = 7.15>
ST_13 : Operation 185 [7/13] (7.15ns)   --->   "%term1 = ddiv i64 1, i64 %sub" [main.cpp:130]   --->   Operation 185 'ddiv' 'term1' <Predicate = true> <Delay = 7.15> <CoreInst = "DDiv">   --->   Core 39 'DDiv' <Latency = 12> <II = 1> <Delay = 7.15> <FuncUnit> <Opcode : 'ddiv' 'drem'> <InPorts = 2> <OutPorts = 1>
ST_13 : Operation 186 [7/13] (7.15ns)   --->   "%oneOverS = ddiv i64 1, i64 %S" [main.cpp:138]   --->   Operation 186 'ddiv' 'oneOverS' <Predicate = true> <Delay = 7.15> <CoreInst = "DDiv">   --->   Core 39 'DDiv' <Latency = 12> <II = 1> <Delay = 7.15> <FuncUnit> <Opcode : 'ddiv' 'drem'> <InPorts = 2> <OutPorts = 1>
ST_13 : Operation 187 [7/13] (7.15ns)   --->   "%SxoS = ddiv i64 %Sx, i64 %S" [main.cpp:146]   --->   Operation 187 'ddiv' 'SxoS' <Predicate = true> <Delay = 7.15> <CoreInst = "DDiv">   --->   Core 39 'DDiv' <Latency = 12> <II = 1> <Delay = 7.15> <FuncUnit> <Opcode : 'ddiv' 'drem'> <InPorts = 2> <OutPorts = 1>

State 14 <SV = 13> <Delay = 7.15>
ST_14 : Operation 188 [6/13] (7.15ns)   --->   "%term1 = ddiv i64 1, i64 %sub" [main.cpp:130]   --->   Operation 188 'ddiv' 'term1' <Predicate = true> <Delay = 7.15> <CoreInst = "DDiv">   --->   Core 39 'DDiv' <Latency = 12> <II = 1> <Delay = 7.15> <FuncUnit> <Opcode : 'ddiv' 'drem'> <InPorts = 2> <OutPorts = 1>
ST_14 : Operation 189 [6/13] (7.15ns)   --->   "%oneOverS = ddiv i64 1, i64 %S" [main.cpp:138]   --->   Operation 189 'ddiv' 'oneOverS' <Predicate = true> <Delay = 7.15> <CoreInst = "DDiv">   --->   Core 39 'DDiv' <Latency = 12> <II = 1> <Delay = 7.15> <FuncUnit> <Opcode : 'ddiv' 'drem'> <InPorts = 2> <OutPorts = 1>
ST_14 : Operation 190 [6/13] (7.15ns)   --->   "%SxoS = ddiv i64 %Sx, i64 %S" [main.cpp:146]   --->   Operation 190 'ddiv' 'SxoS' <Predicate = true> <Delay = 7.15> <CoreInst = "DDiv">   --->   Core 39 'DDiv' <Latency = 12> <II = 1> <Delay = 7.15> <FuncUnit> <Opcode : 'ddiv' 'drem'> <InPorts = 2> <OutPorts = 1>

State 15 <SV = 14> <Delay = 7.15>
ST_15 : Operation 191 [5/13] (7.15ns)   --->   "%term1 = ddiv i64 1, i64 %sub" [main.cpp:130]   --->   Operation 191 'ddiv' 'term1' <Predicate = true> <Delay = 7.15> <CoreInst = "DDiv">   --->   Core 39 'DDiv' <Latency = 12> <II = 1> <Delay = 7.15> <FuncUnit> <Opcode : 'ddiv' 'drem'> <InPorts = 2> <OutPorts = 1>
ST_15 : Operation 192 [5/13] (7.15ns)   --->   "%oneOverS = ddiv i64 1, i64 %S" [main.cpp:138]   --->   Operation 192 'ddiv' 'oneOverS' <Predicate = true> <Delay = 7.15> <CoreInst = "DDiv">   --->   Core 39 'DDiv' <Latency = 12> <II = 1> <Delay = 7.15> <FuncUnit> <Opcode : 'ddiv' 'drem'> <InPorts = 2> <OutPorts = 1>
ST_15 : Operation 193 [5/13] (7.15ns)   --->   "%SxoS = ddiv i64 %Sx, i64 %S" [main.cpp:146]   --->   Operation 193 'ddiv' 'SxoS' <Predicate = true> <Delay = 7.15> <CoreInst = "DDiv">   --->   Core 39 'DDiv' <Latency = 12> <II = 1> <Delay = 7.15> <FuncUnit> <Opcode : 'ddiv' 'drem'> <InPorts = 2> <OutPorts = 1>

State 16 <SV = 15> <Delay = 7.15>
ST_16 : Operation 194 [4/13] (7.15ns)   --->   "%term1 = ddiv i64 1, i64 %sub" [main.cpp:130]   --->   Operation 194 'ddiv' 'term1' <Predicate = true> <Delay = 7.15> <CoreInst = "DDiv">   --->   Core 39 'DDiv' <Latency = 12> <II = 1> <Delay = 7.15> <FuncUnit> <Opcode : 'ddiv' 'drem'> <InPorts = 2> <OutPorts = 1>
ST_16 : Operation 195 [4/13] (7.15ns)   --->   "%oneOverS = ddiv i64 1, i64 %S" [main.cpp:138]   --->   Operation 195 'ddiv' 'oneOverS' <Predicate = true> <Delay = 7.15> <CoreInst = "DDiv">   --->   Core 39 'DDiv' <Latency = 12> <II = 1> <Delay = 7.15> <FuncUnit> <Opcode : 'ddiv' 'drem'> <InPorts = 2> <OutPorts = 1>
ST_16 : Operation 196 [4/13] (7.15ns)   --->   "%SxoS = ddiv i64 %Sx, i64 %S" [main.cpp:146]   --->   Operation 196 'ddiv' 'SxoS' <Predicate = true> <Delay = 7.15> <CoreInst = "DDiv">   --->   Core 39 'DDiv' <Latency = 12> <II = 1> <Delay = 7.15> <FuncUnit> <Opcode : 'ddiv' 'drem'> <InPorts = 2> <OutPorts = 1>
ST_16 : [1/1] (0.75ns)   --->   Input mux for Operation 197 '%Sx2 = dmul i64 %Sx, i64 %Sx'
ST_16 : Operation 197 [4/4] (4.82ns)   --->   "%Sx2 = dmul i64 %Sx, i64 %Sx" [main.cpp:148]   --->   Operation 197 'dmul' 'Sx2' <Predicate = true> <Delay = 4.82> <CoreInst = "DMul_maxdsp">   --->   Core 49 'DMul_maxdsp' <Latency = 3> <II = 1> <Delay = 5.58> <FuncUnit> <Opcode : 'dmul'> <InPorts = 2> <OutPorts = 1>

State 17 <SV = 16> <Delay = 7.15>
ST_17 : Operation 198 [3/13] (7.15ns)   --->   "%term1 = ddiv i64 1, i64 %sub" [main.cpp:130]   --->   Operation 198 'ddiv' 'term1' <Predicate = true> <Delay = 7.15> <CoreInst = "DDiv">   --->   Core 39 'DDiv' <Latency = 12> <II = 1> <Delay = 7.15> <FuncUnit> <Opcode : 'ddiv' 'drem'> <InPorts = 2> <OutPorts = 1>
ST_17 : Operation 199 [3/13] (7.15ns)   --->   "%oneOverS = ddiv i64 1, i64 %S" [main.cpp:138]   --->   Operation 199 'ddiv' 'oneOverS' <Predicate = true> <Delay = 7.15> <CoreInst = "DDiv">   --->   Core 39 'DDiv' <Latency = 12> <II = 1> <Delay = 7.15> <FuncUnit> <Opcode : 'ddiv' 'drem'> <InPorts = 2> <OutPorts = 1>
ST_17 : Operation 200 [3/13] (7.15ns)   --->   "%SxoS = ddiv i64 %Sx, i64 %S" [main.cpp:146]   --->   Operation 200 'ddiv' 'SxoS' <Predicate = true> <Delay = 7.15> <CoreInst = "DDiv">   --->   Core 39 'DDiv' <Latency = 12> <II = 1> <Delay = 7.15> <FuncUnit> <Opcode : 'ddiv' 'drem'> <InPorts = 2> <OutPorts = 1>
ST_17 : Operation 201 [3/4] (5.58ns)   --->   "%Sx2 = dmul i64 %Sx, i64 %Sx" [main.cpp:148]   --->   Operation 201 'dmul' 'Sx2' <Predicate = true> <Delay = 5.58> <CoreInst = "DMul_maxdsp">   --->   Core 49 'DMul_maxdsp' <Latency = 3> <II = 1> <Delay = 5.58> <FuncUnit> <Opcode : 'dmul'> <InPorts = 2> <OutPorts = 1>

State 18 <SV = 17> <Delay = 7.15>
ST_18 : Operation 202 [2/13] (7.15ns)   --->   "%term1 = ddiv i64 1, i64 %sub" [main.cpp:130]   --->   Operation 202 'ddiv' 'term1' <Predicate = true> <Delay = 7.15> <CoreInst = "DDiv">   --->   Core 39 'DDiv' <Latency = 12> <II = 1> <Delay = 7.15> <FuncUnit> <Opcode : 'ddiv' 'drem'> <InPorts = 2> <OutPorts = 1>
ST_18 : Operation 203 [2/13] (7.15ns)   --->   "%oneOverS = ddiv i64 1, i64 %S" [main.cpp:138]   --->   Operation 203 'ddiv' 'oneOverS' <Predicate = true> <Delay = 7.15> <CoreInst = "DDiv">   --->   Core 39 'DDiv' <Latency = 12> <II = 1> <Delay = 7.15> <FuncUnit> <Opcode : 'ddiv' 'drem'> <InPorts = 2> <OutPorts = 1>
ST_18 : Operation 204 [2/13] (7.15ns)   --->   "%SxoS = ddiv i64 %Sx, i64 %S" [main.cpp:146]   --->   Operation 204 'ddiv' 'SxoS' <Predicate = true> <Delay = 7.15> <CoreInst = "DDiv">   --->   Core 39 'DDiv' <Latency = 12> <II = 1> <Delay = 7.15> <FuncUnit> <Opcode : 'ddiv' 'drem'> <InPorts = 2> <OutPorts = 1>
ST_18 : Operation 205 [2/4] (5.58ns)   --->   "%Sx2 = dmul i64 %Sx, i64 %Sx" [main.cpp:148]   --->   Operation 205 'dmul' 'Sx2' <Predicate = true> <Delay = 5.58> <CoreInst = "DMul_maxdsp">   --->   Core 49 'DMul_maxdsp' <Latency = 3> <II = 1> <Delay = 5.58> <FuncUnit> <Opcode : 'dmul'> <InPorts = 2> <OutPorts = 1>

State 19 <SV = 18> <Delay = 7.15>
ST_19 : Operation 206 [1/1] (0.00ns)   --->   "%specinterface_ln0 = specinterface void @_ssdm_op_SpecInterface, i64 %gmem, void @empty_3, i32 0, i32 0, void @empty_4, i32 64, i32 0, void @empty_5, void @empty_6, void @empty_4, i32 16, i32 16, i32 16, i32 16, void @empty_4, void @empty_4, i32 4294967295, i32 0"   --->   Operation 206 'specinterface' 'specinterface_ln0' <Predicate = true> <Delay = 0.00>
ST_19 : Operation 207 [1/1] (0.00ns)   --->   "%specpipeline_ln151 = specpipeline void @_ssdm_op_SpecPipeline, i32 4294967295, i32 0, i32 0, i32 0, void @empty_4" [main.cpp:151]   --->   Operation 207 'specpipeline' 'specpipeline_ln151' <Predicate = true> <Delay = 0.00>
ST_19 : Operation 208 [1/1] (0.00ns)   --->   "%arry_read = read i64 @_ssdm_op_Read.ap_auto.i64, i64 %arry" [main.cpp:125]   --->   Operation 208 'read' 'arry_read' <Predicate = true> <Delay = 0.00>
ST_19 : Operation 209 [1/1] (0.00ns)   --->   "%b_read = read i64 @_ssdm_op_Read.ap_auto.double, i64 %b" [main.cpp:125]   --->   Operation 209 'read' 'b_read' <Predicate = true> <Delay = 0.00>
ST_19 : Operation 210 [1/1] (0.00ns)   --->   "%a_read = read i64 @_ssdm_op_Read.ap_auto.double, i64 %a" [main.cpp:125]   --->   Operation 210 'read' 'a_read' <Predicate = true> <Delay = 0.00>
ST_19 : Operation 211 [1/13] (7.15ns)   --->   "%term1 = ddiv i64 1, i64 %sub" [main.cpp:130]   --->   Operation 211 'ddiv' 'term1' <Predicate = true> <Delay = 7.15> <CoreInst = "DDiv">   --->   Core 39 'DDiv' <Latency = 12> <II = 1> <Delay = 7.15> <FuncUnit> <Opcode : 'ddiv' 'drem'> <InPorts = 2> <OutPorts = 1>
ST_19 : Operation 212 [1/13] (7.15ns)   --->   "%oneOverS = ddiv i64 1, i64 %S" [main.cpp:138]   --->   Operation 212 'ddiv' 'oneOverS' <Predicate = true> <Delay = 7.15> <CoreInst = "DDiv">   --->   Core 39 'DDiv' <Latency = 12> <II = 1> <Delay = 7.15> <FuncUnit> <Opcode : 'ddiv' 'drem'> <InPorts = 2> <OutPorts = 1>
ST_19 : Operation 213 [1/13] (7.15ns)   --->   "%SxoS = ddiv i64 %Sx, i64 %S" [main.cpp:146]   --->   Operation 213 'ddiv' 'SxoS' <Predicate = true> <Delay = 7.15> <CoreInst = "DDiv">   --->   Core 39 'DDiv' <Latency = 12> <II = 1> <Delay = 7.15> <FuncUnit> <Opcode : 'ddiv' 'drem'> <InPorts = 2> <OutPorts = 1>
ST_19 : Operation 214 [1/4] (5.58ns)   --->   "%Sx2 = dmul i64 %Sx, i64 %Sx" [main.cpp:148]   --->   Operation 214 'dmul' 'Sx2' <Predicate = true> <Delay = 5.58> <CoreInst = "DMul_maxdsp">   --->   Core 49 'DMul_maxdsp' <Latency = 3> <II = 1> <Delay = 5.58> <FuncUnit> <Opcode : 'dmul'> <InPorts = 2> <OutPorts = 1>
ST_19 : Operation 215 [1/1] (0.00ns)   --->   "%sext_ln152 = sext i61 %trunc_ln" [main.cpp:152]   --->   Operation 215 'sext' 'sext_ln152' <Predicate = true> <Delay = 0.00>
ST_19 : Operation 216 [1/1] (0.00ns)   --->   "%trunc_ln152_1 = partselect i61 @_ssdm_op_PartSelect.i61.i64.i32.i32, i64 %arry_read, i32 3, i32 63" [main.cpp:152]   --->   Operation 216 'partselect' 'trunc_ln152_1' <Predicate = true> <Delay = 0.00>
ST_19 : Operation 217 [1/1] (0.00ns)   --->   "%sext_ln152_1 = sext i61 %trunc_ln152_1" [main.cpp:152]   --->   Operation 217 'sext' 'sext_ln152_1' <Predicate = true> <Delay = 0.00>
ST_19 : Operation 218 [1/1] (0.00ns)   --->   "%sext_ln152_2 = sext i61 %trunc_ln152_2" [main.cpp:152]   --->   Operation 218 'sext' 'sext_ln152_2' <Predicate = true> <Delay = 0.00>
ST_19 : Operation 219 [1/1] (0.00ns)   --->   "%br_ln152 = br void %for.inc" [main.cpp:152]   --->   Operation 219 'br' 'br_ln152' <Predicate = true> <Delay = 0.00>

State 20 <SV = 19> <Delay = 7.15>
ST_20 : Operation 220 [1/1] (0.00ns)   --->   "%i_4 = load i31 %i" [main.cpp:152]   --->   Operation 220 'load' 'i_4' <Predicate = true> <Delay = 0.00>
ST_20 : Operation 221 [1/1] (0.00ns)   --->   "%zext_ln152 = zext i31 %i_4" [main.cpp:152]   --->   Operation 221 'zext' 'zext_ln152' <Predicate = true> <Delay = 0.00>
ST_20 : Operation 222 [1/1] (0.00ns)   --->   "%zext_ln152_1 = zext i31 %i_4" [main.cpp:152]   --->   Operation 222 'zext' 'zext_ln152_1' <Predicate = true> <Delay = 0.00>
ST_20 : Operation 223 [1/1] (1.14ns)   --->   "%icmp_ln152 = icmp_slt  i32 %zext_ln152_1, i32 %size_read" [main.cpp:152]   --->   Operation 223 'icmp' 'icmp_ln152' <Predicate = true> <Delay = 1.14> <CoreInst = "Cmp">   --->   Core 9 'Cmp' <Latency = 0> <II = 1> <Delay = 1.14> <FuncUnit> <Opcode : 'icmp'> <InPorts = 2> <OutPorts = 1>
ST_20 : Operation 224 [1/1] (1.14ns)   --->   "%add_ln152 = add i31 %i_4, i31 1" [main.cpp:152]   --->   Operation 224 'add' 'add_ln152' <Predicate = true> <Delay = 1.14> <CoreInst = "Adder">   --->   Core 1 'Adder' <Latency = 0> <II = 1> <Delay = 1.14> <FuncUnit> <Opcode : 'add' 'sub'> <InPorts = 2> <OutPorts = 1>
ST_20 : Operation 225 [1/1] (0.00ns)   --->   "%br_ln152 = br i1 %icmp_ln152, void %for.end.loopexit, void %for.inc.split" [main.cpp:152]   --->   Operation 225 'br' 'br_ln152' <Predicate = true> <Delay = 0.00>
ST_20 : Operation 226 [1/1] (1.35ns)   --->   "%add_ln154 = add i62 %zext_ln152, i62 %sext_ln152" [main.cpp:154]   --->   Operation 226 'add' 'add_ln154' <Predicate = (icmp_ln152)> <Delay = 1.35> <CoreInst = "Adder">   --->   Core 1 'Adder' <Latency = 0> <II = 1> <Delay = 1.35> <FuncUnit> <Opcode : 'add' 'sub'> <InPorts = 2> <OutPorts = 1>
ST_20 : Operation 227 [1/1] (1.35ns)   --->   "%add_ln155 = add i62 %zext_ln152, i62 %sext_ln152_1" [main.cpp:155]   --->   Operation 227 'add' 'add_ln155' <Predicate = (icmp_ln152)> <Delay = 1.35> <CoreInst = "Adder">   --->   Core 1 'Adder' <Latency = 0> <II = 1> <Delay = 1.35> <FuncUnit> <Opcode : 'add' 'sub'> <InPorts = 2> <OutPorts = 1>
ST_20 : Operation 228 [1/1] (1.35ns)   --->   "%add_ln156 = add i62 %zext_ln152, i62 %sext_ln152_2" [main.cpp:156]   --->   Operation 228 'add' 'add_ln156' <Predicate = (icmp_ln152)> <Delay = 1.35> <CoreInst = "Adder">   --->   Core 1 'Adder' <Latency = 0> <II = 1> <Delay = 1.35> <FuncUnit> <Opcode : 'add' 'sub'> <InPorts = 2> <OutPorts = 1>
ST_20 : Operation 229 [1/1] (0.46ns)   --->   "%store_ln152 = store i31 %add_ln152, i31 %i" [main.cpp:152]   --->   Operation 229 'store' 'store_ln152' <Predicate = (icmp_ln152)> <Delay = 0.46>
ST_20 : Operation 230 [1/1] (0.00ns)   --->   "%Stt_load = load i64 %Stt" [main.cpp:177]   --->   Operation 230 'load' 'Stt_load' <Predicate = (!icmp_ln152)> <Delay = 0.00>
ST_20 : [1/1] (0.75ns)   --->   Input mux for Operation 231 '%mul4 = dmul i64 %S, i64 %Stt_load'
ST_20 : Operation 231 [4/4] (4.82ns)   --->   "%mul4 = dmul i64 %S, i64 %Stt_load" [main.cpp:177]   --->   Operation 231 'dmul' 'mul4' <Predicate = (!icmp_ln152)> <Delay = 4.82> <CoreInst = "DMul_maxdsp">   --->   Core 49 'DMul_maxdsp' <Latency = 3> <II = 1> <Delay = 5.58> <FuncUnit> <Opcode : 'dmul'> <InPorts = 2> <OutPorts = 1>
ST_20 : [1/1] (0.71ns)   --->   Input mux for Operation 232 '%ob2 = ddiv i64 1, i64 %Stt_load'
ST_20 : Operation 232 [13/13] (6.44ns)   --->   "%ob2 = ddiv i64 1, i64 %Stt_load" [main.cpp:178]   --->   Operation 232 'ddiv' 'ob2' <Predicate = (!icmp_ln152)> <Delay = 6.44> <CoreInst = "DDiv">   --->   Core 39 'DDiv' <Latency = 12> <II = 1> <Delay = 7.15> <FuncUnit> <Opcode : 'ddiv' 'drem'> <InPorts = 2> <OutPorts = 1>

State 21 <SV = 20> <Delay = 7.30>
ST_21 : Operation 233 [1/1] (0.00ns)   --->   "%sext_ln154 = sext i62 %add_ln154" [main.cpp:154]   --->   Operation 233 'sext' 'sext_ln154' <Predicate = true> <Delay = 0.00>
ST_21 : Operation 234 [1/1] (0.00ns)   --->   "%gmem_addr = getelementptr i64 %gmem, i64 %sext_ln154" [main.cpp:154]   --->   Operation 234 'getelementptr' 'gmem_addr' <Predicate = true> <Delay = 0.00>
ST_21 : Operation 235 [71/71] (7.30ns)   --->   "%gmem_load_req = readreq i1 @_ssdm_op_ReadReq.m_axi.i64P1A, i64 %gmem_addr, i32 1" [main.cpp:154]   --->   Operation 235 'readreq' 'gmem_load_req' <Predicate = true> <Delay = 7.30> <CoreInst = "m_axi">   --->   Core 121 'm_axi' <Latency = 0> <II = 1> <Delay = 1.00> <Adapter> <Opcode : 'read' 'write' 'readreq' 'writereq' 'writeresp'>

State 22 <SV = 21> <Delay = 7.30>
ST_22 : Operation 236 [70/71] (7.30ns)   --->   "%gmem_load_req = readreq i1 @_ssdm_op_ReadReq.m_axi.i64P1A, i64 %gmem_addr, i32 1" [main.cpp:154]   --->   Operation 236 'readreq' 'gmem_load_req' <Predicate = true> <Delay = 7.30> <CoreInst = "m_axi">   --->   Core 121 'm_axi' <Latency = 0> <II = 1> <Delay = 1.00> <Adapter> <Opcode : 'read' 'write' 'readreq' 'writereq' 'writeresp'>
ST_22 : Operation 237 [1/1] (0.00ns)   --->   "%sext_ln155 = sext i62 %add_ln155" [main.cpp:155]   --->   Operation 237 'sext' 'sext_ln155' <Predicate = true> <Delay = 0.00>
ST_22 : Operation 238 [1/1] (0.00ns)   --->   "%gmem_addr_3 = getelementptr i64 %gmem, i64 %sext_ln155" [main.cpp:155]   --->   Operation 238 'getelementptr' 'gmem_addr_3' <Predicate = true> <Delay = 0.00>
ST_22 : Operation 239 [71/71] (7.30ns)   --->   "%gmem_load_3_req = readreq i1 @_ssdm_op_ReadReq.m_axi.i64P1A, i64 %gmem_addr_3, i32 1" [main.cpp:155]   --->   Operation 239 'readreq' 'gmem_load_3_req' <Predicate = true> <Delay = 7.30> <CoreInst = "m_axi">   --->   Core 121 'm_axi' <Latency = 0> <II = 1> <Delay = 1.00> <Adapter> <Opcode : 'read' 'write' 'readreq' 'writereq' 'writeresp'>

State 23 <SV = 22> <Delay = 7.30>
ST_23 : Operation 240 [69/71] (7.30ns)   --->   "%gmem_load_req = readreq i1 @_ssdm_op_ReadReq.m_axi.i64P1A, i64 %gmem_addr, i32 1" [main.cpp:154]   --->   Operation 240 'readreq' 'gmem_load_req' <Predicate = true> <Delay = 7.30> <CoreInst = "m_axi">   --->   Core 121 'm_axi' <Latency = 0> <II = 1> <Delay = 1.00> <Adapter> <Opcode : 'read' 'write' 'readreq' 'writereq' 'writeresp'>
ST_23 : Operation 241 [70/71] (7.30ns)   --->   "%gmem_load_3_req = readreq i1 @_ssdm_op_ReadReq.m_axi.i64P1A, i64 %gmem_addr_3, i32 1" [main.cpp:155]   --->   Operation 241 'readreq' 'gmem_load_3_req' <Predicate = true> <Delay = 7.30> <CoreInst = "m_axi">   --->   Core 121 'm_axi' <Latency = 0> <II = 1> <Delay = 1.00> <Adapter> <Opcode : 'read' 'write' 'readreq' 'writereq' 'writeresp'>
ST_23 : Operation 242 [1/1] (0.00ns)   --->   "%sext_ln156 = sext i62 %add_ln156" [main.cpp:156]   --->   Operation 242 'sext' 'sext_ln156' <Predicate = true> <Delay = 0.00>
ST_23 : Operation 243 [1/1] (0.00ns)   --->   "%gmem_addr_4 = getelementptr i64 %gmem, i64 %sext_ln156" [main.cpp:156]   --->   Operation 243 'getelementptr' 'gmem_addr_4' <Predicate = true> <Delay = 0.00>
ST_23 : Operation 244 [71/71] (7.30ns)   --->   "%gmem_load_4_req = readreq i1 @_ssdm_op_ReadReq.m_axi.i64P1A, i64 %gmem_addr_4, i32 1" [main.cpp:156]   --->   Operation 244 'readreq' 'gmem_load_4_req' <Predicate = true> <Delay = 7.30> <CoreInst = "m_axi">   --->   Core 121 'm_axi' <Latency = 0> <II = 1> <Delay = 1.00> <Adapter> <Opcode : 'read' 'write' 'readreq' 'writereq' 'writeresp'>

State 24 <SV = 23> <Delay = 7.30>
ST_24 : Operation 245 [68/71] (7.30ns)   --->   "%gmem_load_req = readreq i1 @_ssdm_op_ReadReq.m_axi.i64P1A, i64 %gmem_addr, i32 1" [main.cpp:154]   --->   Operation 245 'readreq' 'gmem_load_req' <Predicate = true> <Delay = 7.30> <CoreInst = "m_axi">   --->   Core 121 'm_axi' <Latency = 0> <II = 1> <Delay = 1.00> <Adapter> <Opcode : 'read' 'write' 'readreq' 'writereq' 'writeresp'>
ST_24 : Operation 246 [69/71] (7.30ns)   --->   "%gmem_load_3_req = readreq i1 @_ssdm_op_ReadReq.m_axi.i64P1A, i64 %gmem_addr_3, i32 1" [main.cpp:155]   --->   Operation 246 'readreq' 'gmem_load_3_req' <Predicate = true> <Delay = 7.30> <CoreInst = "m_axi">   --->   Core 121 'm_axi' <Latency = 0> <II = 1> <Delay = 1.00> <Adapter> <Opcode : 'read' 'write' 'readreq' 'writereq' 'writeresp'>
ST_24 : Operation 247 [70/71] (7.30ns)   --->   "%gmem_load_4_req = readreq i1 @_ssdm_op_ReadReq.m_axi.i64P1A, i64 %gmem_addr_4, i32 1" [main.cpp:156]   --->   Operation 247 'readreq' 'gmem_load_4_req' <Predicate = true> <Delay = 7.30> <CoreInst = "m_axi">   --->   Core 121 'm_axi' <Latency = 0> <II = 1> <Delay = 1.00> <Adapter> <Opcode : 'read' 'write' 'readreq' 'writereq' 'writeresp'>

State 25 <SV = 24> <Delay = 7.30>
ST_25 : Operation 248 [67/71] (7.30ns)   --->   "%gmem_load_req = readreq i1 @_ssdm_op_ReadReq.m_axi.i64P1A, i64 %gmem_addr, i32 1" [main.cpp:154]   --->   Operation 248 'readreq' 'gmem_load_req' <Predicate = true> <Delay = 7.30> <CoreInst = "m_axi">   --->   Core 121 'm_axi' <Latency = 0> <II = 1> <Delay = 1.00> <Adapter> <Opcode : 'read' 'write' 'readreq' 'writereq' 'writeresp'>
ST_25 : Operation 249 [68/71] (7.30ns)   --->   "%gmem_load_3_req = readreq i1 @_ssdm_op_ReadReq.m_axi.i64P1A, i64 %gmem_addr_3, i32 1" [main.cpp:155]   --->   Operation 249 'readreq' 'gmem_load_3_req' <Predicate = true> <Delay = 7.30> <CoreInst = "m_axi">   --->   Core 121 'm_axi' <Latency = 0> <II = 1> <Delay = 1.00> <Adapter> <Opcode : 'read' 'write' 'readreq' 'writereq' 'writeresp'>
ST_25 : Operation 250 [69/71] (7.30ns)   --->   "%gmem_load_4_req = readreq i1 @_ssdm_op_ReadReq.m_axi.i64P1A, i64 %gmem_addr_4, i32 1" [main.cpp:156]   --->   Operation 250 'readreq' 'gmem_load_4_req' <Predicate = true> <Delay = 7.30> <CoreInst = "m_axi">   --->   Core 121 'm_axi' <Latency = 0> <II = 1> <Delay = 1.00> <Adapter> <Opcode : 'read' 'write' 'readreq' 'writereq' 'writeresp'>

State 26 <SV = 25> <Delay = 7.30>
ST_26 : Operation 251 [66/71] (7.30ns)   --->   "%gmem_load_req = readreq i1 @_ssdm_op_ReadReq.m_axi.i64P1A, i64 %gmem_addr, i32 1" [main.cpp:154]   --->   Operation 251 'readreq' 'gmem_load_req' <Predicate = true> <Delay = 7.30> <CoreInst = "m_axi">   --->   Core 121 'm_axi' <Latency = 0> <II = 1> <Delay = 1.00> <Adapter> <Opcode : 'read' 'write' 'readreq' 'writereq' 'writeresp'>
ST_26 : Operation 252 [67/71] (7.30ns)   --->   "%gmem_load_3_req = readreq i1 @_ssdm_op_ReadReq.m_axi.i64P1A, i64 %gmem_addr_3, i32 1" [main.cpp:155]   --->   Operation 252 'readreq' 'gmem_load_3_req' <Predicate = true> <Delay = 7.30> <CoreInst = "m_axi">   --->   Core 121 'm_axi' <Latency = 0> <II = 1> <Delay = 1.00> <Adapter> <Opcode : 'read' 'write' 'readreq' 'writereq' 'writeresp'>
ST_26 : Operation 253 [68/71] (7.30ns)   --->   "%gmem_load_4_req = readreq i1 @_ssdm_op_ReadReq.m_axi.i64P1A, i64 %gmem_addr_4, i32 1" [main.cpp:156]   --->   Operation 253 'readreq' 'gmem_load_4_req' <Predicate = true> <Delay = 7.30> <CoreInst = "m_axi">   --->   Core 121 'm_axi' <Latency = 0> <II = 1> <Delay = 1.00> <Adapter> <Opcode : 'read' 'write' 'readreq' 'writereq' 'writeresp'>

State 27 <SV = 26> <Delay = 7.30>
ST_27 : Operation 254 [65/71] (7.30ns)   --->   "%gmem_load_req = readreq i1 @_ssdm_op_ReadReq.m_axi.i64P1A, i64 %gmem_addr, i32 1" [main.cpp:154]   --->   Operation 254 'readreq' 'gmem_load_req' <Predicate = true> <Delay = 7.30> <CoreInst = "m_axi">   --->   Core 121 'm_axi' <Latency = 0> <II = 1> <Delay = 1.00> <Adapter> <Opcode : 'read' 'write' 'readreq' 'writereq' 'writeresp'>
ST_27 : Operation 255 [66/71] (7.30ns)   --->   "%gmem_load_3_req = readreq i1 @_ssdm_op_ReadReq.m_axi.i64P1A, i64 %gmem_addr_3, i32 1" [main.cpp:155]   --->   Operation 255 'readreq' 'gmem_load_3_req' <Predicate = true> <Delay = 7.30> <CoreInst = "m_axi">   --->   Core 121 'm_axi' <Latency = 0> <II = 1> <Delay = 1.00> <Adapter> <Opcode : 'read' 'write' 'readreq' 'writereq' 'writeresp'>
ST_27 : Operation 256 [67/71] (7.30ns)   --->   "%gmem_load_4_req = readreq i1 @_ssdm_op_ReadReq.m_axi.i64P1A, i64 %gmem_addr_4, i32 1" [main.cpp:156]   --->   Operation 256 'readreq' 'gmem_load_4_req' <Predicate = true> <Delay = 7.30> <CoreInst = "m_axi">   --->   Core 121 'm_axi' <Latency = 0> <II = 1> <Delay = 1.00> <Adapter> <Opcode : 'read' 'write' 'readreq' 'writereq' 'writeresp'>

State 28 <SV = 27> <Delay = 7.30>
ST_28 : Operation 257 [64/71] (7.30ns)   --->   "%gmem_load_req = readreq i1 @_ssdm_op_ReadReq.m_axi.i64P1A, i64 %gmem_addr, i32 1" [main.cpp:154]   --->   Operation 257 'readreq' 'gmem_load_req' <Predicate = true> <Delay = 7.30> <CoreInst = "m_axi">   --->   Core 121 'm_axi' <Latency = 0> <II = 1> <Delay = 1.00> <Adapter> <Opcode : 'read' 'write' 'readreq' 'writereq' 'writeresp'>
ST_28 : Operation 258 [65/71] (7.30ns)   --->   "%gmem_load_3_req = readreq i1 @_ssdm_op_ReadReq.m_axi.i64P1A, i64 %gmem_addr_3, i32 1" [main.cpp:155]   --->   Operation 258 'readreq' 'gmem_load_3_req' <Predicate = true> <Delay = 7.30> <CoreInst = "m_axi">   --->   Core 121 'm_axi' <Latency = 0> <II = 1> <Delay = 1.00> <Adapter> <Opcode : 'read' 'write' 'readreq' 'writereq' 'writeresp'>
ST_28 : Operation 259 [66/71] (7.30ns)   --->   "%gmem_load_4_req = readreq i1 @_ssdm_op_ReadReq.m_axi.i64P1A, i64 %gmem_addr_4, i32 1" [main.cpp:156]   --->   Operation 259 'readreq' 'gmem_load_4_req' <Predicate = true> <Delay = 7.30> <CoreInst = "m_axi">   --->   Core 121 'm_axi' <Latency = 0> <II = 1> <Delay = 1.00> <Adapter> <Opcode : 'read' 'write' 'readreq' 'writereq' 'writeresp'>

State 29 <SV = 28> <Delay = 7.30>
ST_29 : Operation 260 [63/71] (7.30ns)   --->   "%gmem_load_req = readreq i1 @_ssdm_op_ReadReq.m_axi.i64P1A, i64 %gmem_addr, i32 1" [main.cpp:154]   --->   Operation 260 'readreq' 'gmem_load_req' <Predicate = true> <Delay = 7.30> <CoreInst = "m_axi">   --->   Core 121 'm_axi' <Latency = 0> <II = 1> <Delay = 1.00> <Adapter> <Opcode : 'read' 'write' 'readreq' 'writereq' 'writeresp'>
ST_29 : Operation 261 [64/71] (7.30ns)   --->   "%gmem_load_3_req = readreq i1 @_ssdm_op_ReadReq.m_axi.i64P1A, i64 %gmem_addr_3, i32 1" [main.cpp:155]   --->   Operation 261 'readreq' 'gmem_load_3_req' <Predicate = true> <Delay = 7.30> <CoreInst = "m_axi">   --->   Core 121 'm_axi' <Latency = 0> <II = 1> <Delay = 1.00> <Adapter> <Opcode : 'read' 'write' 'readreq' 'writereq' 'writeresp'>
ST_29 : Operation 262 [65/71] (7.30ns)   --->   "%gmem_load_4_req = readreq i1 @_ssdm_op_ReadReq.m_axi.i64P1A, i64 %gmem_addr_4, i32 1" [main.cpp:156]   --->   Operation 262 'readreq' 'gmem_load_4_req' <Predicate = true> <Delay = 7.30> <CoreInst = "m_axi">   --->   Core 121 'm_axi' <Latency = 0> <II = 1> <Delay = 1.00> <Adapter> <Opcode : 'read' 'write' 'readreq' 'writereq' 'writeresp'>

State 30 <SV = 29> <Delay = 7.30>
ST_30 : Operation 263 [62/71] (7.30ns)   --->   "%gmem_load_req = readreq i1 @_ssdm_op_ReadReq.m_axi.i64P1A, i64 %gmem_addr, i32 1" [main.cpp:154]   --->   Operation 263 'readreq' 'gmem_load_req' <Predicate = true> <Delay = 7.30> <CoreInst = "m_axi">   --->   Core 121 'm_axi' <Latency = 0> <II = 1> <Delay = 1.00> <Adapter> <Opcode : 'read' 'write' 'readreq' 'writereq' 'writeresp'>
ST_30 : Operation 264 [63/71] (7.30ns)   --->   "%gmem_load_3_req = readreq i1 @_ssdm_op_ReadReq.m_axi.i64P1A, i64 %gmem_addr_3, i32 1" [main.cpp:155]   --->   Operation 264 'readreq' 'gmem_load_3_req' <Predicate = true> <Delay = 7.30> <CoreInst = "m_axi">   --->   Core 121 'm_axi' <Latency = 0> <II = 1> <Delay = 1.00> <Adapter> <Opcode : 'read' 'write' 'readreq' 'writereq' 'writeresp'>
ST_30 : Operation 265 [64/71] (7.30ns)   --->   "%gmem_load_4_req = readreq i1 @_ssdm_op_ReadReq.m_axi.i64P1A, i64 %gmem_addr_4, i32 1" [main.cpp:156]   --->   Operation 265 'readreq' 'gmem_load_4_req' <Predicate = true> <Delay = 7.30> <CoreInst = "m_axi">   --->   Core 121 'm_axi' <Latency = 0> <II = 1> <Delay = 1.00> <Adapter> <Opcode : 'read' 'write' 'readreq' 'writereq' 'writeresp'>

State 31 <SV = 30> <Delay = 7.30>
ST_31 : Operation 266 [61/71] (7.30ns)   --->   "%gmem_load_req = readreq i1 @_ssdm_op_ReadReq.m_axi.i64P1A, i64 %gmem_addr, i32 1" [main.cpp:154]   --->   Operation 266 'readreq' 'gmem_load_req' <Predicate = true> <Delay = 7.30> <CoreInst = "m_axi">   --->   Core 121 'm_axi' <Latency = 0> <II = 1> <Delay = 1.00> <Adapter> <Opcode : 'read' 'write' 'readreq' 'writereq' 'writeresp'>
ST_31 : Operation 267 [62/71] (7.30ns)   --->   "%gmem_load_3_req = readreq i1 @_ssdm_op_ReadReq.m_axi.i64P1A, i64 %gmem_addr_3, i32 1" [main.cpp:155]   --->   Operation 267 'readreq' 'gmem_load_3_req' <Predicate = true> <Delay = 7.30> <CoreInst = "m_axi">   --->   Core 121 'm_axi' <Latency = 0> <II = 1> <Delay = 1.00> <Adapter> <Opcode : 'read' 'write' 'readreq' 'writereq' 'writeresp'>
ST_31 : Operation 268 [63/71] (7.30ns)   --->   "%gmem_load_4_req = readreq i1 @_ssdm_op_ReadReq.m_axi.i64P1A, i64 %gmem_addr_4, i32 1" [main.cpp:156]   --->   Operation 268 'readreq' 'gmem_load_4_req' <Predicate = true> <Delay = 7.30> <CoreInst = "m_axi">   --->   Core 121 'm_axi' <Latency = 0> <II = 1> <Delay = 1.00> <Adapter> <Opcode : 'read' 'write' 'readreq' 'writereq' 'writeresp'>

State 32 <SV = 31> <Delay = 7.30>
ST_32 : Operation 269 [60/71] (7.30ns)   --->   "%gmem_load_req = readreq i1 @_ssdm_op_ReadReq.m_axi.i64P1A, i64 %gmem_addr, i32 1" [main.cpp:154]   --->   Operation 269 'readreq' 'gmem_load_req' <Predicate = true> <Delay = 7.30> <CoreInst = "m_axi">   --->   Core 121 'm_axi' <Latency = 0> <II = 1> <Delay = 1.00> <Adapter> <Opcode : 'read' 'write' 'readreq' 'writereq' 'writeresp'>
ST_32 : Operation 270 [61/71] (7.30ns)   --->   "%gmem_load_3_req = readreq i1 @_ssdm_op_ReadReq.m_axi.i64P1A, i64 %gmem_addr_3, i32 1" [main.cpp:155]   --->   Operation 270 'readreq' 'gmem_load_3_req' <Predicate = true> <Delay = 7.30> <CoreInst = "m_axi">   --->   Core 121 'm_axi' <Latency = 0> <II = 1> <Delay = 1.00> <Adapter> <Opcode : 'read' 'write' 'readreq' 'writereq' 'writeresp'>
ST_32 : Operation 271 [62/71] (7.30ns)   --->   "%gmem_load_4_req = readreq i1 @_ssdm_op_ReadReq.m_axi.i64P1A, i64 %gmem_addr_4, i32 1" [main.cpp:156]   --->   Operation 271 'readreq' 'gmem_load_4_req' <Predicate = true> <Delay = 7.30> <CoreInst = "m_axi">   --->   Core 121 'm_axi' <Latency = 0> <II = 1> <Delay = 1.00> <Adapter> <Opcode : 'read' 'write' 'readreq' 'writereq' 'writeresp'>

State 33 <SV = 32> <Delay = 7.30>
ST_33 : Operation 272 [59/71] (7.30ns)   --->   "%gmem_load_req = readreq i1 @_ssdm_op_ReadReq.m_axi.i64P1A, i64 %gmem_addr, i32 1" [main.cpp:154]   --->   Operation 272 'readreq' 'gmem_load_req' <Predicate = true> <Delay = 7.30> <CoreInst = "m_axi">   --->   Core 121 'm_axi' <Latency = 0> <II = 1> <Delay = 1.00> <Adapter> <Opcode : 'read' 'write' 'readreq' 'writereq' 'writeresp'>
ST_33 : Operation 273 [60/71] (7.30ns)   --->   "%gmem_load_3_req = readreq i1 @_ssdm_op_ReadReq.m_axi.i64P1A, i64 %gmem_addr_3, i32 1" [main.cpp:155]   --->   Operation 273 'readreq' 'gmem_load_3_req' <Predicate = true> <Delay = 7.30> <CoreInst = "m_axi">   --->   Core 121 'm_axi' <Latency = 0> <II = 1> <Delay = 1.00> <Adapter> <Opcode : 'read' 'write' 'readreq' 'writereq' 'writeresp'>
ST_33 : Operation 274 [61/71] (7.30ns)   --->   "%gmem_load_4_req = readreq i1 @_ssdm_op_ReadReq.m_axi.i64P1A, i64 %gmem_addr_4, i32 1" [main.cpp:156]   --->   Operation 274 'readreq' 'gmem_load_4_req' <Predicate = true> <Delay = 7.30> <CoreInst = "m_axi">   --->   Core 121 'm_axi' <Latency = 0> <II = 1> <Delay = 1.00> <Adapter> <Opcode : 'read' 'write' 'readreq' 'writereq' 'writeresp'>

State 34 <SV = 33> <Delay = 7.30>
ST_34 : Operation 275 [58/71] (7.30ns)   --->   "%gmem_load_req = readreq i1 @_ssdm_op_ReadReq.m_axi.i64P1A, i64 %gmem_addr, i32 1" [main.cpp:154]   --->   Operation 275 'readreq' 'gmem_load_req' <Predicate = true> <Delay = 7.30> <CoreInst = "m_axi">   --->   Core 121 'm_axi' <Latency = 0> <II = 1> <Delay = 1.00> <Adapter> <Opcode : 'read' 'write' 'readreq' 'writereq' 'writeresp'>
ST_34 : Operation 276 [59/71] (7.30ns)   --->   "%gmem_load_3_req = readreq i1 @_ssdm_op_ReadReq.m_axi.i64P1A, i64 %gmem_addr_3, i32 1" [main.cpp:155]   --->   Operation 276 'readreq' 'gmem_load_3_req' <Predicate = true> <Delay = 7.30> <CoreInst = "m_axi">   --->   Core 121 'm_axi' <Latency = 0> <II = 1> <Delay = 1.00> <Adapter> <Opcode : 'read' 'write' 'readreq' 'writereq' 'writeresp'>
ST_34 : Operation 277 [60/71] (7.30ns)   --->   "%gmem_load_4_req = readreq i1 @_ssdm_op_ReadReq.m_axi.i64P1A, i64 %gmem_addr_4, i32 1" [main.cpp:156]   --->   Operation 277 'readreq' 'gmem_load_4_req' <Predicate = true> <Delay = 7.30> <CoreInst = "m_axi">   --->   Core 121 'm_axi' <Latency = 0> <II = 1> <Delay = 1.00> <Adapter> <Opcode : 'read' 'write' 'readreq' 'writereq' 'writeresp'>

State 35 <SV = 34> <Delay = 7.30>
ST_35 : Operation 278 [57/71] (7.30ns)   --->   "%gmem_load_req = readreq i1 @_ssdm_op_ReadReq.m_axi.i64P1A, i64 %gmem_addr, i32 1" [main.cpp:154]   --->   Operation 278 'readreq' 'gmem_load_req' <Predicate = true> <Delay = 7.30> <CoreInst = "m_axi">   --->   Core 121 'm_axi' <Latency = 0> <II = 1> <Delay = 1.00> <Adapter> <Opcode : 'read' 'write' 'readreq' 'writereq' 'writeresp'>
ST_35 : Operation 279 [58/71] (7.30ns)   --->   "%gmem_load_3_req = readreq i1 @_ssdm_op_ReadReq.m_axi.i64P1A, i64 %gmem_addr_3, i32 1" [main.cpp:155]   --->   Operation 279 'readreq' 'gmem_load_3_req' <Predicate = true> <Delay = 7.30> <CoreInst = "m_axi">   --->   Core 121 'm_axi' <Latency = 0> <II = 1> <Delay = 1.00> <Adapter> <Opcode : 'read' 'write' 'readreq' 'writereq' 'writeresp'>
ST_35 : Operation 280 [59/71] (7.30ns)   --->   "%gmem_load_4_req = readreq i1 @_ssdm_op_ReadReq.m_axi.i64P1A, i64 %gmem_addr_4, i32 1" [main.cpp:156]   --->   Operation 280 'readreq' 'gmem_load_4_req' <Predicate = true> <Delay = 7.30> <CoreInst = "m_axi">   --->   Core 121 'm_axi' <Latency = 0> <II = 1> <Delay = 1.00> <Adapter> <Opcode : 'read' 'write' 'readreq' 'writereq' 'writeresp'>

State 36 <SV = 35> <Delay = 7.30>
ST_36 : Operation 281 [56/71] (7.30ns)   --->   "%gmem_load_req = readreq i1 @_ssdm_op_ReadReq.m_axi.i64P1A, i64 %gmem_addr, i32 1" [main.cpp:154]   --->   Operation 281 'readreq' 'gmem_load_req' <Predicate = true> <Delay = 7.30> <CoreInst = "m_axi">   --->   Core 121 'm_axi' <Latency = 0> <II = 1> <Delay = 1.00> <Adapter> <Opcode : 'read' 'write' 'readreq' 'writereq' 'writeresp'>
ST_36 : Operation 282 [57/71] (7.30ns)   --->   "%gmem_load_3_req = readreq i1 @_ssdm_op_ReadReq.m_axi.i64P1A, i64 %gmem_addr_3, i32 1" [main.cpp:155]   --->   Operation 282 'readreq' 'gmem_load_3_req' <Predicate = true> <Delay = 7.30> <CoreInst = "m_axi">   --->   Core 121 'm_axi' <Latency = 0> <II = 1> <Delay = 1.00> <Adapter> <Opcode : 'read' 'write' 'readreq' 'writereq' 'writeresp'>
ST_36 : Operation 283 [58/71] (7.30ns)   --->   "%gmem_load_4_req = readreq i1 @_ssdm_op_ReadReq.m_axi.i64P1A, i64 %gmem_addr_4, i32 1" [main.cpp:156]   --->   Operation 283 'readreq' 'gmem_load_4_req' <Predicate = true> <Delay = 7.30> <CoreInst = "m_axi">   --->   Core 121 'm_axi' <Latency = 0> <II = 1> <Delay = 1.00> <Adapter> <Opcode : 'read' 'write' 'readreq' 'writereq' 'writeresp'>

State 37 <SV = 36> <Delay = 7.30>
ST_37 : Operation 284 [55/71] (7.30ns)   --->   "%gmem_load_req = readreq i1 @_ssdm_op_ReadReq.m_axi.i64P1A, i64 %gmem_addr, i32 1" [main.cpp:154]   --->   Operation 284 'readreq' 'gmem_load_req' <Predicate = true> <Delay = 7.30> <CoreInst = "m_axi">   --->   Core 121 'm_axi' <Latency = 0> <II = 1> <Delay = 1.00> <Adapter> <Opcode : 'read' 'write' 'readreq' 'writereq' 'writeresp'>
ST_37 : Operation 285 [56/71] (7.30ns)   --->   "%gmem_load_3_req = readreq i1 @_ssdm_op_ReadReq.m_axi.i64P1A, i64 %gmem_addr_3, i32 1" [main.cpp:155]   --->   Operation 285 'readreq' 'gmem_load_3_req' <Predicate = true> <Delay = 7.30> <CoreInst = "m_axi">   --->   Core 121 'm_axi' <Latency = 0> <II = 1> <Delay = 1.00> <Adapter> <Opcode : 'read' 'write' 'readreq' 'writereq' 'writeresp'>
ST_37 : Operation 286 [57/71] (7.30ns)   --->   "%gmem_load_4_req = readreq i1 @_ssdm_op_ReadReq.m_axi.i64P1A, i64 %gmem_addr_4, i32 1" [main.cpp:156]   --->   Operation 286 'readreq' 'gmem_load_4_req' <Predicate = true> <Delay = 7.30> <CoreInst = "m_axi">   --->   Core 121 'm_axi' <Latency = 0> <II = 1> <Delay = 1.00> <Adapter> <Opcode : 'read' 'write' 'readreq' 'writereq' 'writeresp'>

State 38 <SV = 37> <Delay = 7.30>
ST_38 : Operation 287 [54/71] (7.30ns)   --->   "%gmem_load_req = readreq i1 @_ssdm_op_ReadReq.m_axi.i64P1A, i64 %gmem_addr, i32 1" [main.cpp:154]   --->   Operation 287 'readreq' 'gmem_load_req' <Predicate = true> <Delay = 7.30> <CoreInst = "m_axi">   --->   Core 121 'm_axi' <Latency = 0> <II = 1> <Delay = 1.00> <Adapter> <Opcode : 'read' 'write' 'readreq' 'writereq' 'writeresp'>
ST_38 : Operation 288 [55/71] (7.30ns)   --->   "%gmem_load_3_req = readreq i1 @_ssdm_op_ReadReq.m_axi.i64P1A, i64 %gmem_addr_3, i32 1" [main.cpp:155]   --->   Operation 288 'readreq' 'gmem_load_3_req' <Predicate = true> <Delay = 7.30> <CoreInst = "m_axi">   --->   Core 121 'm_axi' <Latency = 0> <II = 1> <Delay = 1.00> <Adapter> <Opcode : 'read' 'write' 'readreq' 'writereq' 'writeresp'>
ST_38 : Operation 289 [56/71] (7.30ns)   --->   "%gmem_load_4_req = readreq i1 @_ssdm_op_ReadReq.m_axi.i64P1A, i64 %gmem_addr_4, i32 1" [main.cpp:156]   --->   Operation 289 'readreq' 'gmem_load_4_req' <Predicate = true> <Delay = 7.30> <CoreInst = "m_axi">   --->   Core 121 'm_axi' <Latency = 0> <II = 1> <Delay = 1.00> <Adapter> <Opcode : 'read' 'write' 'readreq' 'writereq' 'writeresp'>

State 39 <SV = 38> <Delay = 7.30>
ST_39 : Operation 290 [53/71] (7.30ns)   --->   "%gmem_load_req = readreq i1 @_ssdm_op_ReadReq.m_axi.i64P1A, i64 %gmem_addr, i32 1" [main.cpp:154]   --->   Operation 290 'readreq' 'gmem_load_req' <Predicate = true> <Delay = 7.30> <CoreInst = "m_axi">   --->   Core 121 'm_axi' <Latency = 0> <II = 1> <Delay = 1.00> <Adapter> <Opcode : 'read' 'write' 'readreq' 'writereq' 'writeresp'>
ST_39 : Operation 291 [54/71] (7.30ns)   --->   "%gmem_load_3_req = readreq i1 @_ssdm_op_ReadReq.m_axi.i64P1A, i64 %gmem_addr_3, i32 1" [main.cpp:155]   --->   Operation 291 'readreq' 'gmem_load_3_req' <Predicate = true> <Delay = 7.30> <CoreInst = "m_axi">   --->   Core 121 'm_axi' <Latency = 0> <II = 1> <Delay = 1.00> <Adapter> <Opcode : 'read' 'write' 'readreq' 'writereq' 'writeresp'>
ST_39 : Operation 292 [55/71] (7.30ns)   --->   "%gmem_load_4_req = readreq i1 @_ssdm_op_ReadReq.m_axi.i64P1A, i64 %gmem_addr_4, i32 1" [main.cpp:156]   --->   Operation 292 'readreq' 'gmem_load_4_req' <Predicate = true> <Delay = 7.30> <CoreInst = "m_axi">   --->   Core 121 'm_axi' <Latency = 0> <II = 1> <Delay = 1.00> <Adapter> <Opcode : 'read' 'write' 'readreq' 'writereq' 'writeresp'>

State 40 <SV = 39> <Delay = 7.30>
ST_40 : Operation 293 [52/71] (7.30ns)   --->   "%gmem_load_req = readreq i1 @_ssdm_op_ReadReq.m_axi.i64P1A, i64 %gmem_addr, i32 1" [main.cpp:154]   --->   Operation 293 'readreq' 'gmem_load_req' <Predicate = true> <Delay = 7.30> <CoreInst = "m_axi">   --->   Core 121 'm_axi' <Latency = 0> <II = 1> <Delay = 1.00> <Adapter> <Opcode : 'read' 'write' 'readreq' 'writereq' 'writeresp'>
ST_40 : Operation 294 [53/71] (7.30ns)   --->   "%gmem_load_3_req = readreq i1 @_ssdm_op_ReadReq.m_axi.i64P1A, i64 %gmem_addr_3, i32 1" [main.cpp:155]   --->   Operation 294 'readreq' 'gmem_load_3_req' <Predicate = true> <Delay = 7.30> <CoreInst = "m_axi">   --->   Core 121 'm_axi' <Latency = 0> <II = 1> <Delay = 1.00> <Adapter> <Opcode : 'read' 'write' 'readreq' 'writereq' 'writeresp'>
ST_40 : Operation 295 [54/71] (7.30ns)   --->   "%gmem_load_4_req = readreq i1 @_ssdm_op_ReadReq.m_axi.i64P1A, i64 %gmem_addr_4, i32 1" [main.cpp:156]   --->   Operation 295 'readreq' 'gmem_load_4_req' <Predicate = true> <Delay = 7.30> <CoreInst = "m_axi">   --->   Core 121 'm_axi' <Latency = 0> <II = 1> <Delay = 1.00> <Adapter> <Opcode : 'read' 'write' 'readreq' 'writereq' 'writeresp'>

State 41 <SV = 40> <Delay = 7.30>
ST_41 : Operation 296 [51/71] (7.30ns)   --->   "%gmem_load_req = readreq i1 @_ssdm_op_ReadReq.m_axi.i64P1A, i64 %gmem_addr, i32 1" [main.cpp:154]   --->   Operation 296 'readreq' 'gmem_load_req' <Predicate = true> <Delay = 7.30> <CoreInst = "m_axi">   --->   Core 121 'm_axi' <Latency = 0> <II = 1> <Delay = 1.00> <Adapter> <Opcode : 'read' 'write' 'readreq' 'writereq' 'writeresp'>
ST_41 : Operation 297 [52/71] (7.30ns)   --->   "%gmem_load_3_req = readreq i1 @_ssdm_op_ReadReq.m_axi.i64P1A, i64 %gmem_addr_3, i32 1" [main.cpp:155]   --->   Operation 297 'readreq' 'gmem_load_3_req' <Predicate = true> <Delay = 7.30> <CoreInst = "m_axi">   --->   Core 121 'm_axi' <Latency = 0> <II = 1> <Delay = 1.00> <Adapter> <Opcode : 'read' 'write' 'readreq' 'writereq' 'writeresp'>
ST_41 : Operation 298 [53/71] (7.30ns)   --->   "%gmem_load_4_req = readreq i1 @_ssdm_op_ReadReq.m_axi.i64P1A, i64 %gmem_addr_4, i32 1" [main.cpp:156]   --->   Operation 298 'readreq' 'gmem_load_4_req' <Predicate = true> <Delay = 7.30> <CoreInst = "m_axi">   --->   Core 121 'm_axi' <Latency = 0> <II = 1> <Delay = 1.00> <Adapter> <Opcode : 'read' 'write' 'readreq' 'writereq' 'writeresp'>

State 42 <SV = 41> <Delay = 7.30>
ST_42 : Operation 299 [50/71] (7.30ns)   --->   "%gmem_load_req = readreq i1 @_ssdm_op_ReadReq.m_axi.i64P1A, i64 %gmem_addr, i32 1" [main.cpp:154]   --->   Operation 299 'readreq' 'gmem_load_req' <Predicate = true> <Delay = 7.30> <CoreInst = "m_axi">   --->   Core 121 'm_axi' <Latency = 0> <II = 1> <Delay = 1.00> <Adapter> <Opcode : 'read' 'write' 'readreq' 'writereq' 'writeresp'>
ST_42 : Operation 300 [51/71] (7.30ns)   --->   "%gmem_load_3_req = readreq i1 @_ssdm_op_ReadReq.m_axi.i64P1A, i64 %gmem_addr_3, i32 1" [main.cpp:155]   --->   Operation 300 'readreq' 'gmem_load_3_req' <Predicate = true> <Delay = 7.30> <CoreInst = "m_axi">   --->   Core 121 'm_axi' <Latency = 0> <II = 1> <Delay = 1.00> <Adapter> <Opcode : 'read' 'write' 'readreq' 'writereq' 'writeresp'>
ST_42 : Operation 301 [52/71] (7.30ns)   --->   "%gmem_load_4_req = readreq i1 @_ssdm_op_ReadReq.m_axi.i64P1A, i64 %gmem_addr_4, i32 1" [main.cpp:156]   --->   Operation 301 'readreq' 'gmem_load_4_req' <Predicate = true> <Delay = 7.30> <CoreInst = "m_axi">   --->   Core 121 'm_axi' <Latency = 0> <II = 1> <Delay = 1.00> <Adapter> <Opcode : 'read' 'write' 'readreq' 'writereq' 'writeresp'>

State 43 <SV = 42> <Delay = 7.30>
ST_43 : Operation 302 [49/71] (7.30ns)   --->   "%gmem_load_req = readreq i1 @_ssdm_op_ReadReq.m_axi.i64P1A, i64 %gmem_addr, i32 1" [main.cpp:154]   --->   Operation 302 'readreq' 'gmem_load_req' <Predicate = true> <Delay = 7.30> <CoreInst = "m_axi">   --->   Core 121 'm_axi' <Latency = 0> <II = 1> <Delay = 1.00> <Adapter> <Opcode : 'read' 'write' 'readreq' 'writereq' 'writeresp'>
ST_43 : Operation 303 [50/71] (7.30ns)   --->   "%gmem_load_3_req = readreq i1 @_ssdm_op_ReadReq.m_axi.i64P1A, i64 %gmem_addr_3, i32 1" [main.cpp:155]   --->   Operation 303 'readreq' 'gmem_load_3_req' <Predicate = true> <Delay = 7.30> <CoreInst = "m_axi">   --->   Core 121 'm_axi' <Latency = 0> <II = 1> <Delay = 1.00> <Adapter> <Opcode : 'read' 'write' 'readreq' 'writereq' 'writeresp'>
ST_43 : Operation 304 [51/71] (7.30ns)   --->   "%gmem_load_4_req = readreq i1 @_ssdm_op_ReadReq.m_axi.i64P1A, i64 %gmem_addr_4, i32 1" [main.cpp:156]   --->   Operation 304 'readreq' 'gmem_load_4_req' <Predicate = true> <Delay = 7.30> <CoreInst = "m_axi">   --->   Core 121 'm_axi' <Latency = 0> <II = 1> <Delay = 1.00> <Adapter> <Opcode : 'read' 'write' 'readreq' 'writereq' 'writeresp'>

State 44 <SV = 43> <Delay = 7.30>
ST_44 : Operation 305 [48/71] (7.30ns)   --->   "%gmem_load_req = readreq i1 @_ssdm_op_ReadReq.m_axi.i64P1A, i64 %gmem_addr, i32 1" [main.cpp:154]   --->   Operation 305 'readreq' 'gmem_load_req' <Predicate = true> <Delay = 7.30> <CoreInst = "m_axi">   --->   Core 121 'm_axi' <Latency = 0> <II = 1> <Delay = 1.00> <Adapter> <Opcode : 'read' 'write' 'readreq' 'writereq' 'writeresp'>
ST_44 : Operation 306 [49/71] (7.30ns)   --->   "%gmem_load_3_req = readreq i1 @_ssdm_op_ReadReq.m_axi.i64P1A, i64 %gmem_addr_3, i32 1" [main.cpp:155]   --->   Operation 306 'readreq' 'gmem_load_3_req' <Predicate = true> <Delay = 7.30> <CoreInst = "m_axi">   --->   Core 121 'm_axi' <Latency = 0> <II = 1> <Delay = 1.00> <Adapter> <Opcode : 'read' 'write' 'readreq' 'writereq' 'writeresp'>
ST_44 : Operation 307 [50/71] (7.30ns)   --->   "%gmem_load_4_req = readreq i1 @_ssdm_op_ReadReq.m_axi.i64P1A, i64 %gmem_addr_4, i32 1" [main.cpp:156]   --->   Operation 307 'readreq' 'gmem_load_4_req' <Predicate = true> <Delay = 7.30> <CoreInst = "m_axi">   --->   Core 121 'm_axi' <Latency = 0> <II = 1> <Delay = 1.00> <Adapter> <Opcode : 'read' 'write' 'readreq' 'writereq' 'writeresp'>

State 45 <SV = 44> <Delay = 7.30>
ST_45 : Operation 308 [47/71] (7.30ns)   --->   "%gmem_load_req = readreq i1 @_ssdm_op_ReadReq.m_axi.i64P1A, i64 %gmem_addr, i32 1" [main.cpp:154]   --->   Operation 308 'readreq' 'gmem_load_req' <Predicate = true> <Delay = 7.30> <CoreInst = "m_axi">   --->   Core 121 'm_axi' <Latency = 0> <II = 1> <Delay = 1.00> <Adapter> <Opcode : 'read' 'write' 'readreq' 'writereq' 'writeresp'>
ST_45 : Operation 309 [48/71] (7.30ns)   --->   "%gmem_load_3_req = readreq i1 @_ssdm_op_ReadReq.m_axi.i64P1A, i64 %gmem_addr_3, i32 1" [main.cpp:155]   --->   Operation 309 'readreq' 'gmem_load_3_req' <Predicate = true> <Delay = 7.30> <CoreInst = "m_axi">   --->   Core 121 'm_axi' <Latency = 0> <II = 1> <Delay = 1.00> <Adapter> <Opcode : 'read' 'write' 'readreq' 'writereq' 'writeresp'>
ST_45 : Operation 310 [49/71] (7.30ns)   --->   "%gmem_load_4_req = readreq i1 @_ssdm_op_ReadReq.m_axi.i64P1A, i64 %gmem_addr_4, i32 1" [main.cpp:156]   --->   Operation 310 'readreq' 'gmem_load_4_req' <Predicate = true> <Delay = 7.30> <CoreInst = "m_axi">   --->   Core 121 'm_axi' <Latency = 0> <II = 1> <Delay = 1.00> <Adapter> <Opcode : 'read' 'write' 'readreq' 'writereq' 'writeresp'>

State 46 <SV = 45> <Delay = 7.30>
ST_46 : Operation 311 [46/71] (7.30ns)   --->   "%gmem_load_req = readreq i1 @_ssdm_op_ReadReq.m_axi.i64P1A, i64 %gmem_addr, i32 1" [main.cpp:154]   --->   Operation 311 'readreq' 'gmem_load_req' <Predicate = true> <Delay = 7.30> <CoreInst = "m_axi">   --->   Core 121 'm_axi' <Latency = 0> <II = 1> <Delay = 1.00> <Adapter> <Opcode : 'read' 'write' 'readreq' 'writereq' 'writeresp'>
ST_46 : Operation 312 [47/71] (7.30ns)   --->   "%gmem_load_3_req = readreq i1 @_ssdm_op_ReadReq.m_axi.i64P1A, i64 %gmem_addr_3, i32 1" [main.cpp:155]   --->   Operation 312 'readreq' 'gmem_load_3_req' <Predicate = true> <Delay = 7.30> <CoreInst = "m_axi">   --->   Core 121 'm_axi' <Latency = 0> <II = 1> <Delay = 1.00> <Adapter> <Opcode : 'read' 'write' 'readreq' 'writereq' 'writeresp'>
ST_46 : Operation 313 [48/71] (7.30ns)   --->   "%gmem_load_4_req = readreq i1 @_ssdm_op_ReadReq.m_axi.i64P1A, i64 %gmem_addr_4, i32 1" [main.cpp:156]   --->   Operation 313 'readreq' 'gmem_load_4_req' <Predicate = true> <Delay = 7.30> <CoreInst = "m_axi">   --->   Core 121 'm_axi' <Latency = 0> <II = 1> <Delay = 1.00> <Adapter> <Opcode : 'read' 'write' 'readreq' 'writereq' 'writeresp'>

State 47 <SV = 46> <Delay = 7.30>
ST_47 : Operation 314 [45/71] (7.30ns)   --->   "%gmem_load_req = readreq i1 @_ssdm_op_ReadReq.m_axi.i64P1A, i64 %gmem_addr, i32 1" [main.cpp:154]   --->   Operation 314 'readreq' 'gmem_load_req' <Predicate = true> <Delay = 7.30> <CoreInst = "m_axi">   --->   Core 121 'm_axi' <Latency = 0> <II = 1> <Delay = 1.00> <Adapter> <Opcode : 'read' 'write' 'readreq' 'writereq' 'writeresp'>
ST_47 : Operation 315 [46/71] (7.30ns)   --->   "%gmem_load_3_req = readreq i1 @_ssdm_op_ReadReq.m_axi.i64P1A, i64 %gmem_addr_3, i32 1" [main.cpp:155]   --->   Operation 315 'readreq' 'gmem_load_3_req' <Predicate = true> <Delay = 7.30> <CoreInst = "m_axi">   --->   Core 121 'm_axi' <Latency = 0> <II = 1> <Delay = 1.00> <Adapter> <Opcode : 'read' 'write' 'readreq' 'writereq' 'writeresp'>
ST_47 : Operation 316 [47/71] (7.30ns)   --->   "%gmem_load_4_req = readreq i1 @_ssdm_op_ReadReq.m_axi.i64P1A, i64 %gmem_addr_4, i32 1" [main.cpp:156]   --->   Operation 316 'readreq' 'gmem_load_4_req' <Predicate = true> <Delay = 7.30> <CoreInst = "m_axi">   --->   Core 121 'm_axi' <Latency = 0> <II = 1> <Delay = 1.00> <Adapter> <Opcode : 'read' 'write' 'readreq' 'writereq' 'writeresp'>

State 48 <SV = 47> <Delay = 7.30>
ST_48 : Operation 317 [44/71] (7.30ns)   --->   "%gmem_load_req = readreq i1 @_ssdm_op_ReadReq.m_axi.i64P1A, i64 %gmem_addr, i32 1" [main.cpp:154]   --->   Operation 317 'readreq' 'gmem_load_req' <Predicate = true> <Delay = 7.30> <CoreInst = "m_axi">   --->   Core 121 'm_axi' <Latency = 0> <II = 1> <Delay = 1.00> <Adapter> <Opcode : 'read' 'write' 'readreq' 'writereq' 'writeresp'>
ST_48 : Operation 318 [45/71] (7.30ns)   --->   "%gmem_load_3_req = readreq i1 @_ssdm_op_ReadReq.m_axi.i64P1A, i64 %gmem_addr_3, i32 1" [main.cpp:155]   --->   Operation 318 'readreq' 'gmem_load_3_req' <Predicate = true> <Delay = 7.30> <CoreInst = "m_axi">   --->   Core 121 'm_axi' <Latency = 0> <II = 1> <Delay = 1.00> <Adapter> <Opcode : 'read' 'write' 'readreq' 'writereq' 'writeresp'>
ST_48 : Operation 319 [46/71] (7.30ns)   --->   "%gmem_load_4_req = readreq i1 @_ssdm_op_ReadReq.m_axi.i64P1A, i64 %gmem_addr_4, i32 1" [main.cpp:156]   --->   Operation 319 'readreq' 'gmem_load_4_req' <Predicate = true> <Delay = 7.30> <CoreInst = "m_axi">   --->   Core 121 'm_axi' <Latency = 0> <II = 1> <Delay = 1.00> <Adapter> <Opcode : 'read' 'write' 'readreq' 'writereq' 'writeresp'>

State 49 <SV = 48> <Delay = 7.30>
ST_49 : Operation 320 [43/71] (7.30ns)   --->   "%gmem_load_req = readreq i1 @_ssdm_op_ReadReq.m_axi.i64P1A, i64 %gmem_addr, i32 1" [main.cpp:154]   --->   Operation 320 'readreq' 'gmem_load_req' <Predicate = true> <Delay = 7.30> <CoreInst = "m_axi">   --->   Core 121 'm_axi' <Latency = 0> <II = 1> <Delay = 1.00> <Adapter> <Opcode : 'read' 'write' 'readreq' 'writereq' 'writeresp'>
ST_49 : Operation 321 [44/71] (7.30ns)   --->   "%gmem_load_3_req = readreq i1 @_ssdm_op_ReadReq.m_axi.i64P1A, i64 %gmem_addr_3, i32 1" [main.cpp:155]   --->   Operation 321 'readreq' 'gmem_load_3_req' <Predicate = true> <Delay = 7.30> <CoreInst = "m_axi">   --->   Core 121 'm_axi' <Latency = 0> <II = 1> <Delay = 1.00> <Adapter> <Opcode : 'read' 'write' 'readreq' 'writereq' 'writeresp'>
ST_49 : Operation 322 [45/71] (7.30ns)   --->   "%gmem_load_4_req = readreq i1 @_ssdm_op_ReadReq.m_axi.i64P1A, i64 %gmem_addr_4, i32 1" [main.cpp:156]   --->   Operation 322 'readreq' 'gmem_load_4_req' <Predicate = true> <Delay = 7.30> <CoreInst = "m_axi">   --->   Core 121 'm_axi' <Latency = 0> <II = 1> <Delay = 1.00> <Adapter> <Opcode : 'read' 'write' 'readreq' 'writereq' 'writeresp'>

State 50 <SV = 49> <Delay = 7.30>
ST_50 : Operation 323 [42/71] (7.30ns)   --->   "%gmem_load_req = readreq i1 @_ssdm_op_ReadReq.m_axi.i64P1A, i64 %gmem_addr, i32 1" [main.cpp:154]   --->   Operation 323 'readreq' 'gmem_load_req' <Predicate = true> <Delay = 7.30> <CoreInst = "m_axi">   --->   Core 121 'm_axi' <Latency = 0> <II = 1> <Delay = 1.00> <Adapter> <Opcode : 'read' 'write' 'readreq' 'writereq' 'writeresp'>
ST_50 : Operation 324 [43/71] (7.30ns)   --->   "%gmem_load_3_req = readreq i1 @_ssdm_op_ReadReq.m_axi.i64P1A, i64 %gmem_addr_3, i32 1" [main.cpp:155]   --->   Operation 324 'readreq' 'gmem_load_3_req' <Predicate = true> <Delay = 7.30> <CoreInst = "m_axi">   --->   Core 121 'm_axi' <Latency = 0> <II = 1> <Delay = 1.00> <Adapter> <Opcode : 'read' 'write' 'readreq' 'writereq' 'writeresp'>
ST_50 : Operation 325 [44/71] (7.30ns)   --->   "%gmem_load_4_req = readreq i1 @_ssdm_op_ReadReq.m_axi.i64P1A, i64 %gmem_addr_4, i32 1" [main.cpp:156]   --->   Operation 325 'readreq' 'gmem_load_4_req' <Predicate = true> <Delay = 7.30> <CoreInst = "m_axi">   --->   Core 121 'm_axi' <Latency = 0> <II = 1> <Delay = 1.00> <Adapter> <Opcode : 'read' 'write' 'readreq' 'writereq' 'writeresp'>

State 51 <SV = 50> <Delay = 7.30>
ST_51 : Operation 326 [41/71] (7.30ns)   --->   "%gmem_load_req = readreq i1 @_ssdm_op_ReadReq.m_axi.i64P1A, i64 %gmem_addr, i32 1" [main.cpp:154]   --->   Operation 326 'readreq' 'gmem_load_req' <Predicate = true> <Delay = 7.30> <CoreInst = "m_axi">   --->   Core 121 'm_axi' <Latency = 0> <II = 1> <Delay = 1.00> <Adapter> <Opcode : 'read' 'write' 'readreq' 'writereq' 'writeresp'>
ST_51 : Operation 327 [42/71] (7.30ns)   --->   "%gmem_load_3_req = readreq i1 @_ssdm_op_ReadReq.m_axi.i64P1A, i64 %gmem_addr_3, i32 1" [main.cpp:155]   --->   Operation 327 'readreq' 'gmem_load_3_req' <Predicate = true> <Delay = 7.30> <CoreInst = "m_axi">   --->   Core 121 'm_axi' <Latency = 0> <II = 1> <Delay = 1.00> <Adapter> <Opcode : 'read' 'write' 'readreq' 'writereq' 'writeresp'>
ST_51 : Operation 328 [43/71] (7.30ns)   --->   "%gmem_load_4_req = readreq i1 @_ssdm_op_ReadReq.m_axi.i64P1A, i64 %gmem_addr_4, i32 1" [main.cpp:156]   --->   Operation 328 'readreq' 'gmem_load_4_req' <Predicate = true> <Delay = 7.30> <CoreInst = "m_axi">   --->   Core 121 'm_axi' <Latency = 0> <II = 1> <Delay = 1.00> <Adapter> <Opcode : 'read' 'write' 'readreq' 'writereq' 'writeresp'>

State 52 <SV = 51> <Delay = 7.30>
ST_52 : Operation 329 [40/71] (7.30ns)   --->   "%gmem_load_req = readreq i1 @_ssdm_op_ReadReq.m_axi.i64P1A, i64 %gmem_addr, i32 1" [main.cpp:154]   --->   Operation 329 'readreq' 'gmem_load_req' <Predicate = true> <Delay = 7.30> <CoreInst = "m_axi">   --->   Core 121 'm_axi' <Latency = 0> <II = 1> <Delay = 1.00> <Adapter> <Opcode : 'read' 'write' 'readreq' 'writereq' 'writeresp'>
ST_52 : Operation 330 [41/71] (7.30ns)   --->   "%gmem_load_3_req = readreq i1 @_ssdm_op_ReadReq.m_axi.i64P1A, i64 %gmem_addr_3, i32 1" [main.cpp:155]   --->   Operation 330 'readreq' 'gmem_load_3_req' <Predicate = true> <Delay = 7.30> <CoreInst = "m_axi">   --->   Core 121 'm_axi' <Latency = 0> <II = 1> <Delay = 1.00> <Adapter> <Opcode : 'read' 'write' 'readreq' 'writereq' 'writeresp'>
ST_52 : Operation 331 [42/71] (7.30ns)   --->   "%gmem_load_4_req = readreq i1 @_ssdm_op_ReadReq.m_axi.i64P1A, i64 %gmem_addr_4, i32 1" [main.cpp:156]   --->   Operation 331 'readreq' 'gmem_load_4_req' <Predicate = true> <Delay = 7.30> <CoreInst = "m_axi">   --->   Core 121 'm_axi' <Latency = 0> <II = 1> <Delay = 1.00> <Adapter> <Opcode : 'read' 'write' 'readreq' 'writereq' 'writeresp'>

State 53 <SV = 52> <Delay = 7.30>
ST_53 : Operation 332 [39/71] (7.30ns)   --->   "%gmem_load_req = readreq i1 @_ssdm_op_ReadReq.m_axi.i64P1A, i64 %gmem_addr, i32 1" [main.cpp:154]   --->   Operation 332 'readreq' 'gmem_load_req' <Predicate = true> <Delay = 7.30> <CoreInst = "m_axi">   --->   Core 121 'm_axi' <Latency = 0> <II = 1> <Delay = 1.00> <Adapter> <Opcode : 'read' 'write' 'readreq' 'writereq' 'writeresp'>
ST_53 : Operation 333 [40/71] (7.30ns)   --->   "%gmem_load_3_req = readreq i1 @_ssdm_op_ReadReq.m_axi.i64P1A, i64 %gmem_addr_3, i32 1" [main.cpp:155]   --->   Operation 333 'readreq' 'gmem_load_3_req' <Predicate = true> <Delay = 7.30> <CoreInst = "m_axi">   --->   Core 121 'm_axi' <Latency = 0> <II = 1> <Delay = 1.00> <Adapter> <Opcode : 'read' 'write' 'readreq' 'writereq' 'writeresp'>
ST_53 : Operation 334 [41/71] (7.30ns)   --->   "%gmem_load_4_req = readreq i1 @_ssdm_op_ReadReq.m_axi.i64P1A, i64 %gmem_addr_4, i32 1" [main.cpp:156]   --->   Operation 334 'readreq' 'gmem_load_4_req' <Predicate = true> <Delay = 7.30> <CoreInst = "m_axi">   --->   Core 121 'm_axi' <Latency = 0> <II = 1> <Delay = 1.00> <Adapter> <Opcode : 'read' 'write' 'readreq' 'writereq' 'writeresp'>

State 54 <SV = 53> <Delay = 7.30>
ST_54 : Operation 335 [38/71] (7.30ns)   --->   "%gmem_load_req = readreq i1 @_ssdm_op_ReadReq.m_axi.i64P1A, i64 %gmem_addr, i32 1" [main.cpp:154]   --->   Operation 335 'readreq' 'gmem_load_req' <Predicate = true> <Delay = 7.30> <CoreInst = "m_axi">   --->   Core 121 'm_axi' <Latency = 0> <II = 1> <Delay = 1.00> <Adapter> <Opcode : 'read' 'write' 'readreq' 'writereq' 'writeresp'>
ST_54 : Operation 336 [39/71] (7.30ns)   --->   "%gmem_load_3_req = readreq i1 @_ssdm_op_ReadReq.m_axi.i64P1A, i64 %gmem_addr_3, i32 1" [main.cpp:155]   --->   Operation 336 'readreq' 'gmem_load_3_req' <Predicate = true> <Delay = 7.30> <CoreInst = "m_axi">   --->   Core 121 'm_axi' <Latency = 0> <II = 1> <Delay = 1.00> <Adapter> <Opcode : 'read' 'write' 'readreq' 'writereq' 'writeresp'>
ST_54 : Operation 337 [40/71] (7.30ns)   --->   "%gmem_load_4_req = readreq i1 @_ssdm_op_ReadReq.m_axi.i64P1A, i64 %gmem_addr_4, i32 1" [main.cpp:156]   --->   Operation 337 'readreq' 'gmem_load_4_req' <Predicate = true> <Delay = 7.30> <CoreInst = "m_axi">   --->   Core 121 'm_axi' <Latency = 0> <II = 1> <Delay = 1.00> <Adapter> <Opcode : 'read' 'write' 'readreq' 'writereq' 'writeresp'>

State 55 <SV = 54> <Delay = 7.30>
ST_55 : Operation 338 [37/71] (7.30ns)   --->   "%gmem_load_req = readreq i1 @_ssdm_op_ReadReq.m_axi.i64P1A, i64 %gmem_addr, i32 1" [main.cpp:154]   --->   Operation 338 'readreq' 'gmem_load_req' <Predicate = true> <Delay = 7.30> <CoreInst = "m_axi">   --->   Core 121 'm_axi' <Latency = 0> <II = 1> <Delay = 1.00> <Adapter> <Opcode : 'read' 'write' 'readreq' 'writereq' 'writeresp'>
ST_55 : Operation 339 [38/71] (7.30ns)   --->   "%gmem_load_3_req = readreq i1 @_ssdm_op_ReadReq.m_axi.i64P1A, i64 %gmem_addr_3, i32 1" [main.cpp:155]   --->   Operation 339 'readreq' 'gmem_load_3_req' <Predicate = true> <Delay = 7.30> <CoreInst = "m_axi">   --->   Core 121 'm_axi' <Latency = 0> <II = 1> <Delay = 1.00> <Adapter> <Opcode : 'read' 'write' 'readreq' 'writereq' 'writeresp'>
ST_55 : Operation 340 [39/71] (7.30ns)   --->   "%gmem_load_4_req = readreq i1 @_ssdm_op_ReadReq.m_axi.i64P1A, i64 %gmem_addr_4, i32 1" [main.cpp:156]   --->   Operation 340 'readreq' 'gmem_load_4_req' <Predicate = true> <Delay = 7.30> <CoreInst = "m_axi">   --->   Core 121 'm_axi' <Latency = 0> <II = 1> <Delay = 1.00> <Adapter> <Opcode : 'read' 'write' 'readreq' 'writereq' 'writeresp'>

State 56 <SV = 55> <Delay = 7.30>
ST_56 : Operation 341 [36/71] (7.30ns)   --->   "%gmem_load_req = readreq i1 @_ssdm_op_ReadReq.m_axi.i64P1A, i64 %gmem_addr, i32 1" [main.cpp:154]   --->   Operation 341 'readreq' 'gmem_load_req' <Predicate = true> <Delay = 7.30> <CoreInst = "m_axi">   --->   Core 121 'm_axi' <Latency = 0> <II = 1> <Delay = 1.00> <Adapter> <Opcode : 'read' 'write' 'readreq' 'writereq' 'writeresp'>
ST_56 : Operation 342 [37/71] (7.30ns)   --->   "%gmem_load_3_req = readreq i1 @_ssdm_op_ReadReq.m_axi.i64P1A, i64 %gmem_addr_3, i32 1" [main.cpp:155]   --->   Operation 342 'readreq' 'gmem_load_3_req' <Predicate = true> <Delay = 7.30> <CoreInst = "m_axi">   --->   Core 121 'm_axi' <Latency = 0> <II = 1> <Delay = 1.00> <Adapter> <Opcode : 'read' 'write' 'readreq' 'writereq' 'writeresp'>
ST_56 : Operation 343 [38/71] (7.30ns)   --->   "%gmem_load_4_req = readreq i1 @_ssdm_op_ReadReq.m_axi.i64P1A, i64 %gmem_addr_4, i32 1" [main.cpp:156]   --->   Operation 343 'readreq' 'gmem_load_4_req' <Predicate = true> <Delay = 7.30> <CoreInst = "m_axi">   --->   Core 121 'm_axi' <Latency = 0> <II = 1> <Delay = 1.00> <Adapter> <Opcode : 'read' 'write' 'readreq' 'writereq' 'writeresp'>

State 57 <SV = 56> <Delay = 7.30>
ST_57 : Operation 344 [35/71] (7.30ns)   --->   "%gmem_load_req = readreq i1 @_ssdm_op_ReadReq.m_axi.i64P1A, i64 %gmem_addr, i32 1" [main.cpp:154]   --->   Operation 344 'readreq' 'gmem_load_req' <Predicate = true> <Delay = 7.30> <CoreInst = "m_axi">   --->   Core 121 'm_axi' <Latency = 0> <II = 1> <Delay = 1.00> <Adapter> <Opcode : 'read' 'write' 'readreq' 'writereq' 'writeresp'>
ST_57 : Operation 345 [36/71] (7.30ns)   --->   "%gmem_load_3_req = readreq i1 @_ssdm_op_ReadReq.m_axi.i64P1A, i64 %gmem_addr_3, i32 1" [main.cpp:155]   --->   Operation 345 'readreq' 'gmem_load_3_req' <Predicate = true> <Delay = 7.30> <CoreInst = "m_axi">   --->   Core 121 'm_axi' <Latency = 0> <II = 1> <Delay = 1.00> <Adapter> <Opcode : 'read' 'write' 'readreq' 'writereq' 'writeresp'>
ST_57 : Operation 346 [37/71] (7.30ns)   --->   "%gmem_load_4_req = readreq i1 @_ssdm_op_ReadReq.m_axi.i64P1A, i64 %gmem_addr_4, i32 1" [main.cpp:156]   --->   Operation 346 'readreq' 'gmem_load_4_req' <Predicate = true> <Delay = 7.30> <CoreInst = "m_axi">   --->   Core 121 'm_axi' <Latency = 0> <II = 1> <Delay = 1.00> <Adapter> <Opcode : 'read' 'write' 'readreq' 'writereq' 'writeresp'>

State 58 <SV = 57> <Delay = 7.30>
ST_58 : Operation 347 [34/71] (7.30ns)   --->   "%gmem_load_req = readreq i1 @_ssdm_op_ReadReq.m_axi.i64P1A, i64 %gmem_addr, i32 1" [main.cpp:154]   --->   Operation 347 'readreq' 'gmem_load_req' <Predicate = true> <Delay = 7.30> <CoreInst = "m_axi">   --->   Core 121 'm_axi' <Latency = 0> <II = 1> <Delay = 1.00> <Adapter> <Opcode : 'read' 'write' 'readreq' 'writereq' 'writeresp'>
ST_58 : Operation 348 [35/71] (7.30ns)   --->   "%gmem_load_3_req = readreq i1 @_ssdm_op_ReadReq.m_axi.i64P1A, i64 %gmem_addr_3, i32 1" [main.cpp:155]   --->   Operation 348 'readreq' 'gmem_load_3_req' <Predicate = true> <Delay = 7.30> <CoreInst = "m_axi">   --->   Core 121 'm_axi' <Latency = 0> <II = 1> <Delay = 1.00> <Adapter> <Opcode : 'read' 'write' 'readreq' 'writereq' 'writeresp'>
ST_58 : Operation 349 [36/71] (7.30ns)   --->   "%gmem_load_4_req = readreq i1 @_ssdm_op_ReadReq.m_axi.i64P1A, i64 %gmem_addr_4, i32 1" [main.cpp:156]   --->   Operation 349 'readreq' 'gmem_load_4_req' <Predicate = true> <Delay = 7.30> <CoreInst = "m_axi">   --->   Core 121 'm_axi' <Latency = 0> <II = 1> <Delay = 1.00> <Adapter> <Opcode : 'read' 'write' 'readreq' 'writereq' 'writeresp'>

State 59 <SV = 58> <Delay = 7.30>
ST_59 : Operation 350 [33/71] (7.30ns)   --->   "%gmem_load_req = readreq i1 @_ssdm_op_ReadReq.m_axi.i64P1A, i64 %gmem_addr, i32 1" [main.cpp:154]   --->   Operation 350 'readreq' 'gmem_load_req' <Predicate = true> <Delay = 7.30> <CoreInst = "m_axi">   --->   Core 121 'm_axi' <Latency = 0> <II = 1> <Delay = 1.00> <Adapter> <Opcode : 'read' 'write' 'readreq' 'writereq' 'writeresp'>
ST_59 : Operation 351 [34/71] (7.30ns)   --->   "%gmem_load_3_req = readreq i1 @_ssdm_op_ReadReq.m_axi.i64P1A, i64 %gmem_addr_3, i32 1" [main.cpp:155]   --->   Operation 351 'readreq' 'gmem_load_3_req' <Predicate = true> <Delay = 7.30> <CoreInst = "m_axi">   --->   Core 121 'm_axi' <Latency = 0> <II = 1> <Delay = 1.00> <Adapter> <Opcode : 'read' 'write' 'readreq' 'writereq' 'writeresp'>
ST_59 : Operation 352 [35/71] (7.30ns)   --->   "%gmem_load_4_req = readreq i1 @_ssdm_op_ReadReq.m_axi.i64P1A, i64 %gmem_addr_4, i32 1" [main.cpp:156]   --->   Operation 352 'readreq' 'gmem_load_4_req' <Predicate = true> <Delay = 7.30> <CoreInst = "m_axi">   --->   Core 121 'm_axi' <Latency = 0> <II = 1> <Delay = 1.00> <Adapter> <Opcode : 'read' 'write' 'readreq' 'writereq' 'writeresp'>

State 60 <SV = 59> <Delay = 7.30>
ST_60 : Operation 353 [32/71] (7.30ns)   --->   "%gmem_load_req = readreq i1 @_ssdm_op_ReadReq.m_axi.i64P1A, i64 %gmem_addr, i32 1" [main.cpp:154]   --->   Operation 353 'readreq' 'gmem_load_req' <Predicate = true> <Delay = 7.30> <CoreInst = "m_axi">   --->   Core 121 'm_axi' <Latency = 0> <II = 1> <Delay = 1.00> <Adapter> <Opcode : 'read' 'write' 'readreq' 'writereq' 'writeresp'>
ST_60 : Operation 354 [33/71] (7.30ns)   --->   "%gmem_load_3_req = readreq i1 @_ssdm_op_ReadReq.m_axi.i64P1A, i64 %gmem_addr_3, i32 1" [main.cpp:155]   --->   Operation 354 'readreq' 'gmem_load_3_req' <Predicate = true> <Delay = 7.30> <CoreInst = "m_axi">   --->   Core 121 'm_axi' <Latency = 0> <II = 1> <Delay = 1.00> <Adapter> <Opcode : 'read' 'write' 'readreq' 'writereq' 'writeresp'>
ST_60 : Operation 355 [34/71] (7.30ns)   --->   "%gmem_load_4_req = readreq i1 @_ssdm_op_ReadReq.m_axi.i64P1A, i64 %gmem_addr_4, i32 1" [main.cpp:156]   --->   Operation 355 'readreq' 'gmem_load_4_req' <Predicate = true> <Delay = 7.30> <CoreInst = "m_axi">   --->   Core 121 'm_axi' <Latency = 0> <II = 1> <Delay = 1.00> <Adapter> <Opcode : 'read' 'write' 'readreq' 'writereq' 'writeresp'>

State 61 <SV = 60> <Delay = 7.30>
ST_61 : Operation 356 [31/71] (7.30ns)   --->   "%gmem_load_req = readreq i1 @_ssdm_op_ReadReq.m_axi.i64P1A, i64 %gmem_addr, i32 1" [main.cpp:154]   --->   Operation 356 'readreq' 'gmem_load_req' <Predicate = true> <Delay = 7.30> <CoreInst = "m_axi">   --->   Core 121 'm_axi' <Latency = 0> <II = 1> <Delay = 1.00> <Adapter> <Opcode : 'read' 'write' 'readreq' 'writereq' 'writeresp'>
ST_61 : Operation 357 [32/71] (7.30ns)   --->   "%gmem_load_3_req = readreq i1 @_ssdm_op_ReadReq.m_axi.i64P1A, i64 %gmem_addr_3, i32 1" [main.cpp:155]   --->   Operation 357 'readreq' 'gmem_load_3_req' <Predicate = true> <Delay = 7.30> <CoreInst = "m_axi">   --->   Core 121 'm_axi' <Latency = 0> <II = 1> <Delay = 1.00> <Adapter> <Opcode : 'read' 'write' 'readreq' 'writereq' 'writeresp'>
ST_61 : Operation 358 [33/71] (7.30ns)   --->   "%gmem_load_4_req = readreq i1 @_ssdm_op_ReadReq.m_axi.i64P1A, i64 %gmem_addr_4, i32 1" [main.cpp:156]   --->   Operation 358 'readreq' 'gmem_load_4_req' <Predicate = true> <Delay = 7.30> <CoreInst = "m_axi">   --->   Core 121 'm_axi' <Latency = 0> <II = 1> <Delay = 1.00> <Adapter> <Opcode : 'read' 'write' 'readreq' 'writereq' 'writeresp'>

State 62 <SV = 61> <Delay = 7.30>
ST_62 : Operation 359 [30/71] (7.30ns)   --->   "%gmem_load_req = readreq i1 @_ssdm_op_ReadReq.m_axi.i64P1A, i64 %gmem_addr, i32 1" [main.cpp:154]   --->   Operation 359 'readreq' 'gmem_load_req' <Predicate = true> <Delay = 7.30> <CoreInst = "m_axi">   --->   Core 121 'm_axi' <Latency = 0> <II = 1> <Delay = 1.00> <Adapter> <Opcode : 'read' 'write' 'readreq' 'writereq' 'writeresp'>
ST_62 : Operation 360 [31/71] (7.30ns)   --->   "%gmem_load_3_req = readreq i1 @_ssdm_op_ReadReq.m_axi.i64P1A, i64 %gmem_addr_3, i32 1" [main.cpp:155]   --->   Operation 360 'readreq' 'gmem_load_3_req' <Predicate = true> <Delay = 7.30> <CoreInst = "m_axi">   --->   Core 121 'm_axi' <Latency = 0> <II = 1> <Delay = 1.00> <Adapter> <Opcode : 'read' 'write' 'readreq' 'writereq' 'writeresp'>
ST_62 : Operation 361 [32/71] (7.30ns)   --->   "%gmem_load_4_req = readreq i1 @_ssdm_op_ReadReq.m_axi.i64P1A, i64 %gmem_addr_4, i32 1" [main.cpp:156]   --->   Operation 361 'readreq' 'gmem_load_4_req' <Predicate = true> <Delay = 7.30> <CoreInst = "m_axi">   --->   Core 121 'm_axi' <Latency = 0> <II = 1> <Delay = 1.00> <Adapter> <Opcode : 'read' 'write' 'readreq' 'writereq' 'writeresp'>

State 63 <SV = 62> <Delay = 7.30>
ST_63 : Operation 362 [29/71] (7.30ns)   --->   "%gmem_load_req = readreq i1 @_ssdm_op_ReadReq.m_axi.i64P1A, i64 %gmem_addr, i32 1" [main.cpp:154]   --->   Operation 362 'readreq' 'gmem_load_req' <Predicate = true> <Delay = 7.30> <CoreInst = "m_axi">   --->   Core 121 'm_axi' <Latency = 0> <II = 1> <Delay = 1.00> <Adapter> <Opcode : 'read' 'write' 'readreq' 'writereq' 'writeresp'>
ST_63 : Operation 363 [30/71] (7.30ns)   --->   "%gmem_load_3_req = readreq i1 @_ssdm_op_ReadReq.m_axi.i64P1A, i64 %gmem_addr_3, i32 1" [main.cpp:155]   --->   Operation 363 'readreq' 'gmem_load_3_req' <Predicate = true> <Delay = 7.30> <CoreInst = "m_axi">   --->   Core 121 'm_axi' <Latency = 0> <II = 1> <Delay = 1.00> <Adapter> <Opcode : 'read' 'write' 'readreq' 'writereq' 'writeresp'>
ST_63 : Operation 364 [31/71] (7.30ns)   --->   "%gmem_load_4_req = readreq i1 @_ssdm_op_ReadReq.m_axi.i64P1A, i64 %gmem_addr_4, i32 1" [main.cpp:156]   --->   Operation 364 'readreq' 'gmem_load_4_req' <Predicate = true> <Delay = 7.30> <CoreInst = "m_axi">   --->   Core 121 'm_axi' <Latency = 0> <II = 1> <Delay = 1.00> <Adapter> <Opcode : 'read' 'write' 'readreq' 'writereq' 'writeresp'>

State 64 <SV = 63> <Delay = 7.30>
ST_64 : Operation 365 [28/71] (7.30ns)   --->   "%gmem_load_req = readreq i1 @_ssdm_op_ReadReq.m_axi.i64P1A, i64 %gmem_addr, i32 1" [main.cpp:154]   --->   Operation 365 'readreq' 'gmem_load_req' <Predicate = true> <Delay = 7.30> <CoreInst = "m_axi">   --->   Core 121 'm_axi' <Latency = 0> <II = 1> <Delay = 1.00> <Adapter> <Opcode : 'read' 'write' 'readreq' 'writereq' 'writeresp'>
ST_64 : Operation 366 [29/71] (7.30ns)   --->   "%gmem_load_3_req = readreq i1 @_ssdm_op_ReadReq.m_axi.i64P1A, i64 %gmem_addr_3, i32 1" [main.cpp:155]   --->   Operation 366 'readreq' 'gmem_load_3_req' <Predicate = true> <Delay = 7.30> <CoreInst = "m_axi">   --->   Core 121 'm_axi' <Latency = 0> <II = 1> <Delay = 1.00> <Adapter> <Opcode : 'read' 'write' 'readreq' 'writereq' 'writeresp'>
ST_64 : Operation 367 [30/71] (7.30ns)   --->   "%gmem_load_4_req = readreq i1 @_ssdm_op_ReadReq.m_axi.i64P1A, i64 %gmem_addr_4, i32 1" [main.cpp:156]   --->   Operation 367 'readreq' 'gmem_load_4_req' <Predicate = true> <Delay = 7.30> <CoreInst = "m_axi">   --->   Core 121 'm_axi' <Latency = 0> <II = 1> <Delay = 1.00> <Adapter> <Opcode : 'read' 'write' 'readreq' 'writereq' 'writeresp'>

State 65 <SV = 64> <Delay = 7.30>
ST_65 : Operation 368 [27/71] (7.30ns)   --->   "%gmem_load_req = readreq i1 @_ssdm_op_ReadReq.m_axi.i64P1A, i64 %gmem_addr, i32 1" [main.cpp:154]   --->   Operation 368 'readreq' 'gmem_load_req' <Predicate = true> <Delay = 7.30> <CoreInst = "m_axi">   --->   Core 121 'm_axi' <Latency = 0> <II = 1> <Delay = 1.00> <Adapter> <Opcode : 'read' 'write' 'readreq' 'writereq' 'writeresp'>
ST_65 : Operation 369 [28/71] (7.30ns)   --->   "%gmem_load_3_req = readreq i1 @_ssdm_op_ReadReq.m_axi.i64P1A, i64 %gmem_addr_3, i32 1" [main.cpp:155]   --->   Operation 369 'readreq' 'gmem_load_3_req' <Predicate = true> <Delay = 7.30> <CoreInst = "m_axi">   --->   Core 121 'm_axi' <Latency = 0> <II = 1> <Delay = 1.00> <Adapter> <Opcode : 'read' 'write' 'readreq' 'writereq' 'writeresp'>
ST_65 : Operation 370 [29/71] (7.30ns)   --->   "%gmem_load_4_req = readreq i1 @_ssdm_op_ReadReq.m_axi.i64P1A, i64 %gmem_addr_4, i32 1" [main.cpp:156]   --->   Operation 370 'readreq' 'gmem_load_4_req' <Predicate = true> <Delay = 7.30> <CoreInst = "m_axi">   --->   Core 121 'm_axi' <Latency = 0> <II = 1> <Delay = 1.00> <Adapter> <Opcode : 'read' 'write' 'readreq' 'writereq' 'writeresp'>

State 66 <SV = 65> <Delay = 7.30>
ST_66 : Operation 371 [26/71] (7.30ns)   --->   "%gmem_load_req = readreq i1 @_ssdm_op_ReadReq.m_axi.i64P1A, i64 %gmem_addr, i32 1" [main.cpp:154]   --->   Operation 371 'readreq' 'gmem_load_req' <Predicate = true> <Delay = 7.30> <CoreInst = "m_axi">   --->   Core 121 'm_axi' <Latency = 0> <II = 1> <Delay = 1.00> <Adapter> <Opcode : 'read' 'write' 'readreq' 'writereq' 'writeresp'>
ST_66 : Operation 372 [27/71] (7.30ns)   --->   "%gmem_load_3_req = readreq i1 @_ssdm_op_ReadReq.m_axi.i64P1A, i64 %gmem_addr_3, i32 1" [main.cpp:155]   --->   Operation 372 'readreq' 'gmem_load_3_req' <Predicate = true> <Delay = 7.30> <CoreInst = "m_axi">   --->   Core 121 'm_axi' <Latency = 0> <II = 1> <Delay = 1.00> <Adapter> <Opcode : 'read' 'write' 'readreq' 'writereq' 'writeresp'>
ST_66 : Operation 373 [28/71] (7.30ns)   --->   "%gmem_load_4_req = readreq i1 @_ssdm_op_ReadReq.m_axi.i64P1A, i64 %gmem_addr_4, i32 1" [main.cpp:156]   --->   Operation 373 'readreq' 'gmem_load_4_req' <Predicate = true> <Delay = 7.30> <CoreInst = "m_axi">   --->   Core 121 'm_axi' <Latency = 0> <II = 1> <Delay = 1.00> <Adapter> <Opcode : 'read' 'write' 'readreq' 'writereq' 'writeresp'>

State 67 <SV = 66> <Delay = 7.30>
ST_67 : Operation 374 [25/71] (7.30ns)   --->   "%gmem_load_req = readreq i1 @_ssdm_op_ReadReq.m_axi.i64P1A, i64 %gmem_addr, i32 1" [main.cpp:154]   --->   Operation 374 'readreq' 'gmem_load_req' <Predicate = true> <Delay = 7.30> <CoreInst = "m_axi">   --->   Core 121 'm_axi' <Latency = 0> <II = 1> <Delay = 1.00> <Adapter> <Opcode : 'read' 'write' 'readreq' 'writereq' 'writeresp'>
ST_67 : Operation 375 [26/71] (7.30ns)   --->   "%gmem_load_3_req = readreq i1 @_ssdm_op_ReadReq.m_axi.i64P1A, i64 %gmem_addr_3, i32 1" [main.cpp:155]   --->   Operation 375 'readreq' 'gmem_load_3_req' <Predicate = true> <Delay = 7.30> <CoreInst = "m_axi">   --->   Core 121 'm_axi' <Latency = 0> <II = 1> <Delay = 1.00> <Adapter> <Opcode : 'read' 'write' 'readreq' 'writereq' 'writeresp'>
ST_67 : Operation 376 [27/71] (7.30ns)   --->   "%gmem_load_4_req = readreq i1 @_ssdm_op_ReadReq.m_axi.i64P1A, i64 %gmem_addr_4, i32 1" [main.cpp:156]   --->   Operation 376 'readreq' 'gmem_load_4_req' <Predicate = true> <Delay = 7.30> <CoreInst = "m_axi">   --->   Core 121 'm_axi' <Latency = 0> <II = 1> <Delay = 1.00> <Adapter> <Opcode : 'read' 'write' 'readreq' 'writereq' 'writeresp'>

State 68 <SV = 67> <Delay = 7.30>
ST_68 : Operation 377 [24/71] (7.30ns)   --->   "%gmem_load_req = readreq i1 @_ssdm_op_ReadReq.m_axi.i64P1A, i64 %gmem_addr, i32 1" [main.cpp:154]   --->   Operation 377 'readreq' 'gmem_load_req' <Predicate = true> <Delay = 7.30> <CoreInst = "m_axi">   --->   Core 121 'm_axi' <Latency = 0> <II = 1> <Delay = 1.00> <Adapter> <Opcode : 'read' 'write' 'readreq' 'writereq' 'writeresp'>
ST_68 : Operation 378 [25/71] (7.30ns)   --->   "%gmem_load_3_req = readreq i1 @_ssdm_op_ReadReq.m_axi.i64P1A, i64 %gmem_addr_3, i32 1" [main.cpp:155]   --->   Operation 378 'readreq' 'gmem_load_3_req' <Predicate = true> <Delay = 7.30> <CoreInst = "m_axi">   --->   Core 121 'm_axi' <Latency = 0> <II = 1> <Delay = 1.00> <Adapter> <Opcode : 'read' 'write' 'readreq' 'writereq' 'writeresp'>
ST_68 : Operation 379 [26/71] (7.30ns)   --->   "%gmem_load_4_req = readreq i1 @_ssdm_op_ReadReq.m_axi.i64P1A, i64 %gmem_addr_4, i32 1" [main.cpp:156]   --->   Operation 379 'readreq' 'gmem_load_4_req' <Predicate = true> <Delay = 7.30> <CoreInst = "m_axi">   --->   Core 121 'm_axi' <Latency = 0> <II = 1> <Delay = 1.00> <Adapter> <Opcode : 'read' 'write' 'readreq' 'writereq' 'writeresp'>

State 69 <SV = 68> <Delay = 7.30>
ST_69 : Operation 380 [23/71] (7.30ns)   --->   "%gmem_load_req = readreq i1 @_ssdm_op_ReadReq.m_axi.i64P1A, i64 %gmem_addr, i32 1" [main.cpp:154]   --->   Operation 380 'readreq' 'gmem_load_req' <Predicate = true> <Delay = 7.30> <CoreInst = "m_axi">   --->   Core 121 'm_axi' <Latency = 0> <II = 1> <Delay = 1.00> <Adapter> <Opcode : 'read' 'write' 'readreq' 'writereq' 'writeresp'>
ST_69 : Operation 381 [24/71] (7.30ns)   --->   "%gmem_load_3_req = readreq i1 @_ssdm_op_ReadReq.m_axi.i64P1A, i64 %gmem_addr_3, i32 1" [main.cpp:155]   --->   Operation 381 'readreq' 'gmem_load_3_req' <Predicate = true> <Delay = 7.30> <CoreInst = "m_axi">   --->   Core 121 'm_axi' <Latency = 0> <II = 1> <Delay = 1.00> <Adapter> <Opcode : 'read' 'write' 'readreq' 'writereq' 'writeresp'>
ST_69 : Operation 382 [25/71] (7.30ns)   --->   "%gmem_load_4_req = readreq i1 @_ssdm_op_ReadReq.m_axi.i64P1A, i64 %gmem_addr_4, i32 1" [main.cpp:156]   --->   Operation 382 'readreq' 'gmem_load_4_req' <Predicate = true> <Delay = 7.30> <CoreInst = "m_axi">   --->   Core 121 'm_axi' <Latency = 0> <II = 1> <Delay = 1.00> <Adapter> <Opcode : 'read' 'write' 'readreq' 'writereq' 'writeresp'>

State 70 <SV = 69> <Delay = 7.30>
ST_70 : Operation 383 [22/71] (7.30ns)   --->   "%gmem_load_req = readreq i1 @_ssdm_op_ReadReq.m_axi.i64P1A, i64 %gmem_addr, i32 1" [main.cpp:154]   --->   Operation 383 'readreq' 'gmem_load_req' <Predicate = true> <Delay = 7.30> <CoreInst = "m_axi">   --->   Core 121 'm_axi' <Latency = 0> <II = 1> <Delay = 1.00> <Adapter> <Opcode : 'read' 'write' 'readreq' 'writereq' 'writeresp'>
ST_70 : Operation 384 [23/71] (7.30ns)   --->   "%gmem_load_3_req = readreq i1 @_ssdm_op_ReadReq.m_axi.i64P1A, i64 %gmem_addr_3, i32 1" [main.cpp:155]   --->   Operation 384 'readreq' 'gmem_load_3_req' <Predicate = true> <Delay = 7.30> <CoreInst = "m_axi">   --->   Core 121 'm_axi' <Latency = 0> <II = 1> <Delay = 1.00> <Adapter> <Opcode : 'read' 'write' 'readreq' 'writereq' 'writeresp'>
ST_70 : Operation 385 [24/71] (7.30ns)   --->   "%gmem_load_4_req = readreq i1 @_ssdm_op_ReadReq.m_axi.i64P1A, i64 %gmem_addr_4, i32 1" [main.cpp:156]   --->   Operation 385 'readreq' 'gmem_load_4_req' <Predicate = true> <Delay = 7.30> <CoreInst = "m_axi">   --->   Core 121 'm_axi' <Latency = 0> <II = 1> <Delay = 1.00> <Adapter> <Opcode : 'read' 'write' 'readreq' 'writereq' 'writeresp'>

State 71 <SV = 70> <Delay = 7.30>
ST_71 : Operation 386 [21/71] (7.30ns)   --->   "%gmem_load_req = readreq i1 @_ssdm_op_ReadReq.m_axi.i64P1A, i64 %gmem_addr, i32 1" [main.cpp:154]   --->   Operation 386 'readreq' 'gmem_load_req' <Predicate = true> <Delay = 7.30> <CoreInst = "m_axi">   --->   Core 121 'm_axi' <Latency = 0> <II = 1> <Delay = 1.00> <Adapter> <Opcode : 'read' 'write' 'readreq' 'writereq' 'writeresp'>
ST_71 : Operation 387 [22/71] (7.30ns)   --->   "%gmem_load_3_req = readreq i1 @_ssdm_op_ReadReq.m_axi.i64P1A, i64 %gmem_addr_3, i32 1" [main.cpp:155]   --->   Operation 387 'readreq' 'gmem_load_3_req' <Predicate = true> <Delay = 7.30> <CoreInst = "m_axi">   --->   Core 121 'm_axi' <Latency = 0> <II = 1> <Delay = 1.00> <Adapter> <Opcode : 'read' 'write' 'readreq' 'writereq' 'writeresp'>
ST_71 : Operation 388 [23/71] (7.30ns)   --->   "%gmem_load_4_req = readreq i1 @_ssdm_op_ReadReq.m_axi.i64P1A, i64 %gmem_addr_4, i32 1" [main.cpp:156]   --->   Operation 388 'readreq' 'gmem_load_4_req' <Predicate = true> <Delay = 7.30> <CoreInst = "m_axi">   --->   Core 121 'm_axi' <Latency = 0> <II = 1> <Delay = 1.00> <Adapter> <Opcode : 'read' 'write' 'readreq' 'writereq' 'writeresp'>

State 72 <SV = 71> <Delay = 7.30>
ST_72 : Operation 389 [20/71] (7.30ns)   --->   "%gmem_load_req = readreq i1 @_ssdm_op_ReadReq.m_axi.i64P1A, i64 %gmem_addr, i32 1" [main.cpp:154]   --->   Operation 389 'readreq' 'gmem_load_req' <Predicate = true> <Delay = 7.30> <CoreInst = "m_axi">   --->   Core 121 'm_axi' <Latency = 0> <II = 1> <Delay = 1.00> <Adapter> <Opcode : 'read' 'write' 'readreq' 'writereq' 'writeresp'>
ST_72 : Operation 390 [21/71] (7.30ns)   --->   "%gmem_load_3_req = readreq i1 @_ssdm_op_ReadReq.m_axi.i64P1A, i64 %gmem_addr_3, i32 1" [main.cpp:155]   --->   Operation 390 'readreq' 'gmem_load_3_req' <Predicate = true> <Delay = 7.30> <CoreInst = "m_axi">   --->   Core 121 'm_axi' <Latency = 0> <II = 1> <Delay = 1.00> <Adapter> <Opcode : 'read' 'write' 'readreq' 'writereq' 'writeresp'>
ST_72 : Operation 391 [22/71] (7.30ns)   --->   "%gmem_load_4_req = readreq i1 @_ssdm_op_ReadReq.m_axi.i64P1A, i64 %gmem_addr_4, i32 1" [main.cpp:156]   --->   Operation 391 'readreq' 'gmem_load_4_req' <Predicate = true> <Delay = 7.30> <CoreInst = "m_axi">   --->   Core 121 'm_axi' <Latency = 0> <II = 1> <Delay = 1.00> <Adapter> <Opcode : 'read' 'write' 'readreq' 'writereq' 'writeresp'>

State 73 <SV = 72> <Delay = 7.30>
ST_73 : Operation 392 [19/71] (7.30ns)   --->   "%gmem_load_req = readreq i1 @_ssdm_op_ReadReq.m_axi.i64P1A, i64 %gmem_addr, i32 1" [main.cpp:154]   --->   Operation 392 'readreq' 'gmem_load_req' <Predicate = true> <Delay = 7.30> <CoreInst = "m_axi">   --->   Core 121 'm_axi' <Latency = 0> <II = 1> <Delay = 1.00> <Adapter> <Opcode : 'read' 'write' 'readreq' 'writereq' 'writeresp'>
ST_73 : Operation 393 [20/71] (7.30ns)   --->   "%gmem_load_3_req = readreq i1 @_ssdm_op_ReadReq.m_axi.i64P1A, i64 %gmem_addr_3, i32 1" [main.cpp:155]   --->   Operation 393 'readreq' 'gmem_load_3_req' <Predicate = true> <Delay = 7.30> <CoreInst = "m_axi">   --->   Core 121 'm_axi' <Latency = 0> <II = 1> <Delay = 1.00> <Adapter> <Opcode : 'read' 'write' 'readreq' 'writereq' 'writeresp'>
ST_73 : Operation 394 [21/71] (7.30ns)   --->   "%gmem_load_4_req = readreq i1 @_ssdm_op_ReadReq.m_axi.i64P1A, i64 %gmem_addr_4, i32 1" [main.cpp:156]   --->   Operation 394 'readreq' 'gmem_load_4_req' <Predicate = true> <Delay = 7.30> <CoreInst = "m_axi">   --->   Core 121 'm_axi' <Latency = 0> <II = 1> <Delay = 1.00> <Adapter> <Opcode : 'read' 'write' 'readreq' 'writereq' 'writeresp'>

State 74 <SV = 73> <Delay = 7.30>
ST_74 : Operation 395 [18/71] (7.30ns)   --->   "%gmem_load_req = readreq i1 @_ssdm_op_ReadReq.m_axi.i64P1A, i64 %gmem_addr, i32 1" [main.cpp:154]   --->   Operation 395 'readreq' 'gmem_load_req' <Predicate = true> <Delay = 7.30> <CoreInst = "m_axi">   --->   Core 121 'm_axi' <Latency = 0> <II = 1> <Delay = 1.00> <Adapter> <Opcode : 'read' 'write' 'readreq' 'writereq' 'writeresp'>
ST_74 : Operation 396 [19/71] (7.30ns)   --->   "%gmem_load_3_req = readreq i1 @_ssdm_op_ReadReq.m_axi.i64P1A, i64 %gmem_addr_3, i32 1" [main.cpp:155]   --->   Operation 396 'readreq' 'gmem_load_3_req' <Predicate = true> <Delay = 7.30> <CoreInst = "m_axi">   --->   Core 121 'm_axi' <Latency = 0> <II = 1> <Delay = 1.00> <Adapter> <Opcode : 'read' 'write' 'readreq' 'writereq' 'writeresp'>
ST_74 : Operation 397 [20/71] (7.30ns)   --->   "%gmem_load_4_req = readreq i1 @_ssdm_op_ReadReq.m_axi.i64P1A, i64 %gmem_addr_4, i32 1" [main.cpp:156]   --->   Operation 397 'readreq' 'gmem_load_4_req' <Predicate = true> <Delay = 7.30> <CoreInst = "m_axi">   --->   Core 121 'm_axi' <Latency = 0> <II = 1> <Delay = 1.00> <Adapter> <Opcode : 'read' 'write' 'readreq' 'writereq' 'writeresp'>

State 75 <SV = 74> <Delay = 7.30>
ST_75 : Operation 398 [17/71] (7.30ns)   --->   "%gmem_load_req = readreq i1 @_ssdm_op_ReadReq.m_axi.i64P1A, i64 %gmem_addr, i32 1" [main.cpp:154]   --->   Operation 398 'readreq' 'gmem_load_req' <Predicate = true> <Delay = 7.30> <CoreInst = "m_axi">   --->   Core 121 'm_axi' <Latency = 0> <II = 1> <Delay = 1.00> <Adapter> <Opcode : 'read' 'write' 'readreq' 'writereq' 'writeresp'>
ST_75 : Operation 399 [18/71] (7.30ns)   --->   "%gmem_load_3_req = readreq i1 @_ssdm_op_ReadReq.m_axi.i64P1A, i64 %gmem_addr_3, i32 1" [main.cpp:155]   --->   Operation 399 'readreq' 'gmem_load_3_req' <Predicate = true> <Delay = 7.30> <CoreInst = "m_axi">   --->   Core 121 'm_axi' <Latency = 0> <II = 1> <Delay = 1.00> <Adapter> <Opcode : 'read' 'write' 'readreq' 'writereq' 'writeresp'>
ST_75 : Operation 400 [19/71] (7.30ns)   --->   "%gmem_load_4_req = readreq i1 @_ssdm_op_ReadReq.m_axi.i64P1A, i64 %gmem_addr_4, i32 1" [main.cpp:156]   --->   Operation 400 'readreq' 'gmem_load_4_req' <Predicate = true> <Delay = 7.30> <CoreInst = "m_axi">   --->   Core 121 'm_axi' <Latency = 0> <II = 1> <Delay = 1.00> <Adapter> <Opcode : 'read' 'write' 'readreq' 'writereq' 'writeresp'>

State 76 <SV = 75> <Delay = 7.30>
ST_76 : Operation 401 [16/71] (7.30ns)   --->   "%gmem_load_req = readreq i1 @_ssdm_op_ReadReq.m_axi.i64P1A, i64 %gmem_addr, i32 1" [main.cpp:154]   --->   Operation 401 'readreq' 'gmem_load_req' <Predicate = true> <Delay = 7.30> <CoreInst = "m_axi">   --->   Core 121 'm_axi' <Latency = 0> <II = 1> <Delay = 1.00> <Adapter> <Opcode : 'read' 'write' 'readreq' 'writereq' 'writeresp'>
ST_76 : Operation 402 [17/71] (7.30ns)   --->   "%gmem_load_3_req = readreq i1 @_ssdm_op_ReadReq.m_axi.i64P1A, i64 %gmem_addr_3, i32 1" [main.cpp:155]   --->   Operation 402 'readreq' 'gmem_load_3_req' <Predicate = true> <Delay = 7.30> <CoreInst = "m_axi">   --->   Core 121 'm_axi' <Latency = 0> <II = 1> <Delay = 1.00> <Adapter> <Opcode : 'read' 'write' 'readreq' 'writereq' 'writeresp'>
ST_76 : Operation 403 [18/71] (7.30ns)   --->   "%gmem_load_4_req = readreq i1 @_ssdm_op_ReadReq.m_axi.i64P1A, i64 %gmem_addr_4, i32 1" [main.cpp:156]   --->   Operation 403 'readreq' 'gmem_load_4_req' <Predicate = true> <Delay = 7.30> <CoreInst = "m_axi">   --->   Core 121 'm_axi' <Latency = 0> <II = 1> <Delay = 1.00> <Adapter> <Opcode : 'read' 'write' 'readreq' 'writereq' 'writeresp'>

State 77 <SV = 76> <Delay = 7.30>
ST_77 : Operation 404 [15/71] (7.30ns)   --->   "%gmem_load_req = readreq i1 @_ssdm_op_ReadReq.m_axi.i64P1A, i64 %gmem_addr, i32 1" [main.cpp:154]   --->   Operation 404 'readreq' 'gmem_load_req' <Predicate = true> <Delay = 7.30> <CoreInst = "m_axi">   --->   Core 121 'm_axi' <Latency = 0> <II = 1> <Delay = 1.00> <Adapter> <Opcode : 'read' 'write' 'readreq' 'writereq' 'writeresp'>
ST_77 : Operation 405 [16/71] (7.30ns)   --->   "%gmem_load_3_req = readreq i1 @_ssdm_op_ReadReq.m_axi.i64P1A, i64 %gmem_addr_3, i32 1" [main.cpp:155]   --->   Operation 405 'readreq' 'gmem_load_3_req' <Predicate = true> <Delay = 7.30> <CoreInst = "m_axi">   --->   Core 121 'm_axi' <Latency = 0> <II = 1> <Delay = 1.00> <Adapter> <Opcode : 'read' 'write' 'readreq' 'writereq' 'writeresp'>
ST_77 : Operation 406 [17/71] (7.30ns)   --->   "%gmem_load_4_req = readreq i1 @_ssdm_op_ReadReq.m_axi.i64P1A, i64 %gmem_addr_4, i32 1" [main.cpp:156]   --->   Operation 406 'readreq' 'gmem_load_4_req' <Predicate = true> <Delay = 7.30> <CoreInst = "m_axi">   --->   Core 121 'm_axi' <Latency = 0> <II = 1> <Delay = 1.00> <Adapter> <Opcode : 'read' 'write' 'readreq' 'writereq' 'writeresp'>

State 78 <SV = 77> <Delay = 7.30>
ST_78 : Operation 407 [14/71] (7.30ns)   --->   "%gmem_load_req = readreq i1 @_ssdm_op_ReadReq.m_axi.i64P1A, i64 %gmem_addr, i32 1" [main.cpp:154]   --->   Operation 407 'readreq' 'gmem_load_req' <Predicate = true> <Delay = 7.30> <CoreInst = "m_axi">   --->   Core 121 'm_axi' <Latency = 0> <II = 1> <Delay = 1.00> <Adapter> <Opcode : 'read' 'write' 'readreq' 'writereq' 'writeresp'>
ST_78 : Operation 408 [15/71] (7.30ns)   --->   "%gmem_load_3_req = readreq i1 @_ssdm_op_ReadReq.m_axi.i64P1A, i64 %gmem_addr_3, i32 1" [main.cpp:155]   --->   Operation 408 'readreq' 'gmem_load_3_req' <Predicate = true> <Delay = 7.30> <CoreInst = "m_axi">   --->   Core 121 'm_axi' <Latency = 0> <II = 1> <Delay = 1.00> <Adapter> <Opcode : 'read' 'write' 'readreq' 'writereq' 'writeresp'>
ST_78 : Operation 409 [16/71] (7.30ns)   --->   "%gmem_load_4_req = readreq i1 @_ssdm_op_ReadReq.m_axi.i64P1A, i64 %gmem_addr_4, i32 1" [main.cpp:156]   --->   Operation 409 'readreq' 'gmem_load_4_req' <Predicate = true> <Delay = 7.30> <CoreInst = "m_axi">   --->   Core 121 'm_axi' <Latency = 0> <II = 1> <Delay = 1.00> <Adapter> <Opcode : 'read' 'write' 'readreq' 'writereq' 'writeresp'>

State 79 <SV = 78> <Delay = 7.30>
ST_79 : Operation 410 [13/71] (7.30ns)   --->   "%gmem_load_req = readreq i1 @_ssdm_op_ReadReq.m_axi.i64P1A, i64 %gmem_addr, i32 1" [main.cpp:154]   --->   Operation 410 'readreq' 'gmem_load_req' <Predicate = true> <Delay = 7.30> <CoreInst = "m_axi">   --->   Core 121 'm_axi' <Latency = 0> <II = 1> <Delay = 1.00> <Adapter> <Opcode : 'read' 'write' 'readreq' 'writereq' 'writeresp'>
ST_79 : Operation 411 [14/71] (7.30ns)   --->   "%gmem_load_3_req = readreq i1 @_ssdm_op_ReadReq.m_axi.i64P1A, i64 %gmem_addr_3, i32 1" [main.cpp:155]   --->   Operation 411 'readreq' 'gmem_load_3_req' <Predicate = true> <Delay = 7.30> <CoreInst = "m_axi">   --->   Core 121 'm_axi' <Latency = 0> <II = 1> <Delay = 1.00> <Adapter> <Opcode : 'read' 'write' 'readreq' 'writereq' 'writeresp'>
ST_79 : Operation 412 [15/71] (7.30ns)   --->   "%gmem_load_4_req = readreq i1 @_ssdm_op_ReadReq.m_axi.i64P1A, i64 %gmem_addr_4, i32 1" [main.cpp:156]   --->   Operation 412 'readreq' 'gmem_load_4_req' <Predicate = true> <Delay = 7.30> <CoreInst = "m_axi">   --->   Core 121 'm_axi' <Latency = 0> <II = 1> <Delay = 1.00> <Adapter> <Opcode : 'read' 'write' 'readreq' 'writereq' 'writeresp'>

State 80 <SV = 79> <Delay = 7.30>
ST_80 : Operation 413 [12/71] (7.30ns)   --->   "%gmem_load_req = readreq i1 @_ssdm_op_ReadReq.m_axi.i64P1A, i64 %gmem_addr, i32 1" [main.cpp:154]   --->   Operation 413 'readreq' 'gmem_load_req' <Predicate = true> <Delay = 7.30> <CoreInst = "m_axi">   --->   Core 121 'm_axi' <Latency = 0> <II = 1> <Delay = 1.00> <Adapter> <Opcode : 'read' 'write' 'readreq' 'writereq' 'writeresp'>
ST_80 : Operation 414 [13/71] (7.30ns)   --->   "%gmem_load_3_req = readreq i1 @_ssdm_op_ReadReq.m_axi.i64P1A, i64 %gmem_addr_3, i32 1" [main.cpp:155]   --->   Operation 414 'readreq' 'gmem_load_3_req' <Predicate = true> <Delay = 7.30> <CoreInst = "m_axi">   --->   Core 121 'm_axi' <Latency = 0> <II = 1> <Delay = 1.00> <Adapter> <Opcode : 'read' 'write' 'readreq' 'writereq' 'writeresp'>
ST_80 : Operation 415 [14/71] (7.30ns)   --->   "%gmem_load_4_req = readreq i1 @_ssdm_op_ReadReq.m_axi.i64P1A, i64 %gmem_addr_4, i32 1" [main.cpp:156]   --->   Operation 415 'readreq' 'gmem_load_4_req' <Predicate = true> <Delay = 7.30> <CoreInst = "m_axi">   --->   Core 121 'm_axi' <Latency = 0> <II = 1> <Delay = 1.00> <Adapter> <Opcode : 'read' 'write' 'readreq' 'writereq' 'writeresp'>

State 81 <SV = 80> <Delay = 7.30>
ST_81 : Operation 416 [11/71] (7.30ns)   --->   "%gmem_load_req = readreq i1 @_ssdm_op_ReadReq.m_axi.i64P1A, i64 %gmem_addr, i32 1" [main.cpp:154]   --->   Operation 416 'readreq' 'gmem_load_req' <Predicate = true> <Delay = 7.30> <CoreInst = "m_axi">   --->   Core 121 'm_axi' <Latency = 0> <II = 1> <Delay = 1.00> <Adapter> <Opcode : 'read' 'write' 'readreq' 'writereq' 'writeresp'>
ST_81 : Operation 417 [12/71] (7.30ns)   --->   "%gmem_load_3_req = readreq i1 @_ssdm_op_ReadReq.m_axi.i64P1A, i64 %gmem_addr_3, i32 1" [main.cpp:155]   --->   Operation 417 'readreq' 'gmem_load_3_req' <Predicate = true> <Delay = 7.30> <CoreInst = "m_axi">   --->   Core 121 'm_axi' <Latency = 0> <II = 1> <Delay = 1.00> <Adapter> <Opcode : 'read' 'write' 'readreq' 'writereq' 'writeresp'>
ST_81 : Operation 418 [13/71] (7.30ns)   --->   "%gmem_load_4_req = readreq i1 @_ssdm_op_ReadReq.m_axi.i64P1A, i64 %gmem_addr_4, i32 1" [main.cpp:156]   --->   Operation 418 'readreq' 'gmem_load_4_req' <Predicate = true> <Delay = 7.30> <CoreInst = "m_axi">   --->   Core 121 'm_axi' <Latency = 0> <II = 1> <Delay = 1.00> <Adapter> <Opcode : 'read' 'write' 'readreq' 'writereq' 'writeresp'>

State 82 <SV = 81> <Delay = 7.30>
ST_82 : Operation 419 [10/71] (7.30ns)   --->   "%gmem_load_req = readreq i1 @_ssdm_op_ReadReq.m_axi.i64P1A, i64 %gmem_addr, i32 1" [main.cpp:154]   --->   Operation 419 'readreq' 'gmem_load_req' <Predicate = true> <Delay = 7.30> <CoreInst = "m_axi">   --->   Core 121 'm_axi' <Latency = 0> <II = 1> <Delay = 1.00> <Adapter> <Opcode : 'read' 'write' 'readreq' 'writereq' 'writeresp'>
ST_82 : Operation 420 [11/71] (7.30ns)   --->   "%gmem_load_3_req = readreq i1 @_ssdm_op_ReadReq.m_axi.i64P1A, i64 %gmem_addr_3, i32 1" [main.cpp:155]   --->   Operation 420 'readreq' 'gmem_load_3_req' <Predicate = true> <Delay = 7.30> <CoreInst = "m_axi">   --->   Core 121 'm_axi' <Latency = 0> <II = 1> <Delay = 1.00> <Adapter> <Opcode : 'read' 'write' 'readreq' 'writereq' 'writeresp'>
ST_82 : Operation 421 [12/71] (7.30ns)   --->   "%gmem_load_4_req = readreq i1 @_ssdm_op_ReadReq.m_axi.i64P1A, i64 %gmem_addr_4, i32 1" [main.cpp:156]   --->   Operation 421 'readreq' 'gmem_load_4_req' <Predicate = true> <Delay = 7.30> <CoreInst = "m_axi">   --->   Core 121 'm_axi' <Latency = 0> <II = 1> <Delay = 1.00> <Adapter> <Opcode : 'read' 'write' 'readreq' 'writereq' 'writeresp'>

State 83 <SV = 82> <Delay = 7.30>
ST_83 : Operation 422 [9/71] (7.30ns)   --->   "%gmem_load_req = readreq i1 @_ssdm_op_ReadReq.m_axi.i64P1A, i64 %gmem_addr, i32 1" [main.cpp:154]   --->   Operation 422 'readreq' 'gmem_load_req' <Predicate = true> <Delay = 7.30> <CoreInst = "m_axi">   --->   Core 121 'm_axi' <Latency = 0> <II = 1> <Delay = 1.00> <Adapter> <Opcode : 'read' 'write' 'readreq' 'writereq' 'writeresp'>
ST_83 : Operation 423 [10/71] (7.30ns)   --->   "%gmem_load_3_req = readreq i1 @_ssdm_op_ReadReq.m_axi.i64P1A, i64 %gmem_addr_3, i32 1" [main.cpp:155]   --->   Operation 423 'readreq' 'gmem_load_3_req' <Predicate = true> <Delay = 7.30> <CoreInst = "m_axi">   --->   Core 121 'm_axi' <Latency = 0> <II = 1> <Delay = 1.00> <Adapter> <Opcode : 'read' 'write' 'readreq' 'writereq' 'writeresp'>
ST_83 : Operation 424 [11/71] (7.30ns)   --->   "%gmem_load_4_req = readreq i1 @_ssdm_op_ReadReq.m_axi.i64P1A, i64 %gmem_addr_4, i32 1" [main.cpp:156]   --->   Operation 424 'readreq' 'gmem_load_4_req' <Predicate = true> <Delay = 7.30> <CoreInst = "m_axi">   --->   Core 121 'm_axi' <Latency = 0> <II = 1> <Delay = 1.00> <Adapter> <Opcode : 'read' 'write' 'readreq' 'writereq' 'writeresp'>

State 84 <SV = 83> <Delay = 7.30>
ST_84 : Operation 425 [8/71] (7.30ns)   --->   "%gmem_load_req = readreq i1 @_ssdm_op_ReadReq.m_axi.i64P1A, i64 %gmem_addr, i32 1" [main.cpp:154]   --->   Operation 425 'readreq' 'gmem_load_req' <Predicate = true> <Delay = 7.30> <CoreInst = "m_axi">   --->   Core 121 'm_axi' <Latency = 0> <II = 1> <Delay = 1.00> <Adapter> <Opcode : 'read' 'write' 'readreq' 'writereq' 'writeresp'>
ST_84 : Operation 426 [9/71] (7.30ns)   --->   "%gmem_load_3_req = readreq i1 @_ssdm_op_ReadReq.m_axi.i64P1A, i64 %gmem_addr_3, i32 1" [main.cpp:155]   --->   Operation 426 'readreq' 'gmem_load_3_req' <Predicate = true> <Delay = 7.30> <CoreInst = "m_axi">   --->   Core 121 'm_axi' <Latency = 0> <II = 1> <Delay = 1.00> <Adapter> <Opcode : 'read' 'write' 'readreq' 'writereq' 'writeresp'>
ST_84 : Operation 427 [10/71] (7.30ns)   --->   "%gmem_load_4_req = readreq i1 @_ssdm_op_ReadReq.m_axi.i64P1A, i64 %gmem_addr_4, i32 1" [main.cpp:156]   --->   Operation 427 'readreq' 'gmem_load_4_req' <Predicate = true> <Delay = 7.30> <CoreInst = "m_axi">   --->   Core 121 'm_axi' <Latency = 0> <II = 1> <Delay = 1.00> <Adapter> <Opcode : 'read' 'write' 'readreq' 'writereq' 'writeresp'>

State 85 <SV = 84> <Delay = 7.30>
ST_85 : Operation 428 [7/71] (7.30ns)   --->   "%gmem_load_req = readreq i1 @_ssdm_op_ReadReq.m_axi.i64P1A, i64 %gmem_addr, i32 1" [main.cpp:154]   --->   Operation 428 'readreq' 'gmem_load_req' <Predicate = true> <Delay = 7.30> <CoreInst = "m_axi">   --->   Core 121 'm_axi' <Latency = 0> <II = 1> <Delay = 1.00> <Adapter> <Opcode : 'read' 'write' 'readreq' 'writereq' 'writeresp'>
ST_85 : Operation 429 [8/71] (7.30ns)   --->   "%gmem_load_3_req = readreq i1 @_ssdm_op_ReadReq.m_axi.i64P1A, i64 %gmem_addr_3, i32 1" [main.cpp:155]   --->   Operation 429 'readreq' 'gmem_load_3_req' <Predicate = true> <Delay = 7.30> <CoreInst = "m_axi">   --->   Core 121 'm_axi' <Latency = 0> <II = 1> <Delay = 1.00> <Adapter> <Opcode : 'read' 'write' 'readreq' 'writereq' 'writeresp'>
ST_85 : Operation 430 [9/71] (7.30ns)   --->   "%gmem_load_4_req = readreq i1 @_ssdm_op_ReadReq.m_axi.i64P1A, i64 %gmem_addr_4, i32 1" [main.cpp:156]   --->   Operation 430 'readreq' 'gmem_load_4_req' <Predicate = true> <Delay = 7.30> <CoreInst = "m_axi">   --->   Core 121 'm_axi' <Latency = 0> <II = 1> <Delay = 1.00> <Adapter> <Opcode : 'read' 'write' 'readreq' 'writereq' 'writeresp'>

State 86 <SV = 85> <Delay = 7.30>
ST_86 : Operation 431 [6/71] (7.30ns)   --->   "%gmem_load_req = readreq i1 @_ssdm_op_ReadReq.m_axi.i64P1A, i64 %gmem_addr, i32 1" [main.cpp:154]   --->   Operation 431 'readreq' 'gmem_load_req' <Predicate = true> <Delay = 7.30> <CoreInst = "m_axi">   --->   Core 121 'm_axi' <Latency = 0> <II = 1> <Delay = 1.00> <Adapter> <Opcode : 'read' 'write' 'readreq' 'writereq' 'writeresp'>
ST_86 : Operation 432 [7/71] (7.30ns)   --->   "%gmem_load_3_req = readreq i1 @_ssdm_op_ReadReq.m_axi.i64P1A, i64 %gmem_addr_3, i32 1" [main.cpp:155]   --->   Operation 432 'readreq' 'gmem_load_3_req' <Predicate = true> <Delay = 7.30> <CoreInst = "m_axi">   --->   Core 121 'm_axi' <Latency = 0> <II = 1> <Delay = 1.00> <Adapter> <Opcode : 'read' 'write' 'readreq' 'writereq' 'writeresp'>
ST_86 : Operation 433 [8/71] (7.30ns)   --->   "%gmem_load_4_req = readreq i1 @_ssdm_op_ReadReq.m_axi.i64P1A, i64 %gmem_addr_4, i32 1" [main.cpp:156]   --->   Operation 433 'readreq' 'gmem_load_4_req' <Predicate = true> <Delay = 7.30> <CoreInst = "m_axi">   --->   Core 121 'm_axi' <Latency = 0> <II = 1> <Delay = 1.00> <Adapter> <Opcode : 'read' 'write' 'readreq' 'writereq' 'writeresp'>

State 87 <SV = 86> <Delay = 7.30>
ST_87 : Operation 434 [5/71] (7.30ns)   --->   "%gmem_load_req = readreq i1 @_ssdm_op_ReadReq.m_axi.i64P1A, i64 %gmem_addr, i32 1" [main.cpp:154]   --->   Operation 434 'readreq' 'gmem_load_req' <Predicate = true> <Delay = 7.30> <CoreInst = "m_axi">   --->   Core 121 'm_axi' <Latency = 0> <II = 1> <Delay = 1.00> <Adapter> <Opcode : 'read' 'write' 'readreq' 'writereq' 'writeresp'>
ST_87 : Operation 435 [6/71] (7.30ns)   --->   "%gmem_load_3_req = readreq i1 @_ssdm_op_ReadReq.m_axi.i64P1A, i64 %gmem_addr_3, i32 1" [main.cpp:155]   --->   Operation 435 'readreq' 'gmem_load_3_req' <Predicate = true> <Delay = 7.30> <CoreInst = "m_axi">   --->   Core 121 'm_axi' <Latency = 0> <II = 1> <Delay = 1.00> <Adapter> <Opcode : 'read' 'write' 'readreq' 'writereq' 'writeresp'>
ST_87 : Operation 436 [7/71] (7.30ns)   --->   "%gmem_load_4_req = readreq i1 @_ssdm_op_ReadReq.m_axi.i64P1A, i64 %gmem_addr_4, i32 1" [main.cpp:156]   --->   Operation 436 'readreq' 'gmem_load_4_req' <Predicate = true> <Delay = 7.30> <CoreInst = "m_axi">   --->   Core 121 'm_axi' <Latency = 0> <II = 1> <Delay = 1.00> <Adapter> <Opcode : 'read' 'write' 'readreq' 'writereq' 'writeresp'>

State 88 <SV = 87> <Delay = 7.30>
ST_88 : Operation 437 [4/71] (7.30ns)   --->   "%gmem_load_req = readreq i1 @_ssdm_op_ReadReq.m_axi.i64P1A, i64 %gmem_addr, i32 1" [main.cpp:154]   --->   Operation 437 'readreq' 'gmem_load_req' <Predicate = true> <Delay = 7.30> <CoreInst = "m_axi">   --->   Core 121 'm_axi' <Latency = 0> <II = 1> <Delay = 1.00> <Adapter> <Opcode : 'read' 'write' 'readreq' 'writereq' 'writeresp'>
ST_88 : Operation 438 [5/71] (7.30ns)   --->   "%gmem_load_3_req = readreq i1 @_ssdm_op_ReadReq.m_axi.i64P1A, i64 %gmem_addr_3, i32 1" [main.cpp:155]   --->   Operation 438 'readreq' 'gmem_load_3_req' <Predicate = true> <Delay = 7.30> <CoreInst = "m_axi">   --->   Core 121 'm_axi' <Latency = 0> <II = 1> <Delay = 1.00> <Adapter> <Opcode : 'read' 'write' 'readreq' 'writereq' 'writeresp'>
ST_88 : Operation 439 [6/71] (7.30ns)   --->   "%gmem_load_4_req = readreq i1 @_ssdm_op_ReadReq.m_axi.i64P1A, i64 %gmem_addr_4, i32 1" [main.cpp:156]   --->   Operation 439 'readreq' 'gmem_load_4_req' <Predicate = true> <Delay = 7.30> <CoreInst = "m_axi">   --->   Core 121 'm_axi' <Latency = 0> <II = 1> <Delay = 1.00> <Adapter> <Opcode : 'read' 'write' 'readreq' 'writereq' 'writeresp'>

State 89 <SV = 88> <Delay = 7.30>
ST_89 : Operation 440 [3/71] (7.30ns)   --->   "%gmem_load_req = readreq i1 @_ssdm_op_ReadReq.m_axi.i64P1A, i64 %gmem_addr, i32 1" [main.cpp:154]   --->   Operation 440 'readreq' 'gmem_load_req' <Predicate = true> <Delay = 7.30> <CoreInst = "m_axi">   --->   Core 121 'm_axi' <Latency = 0> <II = 1> <Delay = 1.00> <Adapter> <Opcode : 'read' 'write' 'readreq' 'writereq' 'writeresp'>
ST_89 : Operation 441 [4/71] (7.30ns)   --->   "%gmem_load_3_req = readreq i1 @_ssdm_op_ReadReq.m_axi.i64P1A, i64 %gmem_addr_3, i32 1" [main.cpp:155]   --->   Operation 441 'readreq' 'gmem_load_3_req' <Predicate = true> <Delay = 7.30> <CoreInst = "m_axi">   --->   Core 121 'm_axi' <Latency = 0> <II = 1> <Delay = 1.00> <Adapter> <Opcode : 'read' 'write' 'readreq' 'writereq' 'writeresp'>
ST_89 : Operation 442 [5/71] (7.30ns)   --->   "%gmem_load_4_req = readreq i1 @_ssdm_op_ReadReq.m_axi.i64P1A, i64 %gmem_addr_4, i32 1" [main.cpp:156]   --->   Operation 442 'readreq' 'gmem_load_4_req' <Predicate = true> <Delay = 7.30> <CoreInst = "m_axi">   --->   Core 121 'm_axi' <Latency = 0> <II = 1> <Delay = 1.00> <Adapter> <Opcode : 'read' 'write' 'readreq' 'writereq' 'writeresp'>

State 90 <SV = 89> <Delay = 7.30>
ST_90 : Operation 443 [2/71] (7.30ns)   --->   "%gmem_load_req = readreq i1 @_ssdm_op_ReadReq.m_axi.i64P1A, i64 %gmem_addr, i32 1" [main.cpp:154]   --->   Operation 443 'readreq' 'gmem_load_req' <Predicate = true> <Delay = 7.30> <CoreInst = "m_axi">   --->   Core 121 'm_axi' <Latency = 0> <II = 1> <Delay = 1.00> <Adapter> <Opcode : 'read' 'write' 'readreq' 'writereq' 'writeresp'>
ST_90 : Operation 444 [3/71] (7.30ns)   --->   "%gmem_load_3_req = readreq i1 @_ssdm_op_ReadReq.m_axi.i64P1A, i64 %gmem_addr_3, i32 1" [main.cpp:155]   --->   Operation 444 'readreq' 'gmem_load_3_req' <Predicate = true> <Delay = 7.30> <CoreInst = "m_axi">   --->   Core 121 'm_axi' <Latency = 0> <II = 1> <Delay = 1.00> <Adapter> <Opcode : 'read' 'write' 'readreq' 'writereq' 'writeresp'>
ST_90 : Operation 445 [4/71] (7.30ns)   --->   "%gmem_load_4_req = readreq i1 @_ssdm_op_ReadReq.m_axi.i64P1A, i64 %gmem_addr_4, i32 1" [main.cpp:156]   --->   Operation 445 'readreq' 'gmem_load_4_req' <Predicate = true> <Delay = 7.30> <CoreInst = "m_axi">   --->   Core 121 'm_axi' <Latency = 0> <II = 1> <Delay = 1.00> <Adapter> <Opcode : 'read' 'write' 'readreq' 'writereq' 'writeresp'>

State 91 <SV = 90> <Delay = 7.30>
ST_91 : Operation 446 [1/71] (7.30ns)   --->   "%gmem_load_req = readreq i1 @_ssdm_op_ReadReq.m_axi.i64P1A, i64 %gmem_addr, i32 1" [main.cpp:154]   --->   Operation 446 'readreq' 'gmem_load_req' <Predicate = true> <Delay = 7.30> <CoreInst = "m_axi">   --->   Core 121 'm_axi' <Latency = 0> <II = 1> <Delay = 1.00> <Adapter> <Opcode : 'read' 'write' 'readreq' 'writereq' 'writeresp'>
ST_91 : Operation 447 [2/71] (7.30ns)   --->   "%gmem_load_3_req = readreq i1 @_ssdm_op_ReadReq.m_axi.i64P1A, i64 %gmem_addr_3, i32 1" [main.cpp:155]   --->   Operation 447 'readreq' 'gmem_load_3_req' <Predicate = true> <Delay = 7.30> <CoreInst = "m_axi">   --->   Core 121 'm_axi' <Latency = 0> <II = 1> <Delay = 1.00> <Adapter> <Opcode : 'read' 'write' 'readreq' 'writereq' 'writeresp'>
ST_91 : Operation 448 [3/71] (7.30ns)   --->   "%gmem_load_4_req = readreq i1 @_ssdm_op_ReadReq.m_axi.i64P1A, i64 %gmem_addr_4, i32 1" [main.cpp:156]   --->   Operation 448 'readreq' 'gmem_load_4_req' <Predicate = true> <Delay = 7.30> <CoreInst = "m_axi">   --->   Core 121 'm_axi' <Latency = 0> <II = 1> <Delay = 1.00> <Adapter> <Opcode : 'read' 'write' 'readreq' 'writereq' 'writeresp'>

State 92 <SV = 91> <Delay = 7.30>
ST_92 : Operation 449 [1/1] (7.30ns)   --->   "%gmem_addr_read = read i64 @_ssdm_op_Read.m_axi.i64P1A, i64 %gmem_addr" [main.cpp:154]   --->   Operation 449 'read' 'gmem_addr_read' <Predicate = true> <Delay = 7.30> <CoreInst = "m_axi">   --->   Core 121 'm_axi' <Latency = 0> <II = 1> <Delay = 1.00> <Adapter> <Opcode : 'read' 'write' 'readreq' 'writereq' 'writeresp'>
ST_92 : Operation 450 [1/71] (7.30ns)   --->   "%gmem_load_3_req = readreq i1 @_ssdm_op_ReadReq.m_axi.i64P1A, i64 %gmem_addr_3, i32 1" [main.cpp:155]   --->   Operation 450 'readreq' 'gmem_load_3_req' <Predicate = true> <Delay = 7.30> <CoreInst = "m_axi">   --->   Core 121 'm_axi' <Latency = 0> <II = 1> <Delay = 1.00> <Adapter> <Opcode : 'read' 'write' 'readreq' 'writereq' 'writeresp'>
ST_92 : Operation 451 [2/71] (7.30ns)   --->   "%gmem_load_4_req = readreq i1 @_ssdm_op_ReadReq.m_axi.i64P1A, i64 %gmem_addr_4, i32 1" [main.cpp:156]   --->   Operation 451 'readreq' 'gmem_load_4_req' <Predicate = true> <Delay = 7.30> <CoreInst = "m_axi">   --->   Core 121 'm_axi' <Latency = 0> <II = 1> <Delay = 1.00> <Adapter> <Opcode : 'read' 'write' 'readreq' 'writereq' 'writeresp'>

State 93 <SV = 92> <Delay = 7.30>
ST_93 : [1/1] (0.75ns)   --->   Input mux for Operation 452 '%x = sitodp i64 %gmem_addr_read'
ST_93 : Operation 452 [2/2] (4.89ns)   --->   "%x = sitodp i64 %gmem_addr_read" [main.cpp:154]   --->   Operation 452 'sitodp' 'x' <Predicate = true> <Delay = 4.89> <CoreInst = "Int2Double">   --->   Core 66 'Int2Double' <Latency = 1> <II = 1> <Delay = 5.65> <FuncUnit> <Opcode : 'sitodp' 'uitodp'> <InPorts = 1> <OutPorts = 1>
ST_93 : Operation 453 [1/1] (7.30ns)   --->   "%gmem_addr_3_read = read i64 @_ssdm_op_Read.m_axi.i64P1A, i64 %gmem_addr_3" [main.cpp:155]   --->   Operation 453 'read' 'gmem_addr_3_read' <Predicate = true> <Delay = 7.30> <CoreInst = "m_axi">   --->   Core 121 'm_axi' <Latency = 0> <II = 1> <Delay = 1.00> <Adapter> <Opcode : 'read' 'write' 'readreq' 'writereq' 'writeresp'>
ST_93 : Operation 454 [1/71] (7.30ns)   --->   "%gmem_load_4_req = readreq i1 @_ssdm_op_ReadReq.m_axi.i64P1A, i64 %gmem_addr_4, i32 1" [main.cpp:156]   --->   Operation 454 'readreq' 'gmem_load_4_req' <Predicate = true> <Delay = 7.30> <CoreInst = "m_axi">   --->   Core 121 'm_axi' <Latency = 0> <II = 1> <Delay = 1.00> <Adapter> <Opcode : 'read' 'write' 'readreq' 'writereq' 'writeresp'>

State 94 <SV = 93> <Delay = 7.30>
ST_94 : Operation 455 [1/2] (5.65ns)   --->   "%x = sitodp i64 %gmem_addr_read" [main.cpp:154]   --->   Operation 455 'sitodp' 'x' <Predicate = true> <Delay = 5.65> <CoreInst = "Int2Double">   --->   Core 66 'Int2Double' <Latency = 1> <II = 1> <Delay = 5.65> <FuncUnit> <Opcode : 'sitodp' 'uitodp'> <InPorts = 1> <OutPorts = 1>
ST_94 : [1/1] (0.75ns)   --->   Input mux for Operation 456 '%y = sitodp i64 %gmem_addr_3_read'
ST_94 : Operation 456 [2/2] (4.89ns)   --->   "%y = sitodp i64 %gmem_addr_3_read" [main.cpp:155]   --->   Operation 456 'sitodp' 'y' <Predicate = true> <Delay = 4.89> <CoreInst = "Int2Double">   --->   Core 66 'Int2Double' <Latency = 1> <II = 1> <Delay = 5.65> <FuncUnit> <Opcode : 'sitodp' 'uitodp'> <InPorts = 1> <OutPorts = 1>
ST_94 : Operation 457 [1/1] (7.30ns)   --->   "%gmem_addr_4_read = read i64 @_ssdm_op_Read.m_axi.i64P1A, i64 %gmem_addr_4" [main.cpp:156]   --->   Operation 457 'read' 'gmem_addr_4_read' <Predicate = true> <Delay = 7.30> <CoreInst = "m_axi">   --->   Core 121 'm_axi' <Latency = 0> <II = 1> <Delay = 1.00> <Adapter> <Opcode : 'read' 'write' 'readreq' 'writereq' 'writeresp'>

State 95 <SV = 94> <Delay = 5.65>
ST_95 : Operation 458 [1/2] (5.65ns)   --->   "%y = sitodp i64 %gmem_addr_3_read" [main.cpp:155]   --->   Operation 458 'sitodp' 'y' <Predicate = true> <Delay = 5.65> <CoreInst = "Int2Double">   --->   Core 66 'Int2Double' <Latency = 1> <II = 1> <Delay = 5.65> <FuncUnit> <Opcode : 'sitodp' 'uitodp'> <InPorts = 1> <OutPorts = 1>
ST_95 : [1/1] (0.75ns)   --->   Input mux for Operation 459 '%sig = sitodp i64 %gmem_addr_4_read'
ST_95 : Operation 459 [2/2] (4.89ns)   --->   "%sig = sitodp i64 %gmem_addr_4_read" [main.cpp:156]   --->   Operation 459 'sitodp' 'sig' <Predicate = true> <Delay = 4.89> <CoreInst = "Int2Double">   --->   Core 66 'Int2Double' <Latency = 1> <II = 1> <Delay = 5.65> <FuncUnit> <Opcode : 'sitodp' 'uitodp'> <InPorts = 1> <OutPorts = 1>
ST_95 : [1/1] (0.58ns)   --->   Input mux for Operation 460 '%sub1 = dsub i64 %x, i64 %SxoS'
ST_95 : Operation 460 [4/4] (4.57ns)   --->   "%sub1 = dsub i64 %x, i64 %SxoS" [main.cpp:161]   --->   Operation 460 'dsub' 'sub1' <Predicate = true> <Delay = 4.57> <CoreInst = "DAddSub_fulldsp">   --->   Core 37 'DAddSub_fulldsp' <Latency = 3> <II = 1> <Delay = 5.15> <FuncUnit> <Opcode : 'dadd' 'dsub'> <InPorts = 2> <OutPorts = 1>
ST_95 : [1/1] (0.75ns)   --->   Input mux for Operation 461 '%mul1 = dmul i64 %x, i64 %b_read'
ST_95 : Operation 461 [4/4] (4.82ns)   --->   "%mul1 = dmul i64 %x, i64 %b_read" [main.cpp:165]   --->   Operation 461 'dmul' 'mul1' <Predicate = true> <Delay = 4.82> <CoreInst = "DMul_maxdsp">   --->   Core 49 'DMul_maxdsp' <Latency = 3> <II = 1> <Delay = 5.58> <FuncUnit> <Opcode : 'dmul'> <InPorts = 2> <OutPorts = 1>

State 96 <SV = 95> <Delay = 5.65>
ST_96 : Operation 462 [1/2] (5.65ns)   --->   "%sig = sitodp i64 %gmem_addr_4_read" [main.cpp:156]   --->   Operation 462 'sitodp' 'sig' <Predicate = true> <Delay = 5.65> <CoreInst = "Int2Double">   --->   Core 66 'Int2Double' <Latency = 1> <II = 1> <Delay = 5.65> <FuncUnit> <Opcode : 'sitodp' 'uitodp'> <InPorts = 1> <OutPorts = 1>
ST_96 : Operation 463 [3/4] (5.15ns)   --->   "%sub1 = dsub i64 %x, i64 %SxoS" [main.cpp:161]   --->   Operation 463 'dsub' 'sub1' <Predicate = true> <Delay = 5.15> <CoreInst = "DAddSub_fulldsp">   --->   Core 37 'DAddSub_fulldsp' <Latency = 3> <II = 1> <Delay = 5.15> <FuncUnit> <Opcode : 'dadd' 'dsub'> <InPorts = 2> <OutPorts = 1>
ST_96 : [1/1] (0.58ns)   --->   Input mux for Operation 464 '%sub2 = dsub i64 %y, i64 %a_read'
ST_96 : Operation 464 [4/4] (4.57ns)   --->   "%sub2 = dsub i64 %y, i64 %a_read" [main.cpp:165]   --->   Operation 464 'dsub' 'sub2' <Predicate = true> <Delay = 4.57> <CoreInst = "DAddSub_fulldsp">   --->   Core 37 'DAddSub_fulldsp' <Latency = 3> <II = 1> <Delay = 5.15> <FuncUnit> <Opcode : 'dadd' 'dsub'> <InPorts = 2> <OutPorts = 1>
ST_96 : Operation 465 [3/4] (5.58ns)   --->   "%mul1 = dmul i64 %x, i64 %b_read" [main.cpp:165]   --->   Operation 465 'dmul' 'mul1' <Predicate = true> <Delay = 5.58> <CoreInst = "DMul_maxdsp">   --->   Core 49 'DMul_maxdsp' <Latency = 3> <II = 1> <Delay = 5.58> <FuncUnit> <Opcode : 'dmul'> <InPorts = 2> <OutPorts = 1>

State 97 <SV = 96> <Delay = 7.15>
ST_97 : [1/1] (0.71ns)   --->   Input mux for Operation 466 '%overSig = ddiv i64 1, i64 %sig'
ST_97 : Operation 466 [13/13] (6.44ns)   --->   "%overSig = ddiv i64 1, i64 %sig" [main.cpp:157]   --->   Operation 466 'ddiv' 'overSig' <Predicate = true> <Delay = 6.44> <CoreInst = "DDiv">   --->   Core 39 'DDiv' <Latency = 12> <II = 1> <Delay = 7.15> <FuncUnit> <Opcode : 'ddiv' 'drem'> <InPorts = 2> <OutPorts = 1>
ST_97 : Operation 467 [2/4] (5.15ns)   --->   "%sub1 = dsub i64 %x, i64 %SxoS" [main.cpp:161]   --->   Operation 467 'dsub' 'sub1' <Predicate = true> <Delay = 5.15> <CoreInst = "DAddSub_fulldsp">   --->   Core 37 'DAddSub_fulldsp' <Latency = 3> <II = 1> <Delay = 5.15> <FuncUnit> <Opcode : 'dadd' 'dsub'> <InPorts = 2> <OutPorts = 1>
ST_97 : Operation 468 [3/4] (5.15ns)   --->   "%sub2 = dsub i64 %y, i64 %a_read" [main.cpp:165]   --->   Operation 468 'dsub' 'sub2' <Predicate = true> <Delay = 5.15> <CoreInst = "DAddSub_fulldsp">   --->   Core 37 'DAddSub_fulldsp' <Latency = 3> <II = 1> <Delay = 5.15> <FuncUnit> <Opcode : 'dadd' 'dsub'> <InPorts = 2> <OutPorts = 1>
ST_97 : Operation 469 [2/4] (5.58ns)   --->   "%mul1 = dmul i64 %x, i64 %b_read" [main.cpp:165]   --->   Operation 469 'dmul' 'mul1' <Predicate = true> <Delay = 5.58> <CoreInst = "DMul_maxdsp">   --->   Core 49 'DMul_maxdsp' <Latency = 3> <II = 1> <Delay = 5.58> <FuncUnit> <Opcode : 'dmul'> <InPorts = 2> <OutPorts = 1>

State 98 <SV = 97> <Delay = 7.15>
ST_98 : Operation 470 [12/13] (7.15ns)   --->   "%overSig = ddiv i64 1, i64 %sig" [main.cpp:157]   --->   Operation 470 'ddiv' 'overSig' <Predicate = true> <Delay = 7.15> <CoreInst = "DDiv">   --->   Core 39 'DDiv' <Latency = 12> <II = 1> <Delay = 7.15> <FuncUnit> <Opcode : 'ddiv' 'drem'> <InPorts = 2> <OutPorts = 1>
ST_98 : Operation 471 [1/4] (5.15ns)   --->   "%sub1 = dsub i64 %x, i64 %SxoS" [main.cpp:161]   --->   Operation 471 'dsub' 'sub1' <Predicate = true> <Delay = 5.15> <CoreInst = "DAddSub_fulldsp">   --->   Core 37 'DAddSub_fulldsp' <Latency = 3> <II = 1> <Delay = 5.15> <FuncUnit> <Opcode : 'dadd' 'dsub'> <InPorts = 2> <OutPorts = 1>
ST_98 : Operation 472 [2/4] (5.15ns)   --->   "%sub2 = dsub i64 %y, i64 %a_read" [main.cpp:165]   --->   Operation 472 'dsub' 'sub2' <Predicate = true> <Delay = 5.15> <CoreInst = "DAddSub_fulldsp">   --->   Core 37 'DAddSub_fulldsp' <Latency = 3> <II = 1> <Delay = 5.15> <FuncUnit> <Opcode : 'dadd' 'dsub'> <InPorts = 2> <OutPorts = 1>
ST_98 : Operation 473 [1/4] (5.58ns)   --->   "%mul1 = dmul i64 %x, i64 %b_read" [main.cpp:165]   --->   Operation 473 'dmul' 'mul1' <Predicate = true> <Delay = 5.58> <CoreInst = "DMul_maxdsp">   --->   Core 49 'DMul_maxdsp' <Latency = 3> <II = 1> <Delay = 5.58> <FuncUnit> <Opcode : 'dmul'> <InPorts = 2> <OutPorts = 1>

State 99 <SV = 98> <Delay = 7.15>
ST_99 : Operation 474 [11/13] (7.15ns)   --->   "%overSig = ddiv i64 1, i64 %sig" [main.cpp:157]   --->   Operation 474 'ddiv' 'overSig' <Predicate = true> <Delay = 7.15> <CoreInst = "DDiv">   --->   Core 39 'DDiv' <Latency = 12> <II = 1> <Delay = 7.15> <FuncUnit> <Opcode : 'ddiv' 'drem'> <InPorts = 2> <OutPorts = 1>
ST_99 : Operation 475 [1/4] (5.15ns)   --->   "%sub2 = dsub i64 %y, i64 %a_read" [main.cpp:165]   --->   Operation 475 'dsub' 'sub2' <Predicate = true> <Delay = 5.15> <CoreInst = "DAddSub_fulldsp">   --->   Core 37 'DAddSub_fulldsp' <Latency = 3> <II = 1> <Delay = 5.15> <FuncUnit> <Opcode : 'dadd' 'dsub'> <InPorts = 2> <OutPorts = 1>

State 100 <SV = 99> <Delay = 7.15>
ST_100 : Operation 476 [10/13] (7.15ns)   --->   "%overSig = ddiv i64 1, i64 %sig" [main.cpp:157]   --->   Operation 476 'ddiv' 'overSig' <Predicate = true> <Delay = 7.15> <CoreInst = "DDiv">   --->   Core 39 'DDiv' <Latency = 12> <II = 1> <Delay = 7.15> <FuncUnit> <Opcode : 'ddiv' 'drem'> <InPorts = 2> <OutPorts = 1>
ST_100 : [1/1] (0.58ns)   --->   Input mux for Operation 477 '%temp = dsub i64 %sub2, i64 %mul1'
ST_100 : Operation 477 [4/4] (4.57ns)   --->   "%temp = dsub i64 %sub2, i64 %mul1" [main.cpp:165]   --->   Operation 477 'dsub' 'temp' <Predicate = true> <Delay = 4.57> <CoreInst = "DAddSub_fulldsp">   --->   Core 37 'DAddSub_fulldsp' <Latency = 3> <II = 1> <Delay = 5.15> <FuncUnit> <Opcode : 'dadd' 'dsub'> <InPorts = 2> <OutPorts = 1>

State 101 <SV = 100> <Delay = 7.15>
ST_101 : Operation 478 [9/13] (7.15ns)   --->   "%overSig = ddiv i64 1, i64 %sig" [main.cpp:157]   --->   Operation 478 'ddiv' 'overSig' <Predicate = true> <Delay = 7.15> <CoreInst = "DDiv">   --->   Core 39 'DDiv' <Latency = 12> <II = 1> <Delay = 7.15> <FuncUnit> <Opcode : 'ddiv' 'drem'> <InPorts = 2> <OutPorts = 1>
ST_101 : Operation 479 [3/4] (5.15ns)   --->   "%temp = dsub i64 %sub2, i64 %mul1" [main.cpp:165]   --->   Operation 479 'dsub' 'temp' <Predicate = true> <Delay = 5.15> <CoreInst = "DAddSub_fulldsp">   --->   Core 37 'DAddSub_fulldsp' <Latency = 3> <II = 1> <Delay = 5.15> <FuncUnit> <Opcode : 'dadd' 'dsub'> <InPorts = 2> <OutPorts = 1>

State 102 <SV = 101> <Delay = 7.15>
ST_102 : Operation 480 [8/13] (7.15ns)   --->   "%overSig = ddiv i64 1, i64 %sig" [main.cpp:157]   --->   Operation 480 'ddiv' 'overSig' <Predicate = true> <Delay = 7.15> <CoreInst = "DDiv">   --->   Core 39 'DDiv' <Latency = 12> <II = 1> <Delay = 7.15> <FuncUnit> <Opcode : 'ddiv' 'drem'> <InPorts = 2> <OutPorts = 1>
ST_102 : Operation 481 [2/4] (5.15ns)   --->   "%temp = dsub i64 %sub2, i64 %mul1" [main.cpp:165]   --->   Operation 481 'dsub' 'temp' <Predicate = true> <Delay = 5.15> <CoreInst = "DAddSub_fulldsp">   --->   Core 37 'DAddSub_fulldsp' <Latency = 3> <II = 1> <Delay = 5.15> <FuncUnit> <Opcode : 'dadd' 'dsub'> <InPorts = 2> <OutPorts = 1>

State 103 <SV = 102> <Delay = 7.15>
ST_103 : Operation 482 [7/13] (7.15ns)   --->   "%overSig = ddiv i64 1, i64 %sig" [main.cpp:157]   --->   Operation 482 'ddiv' 'overSig' <Predicate = true> <Delay = 7.15> <CoreInst = "DDiv">   --->   Core 39 'DDiv' <Latency = 12> <II = 1> <Delay = 7.15> <FuncUnit> <Opcode : 'ddiv' 'drem'> <InPorts = 2> <OutPorts = 1>
ST_103 : Operation 483 [1/4] (5.15ns)   --->   "%temp = dsub i64 %sub2, i64 %mul1" [main.cpp:165]   --->   Operation 483 'dsub' 'temp' <Predicate = true> <Delay = 5.15> <CoreInst = "DAddSub_fulldsp">   --->   Core 37 'DAddSub_fulldsp' <Latency = 3> <II = 1> <Delay = 5.15> <FuncUnit> <Opcode : 'dadd' 'dsub'> <InPorts = 2> <OutPorts = 1>

State 104 <SV = 103> <Delay = 7.15>
ST_104 : Operation 484 [6/13] (7.15ns)   --->   "%overSig = ddiv i64 1, i64 %sig" [main.cpp:157]   --->   Operation 484 'ddiv' 'overSig' <Predicate = true> <Delay = 7.15> <CoreInst = "DDiv">   --->   Core 39 'DDiv' <Latency = 12> <II = 1> <Delay = 7.15> <FuncUnit> <Opcode : 'ddiv' 'drem'> <InPorts = 2> <OutPorts = 1>

State 105 <SV = 104> <Delay = 7.15>
ST_105 : Operation 485 [5/13] (7.15ns)   --->   "%overSig = ddiv i64 1, i64 %sig" [main.cpp:157]   --->   Operation 485 'ddiv' 'overSig' <Predicate = true> <Delay = 7.15> <CoreInst = "DDiv">   --->   Core 39 'DDiv' <Latency = 12> <II = 1> <Delay = 7.15> <FuncUnit> <Opcode : 'ddiv' 'drem'> <InPorts = 2> <OutPorts = 1>

State 106 <SV = 105> <Delay = 7.15>
ST_106 : Operation 486 [4/13] (7.15ns)   --->   "%overSig = ddiv i64 1, i64 %sig" [main.cpp:157]   --->   Operation 486 'ddiv' 'overSig' <Predicate = true> <Delay = 7.15> <CoreInst = "DDiv">   --->   Core 39 'DDiv' <Latency = 12> <II = 1> <Delay = 7.15> <FuncUnit> <Opcode : 'ddiv' 'drem'> <InPorts = 2> <OutPorts = 1>

State 107 <SV = 106> <Delay = 7.15>
ST_107 : Operation 487 [3/13] (7.15ns)   --->   "%overSig = ddiv i64 1, i64 %sig" [main.cpp:157]   --->   Operation 487 'ddiv' 'overSig' <Predicate = true> <Delay = 7.15> <CoreInst = "DDiv">   --->   Core 39 'DDiv' <Latency = 12> <II = 1> <Delay = 7.15> <FuncUnit> <Opcode : 'ddiv' 'drem'> <InPorts = 2> <OutPorts = 1>

State 108 <SV = 107> <Delay = 7.15>
ST_108 : Operation 488 [2/13] (7.15ns)   --->   "%overSig = ddiv i64 1, i64 %sig" [main.cpp:157]   --->   Operation 488 'ddiv' 'overSig' <Predicate = true> <Delay = 7.15> <CoreInst = "DDiv">   --->   Core 39 'DDiv' <Latency = 12> <II = 1> <Delay = 7.15> <FuncUnit> <Opcode : 'ddiv' 'drem'> <InPorts = 2> <OutPorts = 1>

State 109 <SV = 108> <Delay = 7.15>
ST_109 : Operation 489 [1/13] (7.15ns)   --->   "%overSig = ddiv i64 1, i64 %sig" [main.cpp:157]   --->   Operation 489 'ddiv' 'overSig' <Predicate = true> <Delay = 7.15> <CoreInst = "DDiv">   --->   Core 39 'DDiv' <Latency = 12> <II = 1> <Delay = 7.15> <FuncUnit> <Opcode : 'ddiv' 'drem'> <InPorts = 2> <OutPorts = 1>

State 110 <SV = 109> <Delay = 5.58>
ST_110 : [1/1] (0.75ns)   --->   Input mux for Operation 490 '%t = dmul i64 %overSig, i64 %sub1'
ST_110 : Operation 490 [4/4] (4.82ns)   --->   "%t = dmul i64 %overSig, i64 %sub1" [main.cpp:161]   --->   Operation 490 'dmul' 't' <Predicate = true> <Delay = 4.82> <CoreInst = "DMul_maxdsp">   --->   Core 49 'DMul_maxdsp' <Latency = 3> <II = 1> <Delay = 5.58> <FuncUnit> <Opcode : 'dmul'> <InPorts = 2> <OutPorts = 1>
ST_110 : [1/1] (0.75ns)   --->   Input mux for Operation 491 '%tempOverSig = dmul i64 %temp, i64 %overSig'
ST_110 : Operation 491 [4/4] (4.82ns)   --->   "%tempOverSig = dmul i64 %temp, i64 %overSig" [main.cpp:166]   --->   Operation 491 'dmul' 'tempOverSig' <Predicate = true> <Delay = 4.82> <CoreInst = "DMul_maxdsp">   --->   Core 49 'DMul_maxdsp' <Latency = 3> <II = 1> <Delay = 5.58> <FuncUnit> <Opcode : 'dmul'> <InPorts = 2> <OutPorts = 1>

State 111 <SV = 110> <Delay = 5.58>
ST_111 : Operation 492 [3/4] (5.58ns)   --->   "%t = dmul i64 %overSig, i64 %sub1" [main.cpp:161]   --->   Operation 492 'dmul' 't' <Predicate = true> <Delay = 5.58> <CoreInst = "DMul_maxdsp">   --->   Core 49 'DMul_maxdsp' <Latency = 3> <II = 1> <Delay = 5.58> <FuncUnit> <Opcode : 'dmul'> <InPorts = 2> <OutPorts = 1>
ST_111 : Operation 493 [3/4] (5.58ns)   --->   "%tempOverSig = dmul i64 %temp, i64 %overSig" [main.cpp:166]   --->   Operation 493 'dmul' 'tempOverSig' <Predicate = true> <Delay = 5.58> <CoreInst = "DMul_maxdsp">   --->   Core 49 'DMul_maxdsp' <Latency = 3> <II = 1> <Delay = 5.58> <FuncUnit> <Opcode : 'dmul'> <InPorts = 2> <OutPorts = 1>

State 112 <SV = 111> <Delay = 5.58>
ST_112 : Operation 494 [2/4] (5.58ns)   --->   "%t = dmul i64 %overSig, i64 %sub1" [main.cpp:161]   --->   Operation 494 'dmul' 't' <Predicate = true> <Delay = 5.58> <CoreInst = "DMul_maxdsp">   --->   Core 49 'DMul_maxdsp' <Latency = 3> <II = 1> <Delay = 5.58> <FuncUnit> <Opcode : 'dmul'> <InPorts = 2> <OutPorts = 1>
ST_112 : Operation 495 [2/4] (5.58ns)   --->   "%tempOverSig = dmul i64 %temp, i64 %overSig" [main.cpp:166]   --->   Operation 495 'dmul' 'tempOverSig' <Predicate = true> <Delay = 5.58> <CoreInst = "DMul_maxdsp">   --->   Core 49 'DMul_maxdsp' <Latency = 3> <II = 1> <Delay = 5.58> <FuncUnit> <Opcode : 'dmul'> <InPorts = 2> <OutPorts = 1>

State 113 <SV = 112> <Delay = 5.58>
ST_113 : Operation 496 [1/4] (5.58ns)   --->   "%t = dmul i64 %overSig, i64 %sub1" [main.cpp:161]   --->   Operation 496 'dmul' 't' <Predicate = true> <Delay = 5.58> <CoreInst = "DMul_maxdsp">   --->   Core 49 'DMul_maxdsp' <Latency = 3> <II = 1> <Delay = 5.58> <FuncUnit> <Opcode : 'dmul'> <InPorts = 2> <OutPorts = 1>
ST_113 : Operation 497 [1/4] (5.58ns)   --->   "%tempOverSig = dmul i64 %temp, i64 %overSig" [main.cpp:166]   --->   Operation 497 'dmul' 'tempOverSig' <Predicate = true> <Delay = 5.58> <CoreInst = "DMul_maxdsp">   --->   Core 49 'DMul_maxdsp' <Latency = 3> <II = 1> <Delay = 5.58> <FuncUnit> <Opcode : 'dmul'> <InPorts = 2> <OutPorts = 1>

State 114 <SV = 113> <Delay = 5.58>
ST_114 : [1/1] (0.75ns)   --->   Input mux for Operation 498 '%mul = dmul i64 %t, i64 %t'
ST_114 : Operation 498 [4/4] (4.82ns)   --->   "%mul = dmul i64 %t, i64 %t" [main.cpp:163]   --->   Operation 498 'dmul' 'mul' <Predicate = true> <Delay = 4.82> <CoreInst = "DMul_maxdsp">   --->   Core 49 'DMul_maxdsp' <Latency = 3> <II = 1> <Delay = 5.58> <FuncUnit> <Opcode : 'dmul'> <InPorts = 2> <OutPorts = 1>
ST_114 : [1/1] (0.75ns)   --->   Input mux for Operation 499 '%tempOverSigSquared = dmul i64 %tempOverSig, i64 %tempOverSig'
ST_114 : Operation 499 [4/4] (4.82ns)   --->   "%tempOverSigSquared = dmul i64 %tempOverSig, i64 %tempOverSig" [main.cpp:167]   --->   Operation 499 'dmul' 'tempOverSigSquared' <Predicate = true> <Delay = 4.82> <CoreInst = "DMul_maxdsp">   --->   Core 49 'DMul_maxdsp' <Latency = 3> <II = 1> <Delay = 5.58> <FuncUnit> <Opcode : 'dmul'> <InPorts = 2> <OutPorts = 1>

State 115 <SV = 114> <Delay = 5.58>
ST_115 : Operation 500 [3/4] (5.58ns)   --->   "%mul = dmul i64 %t, i64 %t" [main.cpp:163]   --->   Operation 500 'dmul' 'mul' <Predicate = true> <Delay = 5.58> <CoreInst = "DMul_maxdsp">   --->   Core 49 'DMul_maxdsp' <Latency = 3> <II = 1> <Delay = 5.58> <FuncUnit> <Opcode : 'dmul'> <InPorts = 2> <OutPorts = 1>
ST_115 : Operation 501 [3/4] (5.58ns)   --->   "%tempOverSigSquared = dmul i64 %tempOverSig, i64 %tempOverSig" [main.cpp:167]   --->   Operation 501 'dmul' 'tempOverSigSquared' <Predicate = true> <Delay = 5.58> <CoreInst = "DMul_maxdsp">   --->   Core 49 'DMul_maxdsp' <Latency = 3> <II = 1> <Delay = 5.58> <FuncUnit> <Opcode : 'dmul'> <InPorts = 2> <OutPorts = 1>

State 116 <SV = 115> <Delay = 5.58>
ST_116 : Operation 502 [2/4] (5.58ns)   --->   "%mul = dmul i64 %t, i64 %t" [main.cpp:163]   --->   Operation 502 'dmul' 'mul' <Predicate = true> <Delay = 5.58> <CoreInst = "DMul_maxdsp">   --->   Core 49 'DMul_maxdsp' <Latency = 3> <II = 1> <Delay = 5.58> <FuncUnit> <Opcode : 'dmul'> <InPorts = 2> <OutPorts = 1>
ST_116 : Operation 503 [2/4] (5.58ns)   --->   "%tempOverSigSquared = dmul i64 %tempOverSig, i64 %tempOverSig" [main.cpp:167]   --->   Operation 503 'dmul' 'tempOverSigSquared' <Predicate = true> <Delay = 5.58> <CoreInst = "DMul_maxdsp">   --->   Core 49 'DMul_maxdsp' <Latency = 3> <II = 1> <Delay = 5.58> <FuncUnit> <Opcode : 'dmul'> <InPorts = 2> <OutPorts = 1>

State 117 <SV = 116> <Delay = 5.58>
ST_117 : Operation 504 [1/4] (5.58ns)   --->   "%mul = dmul i64 %t, i64 %t" [main.cpp:163]   --->   Operation 504 'dmul' 'mul' <Predicate = true> <Delay = 5.58> <CoreInst = "DMul_maxdsp">   --->   Core 49 'DMul_maxdsp' <Latency = 3> <II = 1> <Delay = 5.58> <FuncUnit> <Opcode : 'dmul'> <InPorts = 2> <OutPorts = 1>
ST_117 : Operation 505 [1/4] (5.58ns)   --->   "%tempOverSigSquared = dmul i64 %tempOverSig, i64 %tempOverSig" [main.cpp:167]   --->   Operation 505 'dmul' 'tempOverSigSquared' <Predicate = true> <Delay = 5.58> <CoreInst = "DMul_maxdsp">   --->   Core 49 'DMul_maxdsp' <Latency = 3> <II = 1> <Delay = 5.58> <FuncUnit> <Opcode : 'dmul'> <InPorts = 2> <OutPorts = 1>

State 118 <SV = 117> <Delay = 5.15>
ST_118 : Operation 506 [1/1] (0.00ns)   --->   "%term2_load_1 = load i64 %term2" [main.cpp:169]   --->   Operation 506 'load' 'term2_load_1' <Predicate = true> <Delay = 0.00>
ST_118 : Operation 507 [1/1] (0.00ns)   --->   "%Stt_load_1 = load i64 %Stt" [main.cpp:163]   --->   Operation 507 'load' 'Stt_load_1' <Predicate = true> <Delay = 0.00>
ST_118 : [1/1] (0.58ns)   --->   Input mux for Operation 508 '%Stt_1 = dadd i64 %Stt_load_1, i64 %mul'
ST_118 : Operation 508 [4/4] (4.57ns)   --->   "%Stt_1 = dadd i64 %Stt_load_1, i64 %mul" [main.cpp:163]   --->   Operation 508 'dadd' 'Stt_1' <Predicate = true> <Delay = 4.57> <CoreInst = "DAddSub_fulldsp">   --->   Core 37 'DAddSub_fulldsp' <Latency = 3> <II = 1> <Delay = 5.15> <FuncUnit> <Opcode : 'dadd' 'dsub'> <InPorts = 2> <OutPorts = 1>
ST_118 : [1/1] (0.58ns)   --->   Input mux for Operation 509 '%term2_1 = dadd i64 %term2_load_1, i64 %tempOverSigSquared'
ST_118 : Operation 509 [4/4] (4.57ns)   --->   "%term2_1 = dadd i64 %term2_load_1, i64 %tempOverSigSquared" [main.cpp:169]   --->   Operation 509 'dadd' 'term2_1' <Predicate = true> <Delay = 4.57> <CoreInst = "DAddSub_fulldsp">   --->   Core 37 'DAddSub_fulldsp' <Latency = 3> <II = 1> <Delay = 5.15> <FuncUnit> <Opcode : 'dadd' 'dsub'> <InPorts = 2> <OutPorts = 1>

State 119 <SV = 118> <Delay = 5.15>
ST_119 : Operation 510 [3/4] (5.15ns)   --->   "%Stt_1 = dadd i64 %Stt_load_1, i64 %mul" [main.cpp:163]   --->   Operation 510 'dadd' 'Stt_1' <Predicate = true> <Delay = 5.15> <CoreInst = "DAddSub_fulldsp">   --->   Core 37 'DAddSub_fulldsp' <Latency = 3> <II = 1> <Delay = 5.15> <FuncUnit> <Opcode : 'dadd' 'dsub'> <InPorts = 2> <OutPorts = 1>
ST_119 : Operation 511 [3/4] (5.15ns)   --->   "%term2_1 = dadd i64 %term2_load_1, i64 %tempOverSigSquared" [main.cpp:169]   --->   Operation 511 'dadd' 'term2_1' <Predicate = true> <Delay = 5.15> <CoreInst = "DAddSub_fulldsp">   --->   Core 37 'DAddSub_fulldsp' <Latency = 3> <II = 1> <Delay = 5.15> <FuncUnit> <Opcode : 'dadd' 'dsub'> <InPorts = 2> <OutPorts = 1>

State 120 <SV = 119> <Delay = 5.15>
ST_120 : Operation 512 [2/4] (5.15ns)   --->   "%Stt_1 = dadd i64 %Stt_load_1, i64 %mul" [main.cpp:163]   --->   Operation 512 'dadd' 'Stt_1' <Predicate = true> <Delay = 5.15> <CoreInst = "DAddSub_fulldsp">   --->   Core 37 'DAddSub_fulldsp' <Latency = 3> <II = 1> <Delay = 5.15> <FuncUnit> <Opcode : 'dadd' 'dsub'> <InPorts = 2> <OutPorts = 1>
ST_120 : Operation 513 [2/4] (5.15ns)   --->   "%term2_1 = dadd i64 %term2_load_1, i64 %tempOverSigSquared" [main.cpp:169]   --->   Operation 513 'dadd' 'term2_1' <Predicate = true> <Delay = 5.15> <CoreInst = "DAddSub_fulldsp">   --->   Core 37 'DAddSub_fulldsp' <Latency = 3> <II = 1> <Delay = 5.15> <FuncUnit> <Opcode : 'dadd' 'dsub'> <InPorts = 2> <OutPorts = 1>

State 121 <SV = 120> <Delay = 5.61>
ST_121 : Operation 514 [1/1] (0.00ns)   --->   "%specloopname_ln152 = specloopname void @_ssdm_op_SpecLoopName, void @empty_12" [main.cpp:152]   --->   Operation 514 'specloopname' 'specloopname_ln152' <Predicate = true> <Delay = 0.00>
ST_121 : Operation 515 [1/4] (5.15ns)   --->   "%Stt_1 = dadd i64 %Stt_load_1, i64 %mul" [main.cpp:163]   --->   Operation 515 'dadd' 'Stt_1' <Predicate = true> <Delay = 5.15> <CoreInst = "DAddSub_fulldsp">   --->   Core 37 'DAddSub_fulldsp' <Latency = 3> <II = 1> <Delay = 5.15> <FuncUnit> <Opcode : 'dadd' 'dsub'> <InPorts = 2> <OutPorts = 1>
ST_121 : Operation 516 [1/4] (5.15ns)   --->   "%term2_1 = dadd i64 %term2_load_1, i64 %tempOverSigSquared" [main.cpp:169]   --->   Operation 516 'dadd' 'term2_1' <Predicate = true> <Delay = 5.15> <CoreInst = "DAddSub_fulldsp">   --->   Core 37 'DAddSub_fulldsp' <Latency = 3> <II = 1> <Delay = 5.15> <FuncUnit> <Opcode : 'dadd' 'dsub'> <InPorts = 2> <OutPorts = 1>
ST_121 : Operation 517 [1/1] (0.46ns)   --->   "%store_ln152 = store i64 %Stt_1, i64 %Stt" [main.cpp:152]   --->   Operation 517 'store' 'store_ln152' <Predicate = true> <Delay = 0.46>
ST_121 : Operation 518 [1/1] (0.46ns)   --->   "%store_ln152 = store i64 %term2_1, i64 %term2" [main.cpp:152]   --->   Operation 518 'store' 'store_ln152' <Predicate = true> <Delay = 0.46>
ST_121 : Operation 519 [1/1] (0.00ns)   --->   "%br_ln152 = br void %for.inc" [main.cpp:152]   --->   Operation 519 'br' 'br_ln152' <Predicate = true> <Delay = 0.00>

State 122 <SV = 20> <Delay = 7.15>
ST_122 : Operation 520 [3/4] (5.58ns)   --->   "%mul4 = dmul i64 %S, i64 %Stt_load" [main.cpp:177]   --->   Operation 520 'dmul' 'mul4' <Predicate = true> <Delay = 5.58> <CoreInst = "DMul_maxdsp">   --->   Core 49 'DMul_maxdsp' <Latency = 3> <II = 1> <Delay = 5.58> <FuncUnit> <Opcode : 'dmul'> <InPorts = 2> <OutPorts = 1>
ST_122 : Operation 521 [12/13] (7.15ns)   --->   "%ob2 = ddiv i64 1, i64 %Stt_load" [main.cpp:178]   --->   Operation 521 'ddiv' 'ob2' <Predicate = true> <Delay = 7.15> <CoreInst = "DDiv">   --->   Core 39 'DDiv' <Latency = 12> <II = 1> <Delay = 7.15> <FuncUnit> <Opcode : 'ddiv' 'drem'> <InPorts = 2> <OutPorts = 1>

State 123 <SV = 21> <Delay = 7.15>
ST_123 : Operation 522 [2/4] (5.58ns)   --->   "%mul4 = dmul i64 %S, i64 %Stt_load" [main.cpp:177]   --->   Operation 522 'dmul' 'mul4' <Predicate = true> <Delay = 5.58> <CoreInst = "DMul_maxdsp">   --->   Core 49 'DMul_maxdsp' <Latency = 3> <II = 1> <Delay = 5.58> <FuncUnit> <Opcode : 'dmul'> <InPorts = 2> <OutPorts = 1>
ST_123 : Operation 523 [11/13] (7.15ns)   --->   "%ob2 = ddiv i64 1, i64 %Stt_load" [main.cpp:178]   --->   Operation 523 'ddiv' 'ob2' <Predicate = true> <Delay = 7.15> <CoreInst = "DDiv">   --->   Core 39 'DDiv' <Latency = 12> <II = 1> <Delay = 7.15> <FuncUnit> <Opcode : 'ddiv' 'drem'> <InPorts = 2> <OutPorts = 1>

State 124 <SV = 22> <Delay = 7.15>
ST_124 : Operation 524 [1/4] (5.58ns)   --->   "%mul4 = dmul i64 %S, i64 %Stt_load" [main.cpp:177]   --->   Operation 524 'dmul' 'mul4' <Predicate = true> <Delay = 5.58> <CoreInst = "DMul_maxdsp">   --->   Core 49 'DMul_maxdsp' <Latency = 3> <II = 1> <Delay = 5.58> <FuncUnit> <Opcode : 'dmul'> <InPorts = 2> <OutPorts = 1>
ST_124 : Operation 525 [10/13] (7.15ns)   --->   "%ob2 = ddiv i64 1, i64 %Stt_load" [main.cpp:178]   --->   Operation 525 'ddiv' 'ob2' <Predicate = true> <Delay = 7.15> <CoreInst = "DDiv">   --->   Core 39 'DDiv' <Latency = 12> <II = 1> <Delay = 7.15> <FuncUnit> <Opcode : 'ddiv' 'drem'> <InPorts = 2> <OutPorts = 1>

State 125 <SV = 23> <Delay = 7.15>
ST_125 : [1/1] (0.71ns)   --->   Input mux for Operation 526 '%div = ddiv i64 %Sx2, i64 %mul4'
ST_125 : Operation 526 [13/13] (6.44ns)   --->   "%div = ddiv i64 %Sx2, i64 %mul4" [main.cpp:177]   --->   Operation 526 'ddiv' 'div' <Predicate = true> <Delay = 6.44> <CoreInst = "DDiv">   --->   Core 39 'DDiv' <Latency = 12> <II = 1> <Delay = 7.15> <FuncUnit> <Opcode : 'ddiv' 'drem'> <InPorts = 2> <OutPorts = 1>
ST_125 : Operation 527 [9/13] (7.15ns)   --->   "%ob2 = ddiv i64 1, i64 %Stt_load" [main.cpp:178]   --->   Operation 527 'ddiv' 'ob2' <Predicate = true> <Delay = 7.15> <CoreInst = "DDiv">   --->   Core 39 'DDiv' <Latency = 12> <II = 1> <Delay = 7.15> <FuncUnit> <Opcode : 'ddiv' 'drem'> <InPorts = 2> <OutPorts = 1>

State 126 <SV = 24> <Delay = 7.15>
ST_126 : Operation 528 [12/13] (7.15ns)   --->   "%div = ddiv i64 %Sx2, i64 %mul4" [main.cpp:177]   --->   Operation 528 'ddiv' 'div' <Predicate = true> <Delay = 7.15> <CoreInst = "DDiv">   --->   Core 39 'DDiv' <Latency = 12> <II = 1> <Delay = 7.15> <FuncUnit> <Opcode : 'ddiv' 'drem'> <InPorts = 2> <OutPorts = 1>
ST_126 : Operation 529 [8/13] (7.15ns)   --->   "%ob2 = ddiv i64 1, i64 %Stt_load" [main.cpp:178]   --->   Operation 529 'ddiv' 'ob2' <Predicate = true> <Delay = 7.15> <CoreInst = "DDiv">   --->   Core 39 'DDiv' <Latency = 12> <II = 1> <Delay = 7.15> <FuncUnit> <Opcode : 'ddiv' 'drem'> <InPorts = 2> <OutPorts = 1>

State 127 <SV = 25> <Delay = 7.15>
ST_127 : Operation 530 [11/13] (7.15ns)   --->   "%div = ddiv i64 %Sx2, i64 %mul4" [main.cpp:177]   --->   Operation 530 'ddiv' 'div' <Predicate = true> <Delay = 7.15> <CoreInst = "DDiv">   --->   Core 39 'DDiv' <Latency = 12> <II = 1> <Delay = 7.15> <FuncUnit> <Opcode : 'ddiv' 'drem'> <InPorts = 2> <OutPorts = 1>
ST_127 : Operation 531 [7/13] (7.15ns)   --->   "%ob2 = ddiv i64 1, i64 %Stt_load" [main.cpp:178]   --->   Operation 531 'ddiv' 'ob2' <Predicate = true> <Delay = 7.15> <CoreInst = "DDiv">   --->   Core 39 'DDiv' <Latency = 12> <II = 1> <Delay = 7.15> <FuncUnit> <Opcode : 'ddiv' 'drem'> <InPorts = 2> <OutPorts = 1>

State 128 <SV = 26> <Delay = 7.15>
ST_128 : Operation 532 [10/13] (7.15ns)   --->   "%div = ddiv i64 %Sx2, i64 %mul4" [main.cpp:177]   --->   Operation 532 'ddiv' 'div' <Predicate = true> <Delay = 7.15> <CoreInst = "DDiv">   --->   Core 39 'DDiv' <Latency = 12> <II = 1> <Delay = 7.15> <FuncUnit> <Opcode : 'ddiv' 'drem'> <InPorts = 2> <OutPorts = 1>
ST_128 : Operation 533 [6/13] (7.15ns)   --->   "%ob2 = ddiv i64 1, i64 %Stt_load" [main.cpp:178]   --->   Operation 533 'ddiv' 'ob2' <Predicate = true> <Delay = 7.15> <CoreInst = "DDiv">   --->   Core 39 'DDiv' <Latency = 12> <II = 1> <Delay = 7.15> <FuncUnit> <Opcode : 'ddiv' 'drem'> <InPorts = 2> <OutPorts = 1>

State 129 <SV = 27> <Delay = 7.15>
ST_129 : Operation 534 [9/13] (7.15ns)   --->   "%div = ddiv i64 %Sx2, i64 %mul4" [main.cpp:177]   --->   Operation 534 'ddiv' 'div' <Predicate = true> <Delay = 7.15> <CoreInst = "DDiv">   --->   Core 39 'DDiv' <Latency = 12> <II = 1> <Delay = 7.15> <FuncUnit> <Opcode : 'ddiv' 'drem'> <InPorts = 2> <OutPorts = 1>
ST_129 : Operation 535 [5/13] (7.15ns)   --->   "%ob2 = ddiv i64 1, i64 %Stt_load" [main.cpp:178]   --->   Operation 535 'ddiv' 'ob2' <Predicate = true> <Delay = 7.15> <CoreInst = "DDiv">   --->   Core 39 'DDiv' <Latency = 12> <II = 1> <Delay = 7.15> <FuncUnit> <Opcode : 'ddiv' 'drem'> <InPorts = 2> <OutPorts = 1>

State 130 <SV = 28> <Delay = 7.15>
ST_130 : Operation 536 [8/13] (7.15ns)   --->   "%div = ddiv i64 %Sx2, i64 %mul4" [main.cpp:177]   --->   Operation 536 'ddiv' 'div' <Predicate = true> <Delay = 7.15> <CoreInst = "DDiv">   --->   Core 39 'DDiv' <Latency = 12> <II = 1> <Delay = 7.15> <FuncUnit> <Opcode : 'ddiv' 'drem'> <InPorts = 2> <OutPorts = 1>
ST_130 : Operation 537 [4/13] (7.15ns)   --->   "%ob2 = ddiv i64 1, i64 %Stt_load" [main.cpp:178]   --->   Operation 537 'ddiv' 'ob2' <Predicate = true> <Delay = 7.15> <CoreInst = "DDiv">   --->   Core 39 'DDiv' <Latency = 12> <II = 1> <Delay = 7.15> <FuncUnit> <Opcode : 'ddiv' 'drem'> <InPorts = 2> <OutPorts = 1>

State 131 <SV = 29> <Delay = 7.15>
ST_131 : Operation 538 [7/13] (7.15ns)   --->   "%div = ddiv i64 %Sx2, i64 %mul4" [main.cpp:177]   --->   Operation 538 'ddiv' 'div' <Predicate = true> <Delay = 7.15> <CoreInst = "DDiv">   --->   Core 39 'DDiv' <Latency = 12> <II = 1> <Delay = 7.15> <FuncUnit> <Opcode : 'ddiv' 'drem'> <InPorts = 2> <OutPorts = 1>
ST_131 : Operation 539 [3/13] (7.15ns)   --->   "%ob2 = ddiv i64 1, i64 %Stt_load" [main.cpp:178]   --->   Operation 539 'ddiv' 'ob2' <Predicate = true> <Delay = 7.15> <CoreInst = "DDiv">   --->   Core 39 'DDiv' <Latency = 12> <II = 1> <Delay = 7.15> <FuncUnit> <Opcode : 'ddiv' 'drem'> <InPorts = 2> <OutPorts = 1>

State 132 <SV = 30> <Delay = 7.15>
ST_132 : Operation 540 [6/13] (7.15ns)   --->   "%div = ddiv i64 %Sx2, i64 %mul4" [main.cpp:177]   --->   Operation 540 'ddiv' 'div' <Predicate = true> <Delay = 7.15> <CoreInst = "DDiv">   --->   Core 39 'DDiv' <Latency = 12> <II = 1> <Delay = 7.15> <FuncUnit> <Opcode : 'ddiv' 'drem'> <InPorts = 2> <OutPorts = 1>
ST_132 : Operation 541 [2/13] (7.15ns)   --->   "%ob2 = ddiv i64 1, i64 %Stt_load" [main.cpp:178]   --->   Operation 541 'ddiv' 'ob2' <Predicate = true> <Delay = 7.15> <CoreInst = "DDiv">   --->   Core 39 'DDiv' <Latency = 12> <II = 1> <Delay = 7.15> <FuncUnit> <Opcode : 'ddiv' 'drem'> <InPorts = 2> <OutPorts = 1>

State 133 <SV = 31> <Delay = 7.15>
ST_133 : Operation 542 [5/13] (7.15ns)   --->   "%div = ddiv i64 %Sx2, i64 %mul4" [main.cpp:177]   --->   Operation 542 'ddiv' 'div' <Predicate = true> <Delay = 7.15> <CoreInst = "DDiv">   --->   Core 39 'DDiv' <Latency = 12> <II = 1> <Delay = 7.15> <FuncUnit> <Opcode : 'ddiv' 'drem'> <InPorts = 2> <OutPorts = 1>
ST_133 : Operation 543 [1/13] (7.15ns)   --->   "%ob2 = ddiv i64 1, i64 %Stt_load" [main.cpp:178]   --->   Operation 543 'ddiv' 'ob2' <Predicate = true> <Delay = 7.15> <CoreInst = "DDiv">   --->   Core 39 'DDiv' <Latency = 12> <II = 1> <Delay = 7.15> <FuncUnit> <Opcode : 'ddiv' 'drem'> <InPorts = 2> <OutPorts = 1>

State 134 <SV = 32> <Delay = 7.15>
ST_134 : Operation 544 [4/13] (7.15ns)   --->   "%div = ddiv i64 %Sx2, i64 %mul4" [main.cpp:177]   --->   Operation 544 'ddiv' 'div' <Predicate = true> <Delay = 7.15> <CoreInst = "DDiv">   --->   Core 39 'DDiv' <Latency = 12> <II = 1> <Delay = 7.15> <FuncUnit> <Opcode : 'ddiv' 'drem'> <InPorts = 2> <OutPorts = 1>
ST_134 : Operation 545 [1/1] (0.00ns)   --->   "%bitcast_ln30_4 = bitcast i64 %ob2" [/opt/metis/el8/contrib/amdtools/xilinx-2023.1/Vitis_HLS/2023.1/common/technology/autopilot/hls_print.h:30->main.cpp:181]   --->   Operation 545 'bitcast' 'bitcast_ln30_4' <Predicate = true> <Delay = 0.00>
ST_134 : Operation 546 [1/1] (1.00ns)   --->   "%printdouble_ln30 = printdouble i32 5, i64 %bitcast_ln30_4" [/opt/metis/el8/contrib/amdtools/xilinx-2023.1/Vitis_HLS/2023.1/common/technology/autopilot/hls_print.h:30->main.cpp:181]   --->   Operation 546 'printdouble' 'printdouble_ln30' <Predicate = true> <Delay = 1.00> <CoreInst = "hlsPrintDouble">   --->   Core 139 'hlsPrintDouble' <Latency = 0> <II = 1> <Delay = 1.00> <FuncUnit> <Opcode : 'printdouble'> <InPorts = 0> <OutPorts = 0>

State 135 <SV = 33> <Delay = 7.15>
ST_135 : Operation 547 [3/13] (7.15ns)   --->   "%div = ddiv i64 %Sx2, i64 %mul4" [main.cpp:177]   --->   Operation 547 'ddiv' 'div' <Predicate = true> <Delay = 7.15> <CoreInst = "DDiv">   --->   Core 39 'DDiv' <Latency = 12> <II = 1> <Delay = 7.15> <FuncUnit> <Opcode : 'ddiv' 'drem'> <InPorts = 2> <OutPorts = 1>

State 136 <SV = 34> <Delay = 7.15>
ST_136 : Operation 548 [2/13] (7.15ns)   --->   "%div = ddiv i64 %Sx2, i64 %mul4" [main.cpp:177]   --->   Operation 548 'ddiv' 'div' <Predicate = true> <Delay = 7.15> <CoreInst = "DDiv">   --->   Core 39 'DDiv' <Latency = 12> <II = 1> <Delay = 7.15> <FuncUnit> <Opcode : 'ddiv' 'drem'> <InPorts = 2> <OutPorts = 1>

State 137 <SV = 35> <Delay = 7.15>
ST_137 : Operation 549 [1/13] (7.15ns)   --->   "%div = ddiv i64 %Sx2, i64 %mul4" [main.cpp:177]   --->   Operation 549 'ddiv' 'div' <Predicate = true> <Delay = 7.15> <CoreInst = "DDiv">   --->   Core 39 'DDiv' <Latency = 12> <II = 1> <Delay = 7.15> <FuncUnit> <Opcode : 'ddiv' 'drem'> <InPorts = 2> <OutPorts = 1>

State 138 <SV = 36> <Delay = 5.15>
ST_138 : [1/1] (0.58ns)   --->   Input mux for Operation 550 '%add = dadd i64 %div, i64 1'
ST_138 : Operation 550 [4/4] (4.57ns)   --->   "%add = dadd i64 %div, i64 1" [main.cpp:177]   --->   Operation 550 'dadd' 'add' <Predicate = true> <Delay = 4.57> <CoreInst = "DAddSub_fulldsp">   --->   Core 37 'DAddSub_fulldsp' <Latency = 3> <II = 1> <Delay = 5.15> <FuncUnit> <Opcode : 'dadd' 'dsub'> <InPorts = 2> <OutPorts = 1>

State 139 <SV = 37> <Delay = 5.15>
ST_139 : Operation 551 [3/4] (5.15ns)   --->   "%add = dadd i64 %div, i64 1" [main.cpp:177]   --->   Operation 551 'dadd' 'add' <Predicate = true> <Delay = 5.15> <CoreInst = "DAddSub_fulldsp">   --->   Core 37 'DAddSub_fulldsp' <Latency = 3> <II = 1> <Delay = 5.15> <FuncUnit> <Opcode : 'dadd' 'dsub'> <InPorts = 2> <OutPorts = 1>

State 140 <SV = 38> <Delay = 5.15>
ST_140 : Operation 552 [2/4] (5.15ns)   --->   "%add = dadd i64 %div, i64 1" [main.cpp:177]   --->   Operation 552 'dadd' 'add' <Predicate = true> <Delay = 5.15> <CoreInst = "DAddSub_fulldsp">   --->   Core 37 'DAddSub_fulldsp' <Latency = 3> <II = 1> <Delay = 5.15> <FuncUnit> <Opcode : 'dadd' 'dsub'> <InPorts = 2> <OutPorts = 1>

State 141 <SV = 39> <Delay = 5.15>
ST_141 : Operation 553 [1/4] (5.15ns)   --->   "%add = dadd i64 %div, i64 1" [main.cpp:177]   --->   Operation 553 'dadd' 'add' <Predicate = true> <Delay = 5.15> <CoreInst = "DAddSub_fulldsp">   --->   Core 37 'DAddSub_fulldsp' <Latency = 3> <II = 1> <Delay = 5.15> <FuncUnit> <Opcode : 'dadd' 'dsub'> <InPorts = 2> <OutPorts = 1>

State 142 <SV = 40> <Delay = 5.58>
ST_142 : Operation 554 [1/1] (0.00ns)   --->   "%term2_load = load i64 %term2" [main.cpp:183]   --->   Operation 554 'load' 'term2_load' <Predicate = true> <Delay = 0.00>
ST_142 : [1/1] (0.75ns)   --->   Input mux for Operation 555 '%oa2 = dmul i64 %oneOverS, i64 %add'
ST_142 : Operation 555 [4/4] (4.82ns)   --->   "%oa2 = dmul i64 %oneOverS, i64 %add" [main.cpp:177]   --->   Operation 555 'dmul' 'oa2' <Predicate = true> <Delay = 4.82> <CoreInst = "DMul_maxdsp">   --->   Core 49 'DMul_maxdsp' <Latency = 3> <II = 1> <Delay = 5.58> <FuncUnit> <Opcode : 'dmul'> <InPorts = 2> <OutPorts = 1>
ST_142 : [1/1] (0.75ns)   --->   Input mux for Operation 556 '%gof = dmul i64 %term1, i64 %term2_load'
ST_142 : Operation 556 [4/4] (4.82ns)   --->   "%gof = dmul i64 %term1, i64 %term2_load" [main.cpp:183]   --->   Operation 556 'dmul' 'gof' <Predicate = true> <Delay = 4.82> <CoreInst = "DMul_maxdsp">   --->   Core 49 'DMul_maxdsp' <Latency = 3> <II = 1> <Delay = 5.58> <FuncUnit> <Opcode : 'dmul'> <InPorts = 2> <OutPorts = 1>

State 143 <SV = 41> <Delay = 5.58>
ST_143 : Operation 557 [3/4] (5.58ns)   --->   "%oa2 = dmul i64 %oneOverS, i64 %add" [main.cpp:177]   --->   Operation 557 'dmul' 'oa2' <Predicate = true> <Delay = 5.58> <CoreInst = "DMul_maxdsp">   --->   Core 49 'DMul_maxdsp' <Latency = 3> <II = 1> <Delay = 5.58> <FuncUnit> <Opcode : 'dmul'> <InPorts = 2> <OutPorts = 1>
ST_143 : Operation 558 [3/4] (5.58ns)   --->   "%gof = dmul i64 %term1, i64 %term2_load" [main.cpp:183]   --->   Operation 558 'dmul' 'gof' <Predicate = true> <Delay = 5.58> <CoreInst = "DMul_maxdsp">   --->   Core 49 'DMul_maxdsp' <Latency = 3> <II = 1> <Delay = 5.58> <FuncUnit> <Opcode : 'dmul'> <InPorts = 2> <OutPorts = 1>

State 144 <SV = 42> <Delay = 5.58>
ST_144 : Operation 559 [2/4] (5.58ns)   --->   "%oa2 = dmul i64 %oneOverS, i64 %add" [main.cpp:177]   --->   Operation 559 'dmul' 'oa2' <Predicate = true> <Delay = 5.58> <CoreInst = "DMul_maxdsp">   --->   Core 49 'DMul_maxdsp' <Latency = 3> <II = 1> <Delay = 5.58> <FuncUnit> <Opcode : 'dmul'> <InPorts = 2> <OutPorts = 1>
ST_144 : Operation 560 [2/4] (5.58ns)   --->   "%gof = dmul i64 %term1, i64 %term2_load" [main.cpp:183]   --->   Operation 560 'dmul' 'gof' <Predicate = true> <Delay = 5.58> <CoreInst = "DMul_maxdsp">   --->   Core 49 'DMul_maxdsp' <Latency = 3> <II = 1> <Delay = 5.58> <FuncUnit> <Opcode : 'dmul'> <InPorts = 2> <OutPorts = 1>

State 145 <SV = 43> <Delay = 6.58>
ST_145 : Operation 561 [1/4] (5.58ns)   --->   "%oa2 = dmul i64 %oneOverS, i64 %add" [main.cpp:177]   --->   Operation 561 'dmul' 'oa2' <Predicate = true> <Delay = 5.58> <CoreInst = "DMul_maxdsp">   --->   Core 49 'DMul_maxdsp' <Latency = 3> <II = 1> <Delay = 5.58> <FuncUnit> <Opcode : 'dmul'> <InPorts = 2> <OutPorts = 1>
ST_145 : Operation 562 [1/1] (0.00ns)   --->   "%bitcast_ln30 = bitcast i64 %oa2" [/opt/metis/el8/contrib/amdtools/xilinx-2023.1/Vitis_HLS/2023.1/common/technology/autopilot/hls_print.h:30->main.cpp:180]   --->   Operation 562 'bitcast' 'bitcast_ln30' <Predicate = true> <Delay = 0.00>
ST_145 : Operation 563 [1/1] (1.00ns)   --->   "%printdouble_ln30 = printdouble i32 4, i64 %bitcast_ln30" [/opt/metis/el8/contrib/amdtools/xilinx-2023.1/Vitis_HLS/2023.1/common/technology/autopilot/hls_print.h:30->main.cpp:180]   --->   Operation 563 'printdouble' 'printdouble_ln30' <Predicate = true> <Delay = 1.00> <CoreInst = "hlsPrintDouble">   --->   Core 139 'hlsPrintDouble' <Latency = 0> <II = 1> <Delay = 1.00> <FuncUnit> <Opcode : 'printdouble'> <InPorts = 0> <OutPorts = 0>
ST_145 : Operation 564 [1/4] (5.58ns)   --->   "%gof = dmul i64 %term1, i64 %term2_load" [main.cpp:183]   --->   Operation 564 'dmul' 'gof' <Predicate = true> <Delay = 5.58> <CoreInst = "DMul_maxdsp">   --->   Core 49 'DMul_maxdsp' <Latency = 3> <II = 1> <Delay = 5.58> <FuncUnit> <Opcode : 'dmul'> <InPorts = 2> <OutPorts = 1>
ST_145 : Operation 565 [1/1] (0.00ns)   --->   "%ret_ln185 = ret i64 %gof" [main.cpp:185]   --->   Operation 565 'ret' 'ret_ln185' <Predicate = true> <Delay = 0.00>


============================================================
+ Verbose Summary: Timing violations
============================================================
Target clock period: 10.000ns, clock uncertainty: 2.700ns.

 <State 1>: 5.652ns
The critical path consists of the following:
	wire read operation ('size', main.cpp:125) on port 'size' (main.cpp:125) [13]  (0.000 ns)
	multiplexor before operation 'sitodp' with delay (0.755 ns)
'sitodp' operation ('conv', main.cpp:130) [19]  (4.897 ns)

 <State 2>: 5.652ns
The critical path consists of the following:
	'sitodp' operation ('conv', main.cpp:130) [19]  (5.652 ns)

 <State 3>: 5.158ns
The critical path consists of the following:
	multiplexor before operation 'dadd' with delay (0.586 ns)
'dadd' operation ('sub', main.cpp:130) [20]  (4.572 ns)

 <State 4>: 7.300ns
The critical path consists of the following:
	wire read operation ('arrsig', main.cpp:125) on port 'arrsig' (main.cpp:125) [14]  (0.000 ns)
	'call' operation ('S', main.cpp:136) to 'calc_ovr_sig_sqrd.1' [22]  (7.300 ns)

 <State 5>: 5.158ns
The critical path consists of the following:
	'dadd' operation ('sub', main.cpp:130) [20]  (5.158 ns)

 <State 6>: 5.158ns
The critical path consists of the following:
	'dadd' operation ('sub', main.cpp:130) [20]  (5.158 ns)

 <State 7>: 7.158ns
The critical path consists of the following:
	multiplexor before operation 'ddiv' with delay (0.713 ns)
'ddiv' operation ('term1', main.cpp:130) [21]  (6.445 ns)

 <State 8>: 7.158ns
The critical path consists of the following:
	'ddiv' operation ('term1', main.cpp:130) [21]  (7.158 ns)

 <State 9>: 7.158ns
The critical path consists of the following:
	'ddiv' operation ('term1', main.cpp:130) [21]  (7.158 ns)

 <State 10>: 7.158ns
The critical path consists of the following:
	'ddiv' operation ('term1', main.cpp:130) [21]  (7.158 ns)

 <State 11>: 7.158ns
The critical path consists of the following:
	'ddiv' operation ('term1', main.cpp:130) [21]  (7.158 ns)

 <State 12>: 7.158ns
The critical path consists of the following:
	'ddiv' operation ('term1', main.cpp:130) [21]  (7.158 ns)

 <State 13>: 7.158ns
The critical path consists of the following:
	'ddiv' operation ('term1', main.cpp:130) [21]  (7.158 ns)

 <State 14>: 7.158ns
The critical path consists of the following:
	'ddiv' operation ('term1', main.cpp:130) [21]  (7.158 ns)

 <State 15>: 7.158ns
The critical path consists of the following:
	'ddiv' operation ('term1', main.cpp:130) [21]  (7.158 ns)

 <State 16>: 7.158ns
The critical path consists of the following:
	'ddiv' operation ('term1', main.cpp:130) [21]  (7.158 ns)

 <State 17>: 7.158ns
The critical path consists of the following:
	'ddiv' operation ('term1', main.cpp:130) [21]  (7.158 ns)

 <State 18>: 7.158ns
The critical path consists of the following:
	'ddiv' operation ('term1', main.cpp:130) [21]  (7.158 ns)

 <State 19>: 7.158ns
The critical path consists of the following:
	'ddiv' operation ('term1', main.cpp:130) [21]  (7.158 ns)

 <State 20>: 7.158ns
The critical path consists of the following:
	'load' operation ('Stt_load', main.cpp:177) on local variable 'Stt' [83]  (0.000 ns)
	multiplexor before operation 'ddiv' with delay (0.713 ns)
'ddiv' operation ('ob2', main.cpp:178) [88]  (6.445 ns)

 <State 21>: 7.300ns
The critical path consists of the following:
	'getelementptr' operation ('gmem_addr', main.cpp:154) [50]  (0.000 ns)
	bus request operation ('gmem_load_req', main.cpp:154) on port 'gmem' (main.cpp:154) [51]  (7.300 ns)

 <State 22>: 7.300ns
The critical path consists of the following:
	bus request operation ('gmem_load_req', main.cpp:154) on port 'gmem' (main.cpp:154) [51]  (7.300 ns)

 <State 23>: 7.300ns
The critical path consists of the following:
	bus request operation ('gmem_load_req', main.cpp:154) on port 'gmem' (main.cpp:154) [51]  (7.300 ns)

 <State 24>: 7.300ns
The critical path consists of the following:
	bus request operation ('gmem_load_req', main.cpp:154) on port 'gmem' (main.cpp:154) [51]  (7.300 ns)

 <State 25>: 7.300ns
The critical path consists of the following:
	bus request operation ('gmem_load_req', main.cpp:154) on port 'gmem' (main.cpp:154) [51]  (7.300 ns)

 <State 26>: 7.300ns
The critical path consists of the following:
	bus request operation ('gmem_load_req', main.cpp:154) on port 'gmem' (main.cpp:154) [51]  (7.300 ns)

 <State 27>: 7.300ns
The critical path consists of the following:
	bus request operation ('gmem_load_req', main.cpp:154) on port 'gmem' (main.cpp:154) [51]  (7.300 ns)

 <State 28>: 7.300ns
The critical path consists of the following:
	bus request operation ('gmem_load_req', main.cpp:154) on port 'gmem' (main.cpp:154) [51]  (7.300 ns)

 <State 29>: 7.300ns
The critical path consists of the following:
	bus request operation ('gmem_load_req', main.cpp:154) on port 'gmem' (main.cpp:154) [51]  (7.300 ns)

 <State 30>: 7.300ns
The critical path consists of the following:
	bus request operation ('gmem_load_req', main.cpp:154) on port 'gmem' (main.cpp:154) [51]  (7.300 ns)

 <State 31>: 7.300ns
The critical path consists of the following:
	bus request operation ('gmem_load_req', main.cpp:154) on port 'gmem' (main.cpp:154) [51]  (7.300 ns)

 <State 32>: 7.300ns
The critical path consists of the following:
	bus request operation ('gmem_load_req', main.cpp:154) on port 'gmem' (main.cpp:154) [51]  (7.300 ns)

 <State 33>: 7.300ns
The critical path consists of the following:
	bus request operation ('gmem_load_req', main.cpp:154) on port 'gmem' (main.cpp:154) [51]  (7.300 ns)

 <State 34>: 7.300ns
The critical path consists of the following:
	bus request operation ('gmem_load_req', main.cpp:154) on port 'gmem' (main.cpp:154) [51]  (7.300 ns)

 <State 35>: 7.300ns
The critical path consists of the following:
	bus request operation ('gmem_load_req', main.cpp:154) on port 'gmem' (main.cpp:154) [51]  (7.300 ns)

 <State 36>: 7.300ns
The critical path consists of the following:
	bus request operation ('gmem_load_req', main.cpp:154) on port 'gmem' (main.cpp:154) [51]  (7.300 ns)

 <State 37>: 7.300ns
The critical path consists of the following:
	bus request operation ('gmem_load_req', main.cpp:154) on port 'gmem' (main.cpp:154) [51]  (7.300 ns)

 <State 38>: 7.300ns
The critical path consists of the following:
	bus request operation ('gmem_load_req', main.cpp:154) on port 'gmem' (main.cpp:154) [51]  (7.300 ns)

 <State 39>: 7.300ns
The critical path consists of the following:
	bus request operation ('gmem_load_req', main.cpp:154) on port 'gmem' (main.cpp:154) [51]  (7.300 ns)

 <State 40>: 7.300ns
The critical path consists of the following:
	bus request operation ('gmem_load_req', main.cpp:154) on port 'gmem' (main.cpp:154) [51]  (7.300 ns)

 <State 41>: 7.300ns
The critical path consists of the following:
	bus request operation ('gmem_load_req', main.cpp:154) on port 'gmem' (main.cpp:154) [51]  (7.300 ns)

 <State 42>: 7.300ns
The critical path consists of the following:
	bus request operation ('gmem_load_req', main.cpp:154) on port 'gmem' (main.cpp:154) [51]  (7.300 ns)

 <State 43>: 7.300ns
The critical path consists of the following:
	bus request operation ('gmem_load_req', main.cpp:154) on port 'gmem' (main.cpp:154) [51]  (7.300 ns)

 <State 44>: 7.300ns
The critical path consists of the following:
	bus request operation ('gmem_load_req', main.cpp:154) on port 'gmem' (main.cpp:154) [51]  (7.300 ns)

 <State 45>: 7.300ns
The critical path consists of the following:
	bus request operation ('gmem_load_req', main.cpp:154) on port 'gmem' (main.cpp:154) [51]  (7.300 ns)

 <State 46>: 7.300ns
The critical path consists of the following:
	bus request operation ('gmem_load_req', main.cpp:154) on port 'gmem' (main.cpp:154) [51]  (7.300 ns)

 <State 47>: 7.300ns
The critical path consists of the following:
	bus request operation ('gmem_load_req', main.cpp:154) on port 'gmem' (main.cpp:154) [51]  (7.300 ns)

 <State 48>: 7.300ns
The critical path consists of the following:
	bus request operation ('gmem_load_req', main.cpp:154) on port 'gmem' (main.cpp:154) [51]  (7.300 ns)

 <State 49>: 7.300ns
The critical path consists of the following:
	bus request operation ('gmem_load_req', main.cpp:154) on port 'gmem' (main.cpp:154) [51]  (7.300 ns)

 <State 50>: 7.300ns
The critical path consists of the following:
	bus request operation ('gmem_load_req', main.cpp:154) on port 'gmem' (main.cpp:154) [51]  (7.300 ns)

 <State 51>: 7.300ns
The critical path consists of the following:
	bus request operation ('gmem_load_req', main.cpp:154) on port 'gmem' (main.cpp:154) [51]  (7.300 ns)

 <State 52>: 7.300ns
The critical path consists of the following:
	bus request operation ('gmem_load_req', main.cpp:154) on port 'gmem' (main.cpp:154) [51]  (7.300 ns)

 <State 53>: 7.300ns
The critical path consists of the following:
	bus request operation ('gmem_load_req', main.cpp:154) on port 'gmem' (main.cpp:154) [51]  (7.300 ns)

 <State 54>: 7.300ns
The critical path consists of the following:
	bus request operation ('gmem_load_req', main.cpp:154) on port 'gmem' (main.cpp:154) [51]  (7.300 ns)

 <State 55>: 7.300ns
The critical path consists of the following:
	bus request operation ('gmem_load_req', main.cpp:154) on port 'gmem' (main.cpp:154) [51]  (7.300 ns)

 <State 56>: 7.300ns
The critical path consists of the following:
	bus request operation ('gmem_load_req', main.cpp:154) on port 'gmem' (main.cpp:154) [51]  (7.300 ns)

 <State 57>: 7.300ns
The critical path consists of the following:
	bus request operation ('gmem_load_req', main.cpp:154) on port 'gmem' (main.cpp:154) [51]  (7.300 ns)

 <State 58>: 7.300ns
The critical path consists of the following:
	bus request operation ('gmem_load_req', main.cpp:154) on port 'gmem' (main.cpp:154) [51]  (7.300 ns)

 <State 59>: 7.300ns
The critical path consists of the following:
	bus request operation ('gmem_load_req', main.cpp:154) on port 'gmem' (main.cpp:154) [51]  (7.300 ns)

 <State 60>: 7.300ns
The critical path consists of the following:
	bus request operation ('gmem_load_req', main.cpp:154) on port 'gmem' (main.cpp:154) [51]  (7.300 ns)

 <State 61>: 7.300ns
The critical path consists of the following:
	bus request operation ('gmem_load_req', main.cpp:154) on port 'gmem' (main.cpp:154) [51]  (7.300 ns)

 <State 62>: 7.300ns
The critical path consists of the following:
	bus request operation ('gmem_load_req', main.cpp:154) on port 'gmem' (main.cpp:154) [51]  (7.300 ns)

 <State 63>: 7.300ns
The critical path consists of the following:
	bus request operation ('gmem_load_req', main.cpp:154) on port 'gmem' (main.cpp:154) [51]  (7.300 ns)

 <State 64>: 7.300ns
The critical path consists of the following:
	bus request operation ('gmem_load_req', main.cpp:154) on port 'gmem' (main.cpp:154) [51]  (7.300 ns)

 <State 65>: 7.300ns
The critical path consists of the following:
	bus request operation ('gmem_load_req', main.cpp:154) on port 'gmem' (main.cpp:154) [51]  (7.300 ns)

 <State 66>: 7.300ns
The critical path consists of the following:
	bus request operation ('gmem_load_req', main.cpp:154) on port 'gmem' (main.cpp:154) [51]  (7.300 ns)

 <State 67>: 7.300ns
The critical path consists of the following:
	bus request operation ('gmem_load_req', main.cpp:154) on port 'gmem' (main.cpp:154) [51]  (7.300 ns)

 <State 68>: 7.300ns
The critical path consists of the following:
	bus request operation ('gmem_load_req', main.cpp:154) on port 'gmem' (main.cpp:154) [51]  (7.300 ns)

 <State 69>: 7.300ns
The critical path consists of the following:
	bus request operation ('gmem_load_req', main.cpp:154) on port 'gmem' (main.cpp:154) [51]  (7.300 ns)

 <State 70>: 7.300ns
The critical path consists of the following:
	bus request operation ('gmem_load_req', main.cpp:154) on port 'gmem' (main.cpp:154) [51]  (7.300 ns)

 <State 71>: 7.300ns
The critical path consists of the following:
	bus request operation ('gmem_load_req', main.cpp:154) on port 'gmem' (main.cpp:154) [51]  (7.300 ns)

 <State 72>: 7.300ns
The critical path consists of the following:
	bus request operation ('gmem_load_req', main.cpp:154) on port 'gmem' (main.cpp:154) [51]  (7.300 ns)

 <State 73>: 7.300ns
The critical path consists of the following:
	bus request operation ('gmem_load_req', main.cpp:154) on port 'gmem' (main.cpp:154) [51]  (7.300 ns)

 <State 74>: 7.300ns
The critical path consists of the following:
	bus request operation ('gmem_load_req', main.cpp:154) on port 'gmem' (main.cpp:154) [51]  (7.300 ns)

 <State 75>: 7.300ns
The critical path consists of the following:
	bus request operation ('gmem_load_req', main.cpp:154) on port 'gmem' (main.cpp:154) [51]  (7.300 ns)

 <State 76>: 7.300ns
The critical path consists of the following:
	bus request operation ('gmem_load_req', main.cpp:154) on port 'gmem' (main.cpp:154) [51]  (7.300 ns)

 <State 77>: 7.300ns
The critical path consists of the following:
	bus request operation ('gmem_load_req', main.cpp:154) on port 'gmem' (main.cpp:154) [51]  (7.300 ns)

 <State 78>: 7.300ns
The critical path consists of the following:
	bus request operation ('gmem_load_req', main.cpp:154) on port 'gmem' (main.cpp:154) [51]  (7.300 ns)

 <State 79>: 7.300ns
The critical path consists of the following:
	bus request operation ('gmem_load_req', main.cpp:154) on port 'gmem' (main.cpp:154) [51]  (7.300 ns)

 <State 80>: 7.300ns
The critical path consists of the following:
	bus request operation ('gmem_load_req', main.cpp:154) on port 'gmem' (main.cpp:154) [51]  (7.300 ns)

 <State 81>: 7.300ns
The critical path consists of the following:
	bus request operation ('gmem_load_req', main.cpp:154) on port 'gmem' (main.cpp:154) [51]  (7.300 ns)

 <State 82>: 7.300ns
The critical path consists of the following:
	bus request operation ('gmem_load_req', main.cpp:154) on port 'gmem' (main.cpp:154) [51]  (7.300 ns)

 <State 83>: 7.300ns
The critical path consists of the following:
	bus request operation ('gmem_load_req', main.cpp:154) on port 'gmem' (main.cpp:154) [51]  (7.300 ns)

 <State 84>: 7.300ns
The critical path consists of the following:
	bus request operation ('gmem_load_req', main.cpp:154) on port 'gmem' (main.cpp:154) [51]  (7.300 ns)

 <State 85>: 7.300ns
The critical path consists of the following:
	bus request operation ('gmem_load_req', main.cpp:154) on port 'gmem' (main.cpp:154) [51]  (7.300 ns)

 <State 86>: 7.300ns
The critical path consists of the following:
	bus request operation ('gmem_load_req', main.cpp:154) on port 'gmem' (main.cpp:154) [51]  (7.300 ns)

 <State 87>: 7.300ns
The critical path consists of the following:
	bus request operation ('gmem_load_req', main.cpp:154) on port 'gmem' (main.cpp:154) [51]  (7.300 ns)

 <State 88>: 7.300ns
The critical path consists of the following:
	bus request operation ('gmem_load_req', main.cpp:154) on port 'gmem' (main.cpp:154) [51]  (7.300 ns)

 <State 89>: 7.300ns
The critical path consists of the following:
	bus request operation ('gmem_load_req', main.cpp:154) on port 'gmem' (main.cpp:154) [51]  (7.300 ns)

 <State 90>: 7.300ns
The critical path consists of the following:
	bus request operation ('gmem_load_req', main.cpp:154) on port 'gmem' (main.cpp:154) [51]  (7.300 ns)

 <State 91>: 7.300ns
The critical path consists of the following:
	bus request operation ('gmem_load_req', main.cpp:154) on port 'gmem' (main.cpp:154) [51]  (7.300 ns)

 <State 92>: 7.300ns
The critical path consists of the following:
	bus read operation ('gmem_addr_read', main.cpp:154) on port 'gmem' (main.cpp:154) [52]  (7.300 ns)

 <State 93>: 7.300ns
The critical path consists of the following:
	bus read operation ('gmem_addr_3_read', main.cpp:155) on port 'gmem' (main.cpp:155) [58]  (7.300 ns)

 <State 94>: 7.300ns
The critical path consists of the following:
	bus read operation ('gmem_addr_4_read', main.cpp:156) on port 'gmem' (main.cpp:156) [64]  (7.300 ns)

 <State 95>: 5.652ns
The critical path consists of the following:
	'sitodp' operation ('y', main.cpp:155) [59]  (5.652 ns)

 <State 96>: 5.652ns
The critical path consists of the following:
	'sitodp' operation ('sig', main.cpp:156) [65]  (5.652 ns)

 <State 97>: 7.158ns
The critical path consists of the following:
	multiplexor before operation 'ddiv' with delay (0.713 ns)
'ddiv' operation ('overSig', main.cpp:157) [66]  (6.445 ns)

 <State 98>: 7.158ns
The critical path consists of the following:
	'ddiv' operation ('overSig', main.cpp:157) [66]  (7.158 ns)

 <State 99>: 7.158ns
The critical path consists of the following:
	'ddiv' operation ('overSig', main.cpp:157) [66]  (7.158 ns)

 <State 100>: 7.158ns
The critical path consists of the following:
	'ddiv' operation ('overSig', main.cpp:157) [66]  (7.158 ns)

 <State 101>: 7.158ns
The critical path consists of the following:
	'ddiv' operation ('overSig', main.cpp:157) [66]  (7.158 ns)

 <State 102>: 7.158ns
The critical path consists of the following:
	'ddiv' operation ('overSig', main.cpp:157) [66]  (7.158 ns)

 <State 103>: 7.158ns
The critical path consists of the following:
	'ddiv' operation ('overSig', main.cpp:157) [66]  (7.158 ns)

 <State 104>: 7.158ns
The critical path consists of the following:
	'ddiv' operation ('overSig', main.cpp:157) [66]  (7.158 ns)

 <State 105>: 7.158ns
The critical path consists of the following:
	'ddiv' operation ('overSig', main.cpp:157) [66]  (7.158 ns)

 <State 106>: 7.158ns
The critical path consists of the following:
	'ddiv' operation ('overSig', main.cpp:157) [66]  (7.158 ns)

 <State 107>: 7.158ns
The critical path consists of the following:
	'ddiv' operation ('overSig', main.cpp:157) [66]  (7.158 ns)

 <State 108>: 7.158ns
The critical path consists of the following:
	'ddiv' operation ('overSig', main.cpp:157) [66]  (7.158 ns)

 <State 109>: 7.158ns
The critical path consists of the following:
	'ddiv' operation ('overSig', main.cpp:157) [66]  (7.158 ns)

 <State 110>: 5.580ns
The critical path consists of the following:
	multiplexor before operation 'dmul' with delay (0.755 ns)
'dmul' operation ('t', main.cpp:161) [68]  (4.825 ns)

 <State 111>: 5.580ns
The critical path consists of the following:
	'dmul' operation ('t', main.cpp:161) [68]  (5.580 ns)

 <State 112>: 5.580ns
The critical path consists of the following:
	'dmul' operation ('t', main.cpp:161) [68]  (5.580 ns)

 <State 113>: 5.580ns
The critical path consists of the following:
	'dmul' operation ('t', main.cpp:161) [68]  (5.580 ns)

 <State 114>: 5.580ns
The critical path consists of the following:
	multiplexor before operation 'dmul' with delay (0.755 ns)
'dmul' operation ('mul', main.cpp:163) [69]  (4.825 ns)

 <State 115>: 5.580ns
The critical path consists of the following:
	'dmul' operation ('mul', main.cpp:163) [69]  (5.580 ns)

 <State 116>: 5.580ns
The critical path consists of the following:
	'dmul' operation ('mul', main.cpp:163) [69]  (5.580 ns)

 <State 117>: 5.580ns
The critical path consists of the following:
	'dmul' operation ('mul', main.cpp:163) [69]  (5.580 ns)

 <State 118>: 5.158ns
The critical path consists of the following:
	'load' operation ('Stt_load_1', main.cpp:163) on local variable 'Stt' [46]  (0.000 ns)
	multiplexor before operation 'dadd' with delay (0.586 ns)
'dadd' operation ('Stt', main.cpp:163) [70]  (4.572 ns)

 <State 119>: 5.158ns
The critical path consists of the following:
	'dadd' operation ('Stt', main.cpp:163) [70]  (5.158 ns)

 <State 120>: 5.158ns
The critical path consists of the following:
	'dadd' operation ('Stt', main.cpp:163) [70]  (5.158 ns)

 <State 121>: 5.618ns
The critical path consists of the following:
	'dadd' operation ('Stt', main.cpp:163) [70]  (5.158 ns)
	'store' operation ('store_ln152', main.cpp:152) of variable 'Stt', main.cpp:163 on local variable 'Stt' [78]  (0.460 ns)

 <State 122>: 7.158ns
The critical path consists of the following:
	'ddiv' operation ('ob2', main.cpp:178) [88]  (7.158 ns)

 <State 123>: 7.158ns
The critical path consists of the following:
	'ddiv' operation ('ob2', main.cpp:178) [88]  (7.158 ns)

 <State 124>: 7.158ns
The critical path consists of the following:
	'ddiv' operation ('ob2', main.cpp:178) [88]  (7.158 ns)

 <State 125>: 7.158ns
The critical path consists of the following:
	multiplexor before operation 'ddiv' with delay (0.713 ns)
'ddiv' operation ('div', main.cpp:177) [85]  (6.445 ns)

 <State 126>: 7.158ns
The critical path consists of the following:
	'ddiv' operation ('div', main.cpp:177) [85]  (7.158 ns)

 <State 127>: 7.158ns
The critical path consists of the following:
	'ddiv' operation ('div', main.cpp:177) [85]  (7.158 ns)

 <State 128>: 7.158ns
The critical path consists of the following:
	'ddiv' operation ('div', main.cpp:177) [85]  (7.158 ns)

 <State 129>: 7.158ns
The critical path consists of the following:
	'ddiv' operation ('div', main.cpp:177) [85]  (7.158 ns)

 <State 130>: 7.158ns
The critical path consists of the following:
	'ddiv' operation ('div', main.cpp:177) [85]  (7.158 ns)

 <State 131>: 7.158ns
The critical path consists of the following:
	'ddiv' operation ('div', main.cpp:177) [85]  (7.158 ns)

 <State 132>: 7.158ns
The critical path consists of the following:
	'ddiv' operation ('div', main.cpp:177) [85]  (7.158 ns)

 <State 133>: 7.158ns
The critical path consists of the following:
	'ddiv' operation ('div', main.cpp:177) [85]  (7.158 ns)

 <State 134>: 7.158ns
The critical path consists of the following:
	'ddiv' operation ('div', main.cpp:177) [85]  (7.158 ns)

 <State 135>: 7.158ns
The critical path consists of the following:
	'ddiv' operation ('div', main.cpp:177) [85]  (7.158 ns)

 <State 136>: 7.158ns
The critical path consists of the following:
	'ddiv' operation ('div', main.cpp:177) [85]  (7.158 ns)

 <State 137>: 7.158ns
The critical path consists of the following:
	'ddiv' operation ('div', main.cpp:177) [85]  (7.158 ns)

 <State 138>: 5.158ns
The critical path consists of the following:
	multiplexor before operation 'dadd' with delay (0.586 ns)
'dadd' operation ('add', main.cpp:177) [86]  (4.572 ns)

 <State 139>: 5.158ns
The critical path consists of the following:
	'dadd' operation ('add', main.cpp:177) [86]  (5.158 ns)

 <State 140>: 5.158ns
The critical path consists of the following:
	'dadd' operation ('add', main.cpp:177) [86]  (5.158 ns)

 <State 141>: 5.158ns
The critical path consists of the following:
	'dadd' operation ('add', main.cpp:177) [86]  (5.158 ns)

 <State 142>: 5.580ns
The critical path consists of the following:
	multiplexor before operation 'dmul' with delay (0.755 ns)
'dmul' operation ('oa2', main.cpp:177) [87]  (4.825 ns)

 <State 143>: 5.580ns
The critical path consists of the following:
	'dmul' operation ('oa2', main.cpp:177) [87]  (5.580 ns)

 <State 144>: 5.580ns
The critical path consists of the following:
	'dmul' operation ('oa2', main.cpp:177) [87]  (5.580 ns)

 <State 145>: 6.580ns
The critical path consists of the following:
	'dmul' operation ('oa2', main.cpp:177) [87]  (5.580 ns)
	'printdouble' operation ('printdouble_ln30', /opt/metis/el8/contrib/amdtools/xilinx-2023.1/Vitis_HLS/2023.1/common/technology/autopilot/hls_print.h:30->main.cpp:180) [90]  (1.000 ns)


============================================================
+ Verbose Summary: Binding
============================================================
N/A
* FSMD analyzer results:
  - Output states:
 - Input state : 
  - Chain level:
	State 1
	State 2
	State 3
	State 4
	State 5
	State 6
	State 7
	State 8
	State 9
	State 10
	State 11
	State 12
	State 13
	State 14
	State 15
	State 16
	State 17
	State 18
	State 19
	State 20
	State 21
	State 22
	State 23
	State 24
	State 25
	State 26
	State 27
	State 28
	State 29
	State 30
	State 31
	State 32
	State 33
	State 34
	State 35
	State 36
	State 37
	State 38
	State 39
	State 40
	State 41
	State 42
	State 43
	State 44
	State 45
	State 46
	State 47
	State 48
	State 49
	State 50
	State 51
	State 52
	State 53
	State 54
	State 55
	State 56
	State 57
	State 58
	State 59
	State 60
	State 61
	State 62
	State 63
	State 64
	State 65
	State 66
	State 67
	State 68
	State 69
	State 70
	State 71
	State 72
	State 73
	State 74
	State 75
	State 76
	State 77
	State 78
	State 79
	State 80
	State 81
	State 82
	State 83
	State 84
	State 85
	State 86
	State 87
	State 88
	State 89
	State 90
	State 91
	State 92
	State 93
	State 94
	State 95
	State 96
	State 97
	State 98
	State 99
	State 100
	State 101
	State 102
	State 103
	State 104
	State 105
	State 106
	State 107
	State 108
	State 109
	State 110
	State 111
	State 112
	State 113
	State 114
	State 115
	State 116
	State 117
	State 118
	State 119
	State 120
	State 121
	State 122
	State 123
	State 124
	State 125
	State 126
	State 127
	State 128
	State 129
	State 130
	State 131
	State 132
	State 133
	State 134
	State 135
	State 136
	State 137
	State 138
	State 139
	State 140
	State 141
	State 142
	State 143
	State 144
	State 145


============================================================
+ Verbose Summary: Datapath Resource usage 
============================================================
N/A
