INFO-FLOW: Workspace /nfs/ihfs/home_metis/akraus/HW3-dir/hw/hls_fit/solution1 opened at Thu Feb 27 15:24:12 CST 2025
Execute     ap_set_clock -name default -period 10 -default=false 
INFO: [SYN 201-201] Setting up clock 'default' with a period of 10ns.
Execute     set_part xcvu11p-flga2577-1-e 
Execute       create_platform xcvu11p-flga2577-1-e -board  
DBG:HLSDevice: Trying to load device library: /opt/metis/el8/contrib/amdtools/xilinx-2023.1/Vitis_HLS/2023.1/lib/lnx64.o/libxv_hlsvwrap.so
DBG:HLSDevice: first parts/arch.xml in RDI_DATADIR: /opt/metis/el8/contrib/amdtools/xilinx-2023.1/Vivado/2023.1/data/parts/arch.xml
DBG:HLSDevice: init success
INFO: [HLS 200-1611] Setting target device to 'xcvu11p-flga2577-1-e'
Command       create_platform done; 2.48 sec.
Execute       source /opt/metis/el8/contrib/amdtools/xilinx-2023.1/Vitis_HLS/2023.1/common/technology/xilinx/common/xilinx.gen 
Execute         source /opt/metis/el8/contrib/amdtools/xilinx-2023.1/Vitis_HLS/2023.1/common/technology/xilinx/interface/plb46.gen 
Execute         source /opt/metis/el8/contrib/amdtools/xilinx-2023.1/Vitis_HLS/2023.1/common/technology/xilinx/interface/axi4.gen 
Execute         source /opt/metis/el8/contrib/amdtools/xilinx-2023.1/Vitis_HLS/2023.1/common/technology/xilinx/interface/nativeAXI4.gen 
Execute           source /opt/metis/el8/contrib/amdtools/xilinx-2023.1/Vitis_HLS/2023.1/common/technology/xilinx/interface/saxilite.gen 
Execute         source /opt/metis/el8/contrib/amdtools/xilinx-2023.1/Vitis_HLS/2023.1/common/technology/xilinx/scripts/xilinxcoregen.gen 
Execute         source /opt/metis/el8/contrib/amdtools/xilinx-2023.1/Vitis_HLS/2023.1/common/technology/xilinx/interface/XilEDKCoreGen.gen 
Execute         source /opt/metis/el8/contrib/amdtools/xilinx-2023.1/Vitis_HLS/2023.1/common/technology/xilinx/ip/dds_compiler.gen 
Execute         source /opt/metis/el8/contrib/amdtools/xilinx-2023.1/Vitis_HLS/2023.1/common/technology/xilinx/ip/util.gen 
Execute         source /opt/metis/el8/contrib/amdtools/xilinx-2023.1/Vitis_HLS/2023.1/common/technology/xilinx/ip/xfft.gen 
Execute         source /opt/metis/el8/contrib/amdtools/xilinx-2023.1/Vitis_HLS/2023.1/common/technology/xilinx/ip/xfir.gen 
Execute         source /opt/metis/el8/contrib/amdtools/xilinx-2023.1/Vitis_HLS/2023.1/common/technology/xilinx/DSP48/dsp48.gen 
Execute       ap_part_info -name xcvu11p-flga2577-1-e -data info 
Execute       config_compile -quiet -complex-mul-dsp=0 
Command     set_part done; 2.57 sec.
Execute     send_msg_by_id INFO @200-1505@%s%s  vitis 
INFO: [HLS 200-1505] Using flow_target 'vitis'
Execute     send_msg_by_id INFO @200-1464@%s config_interface -default_interface=kernel 
INFO: [HLS 200-1464] Running solution command: config_interface -default_interface=kernel
Execute     config_interface -default_interface=kernel 
Execute     send_msg_by_id INFO @200-1464@%s config_interface -m_axi_alignment_byte_size=64 
INFO: [HLS 200-1464] Running solution command: config_interface -m_axi_alignment_byte_size=64
Execute     config_interface -m_axi_alignment_byte_size=64 
Execute     send_msg_by_id INFO @200-1464@%s config_interface -m_axi_latency=64 
INFO: [HLS 200-1464] Running solution command: config_interface -m_axi_latency=64
Execute     config_interface -m_axi_latency=64 
Execute     send_msg_by_id INFO @200-1464@%s config_interface -m_axi_max_widen_bitwidth=512 
INFO: [HLS 200-1464] Running solution command: config_interface -m_axi_max_widen_bitwidth=512
Execute     config_interface -m_axi_max_widen_bitwidth=512 
Execute     send_msg_by_id INFO @200-1464@%s config_rtl -register_reset_num=3 
INFO: [HLS 200-1464] Running solution command: config_rtl -register_reset_num=3
Execute     config_rtl -register_reset_num=3 
Command   open_solution done; 2.65 sec.
Execute   set_part xcvu11p-flga2577-1-e 
INFO: [HLS 200-1510] Running: set_part xcvu11p-flga2577-1-e 
Execute     create_platform xcvu11p-flga2577-1-e -board  
Execute     source /opt/metis/el8/contrib/amdtools/xilinx-2023.1/Vitis_HLS/2023.1/common/technology/xilinx/common/xilinx.gen 
Execute       source /opt/metis/el8/contrib/amdtools/xilinx-2023.1/Vitis_HLS/2023.1/common/technology/xilinx/interface/plb46.gen 
Execute       source /opt/metis/el8/contrib/amdtools/xilinx-2023.1/Vitis_HLS/2023.1/common/technology/xilinx/interface/axi4.gen 
Execute       source /opt/metis/el8/contrib/amdtools/xilinx-2023.1/Vitis_HLS/2023.1/common/technology/xilinx/interface/nativeAXI4.gen 
Execute         source /opt/metis/el8/contrib/amdtools/xilinx-2023.1/Vitis_HLS/2023.1/common/technology/xilinx/interface/saxilite.gen 
Execute       source /opt/metis/el8/contrib/amdtools/xilinx-2023.1/Vitis_HLS/2023.1/common/technology/xilinx/scripts/xilinxcoregen.gen 
Execute       source /opt/metis/el8/contrib/amdtools/xilinx-2023.1/Vitis_HLS/2023.1/common/technology/xilinx/interface/XilEDKCoreGen.gen 
Execute       source /opt/metis/el8/contrib/amdtools/xilinx-2023.1/Vitis_HLS/2023.1/common/technology/xilinx/ip/dds_compiler.gen 
Execute       source /opt/metis/el8/contrib/amdtools/xilinx-2023.1/Vitis_HLS/2023.1/common/technology/xilinx/ip/util.gen 
Execute       source /opt/metis/el8/contrib/amdtools/xilinx-2023.1/Vitis_HLS/2023.1/common/technology/xilinx/ip/xfft.gen 
Execute       source /opt/metis/el8/contrib/amdtools/xilinx-2023.1/Vitis_HLS/2023.1/common/technology/xilinx/ip/xfir.gen 
Execute       source /opt/metis/el8/contrib/amdtools/xilinx-2023.1/Vitis_HLS/2023.1/common/technology/xilinx/DSP48/dsp48.gen 
Execute     ap_part_info -name xcvu11p-flga2577-1-e -data info 
Execute     config_compile -quiet -complex-mul-dsp=0 
Execute   create_clock -period 10 -name default 
INFO: [HLS 200-1510] Running: create_clock -period 10 -name default 
Execute   config_interface -m_axi_alignment_byte_size 64 -m_axi_latency 64 -m_axi_max_widen_bitwidth 512 
INFO: [HLS 200-1510] Running: config_interface -m_axi_alignment_byte_size 64 -m_axi_latency 64 -m_axi_max_widen_bitwidth 512 
Execute   config_rtl -register_reset_num 3 
INFO: [HLS 200-1510] Running: config_rtl -register_reset_num 3 
Execute   source ./hls_fit/solution1/directives.tcl 
INFO: [HLS 200-1510] Running: source ./hls_fit/solution1/directives.tcl
Execute     set_directive_top -name main main 
INFO: [HLS 200-1510] Running: set_directive_top -name main main 
Execute   csynth_design 
INFO: [HLS 200-1510] Running: csynth_design 
INFO-FLOW: Running SLX 'csynth' proc: ::SLX::run_csynth
Execute     elaborate -effort=medium -skip_syncheck=0 -keep_printf=0 -skip_cdt=0 -skip_transform=0 -ng=0 -g=0 -opt_fp=0 -from_csynth_design=1 
INFO: [HLS 200-111] Finished File checks and directory preparation: CPU user time: 0.06 seconds. CPU system time: 0 seconds. Elapsed time: 0.07 seconds; current allocated memory: 2.288 GB.
Execute       set_directive_top main -name=main 
Execute       source /opt/metis/el8/contrib/amdtools/xilinx-2023.1/Vitis_HLS/2023.1/tps/tcl/tcllib1.11.1/yaml/huddle.tcl 
Execute       source /opt/metis/el8/contrib/amdtools/xilinx-2023.1/Vitis_HLS/2023.1/tps/tcl/tcllib1.11.1/yaml/json2huddle.tcl 
Execute         source /opt/metis/el8/contrib/amdtools/xilinx-2023.1/Vitis_HLS/2023.1/tps/tcl/tcllib1.11.1/try/try.tcl 
INFO: [HLS 200-10] Analyzing design file 'main.cpp' ... 
INFO-FLOW: Compiling one TU...
INFO-FLOW: Handling main.cpp as C++
Execute       ap_part_info -name xcvu11p-flga2577-1-e -data info 
INFO-FLOW: Running: GCC PP 39
INFO-FLOW: Source preprocessing
INFO-FLOW: run_clang exec: /opt/metis/el8/contrib/amdtools/xilinx-2023.1/Vitis_HLS/2023.1/lnx64/tools/clang-3.9-csynth/bin/clang main.cpp -foptimization-record-file=/nfs/ihfs/home_metis/akraus/HW3-dir/hw/hls_fit/solution1/.autopilot/db/main.cpp.clang.diag.yml -mllvm -pass-remarks-missed=reflow|pasta|unroll -mllvm -pass-remarks=reflow|pasta|unroll|inline -fno-limit-debug-info -gcc-toolchain /opt/metis/el8/contrib/amdtools/xilinx-2023.1/Vitis_HLS/2023.1/tps/lnx64/gcc-8.3.0 -fhls -fno-exceptions -insert-hls-directive=/nfs/ihfs/home_metis/akraus/HW3-dir/hw/hls_fit/solution1/.autopilot/db/all.directive.json -E -fno-math-errno -c -emit-llvm -mllvm -disable-llvm-optzns -Werror=implicit-function-declaration -Werror=implicit-hls-streams -Werror=return-type -Wpragmas -Wunused-parameter -Wdump-hls-pragmas -Wno-error=dump-hls-pragmas -fno-threadsafe-statics -fno-use-cxa-atexit -std=gnu++14 -target fpga64-xilinx-linux-gnu -fno-threadsafe-statics -fno-use-cxa-atexit -D__VITIS_HLS__ -DAESL_SYN -D__SYNTHESIS__ -D__HLS_SYN__ -I /opt/metis/el8/contrib/amdtools/xilinx-2023.1/Vitis_HLS/2023.1/common/technology/autopilot -I /opt/metis/el8/contrib/amdtools/xilinx-2023.1/Vitis_HLS/2023.1/common/technology/autopilot/ap_sysc -include etc/autopilot_ssdm_op.h -D__DSP48E2__ -I /usr/include/x86_64-linux-gnu -o /nfs/ihfs/home_metis/akraus/HW3-dir/hw/hls_fit/solution1/.autopilot/db/main.pp.0.cpp -hls-platform-db-name=/opt/metis/el8/contrib/amdtools/xilinx-2023.1/Vitis_HLS/2023.1/common/technology/xilinx/common/platform.db -hls-platform-name=virtexuplus_slow -device-resource-info=BRAM_4032.000000_DSP_9216.000000_FF_2592000.000000_LUT_1296000.000000_SLICE_162000.000000_SLR_3.000000_URAM_960.000000 -device-name-info=xcvu11p-flga2577-1-e > /nfs/ihfs/home_metis/akraus/HW3-dir/hw/hls_fit/solution1/.autopilot/db/main.cpp.clang.out.log 2> /nfs/ihfs/home_metis/akraus/HW3-dir/hw/hls_fit/solution1/.autopilot/db/main.cpp.clang.err.log
INFO-FLOW: Done: GCC PP 39 time: 0.1 seconds per iteration
INFO-FLOW: Source syntax check for synthesis
INFO-FLOW: run_clang exec: /opt/metis/el8/contrib/amdtools/xilinx-2023.1/Vitis_HLS/2023.1/lnx64/tools/clang-3.9-csynth/bin/clang -foptimization-record-file=/nfs/ihfs/home_metis/akraus/HW3-dir/hw/hls_fit/solution1/.autopilot/db/clang.diag.yml -mllvm -pass-remarks-missed=reflow|pasta|unroll -mllvm -pass-remarks=reflow|pasta|unroll|inline -fsyntax-only -fhls -target fpga64-xilinx-linux-gnu /nfs/ihfs/home_metis/akraus/HW3-dir/hw/hls_fit/solution1/.autopilot/db/main.pp.0.cpp -hls-platform-db-name=/opt/metis/el8/contrib/amdtools/xilinx-2023.1/Vitis_HLS/2023.1/common/technology/xilinx/common/platform.db -hls-platform-name=virtexuplus_slow -device-resource-info=BRAM_4032.000000_DSP_9216.000000_FF_2592000.000000_LUT_1296000.000000_SLICE_162000.000000_SLR_3.000000_URAM_960.000000 -device-name-info=xcvu11p-flga2577-1-e > /nfs/ihfs/home_metis/akraus/HW3-dir/hw/hls_fit/solution1/.autopilot/db/clang.out.log 2> /nfs/ihfs/home_metis/akraus/HW3-dir/hw/hls_fit/solution1/.autopilot/db/clang.err.log
WARNING: [HLS 207-5564] Only for/while/do loop or function body support the pipeline pragma (main.cpp:320:9)
Execute       clang_tidy xilinx-systemc-detector -desc systemc-detector /nfs/ihfs/home_metis/akraus/HW3-dir/hw/hls_fit/solution1/.autopilot/db/main.pp.0.cpp std=gnu++14 -target fpga  -directive=/nfs/ihfs/home_metis/akraus/HW3-dir/hw/hls_fit/solution1/.autopilot/db/.systemc_flag 
INFO-FLOW: exec /opt/metis/el8/contrib/amdtools/xilinx-2023.1/Vitis_HLS/2023.1/lnx64/tools/clang-3.9-csynth/bin/clang-tidy -header-filter=.* --checks=-*,xilinx-systemc-detector -import-directive=/nfs/ihfs/home_metis/akraus/HW3-dir/hw/hls_fit/solution1/.autopilot/db/.systemc_flag -fix-errors /nfs/ihfs/home_metis/akraus/HW3-dir/hw/hls_fit/solution1/.autopilot/db/main.pp.0.cpp -- -std=gnu++14 -target fpga -fhls -ferror-limit=0
INFO-FLOW: Running: clang-tidy CDT preprocess 39
Execute       clang_tidy xilinx-directive2pragma -desc directive2pragma /nfs/ihfs/home_metis/akraus/HW3-dir/hw/hls_fit/solution1/.autopilot/db/main.pp.0.cpp std=gnu++14 -target fpga  -directive=/nfs/ihfs/home_metis/akraus/HW3-dir/hw/hls_fit/solution1/.autopilot/db/all.directive.json 
INFO-FLOW: exec /opt/metis/el8/contrib/amdtools/xilinx-2023.1/Vitis_HLS/2023.1/lnx64/tools/clang-3.9-csynth/bin/clang-tidy -header-filter=.* --checks=-*,xilinx-directive2pragma -import-directive=/nfs/ihfs/home_metis/akraus/HW3-dir/hw/hls_fit/solution1/.autopilot/db/all.directive.json -fix-errors /nfs/ihfs/home_metis/akraus/HW3-dir/hw/hls_fit/solution1/.autopilot/db/main.pp.0.cpp -- -std=gnu++14 -target fpga -fhls -ferror-limit=0
INFO-FLOW: Done: clang-tidy CDT preprocess 39 time: 0.1 seconds per iteration
INFO-FLOW: Calling xilinx-label-all-loops ... 
INFO-FLOW: Calling xilinx-aggregate-on-hls-vector ... 
Execute       clang_tidy -errorcheck -desc loop-label xilinx-label-all-loops,xilinx-aggregate-on-hls-vector,,xilinx-warn-mayneed-no-ctor-attribute /nfs/ihfs/home_metis/akraus/HW3-dir/hw/hls_fit/solution1/.autopilot/db/main.pp.0.cpp std=gnu++14 -target fpga  
INFO-FLOW: run_clang exec: /opt/metis/el8/contrib/amdtools/xilinx-2023.1/Vitis_HLS/2023.1/lnx64/tools/clang-3.9-csynth/bin/clang-tidy -export-fixes=/nfs/ihfs/home_metis/akraus/HW3-dir/hw/hls_fit/solution1/.autopilot/db/main.pp.0.cpp.clang-tidy.loop-label.diag.yml -header-filter=.* --checks=-*,xilinx-label-all-loops,xilinx-aggregate-on-hls-vector,,xilinx-warn-mayneed-no-ctor-attribute -fix-errors /nfs/ihfs/home_metis/akraus/HW3-dir/hw/hls_fit/solution1/.autopilot/db/main.pp.0.cpp -- -std=gnu++14 -target fpga -fhls -ferror-limit=0 > /nfs/ihfs/home_metis/akraus/HW3-dir/hw/hls_fit/solution1/.autopilot/db/main.pp.0.cpp.clang-tidy.loop-label.out.log 2> /nfs/ihfs/home_metis/akraus/HW3-dir/hw/hls_fit/solution1/.autopilot/db/main.pp.0.cpp.clang-tidy.loop-label.err.log
Execute         source /opt/metis/el8/contrib/amdtools/xilinx-2023.1/Vitis_HLS/2023.1/tps/tcl/tcllib1.11.1/yaml/yaml.tcl 
INFO-FLOW: run_clang exec: /opt/metis/el8/contrib/amdtools/xilinx-2023.1/Vitis_HLS/2023.1/lnx64/tools/clang-3.9-csynth/bin/xilinx-dataflow-lawyer -export-fixes=/nfs/ihfs/home_metis/akraus/HW3-dir/hw/hls_fit/solution1/.autopilot/db/main.pp.0.cpp.xilinx-dataflow-lawyer.diag.yml /nfs/ihfs/home_metis/akraus/HW3-dir/hw/hls_fit/solution1/.autopilot/db/main.pp.0.cpp -- -std=gnu++14 -target fpga -fhls -ferror-limit=0 -fstrict-dataflow > /nfs/ihfs/home_metis/akraus/HW3-dir/hw/hls_fit/solution1/.autopilot/db/main.pp.0.cpp.xilinx-dataflow-lawyer.out.log 2> /nfs/ihfs/home_metis/akraus/HW3-dir/hw/hls_fit/solution1/.autopilot/db/main.pp.0.cpp.xilinx-dataflow-lawyer.err.log
Execute       ap_part_info -name xcvu11p-flga2577-1-e -data info 
INFO-FLOW: compiling source code to llvm bc
INFO-FLOW: run_clang exec: /opt/metis/el8/contrib/amdtools/xilinx-2023.1/Vitis_HLS/2023.1/lnx64/tools/clang-3.9-csynth/bin/clang -foptimization-record-file=/nfs/ihfs/home_metis/akraus/HW3-dir/hw/hls_fit/solution1/.autopilot/db/main.pp.0.cpp.clang.diag.yml -mllvm -pass-remarks-missed=reflow|pasta|unroll -mllvm -pass-remarks=reflow|pasta|unroll|inline -fno-limit-debug-info -fhls -flto -fno-exceptions -Wno-error=c++11-narrowing /nfs/ihfs/home_metis/akraus/HW3-dir/hw/hls_fit/solution1/.autopilot/db/main.pp.0.cpp -fno-math-errno -c -emit-llvm -mllvm -disable-llvm-optzns -Werror=implicit-function-declaration -Werror=implicit-hls-streams -Werror=return-type -Wpragmas -Wunused-parameter -Wdump-hls-pragmas -Wno-error=dump-hls-pragmas -fno-threadsafe-statics -fno-use-cxa-atexit -std=gnu++14 -target fpga64-xilinx-linux-gnu -D__VITIS_HLS__ -DAESL_SYN -D__SYNTHESIS__ -D__HLS_SYN__ -I /opt/metis/el8/contrib/amdtools/xilinx-2023.1/Vitis_HLS/2023.1/common/technology/autopilot -I /opt/metis/el8/contrib/amdtools/xilinx-2023.1/Vitis_HLS/2023.1/common/technology/autopilot/ap_sysc -include etc/autopilot_ssdm_op.h -D__DSP48E2__ -g -o /nfs/ihfs/home_metis/akraus/HW3-dir/hw/hls_fit/solution1/.autopilot/db/main.bc -hls-platform-db-name=/opt/metis/el8/contrib/amdtools/xilinx-2023.1/Vitis_HLS/2023.1/common/technology/xilinx/common/platform.db -hls-platform-name=virtexuplus_slow -device-resource-info=BRAM_4032.000000_DSP_9216.000000_FF_2592000.000000_LUT_1296000.000000_SLICE_162000.000000_SLR_3.000000_URAM_960.000000 -device-name-info=xcvu11p-flga2577-1-e > /nfs/ihfs/home_metis/akraus/HW3-dir/hw/hls_fit/solution1/.autopilot/db/main.pp.0.cpp.clang.out.log 2> /nfs/ihfs/home_metis/akraus/HW3-dir/hw/hls_fit/solution1/.autopilot/db/main.pp.0.cpp.clang.err.log
INFO: [HLS 200-111] Finished Source Code Analysis and Preprocessing: CPU user time: 0.3 seconds. CPU system time: 0.26 seconds. Elapsed time: 0.6 seconds; current allocated memory: 2.289 GB.
INFO-FLOW: Linking Debug ...
INFO-FLOW: Linking dut bc code.
Execute       run_link_or_opt -out /nfs/ihfs/home_metis/akraus/HW3-dir/hw/hls_fit/solution1/.autopilot/db/a.g.ld.0.bc -args  "/nfs/ihfs/home_metis/akraus/HW3-dir/hw/hls_fit/solution1/.autopilot/db/main.g.bc"  
INFO-FLOW: run_clang exec: /opt/metis/el8/contrib/amdtools/xilinx-2023.1/Vitis_HLS/2023.1/lnx64/tools/clang-3.9-csynth/bin/llvm-link /nfs/ihfs/home_metis/akraus/HW3-dir/hw/hls_fit/solution1/.autopilot/db/main.g.bc -o /nfs/ihfs/home_metis/akraus/HW3-dir/hw/hls_fit/solution1/.autopilot/db/a.g.ld.0.bc > /nfs/ihfs/home_metis/akraus/HW3-dir/hw/hls_fit/solution1/.autopilot/db/a.g.ld.0.bc.llvm-link.out.log 2> /nfs/ihfs/home_metis/akraus/HW3-dir/hw/hls_fit/solution1/.autopilot/db/a.g.ld.0.bc.llvm-link.err.log
INFO-FLOW: 
Execute       run_link_or_opt -opt -out /nfs/ihfs/home_metis/akraus/HW3-dir/hw/hls_fit/solution1/.autopilot/db/a.g.ld.1.lower.bc -args /nfs/ihfs/home_metis/akraus/HW3-dir/hw/hls_fit/solution1/.autopilot/db/a.g.ld.0.bc -reflow-lower-math-intrinsics 
INFO-FLOW: run_clang exec: /opt/metis/el8/contrib/amdtools/xilinx-2023.1/Vitis_HLS/2023.1/lnx64/tools/clang-3.9-csynth/bin/opt -pass-remarks-missed=reflow|pasta|unroll -pass-remarks=reflow|pasta|unroll|inline -pass-remarks-output=/nfs/ihfs/home_metis/akraus/HW3-dir/hw/hls_fit/solution1/.autopilot/db/a.g.ld.1.lower.bc.opt.diag.yml /nfs/ihfs/home_metis/akraus/HW3-dir/hw/hls_fit/solution1/.autopilot/db/a.g.ld.0.bc -reflow-lower-math-intrinsics -o /nfs/ihfs/home_metis/akraus/HW3-dir/hw/hls_fit/solution1/.autopilot/db/a.g.ld.1.lower.bc > /nfs/ihfs/home_metis/akraus/HW3-dir/hw/hls_fit/solution1/.autopilot/db/a.g.ld.1.lower.bc.opt.out.log 2> /nfs/ihfs/home_metis/akraus/HW3-dir/hw/hls_fit/solution1/.autopilot/db/a.g.ld.1.lower.bc.opt.err.log
INFO-FLOW: 
INFO-FLOW: Running: gen_design_size_report post-opt
INFO-FLOW: Done: gen_design_size_report post-opt time: 0 seconds per iteration
INFO-FLOW: Linking math bc lib
Execute       run_link_or_opt -out /nfs/ihfs/home_metis/akraus/HW3-dir/hw/hls_fit/solution1/.autopilot/db/a.g.ld.2.m1.bc -args /nfs/ihfs/home_metis/akraus/HW3-dir/hw/hls_fit/solution1/.autopilot/db/a.g.ld.1.lower.bc -only-needed /opt/metis/el8/contrib/amdtools/xilinx-2023.1/Vitis_HLS/2023.1/lnx64/lib/libhlsm_39.bc /opt/metis/el8/contrib/amdtools/xilinx-2023.1/Vitis_HLS/2023.1/lnx64/lib/libhlsmc++_39.bc 
INFO-FLOW: run_clang exec: /opt/metis/el8/contrib/amdtools/xilinx-2023.1/Vitis_HLS/2023.1/lnx64/tools/clang-3.9-csynth/bin/llvm-link /nfs/ihfs/home_metis/akraus/HW3-dir/hw/hls_fit/solution1/.autopilot/db/a.g.ld.1.lower.bc -only-needed /opt/metis/el8/contrib/amdtools/xilinx-2023.1/Vitis_HLS/2023.1/lnx64/lib/libhlsm_39.bc /opt/metis/el8/contrib/amdtools/xilinx-2023.1/Vitis_HLS/2023.1/lnx64/lib/libhlsmc++_39.bc -o /nfs/ihfs/home_metis/akraus/HW3-dir/hw/hls_fit/solution1/.autopilot/db/a.g.ld.2.m1.bc > /nfs/ihfs/home_metis/akraus/HW3-dir/hw/hls_fit/solution1/.autopilot/db/a.g.ld.2.m1.bc.llvm-link.out.log 2> /nfs/ihfs/home_metis/akraus/HW3-dir/hw/hls_fit/solution1/.autopilot/db/a.g.ld.2.m1.bc.llvm-link.err.log
INFO-FLOW: 
Command       run_link_or_opt done; 1.04 sec.
Execute       run_link_or_opt -opt -out /nfs/ihfs/home_metis/akraus/HW3-dir/hw/hls_fit/solution1/.autopilot/db/a.g.ld.3.fpc.bc -args /nfs/ihfs/home_metis/akraus/HW3-dir/hw/hls_fit/solution1/.autopilot/db/a.g.ld.2.m1.bc -reflow-globaldce -hls-top-function-name=main -reflow-float-conversion 
INFO-FLOW: run_clang exec: /opt/metis/el8/contrib/amdtools/xilinx-2023.1/Vitis_HLS/2023.1/lnx64/tools/clang-3.9-csynth/bin/opt -pass-remarks-missed=reflow|pasta|unroll -pass-remarks=reflow|pasta|unroll|inline -pass-remarks-output=/nfs/ihfs/home_metis/akraus/HW3-dir/hw/hls_fit/solution1/.autopilot/db/a.g.ld.3.fpc.bc.opt.diag.yml /nfs/ihfs/home_metis/akraus/HW3-dir/hw/hls_fit/solution1/.autopilot/db/a.g.ld.2.m1.bc -reflow-globaldce -hls-top-function-name=main -reflow-float-conversion -o /nfs/ihfs/home_metis/akraus/HW3-dir/hw/hls_fit/solution1/.autopilot/db/a.g.ld.3.fpc.bc > /nfs/ihfs/home_metis/akraus/HW3-dir/hw/hls_fit/solution1/.autopilot/db/a.g.ld.3.fpc.bc.opt.out.log 2> /nfs/ihfs/home_metis/akraus/HW3-dir/hw/hls_fit/solution1/.autopilot/db/a.g.ld.3.fpc.bc.opt.err.log
INFO-FLOW: 
INFO-FLOW: Running: gen_design_size_report post-opt
INFO-FLOW: Done: gen_design_size_report post-opt time: 0 seconds per iteration
Command       run_link_or_opt done; 0.47 sec.
Execute       run_link_or_opt -out /nfs/ihfs/home_metis/akraus/HW3-dir/hw/hls_fit/solution1/.autopilot/db/a.g.ld.4.m2.bc -args /nfs/ihfs/home_metis/akraus/HW3-dir/hw/hls_fit/solution1/.autopilot/db/a.g.ld.3.fpc.bc -only-needed /opt/metis/el8/contrib/amdtools/xilinx-2023.1/Vitis_HLS/2023.1/lnx64/lib/libfloatconversion_39.bc 
INFO-FLOW: run_clang exec: /opt/metis/el8/contrib/amdtools/xilinx-2023.1/Vitis_HLS/2023.1/lnx64/tools/clang-3.9-csynth/bin/llvm-link /nfs/ihfs/home_metis/akraus/HW3-dir/hw/hls_fit/solution1/.autopilot/db/a.g.ld.3.fpc.bc -only-needed /opt/metis/el8/contrib/amdtools/xilinx-2023.1/Vitis_HLS/2023.1/lnx64/lib/libfloatconversion_39.bc -o /nfs/ihfs/home_metis/akraus/HW3-dir/hw/hls_fit/solution1/.autopilot/db/a.g.ld.4.m2.bc > /nfs/ihfs/home_metis/akraus/HW3-dir/hw/hls_fit/solution1/.autopilot/db/a.g.ld.4.m2.bc.llvm-link.out.log 2> /nfs/ihfs/home_metis/akraus/HW3-dir/hw/hls_fit/solution1/.autopilot/db/a.g.ld.4.m2.bc.llvm-link.err.log
INFO-FLOW: 
Execute       run_link_or_opt -opt -out /nfs/ihfs/home_metis/akraus/HW3-dir/hw/hls_fit/solution1/.autopilot/db/a.g.ld.5.gdce.bc -args /nfs/ihfs/home_metis/akraus/HW3-dir/hw/hls_fit/solution1/.autopilot/db/a.g.ld.4.m2.bc -reflow-globaldce -hls-top-function-name=main 
INFO-FLOW: run_clang exec: /opt/metis/el8/contrib/amdtools/xilinx-2023.1/Vitis_HLS/2023.1/lnx64/tools/clang-3.9-csynth/bin/opt -pass-remarks-missed=reflow|pasta|unroll -pass-remarks=reflow|pasta|unroll|inline -pass-remarks-output=/nfs/ihfs/home_metis/akraus/HW3-dir/hw/hls_fit/solution1/.autopilot/db/a.g.ld.5.gdce.bc.opt.diag.yml /nfs/ihfs/home_metis/akraus/HW3-dir/hw/hls_fit/solution1/.autopilot/db/a.g.ld.4.m2.bc -reflow-globaldce -hls-top-function-name=main -o /nfs/ihfs/home_metis/akraus/HW3-dir/hw/hls_fit/solution1/.autopilot/db/a.g.ld.5.gdce.bc > /nfs/ihfs/home_metis/akraus/HW3-dir/hw/hls_fit/solution1/.autopilot/db/a.g.ld.5.gdce.bc.opt.out.log 2> /nfs/ihfs/home_metis/akraus/HW3-dir/hw/hls_fit/solution1/.autopilot/db/a.g.ld.5.gdce.bc.opt.err.log
INFO-FLOW: 
INFO-FLOW: Running: gen_design_size_report post-opt
INFO-FLOW: Done: gen_design_size_report post-opt time: 0 seconds per iteration
Execute       send_msg_by_id INFO @200-777@%s Vitis 
INFO: [HLS 200-777] Using interface defaults for 'Vitis' flow target.
Execute       is_m_axi_addr64 
INFO-FLOW: Doing LTO.
INFO-FLOW: run_clang (background poll_ms 5000) exec: /opt/metis/el8/contrib/amdtools/xilinx-2023.1/Vitis_HLS/2023.1/lnx64/tools/clang-3.9-csynth/bin/clang -foptimization-record-file=/nfs/ihfs/home_metis/akraus/HW3-dir/hw/hls_fit/solution1/.autopilot/db/a.g.ld.0.bc.clang.reflow.diag.yml -mllvm -pass-remarks-missed=reflow|pasta|unroll -mllvm -pass-remarks=reflow|pasta|unroll|inline -fhls -mllvm -hls-top-function-name=main -mllvm -hls-db-dir -mllvm /nfs/ihfs/home_metis/akraus/HW3-dir/hw/hls_fit/solution1/.autopilot/db -emit-llvm -c -target fpga64-xilinx-none -mllvm -xcl-xmlinfo=/nfs/ihfs/home_metis/akraus/HW3-dir/hw/hls_fit/solution1/.autopilot/db/../../../kernel.xml -mllvm -top-io-mapping-info=/nfs/ihfs/home_metis/akraus/HW3-dir/hw/hls_fit/solution1/.autopilot/db/top-io-fe.xml -mllvm -hls-bitcode-version=3.1 -mllvm -reflow-enable-slave-interface-default-setting=true -mllvm -gen-kernel-xml=true -mllvm -default-maxi-offset=slave -mllvm -maxi-latency=64 -mllvm -hls-maxi-data-size-in-bits=8 -mllvm -hls-maxi-max-data-size-in-bits=1024 -mllvm -hls-max-widen-size-in-bits=512 -mllvm -xcl-kernel-max-mem-ports=0 -mllvm -maxi-read-trans=16 -mllvm -maxi-write-trans=16 -mllvm -maxi-read-burst-len=16 -mllvm -maxi-write-burst-len=16 -mllvm -reflow-enable-saxi-64bits=0 -mllvm -reflow-basic-block-instr-threshold=200000 -mllvm -reflow-auto-pipeline-threshold=64 -mllvm -reflow-enable-maxi-auto-id-channel=0 -mllvm -enable-fp-thr=0 -mllvm -reflow-bdd-simplify-threshold=1024 -mllvm -reflow-fanout-threshold=16 -mllvm -assume-maxi-align=64 -mllvm -reflow-pipeline-style-llvm-setting=2 -mllvm -reflow-enable-dataflow-strict-mode-checking=1 -ftime-report -mllvm -time-passes -mllvm -reflow-auto-array-partition-mode=default -mllvm -reflow-enable-auto-array-partition=true -mllvm -reflow-enable-auto-parallel-performance-driven=true -mllvm -reflow-enable-partition-for-automation=true -mllvm -reflow-aggregate-bitwidth-threshold=4096 -mllvm -reflow-reserved-saxilite-registers=1024 -mllvm -reflow-assume-no-address-wrap=true -mllvm -reflow-enable-occurrence-inference=true -mllvm -hls -mllvm -disable-inlined-alloca-merging=true -mllvm -enable-reflow-vitis-flow-setting=true -mllvm -default-clock-period=10 -x ir /nfs/ihfs/home_metis/akraus/HW3-dir/hw/hls_fit/solution1/.autopilot/db/a.g.ld.5.gdce.bc -o /nfs/ihfs/home_metis/akraus/HW3-dir/hw/hls_fit/solution1/.autopilot/db/a.g.lto.bc -hls-platform-db-name=/opt/metis/el8/contrib/amdtools/xilinx-2023.1/Vitis_HLS/2023.1/common/technology/xilinx/common/platform.db -hls-platform-name=virtexuplus_slow -device-resource-info=BRAM_4032.000000_DSP_9216.000000_FF_2592000.000000_LUT_1296000.000000_SLICE_162000.000000_SLR_3.000000_URAM_960.000000 -device-name-info=xcvu11p-flga2577-1-e 2> /nfs/ihfs/home_metis/akraus/HW3-dir/hw/hls_fit/solution1/.autopilot/db/a.g.ld.0.bc.clang.reflow.err.log
Execute       send_msg_by_id INFO @200-1995@%s%s%s 369 Compile/Link /nfs/ihfs/home_metis/akraus/HW3-dir/hw/hls_fit/solution1/syn/report/csynth_design_size.rpt 
INFO: [HLS 200-1995] There were 369 instructions in the design after the 'Compile/Link' phase of compilation. See the Design Size Report for more details: /nfs/ihfs/home_metis/akraus/HW3-dir/hw/hls_fit/solution1/syn/report/csynth_design_size.rpt
Execute       send_msg_by_id WARNING @200-1995@%s%s%s 1,936,044 Unroll/Inline /nfs/ihfs/home_metis/akraus/HW3-dir/hw/hls_fit/solution1/syn/report/csynth_design_size.rpt 
WARNING: [HLS 200-1995] There were 1,936,044 instructions in the design after the 'Unroll/Inline' phase of compilation. See the Design Size Report for more details: /nfs/ihfs/home_metis/akraus/HW3-dir/hw/hls_fit/solution1/syn/report/csynth_design_size.rpt
Execute       send_msg_by_id INFO @200-1995@%s%s%s 10,318 Performance/Pipeline /nfs/ihfs/home_metis/akraus/HW3-dir/hw/hls_fit/solution1/syn/report/csynth_design_size.rpt 
INFO: [HLS 200-1995] There were 10,318 instructions in the design after the 'Performance/Pipeline' phase of compilation. See the Design Size Report for more details: /nfs/ihfs/home_metis/akraus/HW3-dir/hw/hls_fit/solution1/syn/report/csynth_design_size.rpt
Execute       send_msg_by_id INFO @200-1995@%s%s%s 10,396 Optimizations /nfs/ihfs/home_metis/akraus/HW3-dir/hw/hls_fit/solution1/syn/report/csynth_design_size.rpt 
INFO: [HLS 200-1995] There were 10,396 instructions in the design after the 'Optimizations' phase of compilation. See the Design Size Report for more details: /nfs/ihfs/home_metis/akraus/HW3-dir/hw/hls_fit/solution1/syn/report/csynth_design_size.rpt
INFO: [HLS 214-186] Unrolling loop 'VITIS_LOOP_306_1' (main.cpp:306:20) in function 'main' completely with a factor of 1362 (main.cpp:288:0)
INFO: [HLS 214-186] Unrolling loop 'VITIS_LOOP_324_2' (main.cpp:324:22) in function 'main' completely with a factor of 442 (main.cpp:288:0)
INFO: [HLS 214-186] Unrolling loop 'VITIS_LOOP_324_2' (main.cpp:324:22) in function 'main' completely with a factor of 441 (main.cpp:288:0)
INFO: [HLS 214-186] Unrolling loop 'VITIS_LOOP_324_2' (main.cpp:324:22) in function 'main' completely with a factor of 440 (main.cpp:288:0)
INFO: [HLS 214-186] Unrolling loop 'VITIS_LOOP_324_2' (main.cpp:324:22) in function 'main' completely with a factor of 439 (main.cpp:288:0)
INFO: [HLS 214-186] Unrolling loop 'VITIS_LOOP_324_2' (main.cpp:324:22) in function 'main' completely with a factor of 438 (main.cpp:288:0)
INFO: [HLS 214-186] Unrolling loop 'VITIS_LOOP_324_2' (main.cpp:324:22) in function 'main' completely with a factor of 437 (main.cpp:288:0)
INFO: [HLS 214-186] Unrolling loop 'VITIS_LOOP_324_2' (main.cpp:324:22) in function 'main' completely with a factor of 436 (main.cpp:288:0)
INFO: [HLS 214-186] Unrolling loop 'VITIS_LOOP_324_2' (main.cpp:324:22) in function 'main' completely with a factor of 435 (main.cpp:288:0)
INFO: [HLS 214-186] Unrolling loop 'VITIS_LOOP_324_2' (main.cpp:324:22) in function 'main' completely with a factor of 434 (main.cpp:288:0)
INFO: [HLS 214-186] Unrolling loop 'VITIS_LOOP_324_2' (main.cpp:324:22) in function 'main' completely with a factor of 433 (main.cpp:288:0)
INFO: [HLS 214-186] Unrolling loop 'VITIS_LOOP_324_2' (main.cpp:324:22) in function 'main' completely with a factor of 432 (main.cpp:288:0)
INFO: [HLS 214-186] Unrolling loop 'VITIS_LOOP_324_2' (main.cpp:324:22) in function 'main' completely with a factor of 431 (main.cpp:288:0)
INFO: [HLS 214-186] Unrolling loop 'VITIS_LOOP_324_2' (main.cpp:324:22) in function 'main' completely with a factor of 430 (main.cpp:288:0)
INFO: [HLS 214-186] Unrolling loop 'VITIS_LOOP_324_2' (main.cpp:324:22) in function 'main' completely with a factor of 429 (main.cpp:288:0)
INFO: [HLS 214-186] Unrolling loop 'VITIS_LOOP_324_2' (main.cpp:324:22) in function 'main' completely with a factor of 428 (main.cpp:288:0)
INFO: [HLS 214-186] Unrolling loop 'VITIS_LOOP_324_2' (main.cpp:324:22) in function 'main' completely with a factor of 427 (main.cpp:288:0)
INFO: [HLS 214-186] Unrolling loop 'VITIS_LOOP_324_2' (main.cpp:324:22) in function 'main' completely with a factor of 426 (main.cpp:288:0)
INFO: [HLS 214-186] Unrolling loop 'VITIS_LOOP_324_2' (main.cpp:324:22) in function 'main' completely with a factor of 425 (main.cpp:288:0)
INFO: [HLS 214-186] Unrolling loop 'VITIS_LOOP_324_2' (main.cpp:324:22) in function 'main' completely with a factor of 424 (main.cpp:288:0)
INFO: [HLS 214-186] Unrolling loop 'VITIS_LOOP_324_2' (main.cpp:324:22) in function 'main' completely with a factor of 423 (main.cpp:288:0)
INFO: [HLS 214-186] Unrolling loop 'VITIS_LOOP_324_2' (main.cpp:324:22) in function 'main' completely with a factor of 422 (main.cpp:288:0)
INFO: [HLS 214-186] Unrolling loop 'VITIS_LOOP_324_2' (main.cpp:324:22) in function 'main' completely with a factor of 421 (main.cpp:288:0)
INFO: [HLS 214-186] Unrolling loop 'VITIS_LOOP_324_2' (main.cpp:324:22) in function 'main' completely with a factor of 420 (main.cpp:288:0)
INFO: [HLS 214-186] Unrolling loop 'VITIS_LOOP_324_2' (main.cpp:324:22) in function 'main' completely with a factor of 419 (main.cpp:288:0)
INFO: [HLS 214-186] Unrolling loop 'VITIS_LOOP_324_2' (main.cpp:324:22) in function 'main' completely with a factor of 418 (main.cpp:288:0)
INFO: [HLS 214-186] Unrolling loop 'VITIS_LOOP_324_2' (main.cpp:324:22) in function 'main' completely with a factor of 417 (main.cpp:288:0)
INFO: [HLS 214-186] Unrolling loop 'VITIS_LOOP_324_2' (main.cpp:324:22) in function 'main' completely with a factor of 416 (main.cpp:288:0)
INFO: [HLS 214-186] Unrolling loop 'VITIS_LOOP_324_2' (main.cpp:324:22) in function 'main' completely with a factor of 415 (main.cpp:288:0)
INFO: [HLS 214-186] Unrolling loop 'VITIS_LOOP_324_2' (main.cpp:324:22) in function 'main' completely with a factor of 414 (main.cpp:288:0)
INFO: [HLS 214-186] Unrolling loop 'VITIS_LOOP_324_2' (main.cpp:324:22) in function 'main' completely with a factor of 413 (main.cpp:288:0)
INFO: [HLS 214-186] Unrolling loop 'VITIS_LOOP_324_2' (main.cpp:324:22) in function 'main' completely with a factor of 412 (main.cpp:288:0)
INFO: [HLS 214-186] Unrolling loop 'VITIS_LOOP_324_2' (main.cpp:324:22) in function 'main' completely with a factor of 411 (main.cpp:288:0)
INFO: [HLS 214-186] Unrolling loop 'VITIS_LOOP_324_2' (main.cpp:324:22) in function 'main' completely with a factor of 410 (main.cpp:288:0)
INFO: [HLS 214-186] Unrolling loop 'VITIS_LOOP_324_2' (main.cpp:324:22) in function 'main' completely with a factor of 409 (main.cpp:288:0)
INFO: [HLS 214-186] Unrolling loop 'VITIS_LOOP_324_2' (main.cpp:324:22) in function 'main' completely with a factor of 408 (main.cpp:288:0)
INFO: [HLS 214-186] Unrolling loop 'VITIS_LOOP_324_2' (main.cpp:324:22) in function 'main' completely with a factor of 407 (main.cpp:288:0)
INFO: [HLS 214-186] Unrolling loop 'VITIS_LOOP_324_2' (main.cpp:324:22) in function 'main' completely with a factor of 406 (main.cpp:288:0)
INFO: [HLS 214-186] Unrolling loop 'VITIS_LOOP_324_2' (main.cpp:324:22) in function 'main' completely with a factor of 405 (main.cpp:288:0)
INFO: [HLS 214-186] Unrolling loop 'VITIS_LOOP_324_2' (main.cpp:324:22) in function 'main' completely with a factor of 404 (main.cpp:288:0)
INFO: [HLS 214-186] Unrolling loop 'VITIS_LOOP_324_2' (main.cpp:324:22) in function 'main' completely with a factor of 403 (main.cpp:288:0)
INFO: [HLS 214-186] Unrolling loop 'VITIS_LOOP_324_2' (main.cpp:324:22) in function 'main' completely with a factor of 402 (main.cpp:288:0)
INFO: [HLS 214-186] Unrolling loop 'VITIS_LOOP_324_2' (main.cpp:324:22) in function 'main' completely with a factor of 401 (main.cpp:288:0)
INFO: [HLS 214-186] Unrolling loop 'VITIS_LOOP_324_2' (main.cpp:324:22) in function 'main' completely with a factor of 400 (main.cpp:288:0)
INFO: [HLS 214-186] Unrolling loop 'VITIS_LOOP_324_2' (main.cpp:324:22) in function 'main' completely with a factor of 399 (main.cpp:288:0)
INFO: [HLS 214-186] Unrolling loop 'VITIS_LOOP_324_2' (main.cpp:324:22) in function 'main' completely with a factor of 398 (main.cpp:288:0)
INFO: [HLS 214-186] Unrolling loop 'VITIS_LOOP_324_2' (main.cpp:324:22) in function 'main' completely with a factor of 397 (main.cpp:288:0)
INFO: [HLS 214-186] Unrolling loop 'VITIS_LOOP_324_2' (main.cpp:324:22) in function 'main' completely with a factor of 396 (main.cpp:288:0)
INFO: [HLS 214-186] Unrolling loop 'VITIS_LOOP_324_2' (main.cpp:324:22) in function 'main' completely with a factor of 395 (main.cpp:288:0)
INFO: [HLS 214-186] Unrolling loop 'VITIS_LOOP_324_2' (main.cpp:324:22) in function 'main' completely with a factor of 394 (main.cpp:288:0)
INFO: [HLS 214-186] Unrolling loop 'VITIS_LOOP_324_2' (main.cpp:324:22) in function 'main' completely with a factor of 393 (main.cpp:288:0)
INFO: [HLS 214-186] Unrolling loop 'VITIS_LOOP_324_2' (main.cpp:324:22) in function 'main' completely with a factor of 392 (main.cpp:288:0)
INFO: [HLS 214-186] Unrolling loop 'VITIS_LOOP_324_2' (main.cpp:324:22) in function 'main' completely with a factor of 391 (main.cpp:288:0)
INFO: [HLS 214-186] Unrolling loop 'VITIS_LOOP_324_2' (main.cpp:324:22) in function 'main' completely with a factor of 390 (main.cpp:288:0)
INFO: [HLS 214-186] Unrolling loop 'VITIS_LOOP_324_2' (main.cpp:324:22) in function 'main' completely with a factor of 389 (main.cpp:288:0)
INFO: [HLS 214-186] Unrolling loop 'VITIS_LOOP_324_2' (main.cpp:324:22) in function 'main' completely with a factor of 388 (main.cpp:288:0)
INFO: [HLS 214-186] Unrolling loop 'VITIS_LOOP_324_2' (main.cpp:324:22) in function 'main' completely with a factor of 387 (main.cpp:288:0)
INFO: [HLS 214-186] Unrolling loop 'VITIS_LOOP_324_2' (main.cpp:324:22) in function 'main' completely with a factor of 386 (main.cpp:288:0)
INFO: [HLS 214-186] Unrolling loop 'VITIS_LOOP_324_2' (main.cpp:324:22) in function 'main' completely with a factor of 385 (main.cpp:288:0)
INFO: [HLS 214-186] Unrolling loop 'VITIS_LOOP_324_2' (main.cpp:324:22) in function 'main' completely with a factor of 384 (main.cpp:288:0)
INFO: [HLS 214-186] Unrolling loop 'VITIS_LOOP_324_2' (main.cpp:324:22) in function 'main' completely with a factor of 383 (main.cpp:288:0)
INFO: [HLS 214-186] Unrolling loop 'VITIS_LOOP_324_2' (main.cpp:324:22) in function 'main' completely with a factor of 382 (main.cpp:288:0)
INFO: [HLS 214-186] Unrolling loop 'VITIS_LOOP_324_2' (main.cpp:324:22) in function 'main' completely with a factor of 381 (main.cpp:288:0)
INFO: [HLS 214-186] Unrolling loop 'VITIS_LOOP_324_2' (main.cpp:324:22) in function 'main' completely with a factor of 380 (main.cpp:288:0)
INFO: [HLS 214-186] Unrolling loop 'VITIS_LOOP_324_2' (main.cpp:324:22) in function 'main' completely with a factor of 379 (main.cpp:288:0)
INFO: [HLS 214-186] Unrolling loop 'VITIS_LOOP_324_2' (main.cpp:324:22) in function 'main' completely with a factor of 378 (main.cpp:288:0)
INFO: [HLS 214-186] Unrolling loop 'VITIS_LOOP_324_2' (main.cpp:324:22) in function 'main' completely with a factor of 377 (main.cpp:288:0)
INFO: [HLS 214-186] Unrolling loop 'VITIS_LOOP_324_2' (main.cpp:324:22) in function 'main' completely with a factor of 376 (main.cpp:288:0)
INFO: [HLS 214-186] Unrolling loop 'VITIS_LOOP_324_2' (main.cpp:324:22) in function 'main' completely with a factor of 375 (main.cpp:288:0)
INFO: [HLS 214-186] Unrolling loop 'VITIS_LOOP_324_2' (main.cpp:324:22) in function 'main' completely with a factor of 374 (main.cpp:288:0)
INFO: [HLS 214-186] Unrolling loop 'VITIS_LOOP_324_2' (main.cpp:324:22) in function 'main' completely with a factor of 373 (main.cpp:288:0)
INFO: [HLS 214-186] Unrolling loop 'VITIS_LOOP_324_2' (main.cpp:324:22) in function 'main' completely with a factor of 372 (main.cpp:288:0)
INFO: [HLS 214-186] Unrolling loop 'VITIS_LOOP_324_2' (main.cpp:324:22) in function 'main' completely with a factor of 371 (main.cpp:288:0)
INFO: [HLS 214-186] Unrolling loop 'VITIS_LOOP_324_2' (main.cpp:324:22) in function 'main' completely with a factor of 370 (main.cpp:288:0)
INFO: [HLS 214-186] Unrolling loop 'VITIS_LOOP_324_2' (main.cpp:324:22) in function 'main' completely with a factor of 369 (main.cpp:288:0)
INFO: [HLS 214-186] Unrolling loop 'VITIS_LOOP_324_2' (main.cpp:324:22) in function 'main' completely with a factor of 368 (main.cpp:288:0)
INFO: [HLS 214-186] Unrolling loop 'VITIS_LOOP_324_2' (main.cpp:324:22) in function 'main' completely with a factor of 367 (main.cpp:288:0)
INFO: [HLS 214-186] Unrolling loop 'VITIS_LOOP_324_2' (main.cpp:324:22) in function 'main' completely with a factor of 366 (main.cpp:288:0)
INFO: [HLS 214-186] Unrolling loop 'VITIS_LOOP_324_2' (main.cpp:324:22) in function 'main' completely with a factor of 365 (main.cpp:288:0)
INFO: [HLS 214-186] Unrolling loop 'VITIS_LOOP_324_2' (main.cpp:324:22) in function 'main' completely with a factor of 364 (main.cpp:288:0)
INFO: [HLS 214-186] Unrolling loop 'VITIS_LOOP_324_2' (main.cpp:324:22) in function 'main' completely with a factor of 363 (main.cpp:288:0)
INFO: [HLS 214-186] Unrolling loop 'VITIS_LOOP_324_2' (main.cpp:324:22) in function 'main' completely with a factor of 362 (main.cpp:288:0)
INFO: [HLS 214-186] Unrolling loop 'VITIS_LOOP_324_2' (main.cpp:324:22) in function 'main' completely with a factor of 361 (main.cpp:288:0)
INFO: [HLS 214-186] Unrolling loop 'VITIS_LOOP_324_2' (main.cpp:324:22) in function 'main' completely with a factor of 360 (main.cpp:288:0)
INFO: [HLS 214-186] Unrolling loop 'VITIS_LOOP_324_2' (main.cpp:324:22) in function 'main' completely with a factor of 359 (main.cpp:288:0)
INFO: [HLS 214-186] Unrolling loop 'VITIS_LOOP_324_2' (main.cpp:324:22) in function 'main' completely with a factor of 358 (main.cpp:288:0)
INFO: [HLS 214-186] Unrolling loop 'VITIS_LOOP_324_2' (main.cpp:324:22) in function 'main' completely with a factor of 357 (main.cpp:288:0)
INFO: [HLS 214-186] Unrolling loop 'VITIS_LOOP_324_2' (main.cpp:324:22) in function 'main' completely with a factor of 356 (main.cpp:288:0)
INFO: [HLS 214-186] Unrolling loop 'VITIS_LOOP_324_2' (main.cpp:324:22) in function 'main' completely with a factor of 355 (main.cpp:288:0)
INFO: [HLS 214-186] Unrolling loop 'VITIS_LOOP_324_2' (main.cpp:324:22) in function 'main' completely with a factor of 354 (main.cpp:288:0)
INFO: [HLS 214-186] Unrolling loop 'VITIS_LOOP_324_2' (main.cpp:324:22) in function 'main' completely with a factor of 353 (main.cpp:288:0)
INFO: [HLS 214-186] Unrolling loop 'VITIS_LOOP_324_2' (main.cpp:324:22) in function 'main' completely with a factor of 352 (main.cpp:288:0)
INFO: [HLS 214-186] Unrolling loop 'VITIS_LOOP_324_2' (main.cpp:324:22) in function 'main' completely with a factor of 351 (main.cpp:288:0)
INFO: [HLS 214-186] Unrolling loop 'VITIS_LOOP_324_2' (main.cpp:324:22) in function 'main' completely with a factor of 350 (main.cpp:288:0)
INFO: [HLS 214-186] Unrolling loop 'VITIS_LOOP_324_2' (main.cpp:324:22) in function 'main' completely with a factor of 349 (main.cpp:288:0)
INFO: [HLS 214-186] Unrolling loop 'VITIS_LOOP_324_2' (main.cpp:324:22) in function 'main' completely with a factor of 348 (main.cpp:288:0)
INFO: [HLS 214-186] Unrolling loop 'VITIS_LOOP_324_2' (main.cpp:324:22) in function 'main' completely with a factor of 347 (main.cpp:288:0)
INFO: [HLS 214-186] Unrolling loop 'VITIS_LOOP_324_2' (main.cpp:324:22) in function 'main' completely with a factor of 346 (main.cpp:288:0)
INFO: [HLS 214-186] Unrolling loop 'VITIS_LOOP_324_2' (main.cpp:324:22) in function 'main' completely with a factor of 345 (main.cpp:288:0)
INFO: [HLS 214-186] Unrolling loop 'VITIS_LOOP_324_2' (main.cpp:324:22) in function 'main' completely with a factor of 344 (main.cpp:288:0)
INFO: [HLS 214-186] Unrolling loop 'VITIS_LOOP_324_2' (main.cpp:324:22) in function 'main' completely with a factor of 343 (main.cpp:288:0)
INFO: [HLS 214-186] Unrolling loop 'VITIS_LOOP_324_2' (main.cpp:324:22) in function 'main' completely with a factor of 342 (main.cpp:288:0)
INFO: [HLS 214-186] Unrolling loop 'VITIS_LOOP_324_2' (main.cpp:324:22) in function 'main' completely with a factor of 341 (main.cpp:288:0)
INFO: [HLS 214-186] Unrolling loop 'VITIS_LOOP_324_2' (main.cpp:324:22) in function 'main' completely with a factor of 340 (main.cpp:288:0)
INFO: [HLS 214-186] Unrolling loop 'VITIS_LOOP_324_2' (main.cpp:324:22) in function 'main' completely with a factor of 339 (main.cpp:288:0)
INFO: [HLS 214-186] Unrolling loop 'VITIS_LOOP_324_2' (main.cpp:324:22) in function 'main' completely with a factor of 338 (main.cpp:288:0)
INFO: [HLS 214-186] Unrolling loop 'VITIS_LOOP_324_2' (main.cpp:324:22) in function 'main' completely with a factor of 337 (main.cpp:288:0)
INFO: [HLS 214-186] Unrolling loop 'VITIS_LOOP_324_2' (main.cpp:324:22) in function 'main' completely with a factor of 336 (main.cpp:288:0)
INFO: [HLS 214-186] Unrolling loop 'VITIS_LOOP_324_2' (main.cpp:324:22) in function 'main' completely with a factor of 335 (main.cpp:288:0)
INFO: [HLS 214-186] Unrolling loop 'VITIS_LOOP_324_2' (main.cpp:324:22) in function 'main' completely with a factor of 334 (main.cpp:288:0)
INFO: [HLS 214-186] Unrolling loop 'VITIS_LOOP_324_2' (main.cpp:324:22) in function 'main' completely with a factor of 333 (main.cpp:288:0)
INFO: [HLS 214-186] Unrolling loop 'VITIS_LOOP_324_2' (main.cpp:324:22) in function 'main' completely with a factor of 332 (main.cpp:288:0)
INFO: [HLS 214-186] Unrolling loop 'VITIS_LOOP_324_2' (main.cpp:324:22) in function 'main' completely with a factor of 331 (main.cpp:288:0)
INFO: [HLS 214-186] Unrolling loop 'VITIS_LOOP_324_2' (main.cpp:324:22) in function 'main' completely with a factor of 330 (main.cpp:288:0)
INFO: [HLS 214-186] Unrolling loop 'VITIS_LOOP_324_2' (main.cpp:324:22) in function 'main' completely with a factor of 329 (main.cpp:288:0)
INFO: [HLS 214-186] Unrolling loop 'VITIS_LOOP_324_2' (main.cpp:324:22) in function 'main' completely with a factor of 328 (main.cpp:288:0)
INFO: [HLS 214-186] Unrolling loop 'VITIS_LOOP_324_2' (main.cpp:324:22) in function 'main' completely with a factor of 327 (main.cpp:288:0)
INFO: [HLS 214-186] Unrolling loop 'VITIS_LOOP_324_2' (main.cpp:324:22) in function 'main' completely with a factor of 326 (main.cpp:288:0)
INFO: [HLS 214-186] Unrolling loop 'VITIS_LOOP_324_2' (main.cpp:324:22) in function 'main' completely with a factor of 325 (main.cpp:288:0)
INFO: [HLS 214-186] Unrolling loop 'VITIS_LOOP_324_2' (main.cpp:324:22) in function 'main' completely with a factor of 324 (main.cpp:288:0)
INFO: [HLS 214-186] Unrolling loop 'VITIS_LOOP_324_2' (main.cpp:324:22) in function 'main' completely with a factor of 323 (main.cpp:288:0)
INFO: [HLS 214-186] Unrolling loop 'VITIS_LOOP_324_2' (main.cpp:324:22) in function 'main' completely with a factor of 322 (main.cpp:288:0)
INFO: [HLS 214-186] Unrolling loop 'VITIS_LOOP_324_2' (main.cpp:324:22) in function 'main' completely with a factor of 321 (main.cpp:288:0)
INFO: [HLS 214-186] Unrolling loop 'VITIS_LOOP_324_2' (main.cpp:324:22) in function 'main' completely with a factor of 320 (main.cpp:288:0)
INFO: [HLS 214-186] Unrolling loop 'VITIS_LOOP_324_2' (main.cpp:324:22) in function 'main' completely with a factor of 319 (main.cpp:288:0)
INFO: [HLS 214-186] Unrolling loop 'VITIS_LOOP_324_2' (main.cpp:324:22) in function 'main' completely with a factor of 318 (main.cpp:288:0)
INFO: [HLS 214-186] Unrolling loop 'VITIS_LOOP_324_2' (main.cpp:324:22) in function 'main' completely with a factor of 317 (main.cpp:288:0)
INFO: [HLS 214-186] Unrolling loop 'VITIS_LOOP_324_2' (main.cpp:324:22) in function 'main' completely with a factor of 316 (main.cpp:288:0)
INFO: [HLS 214-186] Unrolling loop 'VITIS_LOOP_324_2' (main.cpp:324:22) in function 'main' completely with a factor of 315 (main.cpp:288:0)
INFO: [HLS 214-186] Unrolling loop 'VITIS_LOOP_324_2' (main.cpp:324:22) in function 'main' completely with a factor of 314 (main.cpp:288:0)
INFO: [HLS 214-186] Unrolling loop 'VITIS_LOOP_324_2' (main.cpp:324:22) in function 'main' completely with a factor of 313 (main.cpp:288:0)
INFO: [HLS 214-186] Unrolling loop 'VITIS_LOOP_324_2' (main.cpp:324:22) in function 'main' completely with a factor of 312 (main.cpp:288:0)
INFO: [HLS 214-186] Unrolling loop 'VITIS_LOOP_324_2' (main.cpp:324:22) in function 'main' completely with a factor of 311 (main.cpp:288:0)
INFO: [HLS 214-186] Unrolling loop 'VITIS_LOOP_324_2' (main.cpp:324:22) in function 'main' completely with a factor of 310 (main.cpp:288:0)
INFO: [HLS 214-186] Unrolling loop 'VITIS_LOOP_324_2' (main.cpp:324:22) in function 'main' completely with a factor of 309 (main.cpp:288:0)
INFO: [HLS 214-186] Unrolling loop 'VITIS_LOOP_324_2' (main.cpp:324:22) in function 'main' completely with a factor of 308 (main.cpp:288:0)
INFO: [HLS 214-186] Unrolling loop 'VITIS_LOOP_324_2' (main.cpp:324:22) in function 'main' completely with a factor of 307 (main.cpp:288:0)
INFO: [HLS 214-186] Unrolling loop 'VITIS_LOOP_324_2' (main.cpp:324:22) in function 'main' completely with a factor of 306 (main.cpp:288:0)
INFO: [HLS 214-186] Unrolling loop 'VITIS_LOOP_324_2' (main.cpp:324:22) in function 'main' completely with a factor of 305 (main.cpp:288:0)
INFO: [HLS 214-186] Unrolling loop 'VITIS_LOOP_324_2' (main.cpp:324:22) in function 'main' completely with a factor of 304 (main.cpp:288:0)
INFO: [HLS 214-186] Unrolling loop 'VITIS_LOOP_324_2' (main.cpp:324:22) in function 'main' completely with a factor of 303 (main.cpp:288:0)
INFO: [HLS 214-186] Unrolling loop 'VITIS_LOOP_324_2' (main.cpp:324:22) in function 'main' completely with a factor of 302 (main.cpp:288:0)
INFO: [HLS 214-186] Unrolling loop 'VITIS_LOOP_324_2' (main.cpp:324:22) in function 'main' completely with a factor of 301 (main.cpp:288:0)
INFO: [HLS 214-186] Unrolling loop 'VITIS_LOOP_324_2' (main.cpp:324:22) in function 'main' completely with a factor of 300 (main.cpp:288:0)
INFO: [HLS 214-186] Unrolling loop 'VITIS_LOOP_324_2' (main.cpp:324:22) in function 'main' completely with a factor of 299 (main.cpp:288:0)
INFO: [HLS 214-186] Unrolling loop 'VITIS_LOOP_324_2' (main.cpp:324:22) in function 'main' completely with a factor of 298 (main.cpp:288:0)
INFO: [HLS 214-186] Unrolling loop 'VITIS_LOOP_324_2' (main.cpp:324:22) in function 'main' completely with a factor of 297 (main.cpp:288:0)
INFO: [HLS 214-186] Unrolling loop 'VITIS_LOOP_324_2' (main.cpp:324:22) in function 'main' completely with a factor of 296 (main.cpp:288:0)
INFO: [HLS 214-186] Unrolling loop 'VITIS_LOOP_324_2' (main.cpp:324:22) in function 'main' completely with a factor of 295 (main.cpp:288:0)
INFO: [HLS 214-186] Unrolling loop 'VITIS_LOOP_324_2' (main.cpp:324:22) in function 'main' completely with a factor of 294 (main.cpp:288:0)
INFO: [HLS 214-186] Unrolling loop 'VITIS_LOOP_324_2' (main.cpp:324:22) in function 'main' completely with a factor of 293 (main.cpp:288:0)
INFO: [HLS 214-186] Unrolling loop 'VITIS_LOOP_324_2' (main.cpp:324:22) in function 'main' completely with a factor of 292 (main.cpp:288:0)
INFO: [HLS 214-186] Unrolling loop 'VITIS_LOOP_324_2' (main.cpp:324:22) in function 'main' completely with a factor of 291 (main.cpp:288:0)
INFO: [HLS 214-186] Unrolling loop 'VITIS_LOOP_324_2' (main.cpp:324:22) in function 'main' completely with a factor of 290 (main.cpp:288:0)
INFO: [HLS 214-186] Unrolling loop 'VITIS_LOOP_324_2' (main.cpp:324:22) in function 'main' completely with a factor of 289 (main.cpp:288:0)
INFO: [HLS 214-186] Unrolling loop 'VITIS_LOOP_324_2' (main.cpp:324:22) in function 'main' completely with a factor of 288 (main.cpp:288:0)
INFO: [HLS 214-186] Unrolling loop 'VITIS_LOOP_324_2' (main.cpp:324:22) in function 'main' completely with a factor of 287 (main.cpp:288:0)
INFO: [HLS 214-186] Unrolling loop 'VITIS_LOOP_324_2' (main.cpp:324:22) in function 'main' completely with a factor of 286 (main.cpp:288:0)
INFO: [HLS 214-186] Unrolling loop 'VITIS_LOOP_324_2' (main.cpp:324:22) in function 'main' completely with a factor of 285 (main.cpp:288:0)
INFO: [HLS 214-186] Unrolling loop 'VITIS_LOOP_324_2' (main.cpp:324:22) in function 'main' completely with a factor of 284 (main.cpp:288:0)
INFO: [HLS 214-186] Unrolling loop 'VITIS_LOOP_324_2' (main.cpp:324:22) in function 'main' completely with a factor of 283 (main.cpp:288:0)
INFO: [HLS 214-186] Unrolling loop 'VITIS_LOOP_324_2' (main.cpp:324:22) in function 'main' completely with a factor of 282 (main.cpp:288:0)
INFO: [HLS 214-186] Unrolling loop 'VITIS_LOOP_324_2' (main.cpp:324:22) in function 'main' completely with a factor of 281 (main.cpp:288:0)
INFO: [HLS 214-186] Unrolling loop 'VITIS_LOOP_324_2' (main.cpp:324:22) in function 'main' completely with a factor of 280 (main.cpp:288:0)
INFO: [HLS 214-186] Unrolling loop 'VITIS_LOOP_324_2' (main.cpp:324:22) in function 'main' completely with a factor of 279 (main.cpp:288:0)
INFO: [HLS 214-186] Unrolling loop 'VITIS_LOOP_324_2' (main.cpp:324:22) in function 'main' completely with a factor of 278 (main.cpp:288:0)
INFO: [HLS 214-186] Unrolling loop 'VITIS_LOOP_324_2' (main.cpp:324:22) in function 'main' completely with a factor of 277 (main.cpp:288:0)
INFO: [HLS 214-186] Unrolling loop 'VITIS_LOOP_324_2' (main.cpp:324:22) in function 'main' completely with a factor of 276 (main.cpp:288:0)
INFO: [HLS 214-186] Unrolling loop 'VITIS_LOOP_324_2' (main.cpp:324:22) in function 'main' completely with a factor of 275 (main.cpp:288:0)
INFO: [HLS 214-186] Unrolling loop 'VITIS_LOOP_324_2' (main.cpp:324:22) in function 'main' completely with a factor of 274 (main.cpp:288:0)
INFO: [HLS 214-186] Unrolling loop 'VITIS_LOOP_324_2' (main.cpp:324:22) in function 'main' completely with a factor of 273 (main.cpp:288:0)
INFO: [HLS 214-186] Unrolling loop 'VITIS_LOOP_324_2' (main.cpp:324:22) in function 'main' completely with a factor of 272 (main.cpp:288:0)
INFO: [HLS 214-186] Unrolling loop 'VITIS_LOOP_324_2' (main.cpp:324:22) in function 'main' completely with a factor of 271 (main.cpp:288:0)
INFO: [HLS 214-186] Unrolling loop 'VITIS_LOOP_324_2' (main.cpp:324:22) in function 'main' completely with a factor of 270 (main.cpp:288:0)
INFO: [HLS 214-186] Unrolling loop 'VITIS_LOOP_324_2' (main.cpp:324:22) in function 'main' completely with a factor of 269 (main.cpp:288:0)
INFO: [HLS 214-186] Unrolling loop 'VITIS_LOOP_324_2' (main.cpp:324:22) in function 'main' completely with a factor of 268 (main.cpp:288:0)
INFO: [HLS 214-186] Unrolling loop 'VITIS_LOOP_324_2' (main.cpp:324:22) in function 'main' completely with a factor of 267 (main.cpp:288:0)
INFO: [HLS 214-186] Unrolling loop 'VITIS_LOOP_324_2' (main.cpp:324:22) in function 'main' completely with a factor of 266 (main.cpp:288:0)
INFO: [HLS 214-186] Unrolling loop 'VITIS_LOOP_324_2' (main.cpp:324:22) in function 'main' completely with a factor of 265 (main.cpp:288:0)
INFO: [HLS 214-186] Unrolling loop 'VITIS_LOOP_324_2' (main.cpp:324:22) in function 'main' completely with a factor of 264 (main.cpp:288:0)
INFO: [HLS 214-186] Unrolling loop 'VITIS_LOOP_324_2' (main.cpp:324:22) in function 'main' completely with a factor of 263 (main.cpp:288:0)
INFO: [HLS 214-186] Unrolling loop 'VITIS_LOOP_324_2' (main.cpp:324:22) in function 'main' completely with a factor of 262 (main.cpp:288:0)
INFO: [HLS 214-186] Unrolling loop 'VITIS_LOOP_324_2' (main.cpp:324:22) in function 'main' completely with a factor of 261 (main.cpp:288:0)
INFO: [HLS 214-186] Unrolling loop 'VITIS_LOOP_324_2' (main.cpp:324:22) in function 'main' completely with a factor of 260 (main.cpp:288:0)
INFO: [HLS 214-186] Unrolling loop 'VITIS_LOOP_324_2' (main.cpp:324:22) in function 'main' completely with a factor of 259 (main.cpp:288:0)
INFO: [HLS 214-186] Unrolling loop 'VITIS_LOOP_324_2' (main.cpp:324:22) in function 'main' completely with a factor of 258 (main.cpp:288:0)
INFO: [HLS 214-186] Unrolling loop 'VITIS_LOOP_324_2' (main.cpp:324:22) in function 'main' completely with a factor of 257 (main.cpp:288:0)
INFO: [HLS 214-186] Unrolling loop 'VITIS_LOOP_324_2' (main.cpp:324:22) in function 'main' completely with a factor of 256 (main.cpp:288:0)
INFO: [HLS 214-186] Unrolling loop 'VITIS_LOOP_324_2' (main.cpp:324:22) in function 'main' completely with a factor of 255 (main.cpp:288:0)
INFO: [HLS 214-186] Unrolling loop 'VITIS_LOOP_324_2' (main.cpp:324:22) in function 'main' completely with a factor of 254 (main.cpp:288:0)
INFO: [HLS 214-186] Unrolling loop 'VITIS_LOOP_324_2' (main.cpp:324:22) in function 'main' completely with a factor of 253 (main.cpp:288:0)
INFO: [HLS 214-186] Unrolling loop 'VITIS_LOOP_324_2' (main.cpp:324:22) in function 'main' completely with a factor of 252 (main.cpp:288:0)
INFO: [HLS 214-186] Unrolling loop 'VITIS_LOOP_324_2' (main.cpp:324:22) in function 'main' completely with a factor of 251 (main.cpp:288:0)
INFO: [HLS 214-186] Unrolling loop 'VITIS_LOOP_324_2' (main.cpp:324:22) in function 'main' completely with a factor of 250 (main.cpp:288:0)
INFO: [HLS 214-186] Unrolling loop 'VITIS_LOOP_324_2' (main.cpp:324:22) in function 'main' completely with a factor of 249 (main.cpp:288:0)
INFO: [HLS 214-186] Unrolling loop 'VITIS_LOOP_324_2' (main.cpp:324:22) in function 'main' completely with a factor of 248 (main.cpp:288:0)
INFO: [HLS 214-186] Unrolling loop 'VITIS_LOOP_324_2' (main.cpp:324:22) in function 'main' completely with a factor of 247 (main.cpp:288:0)
INFO: [HLS 214-186] Unrolling loop 'VITIS_LOOP_324_2' (main.cpp:324:22) in function 'main' completely with a factor of 246 (main.cpp:288:0)
INFO: [HLS 214-186] Unrolling loop 'VITIS_LOOP_324_2' (main.cpp:324:22) in function 'main' completely with a factor of 245 (main.cpp:288:0)
INFO: [HLS 214-186] Unrolling loop 'VITIS_LOOP_324_2' (main.cpp:324:22) in function 'main' completely with a factor of 244 (main.cpp:288:0)
INFO: [HLS 214-186] Unrolling loop 'VITIS_LOOP_324_2' (main.cpp:324:22) in function 'main' completely with a factor of 243 (main.cpp:288:0)
INFO: [HLS 214-186] Unrolling loop 'VITIS_LOOP_324_2' (main.cpp:324:22) in function 'main' completely with a factor of 242 (main.cpp:288:0)
INFO: [HLS 214-186] Unrolling loop 'VITIS_LOOP_324_2' (main.cpp:324:22) in function 'main' completely with a factor of 241 (main.cpp:288:0)
INFO: [HLS 214-186] Unrolling loop 'VITIS_LOOP_324_2' (main.cpp:324:22) in function 'main' completely with a factor of 240 (main.cpp:288:0)
INFO: [HLS 214-186] Unrolling loop 'VITIS_LOOP_324_2' (main.cpp:324:22) in function 'main' completely with a factor of 239 (main.cpp:288:0)
INFO: [HLS 214-186] Unrolling loop 'VITIS_LOOP_324_2' (main.cpp:324:22) in function 'main' completely with a factor of 238 (main.cpp:288:0)
INFO: [HLS 214-186] Unrolling loop 'VITIS_LOOP_324_2' (main.cpp:324:22) in function 'main' completely with a factor of 237 (main.cpp:288:0)
INFO: [HLS 214-186] Unrolling loop 'VITIS_LOOP_324_2' (main.cpp:324:22) in function 'main' completely with a factor of 236 (main.cpp:288:0)
INFO: [HLS 214-186] Unrolling loop 'VITIS_LOOP_324_2' (main.cpp:324:22) in function 'main' completely with a factor of 235 (main.cpp:288:0)
INFO: [HLS 214-186] Unrolling loop 'VITIS_LOOP_324_2' (main.cpp:324:22) in function 'main' completely with a factor of 234 (main.cpp:288:0)
INFO: [HLS 214-186] Unrolling loop 'VITIS_LOOP_324_2' (main.cpp:324:22) in function 'main' completely with a factor of 233 (main.cpp:288:0)
INFO: [HLS 214-186] Unrolling loop 'VITIS_LOOP_324_2' (main.cpp:324:22) in function 'main' completely with a factor of 232 (main.cpp:288:0)
INFO: [HLS 214-186] Unrolling loop 'VITIS_LOOP_324_2' (main.cpp:324:22) in function 'main' completely with a factor of 231 (main.cpp:288:0)
INFO: [HLS 214-186] Unrolling loop 'VITIS_LOOP_324_2' (main.cpp:324:22) in function 'main' completely with a factor of 230 (main.cpp:288:0)
INFO: [HLS 214-186] Unrolling loop 'VITIS_LOOP_324_2' (main.cpp:324:22) in function 'main' completely with a factor of 229 (main.cpp:288:0)
INFO: [HLS 214-186] Unrolling loop 'VITIS_LOOP_324_2' (main.cpp:324:22) in function 'main' completely with a factor of 228 (main.cpp:288:0)
INFO: [HLS 214-186] Unrolling loop 'VITIS_LOOP_324_2' (main.cpp:324:22) in function 'main' completely with a factor of 227 (main.cpp:288:0)
INFO: [HLS 214-186] Unrolling loop 'VITIS_LOOP_324_2' (main.cpp:324:22) in function 'main' completely with a factor of 226 (main.cpp:288:0)
INFO: [HLS 214-186] Unrolling loop 'VITIS_LOOP_324_2' (main.cpp:324:22) in function 'main' completely with a factor of 225 (main.cpp:288:0)
INFO: [HLS 214-186] Unrolling loop 'VITIS_LOOP_324_2' (main.cpp:324:22) in function 'main' completely with a factor of 224 (main.cpp:288:0)
INFO: [HLS 214-186] Unrolling loop 'VITIS_LOOP_324_2' (main.cpp:324:22) in function 'main' completely with a factor of 223 (main.cpp:288:0)
INFO: [HLS 214-186] Unrolling loop 'VITIS_LOOP_324_2' (main.cpp:324:22) in function 'main' completely with a factor of 222 (main.cpp:288:0)
INFO: [HLS 214-186] Unrolling loop 'VITIS_LOOP_324_2' (main.cpp:324:22) in function 'main' completely with a factor of 221 (main.cpp:288:0)
INFO: [HLS 214-186] Unrolling loop 'VITIS_LOOP_324_2' (main.cpp:324:22) in function 'main' completely with a factor of 220 (main.cpp:288:0)
INFO: [HLS 214-186] Unrolling loop 'VITIS_LOOP_324_2' (main.cpp:324:22) in function 'main' completely with a factor of 219 (main.cpp:288:0)
INFO: [HLS 214-186] Unrolling loop 'VITIS_LOOP_324_2' (main.cpp:324:22) in function 'main' completely with a factor of 218 (main.cpp:288:0)
INFO: [HLS 214-186] Unrolling loop 'VITIS_LOOP_324_2' (main.cpp:324:22) in function 'main' completely with a factor of 217 (main.cpp:288:0)
INFO: [HLS 214-186] Unrolling loop 'VITIS_LOOP_324_2' (main.cpp:324:22) in function 'main' completely with a factor of 216 (main.cpp:288:0)
INFO: [HLS 214-186] Unrolling loop 'VITIS_LOOP_324_2' (main.cpp:324:22) in function 'main' completely with a factor of 215 (main.cpp:288:0)
INFO: [HLS 214-186] Unrolling loop 'VITIS_LOOP_324_2' (main.cpp:324:22) in function 'main' completely with a factor of 214 (main.cpp:288:0)
INFO: [HLS 214-186] Unrolling loop 'VITIS_LOOP_324_2' (main.cpp:324:22) in function 'main' completely with a factor of 213 (main.cpp:288:0)
INFO: [HLS 214-186] Unrolling loop 'VITIS_LOOP_324_2' (main.cpp:324:22) in function 'main' completely with a factor of 212 (main.cpp:288:0)
INFO: [HLS 214-186] Unrolling loop 'VITIS_LOOP_324_2' (main.cpp:324:22) in function 'main' completely with a factor of 211 (main.cpp:288:0)
INFO: [HLS 214-186] Unrolling loop 'VITIS_LOOP_324_2' (main.cpp:324:22) in function 'main' completely with a factor of 210 (main.cpp:288:0)
INFO: [HLS 214-186] Unrolling loop 'VITIS_LOOP_324_2' (main.cpp:324:22) in function 'main' completely with a factor of 209 (main.cpp:288:0)
INFO: [HLS 214-186] Unrolling loop 'VITIS_LOOP_324_2' (main.cpp:324:22) in function 'main' completely with a factor of 208 (main.cpp:288:0)
INFO: [HLS 214-186] Unrolling loop 'VITIS_LOOP_324_2' (main.cpp:324:22) in function 'main' completely with a factor of 207 (main.cpp:288:0)
INFO: [HLS 214-186] Unrolling loop 'VITIS_LOOP_324_2' (main.cpp:324:22) in function 'main' completely with a factor of 206 (main.cpp:288:0)
INFO: [HLS 214-186] Unrolling loop 'VITIS_LOOP_324_2' (main.cpp:324:22) in function 'main' completely with a factor of 205 (main.cpp:288:0)
INFO: [HLS 214-186] Unrolling loop 'VITIS_LOOP_324_2' (main.cpp:324:22) in function 'main' completely with a factor of 204 (main.cpp:288:0)
INFO: [HLS 214-186] Unrolling loop 'VITIS_LOOP_324_2' (main.cpp:324:22) in function 'main' completely with a factor of 203 (main.cpp:288:0)
INFO: [HLS 214-186] Unrolling loop 'VITIS_LOOP_324_2' (main.cpp:324:22) in function 'main' completely with a factor of 202 (main.cpp:288:0)
INFO: [HLS 214-186] Unrolling loop 'VITIS_LOOP_324_2' (main.cpp:324:22) in function 'main' completely with a factor of 201 (main.cpp:288:0)
INFO: [HLS 214-186] Unrolling loop 'VITIS_LOOP_324_2' (main.cpp:324:22) in function 'main' completely with a factor of 200 (main.cpp:288:0)
INFO: [HLS 214-186] Unrolling loop 'VITIS_LOOP_324_2' (main.cpp:324:22) in function 'main' completely with a factor of 199 (main.cpp:288:0)
INFO: [HLS 214-186] Unrolling loop 'VITIS_LOOP_324_2' (main.cpp:324:22) in function 'main' completely with a factor of 198 (main.cpp:288:0)
INFO: [HLS 214-186] Unrolling loop 'VITIS_LOOP_324_2' (main.cpp:324:22) in function 'main' completely with a factor of 197 (main.cpp:288:0)
INFO: [HLS 214-186] Unrolling loop 'VITIS_LOOP_324_2' (main.cpp:324:22) in function 'main' completely with a factor of 196 (main.cpp:288:0)
INFO: [HLS 214-186] Unrolling loop 'VITIS_LOOP_324_2' (main.cpp:324:22) in function 'main' completely with a factor of 195 (main.cpp:288:0)
INFO: [HLS 214-186] Unrolling loop 'VITIS_LOOP_324_2' (main.cpp:324:22) in function 'main' completely with a factor of 194 (main.cpp:288:0)
INFO: [HLS 214-186] Unrolling loop 'VITIS_LOOP_324_2' (main.cpp:324:22) in function 'main' completely with a factor of 193 (main.cpp:288:0)
INFO: [HLS 214-186] Unrolling loop 'VITIS_LOOP_324_2' (main.cpp:324:22) in function 'main' completely with a factor of 192 (main.cpp:288:0)
INFO: [HLS 214-186] Unrolling loop 'VITIS_LOOP_324_2' (main.cpp:324:22) in function 'main' completely with a factor of 191 (main.cpp:288:0)
INFO: [HLS 214-186] Unrolling loop 'VITIS_LOOP_324_2' (main.cpp:324:22) in function 'main' completely with a factor of 190 (main.cpp:288:0)
INFO: [HLS 214-186] Unrolling loop 'VITIS_LOOP_324_2' (main.cpp:324:22) in function 'main' completely with a factor of 189 (main.cpp:288:0)
INFO: [HLS 214-186] Unrolling loop 'VITIS_LOOP_324_2' (main.cpp:324:22) in function 'main' completely with a factor of 188 (main.cpp:288:0)
INFO: [HLS 214-186] Unrolling loop 'VITIS_LOOP_324_2' (main.cpp:324:22) in function 'main' completely with a factor of 187 (main.cpp:288:0)
INFO: [HLS 214-186] Unrolling loop 'VITIS_LOOP_324_2' (main.cpp:324:22) in function 'main' completely with a factor of 186 (main.cpp:288:0)
INFO: [HLS 214-186] Unrolling loop 'VITIS_LOOP_324_2' (main.cpp:324:22) in function 'main' completely with a factor of 185 (main.cpp:288:0)
INFO: [HLS 214-186] Unrolling loop 'VITIS_LOOP_324_2' (main.cpp:324:22) in function 'main' completely with a factor of 184 (main.cpp:288:0)
INFO: [HLS 214-186] Unrolling loop 'VITIS_LOOP_324_2' (main.cpp:324:22) in function 'main' completely with a factor of 183 (main.cpp:288:0)
INFO: [HLS 214-186] Unrolling loop 'VITIS_LOOP_324_2' (main.cpp:324:22) in function 'main' completely with a factor of 182 (main.cpp:288:0)
INFO: [HLS 214-186] Unrolling loop 'VITIS_LOOP_324_2' (main.cpp:324:22) in function 'main' completely with a factor of 181 (main.cpp:288:0)
INFO: [HLS 214-186] Unrolling loop 'VITIS_LOOP_324_2' (main.cpp:324:22) in function 'main' completely with a factor of 180 (main.cpp:288:0)
INFO: [HLS 214-186] Unrolling loop 'VITIS_LOOP_324_2' (main.cpp:324:22) in function 'main' completely with a factor of 179 (main.cpp:288:0)
INFO: [HLS 214-186] Unrolling loop 'VITIS_LOOP_324_2' (main.cpp:324:22) in function 'main' completely with a factor of 178 (main.cpp:288:0)
INFO: [HLS 214-186] Unrolling loop 'VITIS_LOOP_324_2' (main.cpp:324:22) in function 'main' completely with a factor of 177 (main.cpp:288:0)
INFO: [HLS 214-186] Unrolling loop 'VITIS_LOOP_324_2' (main.cpp:324:22) in function 'main' completely with a factor of 176 (main.cpp:288:0)
INFO: [HLS 214-186] Unrolling loop 'VITIS_LOOP_324_2' (main.cpp:324:22) in function 'main' completely with a factor of 175 (main.cpp:288:0)
INFO: [HLS 214-186] Unrolling loop 'VITIS_LOOP_324_2' (main.cpp:324:22) in function 'main' completely with a factor of 174 (main.cpp:288:0)
INFO: [HLS 214-186] Unrolling loop 'VITIS_LOOP_324_2' (main.cpp:324:22) in function 'main' completely with a factor of 173 (main.cpp:288:0)
INFO: [HLS 214-186] Unrolling loop 'VITIS_LOOP_324_2' (main.cpp:324:22) in function 'main' completely with a factor of 172 (main.cpp:288:0)
INFO: [HLS 214-186] Unrolling loop 'VITIS_LOOP_324_2' (main.cpp:324:22) in function 'main' completely with a factor of 171 (main.cpp:288:0)
INFO: [HLS 214-186] Unrolling loop 'VITIS_LOOP_324_2' (main.cpp:324:22) in function 'main' completely with a factor of 170 (main.cpp:288:0)
INFO: [HLS 214-186] Unrolling loop 'VITIS_LOOP_324_2' (main.cpp:324:22) in function 'main' completely with a factor of 169 (main.cpp:288:0)
INFO: [HLS 214-186] Unrolling loop 'VITIS_LOOP_324_2' (main.cpp:324:22) in function 'main' completely with a factor of 168 (main.cpp:288:0)
INFO: [HLS 214-186] Unrolling loop 'VITIS_LOOP_324_2' (main.cpp:324:22) in function 'main' completely with a factor of 167 (main.cpp:288:0)
INFO: [HLS 214-186] Unrolling loop 'VITIS_LOOP_324_2' (main.cpp:324:22) in function 'main' completely with a factor of 166 (main.cpp:288:0)
INFO: [HLS 214-186] Unrolling loop 'VITIS_LOOP_324_2' (main.cpp:324:22) in function 'main' completely with a factor of 165 (main.cpp:288:0)
INFO: [HLS 214-186] Unrolling loop 'VITIS_LOOP_324_2' (main.cpp:324:22) in function 'main' completely with a factor of 164 (main.cpp:288:0)
INFO: [HLS 214-186] Unrolling loop 'VITIS_LOOP_324_2' (main.cpp:324:22) in function 'main' completely with a factor of 163 (main.cpp:288:0)
INFO: [HLS 214-186] Unrolling loop 'VITIS_LOOP_324_2' (main.cpp:324:22) in function 'main' completely with a factor of 162 (main.cpp:288:0)
INFO: [HLS 214-186] Unrolling loop 'VITIS_LOOP_324_2' (main.cpp:324:22) in function 'main' completely with a factor of 161 (main.cpp:288:0)
INFO: [HLS 214-186] Unrolling loop 'VITIS_LOOP_324_2' (main.cpp:324:22) in function 'main' completely with a factor of 160 (main.cpp:288:0)
INFO: [HLS 214-186] Unrolling loop 'VITIS_LOOP_324_2' (main.cpp:324:22) in function 'main' completely with a factor of 159 (main.cpp:288:0)
INFO: [HLS 214-186] Unrolling loop 'VITIS_LOOP_324_2' (main.cpp:324:22) in function 'main' completely with a factor of 158 (main.cpp:288:0)
INFO: [HLS 214-186] Unrolling loop 'VITIS_LOOP_324_2' (main.cpp:324:22) in function 'main' completely with a factor of 157 (main.cpp:288:0)
INFO: [HLS 214-186] Unrolling loop 'VITIS_LOOP_324_2' (main.cpp:324:22) in function 'main' completely with a factor of 156 (main.cpp:288:0)
INFO: [HLS 214-186] Unrolling loop 'VITIS_LOOP_324_2' (main.cpp:324:22) in function 'main' completely with a factor of 155 (main.cpp:288:0)
INFO: [HLS 214-186] Unrolling loop 'VITIS_LOOP_324_2' (main.cpp:324:22) in function 'main' completely with a factor of 154 (main.cpp:288:0)
INFO: [HLS 214-186] Unrolling loop 'VITIS_LOOP_324_2' (main.cpp:324:22) in function 'main' completely with a factor of 153 (main.cpp:288:0)
INFO: [HLS 214-186] Unrolling loop 'VITIS_LOOP_324_2' (main.cpp:324:22) in function 'main' completely with a factor of 152 (main.cpp:288:0)
INFO: [HLS 214-186] Unrolling loop 'VITIS_LOOP_324_2' (main.cpp:324:22) in function 'main' completely with a factor of 151 (main.cpp:288:0)
INFO: [HLS 214-186] Unrolling loop 'VITIS_LOOP_324_2' (main.cpp:324:22) in function 'main' completely with a factor of 150 (main.cpp:288:0)
INFO: [HLS 214-186] Unrolling loop 'VITIS_LOOP_324_2' (main.cpp:324:22) in function 'main' completely with a factor of 149 (main.cpp:288:0)
INFO: [HLS 214-186] Unrolling loop 'VITIS_LOOP_324_2' (main.cpp:324:22) in function 'main' completely with a factor of 148 (main.cpp:288:0)
INFO: [HLS 214-186] Unrolling loop 'VITIS_LOOP_324_2' (main.cpp:324:22) in function 'main' completely with a factor of 147 (main.cpp:288:0)
INFO: [HLS 214-186] Unrolling loop 'VITIS_LOOP_324_2' (main.cpp:324:22) in function 'main' completely with a factor of 146 (main.cpp:288:0)
INFO: [HLS 214-186] Unrolling loop 'VITIS_LOOP_324_2' (main.cpp:324:22) in function 'main' completely with a factor of 145 (main.cpp:288:0)
INFO: [HLS 214-186] Unrolling loop 'VITIS_LOOP_324_2' (main.cpp:324:22) in function 'main' completely with a factor of 144 (main.cpp:288:0)
INFO: [HLS 214-186] Unrolling loop 'VITIS_LOOP_324_2' (main.cpp:324:22) in function 'main' completely with a factor of 143 (main.cpp:288:0)
INFO: [HLS 214-186] Unrolling loop 'VITIS_LOOP_324_2' (main.cpp:324:22) in function 'main' completely with a factor of 142 (main.cpp:288:0)
INFO: [HLS 214-186] Unrolling loop 'VITIS_LOOP_324_2' (main.cpp:324:22) in function 'main' completely with a factor of 141 (main.cpp:288:0)
INFO: [HLS 214-186] Unrolling loop 'VITIS_LOOP_324_2' (main.cpp:324:22) in function 'main' completely with a factor of 140 (main.cpp:288:0)
INFO: [HLS 214-186] Unrolling loop 'VITIS_LOOP_324_2' (main.cpp:324:22) in function 'main' completely with a factor of 139 (main.cpp:288:0)
INFO: [HLS 214-186] Unrolling loop 'VITIS_LOOP_324_2' (main.cpp:324:22) in function 'main' completely with a factor of 138 (main.cpp:288:0)
INFO: [HLS 214-186] Unrolling loop 'VITIS_LOOP_324_2' (main.cpp:324:22) in function 'main' completely with a factor of 137 (main.cpp:288:0)
INFO: [HLS 214-186] Unrolling loop 'VITIS_LOOP_324_2' (main.cpp:324:22) in function 'main' completely with a factor of 136 (main.cpp:288:0)
INFO: [HLS 214-186] Unrolling loop 'VITIS_LOOP_324_2' (main.cpp:324:22) in function 'main' completely with a factor of 135 (main.cpp:288:0)
INFO: [HLS 214-186] Unrolling loop 'VITIS_LOOP_324_2' (main.cpp:324:22) in function 'main' completely with a factor of 134 (main.cpp:288:0)
INFO: [HLS 214-186] Unrolling loop 'VITIS_LOOP_324_2' (main.cpp:324:22) in function 'main' completely with a factor of 133 (main.cpp:288:0)
INFO: [HLS 214-186] Unrolling loop 'VITIS_LOOP_324_2' (main.cpp:324:22) in function 'main' completely with a factor of 132 (main.cpp:288:0)
INFO: [HLS 214-186] Unrolling loop 'VITIS_LOOP_324_2' (main.cpp:324:22) in function 'main' completely with a factor of 131 (main.cpp:288:0)
INFO: [HLS 214-186] Unrolling loop 'VITIS_LOOP_324_2' (main.cpp:324:22) in function 'main' completely with a factor of 130 (main.cpp:288:0)
INFO: [HLS 214-186] Unrolling loop 'VITIS_LOOP_324_2' (main.cpp:324:22) in function 'main' completely with a factor of 129 (main.cpp:288:0)
INFO: [HLS 214-186] Unrolling loop 'VITIS_LOOP_324_2' (main.cpp:324:22) in function 'main' completely with a factor of 128 (main.cpp:288:0)
INFO: [HLS 214-186] Unrolling loop 'VITIS_LOOP_324_2' (main.cpp:324:22) in function 'main' completely with a factor of 127 (main.cpp:288:0)
INFO: [HLS 214-186] Unrolling loop 'VITIS_LOOP_324_2' (main.cpp:324:22) in function 'main' completely with a factor of 126 (main.cpp:288:0)
INFO: [HLS 214-186] Unrolling loop 'VITIS_LOOP_324_2' (main.cpp:324:22) in function 'main' completely with a factor of 125 (main.cpp:288:0)
INFO: [HLS 214-186] Unrolling loop 'VITIS_LOOP_324_2' (main.cpp:324:22) in function 'main' completely with a factor of 124 (main.cpp:288:0)
INFO: [HLS 214-186] Unrolling loop 'VITIS_LOOP_324_2' (main.cpp:324:22) in function 'main' completely with a factor of 123 (main.cpp:288:0)
INFO: [HLS 214-186] Unrolling loop 'VITIS_LOOP_324_2' (main.cpp:324:22) in function 'main' completely with a factor of 122 (main.cpp:288:0)
INFO: [HLS 214-186] Unrolling loop 'VITIS_LOOP_324_2' (main.cpp:324:22) in function 'main' completely with a factor of 121 (main.cpp:288:0)
INFO: [HLS 214-186] Unrolling loop 'VITIS_LOOP_324_2' (main.cpp:324:22) in function 'main' completely with a factor of 120 (main.cpp:288:0)
INFO: [HLS 214-186] Unrolling loop 'VITIS_LOOP_324_2' (main.cpp:324:22) in function 'main' completely with a factor of 119 (main.cpp:288:0)
INFO: [HLS 214-186] Unrolling loop 'VITIS_LOOP_324_2' (main.cpp:324:22) in function 'main' completely with a factor of 118 (main.cpp:288:0)
INFO: [HLS 214-186] Unrolling loop 'VITIS_LOOP_324_2' (main.cpp:324:22) in function 'main' completely with a factor of 117 (main.cpp:288:0)
INFO: [HLS 214-186] Unrolling loop 'VITIS_LOOP_324_2' (main.cpp:324:22) in function 'main' completely with a factor of 116 (main.cpp:288:0)
INFO: [HLS 214-186] Unrolling loop 'VITIS_LOOP_324_2' (main.cpp:324:22) in function 'main' completely with a factor of 115 (main.cpp:288:0)
INFO: [HLS 214-186] Unrolling loop 'VITIS_LOOP_324_2' (main.cpp:324:22) in function 'main' completely with a factor of 114 (main.cpp:288:0)
INFO: [HLS 214-186] Unrolling loop 'VITIS_LOOP_324_2' (main.cpp:324:22) in function 'main' completely with a factor of 113 (main.cpp:288:0)
INFO: [HLS 214-186] Unrolling loop 'VITIS_LOOP_324_2' (main.cpp:324:22) in function 'main' completely with a factor of 112 (main.cpp:288:0)
INFO: [HLS 214-186] Unrolling loop 'VITIS_LOOP_324_2' (main.cpp:324:22) in function 'main' completely with a factor of 111 (main.cpp:288:0)
INFO: [HLS 214-186] Unrolling loop 'VITIS_LOOP_324_2' (main.cpp:324:22) in function 'main' completely with a factor of 110 (main.cpp:288:0)
INFO: [HLS 214-186] Unrolling loop 'VITIS_LOOP_324_2' (main.cpp:324:22) in function 'main' completely with a factor of 109 (main.cpp:288:0)
INFO: [HLS 214-186] Unrolling loop 'VITIS_LOOP_324_2' (main.cpp:324:22) in function 'main' completely with a factor of 108 (main.cpp:288:0)
INFO: [HLS 214-186] Unrolling loop 'VITIS_LOOP_324_2' (main.cpp:324:22) in function 'main' completely with a factor of 107 (main.cpp:288:0)
INFO: [HLS 214-186] Unrolling loop 'VITIS_LOOP_324_2' (main.cpp:324:22) in function 'main' completely with a factor of 106 (main.cpp:288:0)
INFO: [HLS 214-186] Unrolling loop 'VITIS_LOOP_324_2' (main.cpp:324:22) in function 'main' completely with a factor of 105 (main.cpp:288:0)
INFO: [HLS 214-186] Unrolling loop 'VITIS_LOOP_324_2' (main.cpp:324:22) in function 'main' completely with a factor of 104 (main.cpp:288:0)
INFO: [HLS 214-186] Unrolling loop 'VITIS_LOOP_324_2' (main.cpp:324:22) in function 'main' completely with a factor of 103 (main.cpp:288:0)
INFO: [HLS 214-186] Unrolling loop 'VITIS_LOOP_324_2' (main.cpp:324:22) in function 'main' completely with a factor of 102 (main.cpp:288:0)
INFO: [HLS 214-186] Unrolling loop 'VITIS_LOOP_324_2' (main.cpp:324:22) in function 'main' completely with a factor of 101 (main.cpp:288:0)
INFO: [HLS 214-186] Unrolling loop 'VITIS_LOOP_324_2' (main.cpp:324:22) in function 'main' completely with a factor of 100 (main.cpp:288:0)
INFO: [HLS 214-186] Unrolling loop 'VITIS_LOOP_324_2' (main.cpp:324:22) in function 'main' completely with a factor of 99 (main.cpp:288:0)
INFO: [HLS 214-186] Unrolling loop 'VITIS_LOOP_324_2' (main.cpp:324:22) in function 'main' completely with a factor of 98 (main.cpp:288:0)
INFO: [HLS 214-186] Unrolling loop 'VITIS_LOOP_324_2' (main.cpp:324:22) in function 'main' completely with a factor of 97 (main.cpp:288:0)
INFO: [HLS 214-186] Unrolling loop 'VITIS_LOOP_324_2' (main.cpp:324:22) in function 'main' completely with a factor of 96 (main.cpp:288:0)
INFO: [HLS 214-186] Unrolling loop 'VITIS_LOOP_324_2' (main.cpp:324:22) in function 'main' completely with a factor of 95 (main.cpp:288:0)
INFO: [HLS 214-186] Unrolling loop 'VITIS_LOOP_324_2' (main.cpp:324:22) in function 'main' completely with a factor of 94 (main.cpp:288:0)
INFO: [HLS 214-186] Unrolling loop 'VITIS_LOOP_324_2' (main.cpp:324:22) in function 'main' completely with a factor of 93 (main.cpp:288:0)
INFO: [HLS 214-186] Unrolling loop 'VITIS_LOOP_324_2' (main.cpp:324:22) in function 'main' completely with a factor of 92 (main.cpp:288:0)
INFO: [HLS 214-186] Unrolling loop 'VITIS_LOOP_324_2' (main.cpp:324:22) in function 'main' completely with a factor of 91 (main.cpp:288:0)
INFO: [HLS 214-186] Unrolling loop 'VITIS_LOOP_324_2' (main.cpp:324:22) in function 'main' completely with a factor of 90 (main.cpp:288:0)
INFO: [HLS 214-186] Unrolling loop 'VITIS_LOOP_324_2' (main.cpp:324:22) in function 'main' completely with a factor of 89 (main.cpp:288:0)
INFO: [HLS 214-186] Unrolling loop 'VITIS_LOOP_324_2' (main.cpp:324:22) in function 'main' completely with a factor of 88 (main.cpp:288:0)
INFO: [HLS 214-186] Unrolling loop 'VITIS_LOOP_324_2' (main.cpp:324:22) in function 'main' completely with a factor of 87 (main.cpp:288:0)
INFO: [HLS 214-186] Unrolling loop 'VITIS_LOOP_324_2' (main.cpp:324:22) in function 'main' completely with a factor of 86 (main.cpp:288:0)
INFO: [HLS 214-186] Unrolling loop 'VITIS_LOOP_324_2' (main.cpp:324:22) in function 'main' completely with a factor of 85 (main.cpp:288:0)
INFO: [HLS 214-186] Unrolling loop 'VITIS_LOOP_324_2' (main.cpp:324:22) in function 'main' completely with a factor of 84 (main.cpp:288:0)
INFO: [HLS 214-186] Unrolling loop 'VITIS_LOOP_324_2' (main.cpp:324:22) in function 'main' completely with a factor of 83 (main.cpp:288:0)
INFO: [HLS 214-186] Unrolling loop 'VITIS_LOOP_324_2' (main.cpp:324:22) in function 'main' completely with a factor of 82 (main.cpp:288:0)
INFO: [HLS 214-186] Unrolling loop 'VITIS_LOOP_324_2' (main.cpp:324:22) in function 'main' completely with a factor of 81 (main.cpp:288:0)
INFO: [HLS 214-186] Unrolling loop 'VITIS_LOOP_324_2' (main.cpp:324:22) in function 'main' completely with a factor of 80 (main.cpp:288:0)
INFO: [HLS 214-186] Unrolling loop 'VITIS_LOOP_324_2' (main.cpp:324:22) in function 'main' completely with a factor of 79 (main.cpp:288:0)
INFO: [HLS 214-186] Unrolling loop 'VITIS_LOOP_324_2' (main.cpp:324:22) in function 'main' completely with a factor of 78 (main.cpp:288:0)
INFO: [HLS 214-186] Unrolling loop 'VITIS_LOOP_324_2' (main.cpp:324:22) in function 'main' completely with a factor of 77 (main.cpp:288:0)
INFO: [HLS 214-186] Unrolling loop 'VITIS_LOOP_324_2' (main.cpp:324:22) in function 'main' completely with a factor of 76 (main.cpp:288:0)
INFO: [HLS 214-186] Unrolling loop 'VITIS_LOOP_324_2' (main.cpp:324:22) in function 'main' completely with a factor of 75 (main.cpp:288:0)
INFO: [HLS 214-186] Unrolling loop 'VITIS_LOOP_324_2' (main.cpp:324:22) in function 'main' completely with a factor of 74 (main.cpp:288:0)
INFO: [HLS 214-186] Unrolling loop 'VITIS_LOOP_324_2' (main.cpp:324:22) in function 'main' completely with a factor of 73 (main.cpp:288:0)
INFO: [HLS 214-186] Unrolling loop 'VITIS_LOOP_324_2' (main.cpp:324:22) in function 'main' completely with a factor of 72 (main.cpp:288:0)
INFO: [HLS 214-186] Unrolling loop 'VITIS_LOOP_324_2' (main.cpp:324:22) in function 'main' completely with a factor of 71 (main.cpp:288:0)
INFO: [HLS 214-186] Unrolling loop 'VITIS_LOOP_324_2' (main.cpp:324:22) in function 'main' completely with a factor of 70 (main.cpp:288:0)
INFO: [HLS 214-186] Unrolling loop 'VITIS_LOOP_324_2' (main.cpp:324:22) in function 'main' completely with a factor of 69 (main.cpp:288:0)
INFO: [HLS 214-186] Unrolling loop 'VITIS_LOOP_324_2' (main.cpp:324:22) in function 'main' completely with a factor of 68 (main.cpp:288:0)
INFO: [HLS 214-186] Unrolling loop 'VITIS_LOOP_324_2' (main.cpp:324:22) in function 'main' completely with a factor of 67 (main.cpp:288:0)
INFO: [HLS 214-186] Unrolling loop 'VITIS_LOOP_324_2' (main.cpp:324:22) in function 'main' completely with a factor of 66 (main.cpp:288:0)
INFO: [HLS 214-186] Unrolling loop 'VITIS_LOOP_324_2' (main.cpp:324:22) in function 'main' completely with a factor of 65 (main.cpp:288:0)
INFO: [HLS 214-186] Unrolling loop 'VITIS_LOOP_324_2' (main.cpp:324:22) in function 'main' completely with a factor of 64 (main.cpp:288:0)
INFO: [HLS 214-186] Unrolling loop 'VITIS_LOOP_324_2' (main.cpp:324:22) in function 'main' completely with a factor of 63 (main.cpp:288:0)
INFO: [HLS 214-186] Unrolling loop 'VITIS_LOOP_324_2' (main.cpp:324:22) in function 'main' completely with a factor of 62 (main.cpp:288:0)
INFO: [HLS 214-186] Unrolling loop 'VITIS_LOOP_324_2' (main.cpp:324:22) in function 'main' completely with a factor of 61 (main.cpp:288:0)
INFO: [HLS 214-186] Unrolling loop 'VITIS_LOOP_324_2' (main.cpp:324:22) in function 'main' completely with a factor of 60 (main.cpp:288:0)
INFO: [HLS 214-186] Unrolling loop 'VITIS_LOOP_324_2' (main.cpp:324:22) in function 'main' completely with a factor of 59 (main.cpp:288:0)
INFO: [HLS 214-186] Unrolling loop 'VITIS_LOOP_324_2' (main.cpp:324:22) in function 'main' completely with a factor of 58 (main.cpp:288:0)
INFO: [HLS 214-186] Unrolling loop 'VITIS_LOOP_324_2' (main.cpp:324:22) in function 'main' completely with a factor of 57 (main.cpp:288:0)
INFO: [HLS 214-186] Unrolling loop 'VITIS_LOOP_324_2' (main.cpp:324:22) in function 'main' completely with a factor of 56 (main.cpp:288:0)
INFO: [HLS 214-186] Unrolling loop 'VITIS_LOOP_324_2' (main.cpp:324:22) in function 'main' completely with a factor of 55 (main.cpp:288:0)
INFO: [HLS 214-186] Unrolling loop 'VITIS_LOOP_324_2' (main.cpp:324:22) in function 'main' completely with a factor of 54 (main.cpp:288:0)
INFO: [HLS 214-186] Unrolling loop 'VITIS_LOOP_324_2' (main.cpp:324:22) in function 'main' completely with a factor of 53 (main.cpp:288:0)
INFO: [HLS 214-186] Unrolling loop 'VITIS_LOOP_324_2' (main.cpp:324:22) in function 'main' completely with a factor of 52 (main.cpp:288:0)
INFO: [HLS 214-186] Unrolling loop 'VITIS_LOOP_324_2' (main.cpp:324:22) in function 'main' completely with a factor of 51 (main.cpp:288:0)
INFO: [HLS 214-186] Unrolling loop 'VITIS_LOOP_324_2' (main.cpp:324:22) in function 'main' completely with a factor of 50 (main.cpp:288:0)
INFO: [HLS 214-186] Unrolling loop 'VITIS_LOOP_324_2' (main.cpp:324:22) in function 'main' completely with a factor of 49 (main.cpp:288:0)
INFO: [HLS 214-186] Unrolling loop 'VITIS_LOOP_324_2' (main.cpp:324:22) in function 'main' completely with a factor of 48 (main.cpp:288:0)
INFO: [HLS 214-186] Unrolling loop 'VITIS_LOOP_324_2' (main.cpp:324:22) in function 'main' completely with a factor of 47 (main.cpp:288:0)
INFO: [HLS 214-186] Unrolling loop 'VITIS_LOOP_324_2' (main.cpp:324:22) in function 'main' completely with a factor of 46 (main.cpp:288:0)
INFO: [HLS 214-186] Unrolling loop 'VITIS_LOOP_324_2' (main.cpp:324:22) in function 'main' completely with a factor of 45 (main.cpp:288:0)
INFO: [HLS 214-186] Unrolling loop 'VITIS_LOOP_324_2' (main.cpp:324:22) in function 'main' completely with a factor of 44 (main.cpp:288:0)
INFO: [HLS 214-186] Unrolling loop 'VITIS_LOOP_324_2' (main.cpp:324:22) in function 'main' completely with a factor of 43 (main.cpp:288:0)
INFO: [HLS 214-186] Unrolling loop 'VITIS_LOOP_324_2' (main.cpp:324:22) in function 'main' completely with a factor of 42 (main.cpp:288:0)
INFO: [HLS 214-186] Unrolling loop 'VITIS_LOOP_324_2' (main.cpp:324:22) in function 'main' completely with a factor of 41 (main.cpp:288:0)
INFO: [HLS 214-186] Unrolling loop 'VITIS_LOOP_324_2' (main.cpp:324:22) in function 'main' completely with a factor of 40 (main.cpp:288:0)
INFO: [HLS 214-186] Unrolling loop 'VITIS_LOOP_324_2' (main.cpp:324:22) in function 'main' completely with a factor of 39 (main.cpp:288:0)
INFO: [HLS 214-186] Unrolling loop 'VITIS_LOOP_324_2' (main.cpp:324:22) in function 'main' completely with a factor of 38 (main.cpp:288:0)
INFO: [HLS 214-186] Unrolling loop 'VITIS_LOOP_324_2' (main.cpp:324:22) in function 'main' completely with a factor of 37 (main.cpp:288:0)
INFO: [HLS 214-186] Unrolling loop 'VITIS_LOOP_324_2' (main.cpp:324:22) in function 'main' completely with a factor of 36 (main.cpp:288:0)
INFO: [HLS 214-186] Unrolling loop 'VITIS_LOOP_324_2' (main.cpp:324:22) in function 'main' completely with a factor of 35 (main.cpp:288:0)
INFO: [HLS 214-186] Unrolling loop 'VITIS_LOOP_324_2' (main.cpp:324:22) in function 'main' completely with a factor of 34 (main.cpp:288:0)
INFO: [HLS 214-186] Unrolling loop 'VITIS_LOOP_324_2' (main.cpp:324:22) in function 'main' completely with a factor of 33 (main.cpp:288:0)
INFO: [HLS 214-186] Unrolling loop 'VITIS_LOOP_324_2' (main.cpp:324:22) in function 'main' completely with a factor of 32 (main.cpp:288:0)
INFO: [HLS 214-186] Unrolling loop 'VITIS_LOOP_324_2' (main.cpp:324:22) in function 'main' completely with a factor of 31 (main.cpp:288:0)
INFO: [HLS 214-186] Unrolling loop 'VITIS_LOOP_324_2' (main.cpp:324:22) in function 'main' completely with a factor of 30 (main.cpp:288:0)
INFO: [HLS 214-186] Unrolling loop 'VITIS_LOOP_324_2' (main.cpp:324:22) in function 'main' completely with a factor of 29 (main.cpp:288:0)
INFO: [HLS 214-186] Unrolling loop 'VITIS_LOOP_324_2' (main.cpp:324:22) in function 'main' completely with a factor of 28 (main.cpp:288:0)
INFO: [HLS 214-186] Unrolling loop 'VITIS_LOOP_324_2' (main.cpp:324:22) in function 'main' completely with a factor of 27 (main.cpp:288:0)
INFO: [HLS 214-186] Unrolling loop 'VITIS_LOOP_324_2' (main.cpp:324:22) in function 'main' completely with a factor of 26 (main.cpp:288:0)
INFO: [HLS 214-186] Unrolling loop 'VITIS_LOOP_324_2' (main.cpp:324:22) in function 'main' completely with a factor of 25 (main.cpp:288:0)
INFO: [HLS 214-186] Unrolling loop 'VITIS_LOOP_324_2' (main.cpp:324:22) in function 'main' completely with a factor of 24 (main.cpp:288:0)
INFO: [HLS 214-186] Unrolling loop 'VITIS_LOOP_324_2' (main.cpp:324:22) in function 'main' completely with a factor of 23 (main.cpp:288:0)
INFO: [HLS 214-186] Unrolling loop 'VITIS_LOOP_324_2' (main.cpp:324:22) in function 'main' completely with a factor of 22 (main.cpp:288:0)
INFO: [HLS 214-186] Unrolling loop 'VITIS_LOOP_324_2' (main.cpp:324:22) in function 'main' completely with a factor of 21 (main.cpp:288:0)
INFO: [HLS 214-186] Unrolling loop 'VITIS_LOOP_324_2' (main.cpp:324:22) in function 'main' completely with a factor of 20 (main.cpp:288:0)
INFO: [HLS 214-186] Unrolling loop 'VITIS_LOOP_324_2' (main.cpp:324:22) in function 'main' completely with a factor of 19 (main.cpp:288:0)
INFO: [HLS 214-186] Unrolling loop 'VITIS_LOOP_324_2' (main.cpp:324:22) in function 'main' completely with a factor of 18 (main.cpp:288:0)
INFO: [HLS 214-186] Unrolling loop 'VITIS_LOOP_324_2' (main.cpp:324:22) in function 'main' completely with a factor of 17 (main.cpp:288:0)
INFO: [HLS 214-186] Unrolling loop 'VITIS_LOOP_324_2' (main.cpp:324:22) in function 'main' completely with a factor of 16 (main.cpp:288:0)
INFO: [HLS 214-186] Unrolling loop 'VITIS_LOOP_324_2' (main.cpp:324:22) in function 'main' completely with a factor of 15 (main.cpp:288:0)
INFO: [HLS 214-186] Unrolling loop 'VITIS_LOOP_324_2' (main.cpp:324:22) in function 'main' completely with a factor of 14 (main.cpp:288:0)
INFO: [HLS 214-186] Unrolling loop 'VITIS_LOOP_324_2' (main.cpp:324:22) in function 'main' completely with a factor of 13 (main.cpp:288:0)
INFO: [HLS 214-186] Unrolling loop 'VITIS_LOOP_324_2' (main.cpp:324:22) in function 'main' completely with a factor of 12 (main.cpp:288:0)
INFO: [HLS 214-186] Unrolling loop 'VITIS_LOOP_324_2' (main.cpp:324:22) in function 'main' completely with a factor of 11 (main.cpp:288:0)
INFO: [HLS 214-186] Unrolling loop 'VITIS_LOOP_324_2' (main.cpp:324:22) in function 'main' completely with a factor of 10 (main.cpp:288:0)
INFO: [HLS 214-186] Unrolling loop 'VITIS_LOOP_324_2' (main.cpp:324:22) in function 'main' completely with a factor of 9 (main.cpp:288:0)
INFO: [HLS 214-186] Unrolling loop 'VITIS_LOOP_324_2' (main.cpp:324:22) in function 'main' completely with a factor of 8 (main.cpp:288:0)
INFO: [HLS 214-186] Unrolling loop 'VITIS_LOOP_324_2' (main.cpp:324:22) in function 'main' completely with a factor of 7 (main.cpp:288:0)
INFO: [HLS 214-186] Unrolling loop 'VITIS_LOOP_324_2' (main.cpp:324:22) in function 'main' completely with a factor of 6 (main.cpp:288:0)
INFO: [HLS 214-186] Unrolling loop 'VITIS_LOOP_324_2' (main.cpp:324:22) in function 'main' completely with a factor of 5 (main.cpp:288:0)
INFO: [HLS 214-186] Unrolling loop 'VITIS_LOOP_324_2' (main.cpp:324:22) in function 'main' completely with a factor of 4 (main.cpp:288:0)
INFO: [HLS 214-186] Unrolling loop 'VITIS_LOOP_324_2' (main.cpp:324:22) in function 'main' completely with a factor of 3 (main.cpp:288:0)
INFO: [HLS 214-186] Unrolling loop 'VITIS_LOOP_324_2' (main.cpp:324:22) in function 'main' completely with a factor of 2 (main.cpp:288:0)
INFO: [HLS 214-186] Unrolling loop 'VITIS_LOOP_324_2' (main.cpp:324:22) in function 'main' completely with a factor of 1 (main.cpp:288:0)
INFO: [HLS 214-178] Inlining function 'hls::print(char const*)' into 'add_nums' (main.cpp:20:0)
INFO: [HLS 214-178] Inlining function 'calc_ovr_sig_sqrd' into 'calc_chi_squared' (main.cpp:122:0)
INFO: [HLS 214-178] Inlining function 'calc_ovr_sig_sqrd_x' into 'calc_chi_squared' (main.cpp:122:0)
INFO: [HLS 214-178] Inlining function 'hls::print(char const*, double)' into 'calc_chi_squared' (main.cpp:122:0)
INFO: [HLS 214-178] Inlining function 'add_nums' into 'fit' (main.cpp:235:0)
INFO: [HLS 214-178] Inlining function 'hls::print(char const*, double)' into 'fit' (main.cpp:235:0)
INFO: [HLS 214-178] Inlining function 'calc_distance' into 'fit' (main.cpp:235:0)
INFO: [HLS 214-178] Inlining function 'calc_chi_squared' into 'fit' (main.cpp:235:0)
INFO: [HLS 214-178] Inlining function 'void hls::print<int>(char const*, int)' into 'main' (main.cpp:288:0)
WARNING: [HLS 214-167] The program may have out of bound array access (main.cpp:206:16)
WARNING: [HLS 214-167] The program may have out of bound array access (main.cpp:207:16)
INFO-FLOW: DBG:PUTS: copy_raw_kernel_xml ap_link_39: copying raw kernel.xml: /nfs/ihfs/home_metis/akraus/HW3-dir/hw/hls_fit/solution1/.autopilot/db/../../../kernel.xml -> /nfs/ihfs/home_metis/akraus/HW3-dir/hw/hls_fit/solution1/.autopilot/db/kernel.internal.xml
INFO: [HLS 200-111] Finished Compiling Optimization and Transform: CPU user time: 39.2 seconds. CPU system time: 0.58 seconds. Elapsed time: 43.23 seconds; current allocated memory: 2.306 GB.
INFO: [HLS 200-111] Finished Checking Pragmas: CPU user time: 0 seconds. CPU system time: 0 seconds. Elapsed time: 0 seconds; current allocated memory: 2.306 GB.
Execute       opt_and_import_c a -opt_level=2 -skip_syncheck=0 -ng=0 -keep_printf=0 
Execute         cleanup_all_models 
INFO: [HLS 200-10] Starting code transformations ...
INFO-FLOW: Running Standard Transforms...
Execute         transform -hls -share-std-xform -demangle-name -inline-byval-memcpy -always-inline -promote-dbg-pointer -interface-preproc -mem2reg -scalarrepl -mem2reg -keep-read-access -instcombine -dce -promote-dbg-pointer -bitop-raise -loop-simplify -indvarspre -indvars -loop-simplify -xunroll -constprop -instcombine -simplifycfg -indvars -simplifycfg -dce -globaldce -basicaa -simplifycfg -mem2reg -globalopt -global-constprop -deadargelim -instcombine -simplifycfg -scalarrepl -instcombine -reassociate -licm -simplifycfg -loop-simplify -indvars -instcombine -simplifycfg -mem2reg -loop-simplify -indvars -instcombine -gvn -gvn -instcombine -adce -break-crit-edges -simplifycfg -loop-delete -global-array-opt -dce -dse -adce -find-syn-modules -top main -deadargelim -mem2reg -instcombine -dce -presyn-prepare -auto-rom-infer -interface-preproc -syn-check -check-rec-only -find-region -simplifycfg -func-extr -function-inline -globaldce -mem2reg -instcombine -dce -gvn -globaldce -adce -adse -constprop -instcombine -bit-constprop -instcombine -dce -simplifycfg -bitop-raise -simplifycfg -dce -loop-delete -reassociate -globalopt -global-privatize -mem2reg -dce -global-constprop -pointer-simplify -constprop -dce -auto-shift-reg-idiom -promote-dbg-pointer -norm-name /nfs/ihfs/home_metis/akraus/HW3-dir/hw/hls_fit/solution1/.autopilot/db/a.g.0.bc -o /nfs/ihfs/home_metis/akraus/HW3-dir/hw/hls_fit/solution1/.autopilot/db/a.g.1.bc -f -phase std-opt 
Command         transform done; 1.07 sec.
INFO: [HLS 200-111] Finished Standard Transforms: CPU user time: 1.07 seconds. CPU system time: 0 seconds. Elapsed time: 1.08 seconds; current allocated memory: 2.312 GB.
INFO: [HLS 200-10] Checking synthesizability ...
INFO-FLOW: Checking Synthesizability 1/2..
Execute         transform -hls -syn-check -check-rec-only -scalarrepl -norm-name -dce -mem2reg -instcombine -directive-preproc -mem2reg -dse -dce -auto-rom-infer -dce -pag -array-normalize -instcombine -dce -array-seg-normalize -instcombine -dce -data-pack -instcombine -dce -inst-simplify -array-flatten -instcombine -dce -array-burst -dce -deadargelim -promote-global-argument -simplifycfg -mem2reg -globaldce -dce -deadargelim -dce -instcombine -function-inline -globaldce -dce -doublePtrSimplify -doublePtrElim -dce -doublePtrSimplify -promote-dbg-pointer -dce -scalarrepl -dse -adse -instcombine -ptrLegalization -simplifycfg -dce -instcombine -pointer-simplify -ptrArgReplace -dce -instcombine -resolve-double-ptr -scalarrepl -norm-name -dce -mem2reg -instcombine -ptrLegalization -simplifycfg -deadargelim -instcombine -dce -inst-simplify -directive-preproc -mem2reg -dse -dce -globaldce /nfs/ihfs/home_metis/akraus/HW3-dir/hw/hls_fit/solution1/.autopilot/db/a.g.1.bc -o /nfs/ihfs/home_metis/akraus/HW3-dir/hw/hls_fit/solution1/.autopilot/db/a.g.2.prechk.bc -f 
Command         transform done; 1.49 sec.
INFO-FLOW: Checking Synthesizability 2/2..
Execute         transform -syn-check /nfs/ihfs/home_metis/akraus/HW3-dir/hw/hls_fit/solution1/.autopilot/db/a.g.2.prechk.bc -o /nfs/ihfs/home_metis/akraus/HW3-dir/hw/hls_fit/solution1/.autopilot/db/a.g.2.bc -f -phase syn-check 
INFO: [HLS 200-111] Finished Checking Synthesizability: CPU user time: 1.49 seconds. CPU system time: 0 seconds. Elapsed time: 1.5 seconds; current allocated memory: 2.317 GB.
INFO-FLOW: Compiler optimizing ...
INFO-FLOW: Share syncheck's 1.bc for syn flow: copy /nfs/ihfs/home_metis/akraus/HW3-dir/hw/hls_fit/solution1/.autopilot/db/a.g.1.bc to /nfs/ihfs/home_metis/akraus/HW3-dir/hw/hls_fit/solution1/.autopilot/db/a.o.1.bc
INFO-FLOW: Presyn 1...
Execute         transform -hls -tmp /nfs/ihfs/home_metis/akraus/HW3-dir/hw/hls_fit/solution1/.autopilot/db -interface-port-rename -directive-preproc -mem2reg -dse -dce -scalarrepl -norm-name -deadargelim -mem2reg -instcombine -dce -simplifycfg -auto-rom-infer -dce -resource-proc -clib-intrinsic-prepare -dce -func-buffer -dce -pag -array-normalize -func-legal -instcombine -gvn -constprop -dce -simplifycfg -mem2reg -globaldce -resolve-double-ptr -dce -deadargelim -dce -instcombine -ptrArgReplace -mem2reg -dce -array-seg-normalize -deadargelim -instcombine -dce -directive-preproc -mem2reg -dse -dce -pointer-simplify -dce -port-alignment -dce -interface-preproc -data-pack -instcombine -dce -basicaa -aggr-aa -aggrmodref-aa -aggr-aa -gvn -gvn -basicaa -aggr-aa -aggrmodref-aa -aggr-aa -dse -adse -adce -loop-simplify -indvars -instcombine -gvn -loop-simplify -mem2reg -dce -find-region -instcombine -auto-loop-pipeline -inst-simplify -interface-preproc -cfgopt -instcombine -indvars -auto-loop-unroll -loop-simplify -loop-bound -xunroll -constprop -instcombine -simplifycfg -indvars -simplifycfg -dce -globaldce -clean-region -attach-range -gvn -inst-simplify -constprop -simplifycfg -dce -pointer-simplify -dce -globalopt -constprop -dce -array-promote -scalar-auto-dep-elim -constprop -dce -ptrArgReplace -mem2reg -simplifycfg -dce -instcombine -dce -array-transform-check -array-reshape -instcombine -simplifycfg -dce -ptrArgReplace -deadargelim -mem2reg -instcombine -simplifycfg -dce -indvars -loop-simplify -loop-bound -xunroll -constprop -instcombine -simplifycfg -indvars -simplifycfg -dce -globaldce -basicaa -aggr-aa -aggrmodref-aa -aggr-aa -dse -duplicate-dataflow-processes -globaldce -instcombine -array-partition -prepare-dynamic-array-partition -instcombine -simplifycfg -dce -ptrArgReplace -global-constprop -deadargelim -mem2reg -func-legal -dce -global-constprop -deadargelim -mem2reg -simplifycfg -dce -merge-param -deadargelim -globalopt -constprop -dce -array-promote -scalar-auto-dep-elim -constprop -dce -ptrArgReplace -mem2reg -simplifycfg -dce -mem-intrinsic-preproc -dce -global-internalize -global-privatize -mem2reg -globaldce -promote-global-argument -ptrArgReplace -mem2reg -dce -globalopt -mergereturn -simplify-global-access -mem2reg -dce -pointer-simplify -dce -functionattrs -basicaa -aggr-aa -aggrmodref-aa -aggr-aa -gvn -gvn -basicaa -aggr-aa -aggrmodref-aa -aggr-aa -dse -adse -adce -dce -norm-name -basicaa -aggr-aa -aggrmodref-aa -aggr-aa -accesses-merge -function-inline -complex-op-raise -inst-simplify -globaldce -func-legal -dce -loop-bound -arraycheck -bitwidthmin2 -bitwidthmin2 -on-by-dataflow -loop-delete -instcombine -simplifycfg -globaldce -dce -gvn -deadargelim -dce -loop-simplify -clean-region -simplifycfg -propagate-stable-arguments -loop-stream -instcombine -simplifycfg -dce -globaldce -duplicate-dataflow-processes -stream-intrinsic-preproc -dce -check-ap-stream -loop-simplify -eliminate-keepreads -extract-dataflow-in-loop -loop-simplify -dce -gvn -deadargelim -dse -duplicate-dataflow-processes -check-dataflow-syntax -legalize-stream-variable -globaldce -legalize-global -extract-subproc -dce -dead-channel-elimination -canonicalize-gep -globaldce -dce -gvn -hls-dead-arg-elim -deadargelim -directive-preproc -canonicalize-dataflow -dce -globaldce -scalar-preprocessing -scalar-propagation2 -deadargelim -globaldce -mem2reg -check-dataflow-channels -function-stream -dce -globaldce -prop-fifo-spec -internal-stream-gen -canonicalize-gep -globaldce -dce -gvn -deadargelim -mergereturn -indvars -loop-simplify -instcombine -array-stream -array-seg-normalize -array-partition -func-legal -instcombine -simplifycfg -dce -bundle-memfifo-ops -deadargelim -directive-preproc -mem2reg -dse -dce -group-axi-access -licm -simplifycfg -dce -loop-delete -hls-display -norm-name /nfs/ihfs/home_metis/akraus/HW3-dir/hw/hls_fit/solution1/.autopilot/db/a.o.1.bc -o /nfs/ihfs/home_metis/akraus/HW3-dir/hw/hls_fit/solution1/.autopilot/db/a.o.1.tmp.bc -f 
INFO: [XFORM 203-510] Pipelining loop 'VITIS_LOOP_28_1' (main.cpp:28) in function 'fit' automatically.
INFO: [XFORM 203-510] Pipelining loop 'VITIS_LOOP_204_1' (main.cpp:204) in function 'fit' automatically.
INFO: [XFORM 203-510] Pipelining loop 'VITIS_LOOP_100_1' (main.cpp:100) in function 'fit' automatically.
INFO: [XFORM 203-510] Pipelining loop 'VITIS_LOOP_53_1' (main.cpp:53) in function 'fit' automatically.
INFO: [XFORM 203-510] Pipelining loop 'VITIS_LOOP_148_1' (main.cpp:148) in function 'fit' automatically.
WARNING: [ANALYSIS 214-31] The program may have out of bound access of array variable 'arrx' in function 'fit' (main.cpp:206:16).
WARNING: [ANALYSIS 214-31] The program may have out of bound access of array variable 'arry' in function 'fit' (main.cpp:207:16).
Command         transform done; 2.54 sec.
INFO-FLOW: Presyn 2...
Execute         transform -hls -keep-callgraph -scalarrepl -mem2reg -port-alignment -attach-range -dce -pipe-mux-gen -indvars -loop-bound -inst-simplify -instcombine -dce -merge-array-access -mem2reg -dce -clean-region -mergereturn -if-conv -instcombine -dce -constprop -basicaa -aggr-aa -aggrmodref-aa -aggr-aa -gvn -gvn -basicaa -aggr-aa -aggrmodref-aa -aggr-aa -dse -adse -adce -scalarrepl -mem2reg -global-constprop -deadargelim -deadargelim -instcombine -dce -simplifycfg -ptrArgReplace -mem2reg -function-inline -globaldce -mem2reg -instcombine -dce -expr-balance -instcombine -dce -bitwidthmin2 -bitwidthmin2 -interface-preproc -directive-preproc -inst-rectify -instcombine -dce -functionattrs -constprop -instcombine -bit-constprop -simplify-global-access -globalopt -globaldce -inst-simplify -instcombine -elimdeaddata -dce -loop-delete -simplifycfg -loop-simplify -barrier -norm-name /nfs/ihfs/home_metis/akraus/HW3-dir/hw/hls_fit/solution1/.autopilot/db/a.o.1.tmp.bc -o /nfs/ihfs/home_metis/akraus/HW3-dir/hw/hls_fit/solution1/.autopilot/db/a.o.2.bc -f -phase presyn 
Command         transform done; 0.27 sec.
INFO: [HLS 200-111] Finished Loop, function and other optimizations: CPU user time: 2.78 seconds. CPU system time: 0 seconds. Elapsed time: 2.81 seconds; current allocated memory: 2.338 GB.
INFO-FLOW: Building ssdm...
Execute         transform -hls -auto-function-inline -globaldce -ptrArgReplace -mem2reg -dce -reset-lda -loop-simplify -indvars -aggr-aa -licm -loop-dep -loop-bound -licm -loop-simplify -loop-sink-hoist -flattenloopnest -array-flatten -gvn -instcombine -dce -array-map -dce -func-legal -gvn -adce -instcombine -cfgopt -simplifycfg-lite -loop-simplify -array-burst -promote-global-argument -dce -array-seg-normalize -basicaa -aggrmodref-aa -globalsmodref-aa -aggr-aa -gvn -gvn -basicaa -aggrmodref-aa -globalsmodref-aa -aggr-aa -dse -adse -adce -licm -inst-simplify -dce -globaldce -instcombine -array-stream -eliminate-keepreads -instcombine -dce -deadargelim -doublePtrSimplify -doublePtrElim -dce -doublePtrSimplify -promote-dbg-pointer -dce -scalarrepl -mem2reg -norm-name -mem2reg -instcombine -dse -adse -adce -ptrLegalization -dce -auto-rom-infer -array-flatten -dce -instcombine -check-doubleptr -loop-rot -constprop -cfgopt -simplifycfg-lite -loop-simplify -indvars -pointer-simplify -dce -loop-bound -loop-simplify -loop-preproc -constprop -global-constprop -gvn -mem2reg -instcombine -dce -loop-bound -loop-merge -dce -deadargelim -dce -canonicalize-dataflow -dce -deadargelim -globaldce -mem2reg -bram-byte-enable -load-elim -read-loop-dep -loop-simplify -loop-extract-inner -directive-preproc -bitwidthmin2 -bitwidthmin2 -read-loop-dep -interface-preproc -directive-preproc -interface-gen -bram-byte-enable-spec-prop -deadargelim -inst-simplify -dce -gvn -mem2reg -instcombine -dce -adse -loop-bound -instcombine -cfgopt -simplifycfg-lite -loop-simplify -clean-region -io-protocol -find-region -mem2reg -bitop-raise -complex-op-raise -inst-simplify -inst-rectify -instcombine -adce -deadargelim -float-op-raise -loop-simplify -phi-opt -bitop-raise -cfgopt -simplifycfg-lite -strip-dead-prototypes -interface-lower -bitop-lower -intrinsic-lower -auto-function-inline -basicaa -aggrmodref-aa -globalsmodref-aa -aggr-aa -inst-simplify -simplifycfg-lite -loop-simplify -mergereturn -inst-simplify -inst-rectify -globaldce -dce -load-elim -bitop-lower -float-op-raise -fma-raise -loop-rewind -pointer-simplify -dce -cfgopt -dce -loop-bound -loop-dep -read-loop-dep -dce -dyn-mem-reuse -dce -recurrence-min -dce -share-scalar-alloca -deadargelim -dce -check-stream -norm-name -legalize -validate-dataflow -inst-clarity -bitwidth -dce -dump-loop-dep-to-ir -check-all-ssdm -dump-complexity-metric -cdfg-build /nfs/ihfs/home_metis/akraus/HW3-dir/hw/hls_fit/solution1/.autopilot/db/a.o.2.bc -o /nfs/ihfs/home_metis/akraus/HW3-dir/hw/hls_fit/solution1/.autopilot/db/a.o.3.bc -f -phase build-ssdm 
Execute           auto_get_db
Command         transform done; 16.44 sec.
INFO: [HLS 200-111] Finished Architecture Synthesis: CPU user time: 16.07 seconds. CPU system time: 0.33 seconds. Elapsed time: 16.44 seconds; current allocated memory: 3.552 GB.
INFO-FLOW: Finish building internal data model.
Command       opt_and_import_c done; 21.85 sec.
Command     elaborate done; 65.7 sec.
Execute     ap_eval exec zip -j /nfs/ihfs/home_metis/akraus/HW3-dir/hw/hls_fit/solution1/.autopilot/db/dut.hcp $dbDir/a.o.3.bc $dbDir/${topname}.rtl_wrap.cfg.tcl $dbDir/apatb_${topname}.cpp $dbDir/apatb_${topname}_util.cpp $dbDir/apatb_${topname}_ir.ll $dbDir/mapper_${topname}.cpp $dbDir/top-io-fe.xml $dbDir/kernel.internal.xml $workdir/../hls.app 
Execute     autosyn -from_csynth_design=1 
INFO: [HLS 200-10] Starting hardware synthesis ...
INFO-FLOW: Synthesizing C/C++ design ...
INFO: [HLS 200-10] Synthesizing 'main' ...
Execute       ap_set_top_model main 
Execute       get_model_list main -filter all-wo-channel -topdown 
Execute       preproc_iomode -model main 
Execute       preproc_iomode -model fit 
Execute       preproc_iomode -model fit_Pipeline_VITIS_LOOP_148_1 
Execute       preproc_iomode -model fit_Pipeline_VITIS_LOOP_53_1 
Execute       preproc_iomode -model fit_Pipeline_VITIS_LOOP_100_1 
Execute       preproc_iomode -model fit_Pipeline_VITIS_LOOP_204_1 
Execute       preproc_iomode -model fit_Pipeline_VITIS_LOOP_28_1 
Execute       get_model_list main -filter all-wo-channel 
INFO-FLOW: Model list for configure: fit_Pipeline_VITIS_LOOP_28_1 fit_Pipeline_VITIS_LOOP_204_1 fit_Pipeline_VITIS_LOOP_100_1 fit_Pipeline_VITIS_LOOP_53_1 fit_Pipeline_VITIS_LOOP_148_1 fit main
INFO-FLOW: Configuring Module : fit_Pipeline_VITIS_LOOP_28_1 ...
Execute       set_default_model fit_Pipeline_VITIS_LOOP_28_1 
Execute       apply_spec_resource_limit fit_Pipeline_VITIS_LOOP_28_1 
INFO-FLOW: Configuring Module : fit_Pipeline_VITIS_LOOP_204_1 ...
Execute       set_default_model fit_Pipeline_VITIS_LOOP_204_1 
Execute       apply_spec_resource_limit fit_Pipeline_VITIS_LOOP_204_1 
INFO-FLOW: Configuring Module : fit_Pipeline_VITIS_LOOP_100_1 ...
Execute       set_default_model fit_Pipeline_VITIS_LOOP_100_1 
Execute       apply_spec_resource_limit fit_Pipeline_VITIS_LOOP_100_1 
INFO-FLOW: Configuring Module : fit_Pipeline_VITIS_LOOP_53_1 ...
Execute       set_default_model fit_Pipeline_VITIS_LOOP_53_1 
Execute       apply_spec_resource_limit fit_Pipeline_VITIS_LOOP_53_1 
INFO-FLOW: Configuring Module : fit_Pipeline_VITIS_LOOP_148_1 ...
Execute       set_default_model fit_Pipeline_VITIS_LOOP_148_1 
Execute       apply_spec_resource_limit fit_Pipeline_VITIS_LOOP_148_1 
INFO-FLOW: Configuring Module : fit ...
Execute       set_default_model fit 
Execute       apply_spec_resource_limit fit 
INFO-FLOW: Configuring Module : main ...
Execute       set_default_model main 
Execute       apply_spec_resource_limit main 
INFO-FLOW: Model list for preprocess: fit_Pipeline_VITIS_LOOP_28_1 fit_Pipeline_VITIS_LOOP_204_1 fit_Pipeline_VITIS_LOOP_100_1 fit_Pipeline_VITIS_LOOP_53_1 fit_Pipeline_VITIS_LOOP_148_1 fit main
INFO-FLOW: Preprocessing Module: fit_Pipeline_VITIS_LOOP_28_1 ...
Execute       set_default_model fit_Pipeline_VITIS_LOOP_28_1 
Execute       cdfg_preprocess -model fit_Pipeline_VITIS_LOOP_28_1 
Execute       rtl_gen_preprocess fit_Pipeline_VITIS_LOOP_28_1 
INFO-FLOW: Preprocessing Module: fit_Pipeline_VITIS_LOOP_204_1 ...
Execute       set_default_model fit_Pipeline_VITIS_LOOP_204_1 
Execute       cdfg_preprocess -model fit_Pipeline_VITIS_LOOP_204_1 
Execute       rtl_gen_preprocess fit_Pipeline_VITIS_LOOP_204_1 
INFO-FLOW: Preprocessing Module: fit_Pipeline_VITIS_LOOP_100_1 ...
Execute       set_default_model fit_Pipeline_VITIS_LOOP_100_1 
Execute       cdfg_preprocess -model fit_Pipeline_VITIS_LOOP_100_1 
Execute       rtl_gen_preprocess fit_Pipeline_VITIS_LOOP_100_1 
INFO-FLOW: Preprocessing Module: fit_Pipeline_VITIS_LOOP_53_1 ...
Execute       set_default_model fit_Pipeline_VITIS_LOOP_53_1 
Execute       cdfg_preprocess -model fit_Pipeline_VITIS_LOOP_53_1 
Execute       rtl_gen_preprocess fit_Pipeline_VITIS_LOOP_53_1 
INFO-FLOW: Preprocessing Module: fit_Pipeline_VITIS_LOOP_148_1 ...
Execute       set_default_model fit_Pipeline_VITIS_LOOP_148_1 
Execute       cdfg_preprocess -model fit_Pipeline_VITIS_LOOP_148_1 
Execute       rtl_gen_preprocess fit_Pipeline_VITIS_LOOP_148_1 
INFO-FLOW: Preprocessing Module: fit ...
Execute       set_default_model fit 
Execute       cdfg_preprocess -model fit 
Execute       rtl_gen_preprocess fit 
INFO-FLOW: Preprocessing Module: main ...
Execute       set_default_model main 
Execute       cdfg_preprocess -model main 
Command       cdfg_preprocess done; 1.36 sec.
Execute       rtl_gen_preprocess main 
INFO-FLOW: Model list for synthesis: fit_Pipeline_VITIS_LOOP_28_1 fit_Pipeline_VITIS_LOOP_204_1 fit_Pipeline_VITIS_LOOP_100_1 fit_Pipeline_VITIS_LOOP_53_1 fit_Pipeline_VITIS_LOOP_148_1 fit main
INFO: [HLS 200-10] ----------------------------------------------------------------
INFO: [HLS 200-42] -- Implementing module 'fit_Pipeline_VITIS_LOOP_28_1' 
INFO: [HLS 200-10] ----------------------------------------------------------------
Execute       set_default_model fit_Pipeline_VITIS_LOOP_28_1 
Execute       schedule -model fit_Pipeline_VITIS_LOOP_28_1 
INFO: [SCHED 204-11] Starting scheduling ...
INFO: [SCHED 204-61] Pipelining loop 'VITIS_LOOP_28_1'.
INFO: [HLS 200-1470] Pipelining result : Target II = NA, Final II = 1, Depth = 2, loop 'VITIS_LOOP_28_1'
INFO: [SCHED 204-11] Finished scheduling.
INFO: [HLS 200-111] Finished Scheduling: CPU user time: 1.48 seconds. CPU system time: 0.05 seconds. Elapsed time: 1.55 seconds; current allocated memory: 3.552 GB.
Execute       syn_report -verbosereport -o /nfs/ihfs/home_metis/akraus/HW3-dir/hw/hls_fit/solution1/.autopilot/db/fit_Pipeline_VITIS_LOOP_28_1.verbose.sched.rpt 
Execute         list_part -family xcvu11p-flga2577-1-e 
Execute           ap_family_info -name xcvu11p-flga2577-1-e -data names 
Execute           ap_part_info -quiet -name xcvu11p-flga2577-1-e -data family 
Execute       db_write -o /nfs/ihfs/home_metis/akraus/HW3-dir/hw/hls_fit/solution1/.autopilot/db/fit_Pipeline_VITIS_LOOP_28_1.sched.adb -f 
INFO-FLOW: Finish scheduling fit_Pipeline_VITIS_LOOP_28_1.
Execute       set_default_model fit_Pipeline_VITIS_LOOP_28_1 
Execute       bind -model fit_Pipeline_VITIS_LOOP_28_1 
INFO: [BIND 205-100] Starting micro-architecture generation ...
INFO: [BIND 205-101] Performing variable lifetime analysis.
INFO: [BIND 205-101] Exploring resource sharing.
INFO: [BIND 205-101] Binding ...
INFO: [BIND 205-100] Finished micro-architecture generation.
INFO: [HLS 200-111] Finished Binding: CPU user time: 0.05 seconds. CPU system time: 0 seconds. Elapsed time: 0.06 seconds; current allocated memory: 3.552 GB.
Execute       syn_report -verbosereport -o /nfs/ihfs/home_metis/akraus/HW3-dir/hw/hls_fit/solution1/.autopilot/db/fit_Pipeline_VITIS_LOOP_28_1.verbose.bind.rpt 
Execute         list_part -family xcvu11p-flga2577-1-e 
Execute           ap_family_info -name xcvu11p-flga2577-1-e -data names 
Execute           ap_part_info -quiet -name xcvu11p-flga2577-1-e -data family 
Execute       db_write -o /nfs/ihfs/home_metis/akraus/HW3-dir/hw/hls_fit/solution1/.autopilot/db/fit_Pipeline_VITIS_LOOP_28_1.bind.adb -f 
INFO-FLOW: Finish binding fit_Pipeline_VITIS_LOOP_28_1.
INFO: [HLS 200-10] ----------------------------------------------------------------
INFO: [HLS 200-42] -- Implementing module 'fit_Pipeline_VITIS_LOOP_204_1' 
INFO: [HLS 200-10] ----------------------------------------------------------------
Execute       set_default_model fit_Pipeline_VITIS_LOOP_204_1 
Execute       schedule -model fit_Pipeline_VITIS_LOOP_204_1 
INFO: [SCHED 204-11] Starting scheduling ...
INFO: [SCHED 204-61] Pipelining loop 'VITIS_LOOP_204_1'.
WARNING: [HLS 200-880] The II Violation in module 'fit_Pipeline_VITIS_LOOP_204_1' (loop 'VITIS_LOOP_204_1'): Unable to enforce a carried dependence constraint (II = 1, distance = 1, offset = 0) between 'store' operation ('f_write_ln204', main.cpp:204->main.cpp:268) of variable 'f', main.cpp:212->main.cpp:268 on local variable 'f' and 'load' operation ('f_load', main.cpp:212->main.cpp:268) on local variable 'f'.
WARNING: [HLS 200-880] The II Violation in module 'fit_Pipeline_VITIS_LOOP_204_1' (loop 'VITIS_LOOP_204_1'): Unable to enforce a carried dependence constraint (II = 2, distance = 1, offset = 0) between 'store' operation ('f_write_ln204', main.cpp:204->main.cpp:268) of variable 'f', main.cpp:212->main.cpp:268 on local variable 'f' and 'load' operation ('f_load', main.cpp:212->main.cpp:268) on local variable 'f'.
INFO: [HLS 200-1470] Pipelining result : Target II = NA, Final II = 3, Depth = 22, loop 'VITIS_LOOP_204_1'
INFO: [SCHED 204-11] Finished scheduling.
Command       schedule done; 0.43 sec.
INFO: [HLS 200-111] Finished Scheduling: CPU user time: 0.44 seconds. CPU system time: 0 seconds. Elapsed time: 0.46 seconds; current allocated memory: 3.552 GB.
Execute       syn_report -verbosereport -o /nfs/ihfs/home_metis/akraus/HW3-dir/hw/hls_fit/solution1/.autopilot/db/fit_Pipeline_VITIS_LOOP_204_1.verbose.sched.rpt 
Execute         list_part -family xcvu11p-flga2577-1-e 
Execute           ap_family_info -name xcvu11p-flga2577-1-e -data names 
Execute           ap_part_info -quiet -name xcvu11p-flga2577-1-e -data family 
Command       syn_report done; 0.13 sec.
Execute       db_write -o /nfs/ihfs/home_metis/akraus/HW3-dir/hw/hls_fit/solution1/.autopilot/db/fit_Pipeline_VITIS_LOOP_204_1.sched.adb -f 
INFO-FLOW: Finish scheduling fit_Pipeline_VITIS_LOOP_204_1.
Execute       set_default_model fit_Pipeline_VITIS_LOOP_204_1 
Execute       bind -model fit_Pipeline_VITIS_LOOP_204_1 
INFO: [BIND 205-100] Starting micro-architecture generation ...
INFO: [BIND 205-101] Performing variable lifetime analysis.
INFO: [BIND 205-101] Exploring resource sharing.
INFO: [BIND 205-101] Binding ...
INFO: [BIND 205-100] Finished micro-architecture generation.
INFO: [HLS 200-111] Finished Binding: CPU user time: 0.22 seconds. CPU system time: 0 seconds. Elapsed time: 0.23 seconds; current allocated memory: 3.552 GB.
Execute       syn_report -verbosereport -o /nfs/ihfs/home_metis/akraus/HW3-dir/hw/hls_fit/solution1/.autopilot/db/fit_Pipeline_VITIS_LOOP_204_1.verbose.bind.rpt 
Execute         list_part -family xcvu11p-flga2577-1-e 
Execute           ap_family_info -name xcvu11p-flga2577-1-e -data names 
Execute           ap_part_info -quiet -name xcvu11p-flga2577-1-e -data family 
Execute       db_write -o /nfs/ihfs/home_metis/akraus/HW3-dir/hw/hls_fit/solution1/.autopilot/db/fit_Pipeline_VITIS_LOOP_204_1.bind.adb -f 
INFO-FLOW: Finish binding fit_Pipeline_VITIS_LOOP_204_1.
INFO: [HLS 200-10] ----------------------------------------------------------------
INFO: [HLS 200-42] -- Implementing module 'fit_Pipeline_VITIS_LOOP_100_1' 
INFO: [HLS 200-10] ----------------------------------------------------------------
Execute       set_default_model fit_Pipeline_VITIS_LOOP_100_1 
Execute       schedule -model fit_Pipeline_VITIS_LOOP_100_1 
INFO: [SCHED 204-11] Starting scheduling ...
INFO: [SCHED 204-61] Pipelining loop 'VITIS_LOOP_100_1'.
WARNING: [HLS 200-880] The II Violation in module 'fit_Pipeline_VITIS_LOOP_100_1' (loop 'VITIS_LOOP_100_1'): Unable to enforce a carried dependence constraint (II = 1, distance = 1, offset = 0) between 'store' operation ('S_write_ln100', main.cpp:100->main.cpp:133->main.cpp:272) of variable 'S', main.cpp:105->main.cpp:133->main.cpp:272 on local variable 'S' and 'load' operation ('S_load', main.cpp:105->main.cpp:133->main.cpp:272) on local variable 'S'.
WARNING: [HLS 200-880] The II Violation in module 'fit_Pipeline_VITIS_LOOP_100_1' (loop 'VITIS_LOOP_100_1'): Unable to enforce a carried dependence constraint (II = 2, distance = 1, offset = 0) between 'store' operation ('S_write_ln100', main.cpp:100->main.cpp:133->main.cpp:272) of variable 'S', main.cpp:105->main.cpp:133->main.cpp:272 on local variable 'S' and 'load' operation ('S_load', main.cpp:105->main.cpp:133->main.cpp:272) on local variable 'S'.
INFO: [HLS 200-1470] Pipelining result : Target II = NA, Final II = 3, Depth = 24, loop 'VITIS_LOOP_100_1'
INFO: [SCHED 204-11] Finished scheduling.
Command       schedule done; 0.4 sec.
INFO: [HLS 200-111] Finished Scheduling: CPU user time: 0.43 seconds. CPU system time: 0.01 seconds. Elapsed time: 0.45 seconds; current allocated memory: 3.552 GB.
Execute       syn_report -verbosereport -o /nfs/ihfs/home_metis/akraus/HW3-dir/hw/hls_fit/solution1/.autopilot/db/fit_Pipeline_VITIS_LOOP_100_1.verbose.sched.rpt 
Execute         list_part -family xcvu11p-flga2577-1-e 
Execute           ap_family_info -name xcvu11p-flga2577-1-e -data names 
Execute           ap_part_info -quiet -name xcvu11p-flga2577-1-e -data family 
Command       syn_report done; 0.13 sec.
Execute       db_write -o /nfs/ihfs/home_metis/akraus/HW3-dir/hw/hls_fit/solution1/.autopilot/db/fit_Pipeline_VITIS_LOOP_100_1.sched.adb -f 
INFO-FLOW: Finish scheduling fit_Pipeline_VITIS_LOOP_100_1.
Execute       set_default_model fit_Pipeline_VITIS_LOOP_100_1 
Execute       bind -model fit_Pipeline_VITIS_LOOP_100_1 
INFO: [BIND 205-100] Starting micro-architecture generation ...
INFO: [BIND 205-101] Performing variable lifetime analysis.
INFO: [BIND 205-101] Exploring resource sharing.
INFO: [BIND 205-101] Binding ...
INFO: [BIND 205-100] Finished micro-architecture generation.
INFO: [HLS 200-111] Finished Binding: CPU user time: 0.23 seconds. CPU system time: 0 seconds. Elapsed time: 0.24 seconds; current allocated memory: 3.552 GB.
Execute       syn_report -verbosereport -o /nfs/ihfs/home_metis/akraus/HW3-dir/hw/hls_fit/solution1/.autopilot/db/fit_Pipeline_VITIS_LOOP_100_1.verbose.bind.rpt 
Execute         list_part -family xcvu11p-flga2577-1-e 
Execute           ap_family_info -name xcvu11p-flga2577-1-e -data names 
Execute           ap_part_info -quiet -name xcvu11p-flga2577-1-e -data family 
Execute       db_write -o /nfs/ihfs/home_metis/akraus/HW3-dir/hw/hls_fit/solution1/.autopilot/db/fit_Pipeline_VITIS_LOOP_100_1.bind.adb -f 
INFO-FLOW: Finish binding fit_Pipeline_VITIS_LOOP_100_1.
INFO: [HLS 200-10] ----------------------------------------------------------------
INFO: [HLS 200-42] -- Implementing module 'fit_Pipeline_VITIS_LOOP_53_1' 
INFO: [HLS 200-10] ----------------------------------------------------------------
Execute       set_default_model fit_Pipeline_VITIS_LOOP_53_1 
Execute       schedule -model fit_Pipeline_VITIS_LOOP_53_1 
INFO: [SCHED 204-11] Starting scheduling ...
INFO: [SCHED 204-61] Pipelining loop 'VITIS_LOOP_53_1'.
WARNING: [HLS 200-880] The II Violation in module 'fit_Pipeline_VITIS_LOOP_53_1' (loop 'VITIS_LOOP_53_1'): Unable to enforce a carried dependence constraint (II = 1, distance = 1, offset = 0) between 'store' operation ('Sx_1_write_ln53', main.cpp:53->main.cpp:138->main.cpp:272) of variable 'Sx', main.cpp:56->main.cpp:138->main.cpp:272 on local variable 'Sx' and 'load' operation ('Sx_1_load', main.cpp:56->main.cpp:138->main.cpp:272) on local variable 'Sx'.
WARNING: [HLS 200-880] The II Violation in module 'fit_Pipeline_VITIS_LOOP_53_1' (loop 'VITIS_LOOP_53_1'): Unable to enforce a carried dependence constraint (II = 2, distance = 1, offset = 0) between 'store' operation ('Sx_1_write_ln53', main.cpp:53->main.cpp:138->main.cpp:272) of variable 'Sx', main.cpp:56->main.cpp:138->main.cpp:272 on local variable 'Sx' and 'load' operation ('Sx_1_load', main.cpp:56->main.cpp:138->main.cpp:272) on local variable 'Sx'.
INFO: [HLS 200-1470] Pipelining result : Target II = NA, Final II = 3, Depth = 28, loop 'VITIS_LOOP_53_1'
INFO: [SCHED 204-11] Finished scheduling.
Command       schedule done; 0.42 sec.
INFO: [HLS 200-111] Finished Scheduling: CPU user time: 0.44 seconds. CPU system time: 0.01 seconds. Elapsed time: 0.47 seconds; current allocated memory: 3.552 GB.
Execute       syn_report -verbosereport -o /nfs/ihfs/home_metis/akraus/HW3-dir/hw/hls_fit/solution1/.autopilot/db/fit_Pipeline_VITIS_LOOP_53_1.verbose.sched.rpt 
Execute         list_part -family xcvu11p-flga2577-1-e 
Execute           ap_family_info -name xcvu11p-flga2577-1-e -data names 
Execute           ap_part_info -quiet -name xcvu11p-flga2577-1-e -data family 
Command       syn_report done; 0.16 sec.
Execute       db_write -o /nfs/ihfs/home_metis/akraus/HW3-dir/hw/hls_fit/solution1/.autopilot/db/fit_Pipeline_VITIS_LOOP_53_1.sched.adb -f 
INFO-FLOW: Finish scheduling fit_Pipeline_VITIS_LOOP_53_1.
Execute       set_default_model fit_Pipeline_VITIS_LOOP_53_1 
Execute       bind -model fit_Pipeline_VITIS_LOOP_53_1 
INFO: [BIND 205-100] Starting micro-architecture generation ...
INFO: [BIND 205-101] Performing variable lifetime analysis.
INFO: [BIND 205-101] Exploring resource sharing.
INFO: [BIND 205-101] Binding ...
INFO: [BIND 205-100] Finished micro-architecture generation.
Command       bind done; 0.12 sec.
INFO: [HLS 200-111] Finished Binding: CPU user time: 0.26 seconds. CPU system time: 0 seconds. Elapsed time: 0.28 seconds; current allocated memory: 3.552 GB.
Execute       syn_report -verbosereport -o /nfs/ihfs/home_metis/akraus/HW3-dir/hw/hls_fit/solution1/.autopilot/db/fit_Pipeline_VITIS_LOOP_53_1.verbose.bind.rpt 
Execute         list_part -family xcvu11p-flga2577-1-e 
Execute           ap_family_info -name xcvu11p-flga2577-1-e -data names 
Execute           ap_part_info -quiet -name xcvu11p-flga2577-1-e -data family 
Execute       db_write -o /nfs/ihfs/home_metis/akraus/HW3-dir/hw/hls_fit/solution1/.autopilot/db/fit_Pipeline_VITIS_LOOP_53_1.bind.adb -f 
INFO-FLOW: Finish binding fit_Pipeline_VITIS_LOOP_53_1.
INFO: [HLS 200-10] ----------------------------------------------------------------
INFO: [HLS 200-42] -- Implementing module 'fit_Pipeline_VITIS_LOOP_148_1' 
INFO: [HLS 200-10] ----------------------------------------------------------------
Execute       set_default_model fit_Pipeline_VITIS_LOOP_148_1 
Execute       schedule -model fit_Pipeline_VITIS_LOOP_148_1 
INFO: [SCHED 204-11] Starting scheduling ...
INFO: [SCHED 204-61] Pipelining loop 'VITIS_LOOP_148_1'.
WARNING: [HLS 200-880] The II Violation in module 'fit_Pipeline_VITIS_LOOP_148_1' (loop 'VITIS_LOOP_148_1'): Unable to enforce a carried dependence constraint (II = 1, distance = 1, offset = 0) between 'store' operation ('term2_write_ln148', main.cpp:148->main.cpp:272) of variable 'term2', main.cpp:165->main.cpp:272 on local variable 'term2' and 'load' operation ('term2_load', main.cpp:165->main.cpp:272) on local variable 'term2'.
WARNING: [HLS 200-880] The II Violation in module 'fit_Pipeline_VITIS_LOOP_148_1' (loop 'VITIS_LOOP_148_1'): Unable to enforce a carried dependence constraint (II = 2, distance = 1, offset = 0) between 'store' operation ('term2_write_ln148', main.cpp:148->main.cpp:272) of variable 'term2', main.cpp:165->main.cpp:272 on local variable 'term2' and 'load' operation ('term2_load', main.cpp:165->main.cpp:272) on local variable 'term2'.
INFO: [HLS 200-1470] Pipelining result : Target II = NA, Final II = 3, Depth = 29, loop 'VITIS_LOOP_148_1'
INFO: [SCHED 204-11] Finished scheduling.
Command       schedule done; 0.47 sec.
INFO: [HLS 200-111] Finished Scheduling: CPU user time: 0.51 seconds. CPU system time: 0 seconds. Elapsed time: 0.53 seconds; current allocated memory: 3.552 GB.
Execute       syn_report -verbosereport -o /nfs/ihfs/home_metis/akraus/HW3-dir/hw/hls_fit/solution1/.autopilot/db/fit_Pipeline_VITIS_LOOP_148_1.verbose.sched.rpt 
Execute         list_part -family xcvu11p-flga2577-1-e 
Execute           ap_family_info -name xcvu11p-flga2577-1-e -data names 
Execute           ap_part_info -quiet -name xcvu11p-flga2577-1-e -data family 
Command       syn_report done; 0.17 sec.
Execute       db_write -o /nfs/ihfs/home_metis/akraus/HW3-dir/hw/hls_fit/solution1/.autopilot/db/fit_Pipeline_VITIS_LOOP_148_1.sched.adb -f 
INFO-FLOW: Finish scheduling fit_Pipeline_VITIS_LOOP_148_1.
Execute       set_default_model fit_Pipeline_VITIS_LOOP_148_1 
Execute       bind -model fit_Pipeline_VITIS_LOOP_148_1 
INFO: [BIND 205-100] Starting micro-architecture generation ...
INFO: [BIND 205-101] Performing variable lifetime analysis.
INFO: [BIND 205-101] Exploring resource sharing.
INFO: [BIND 205-101] Binding ...
INFO: [BIND 205-100] Finished micro-architecture generation.
Command       bind done; 0.11 sec.
INFO: [HLS 200-111] Finished Binding: CPU user time: 0.28 seconds. CPU system time: 0 seconds. Elapsed time: 0.29 seconds; current allocated memory: 3.552 GB.
Execute       syn_report -verbosereport -o /nfs/ihfs/home_metis/akraus/HW3-dir/hw/hls_fit/solution1/.autopilot/db/fit_Pipeline_VITIS_LOOP_148_1.verbose.bind.rpt 
Execute         list_part -family xcvu11p-flga2577-1-e 
Execute           ap_family_info -name xcvu11p-flga2577-1-e -data names 
Execute           ap_part_info -quiet -name xcvu11p-flga2577-1-e -data family 
Execute       db_write -o /nfs/ihfs/home_metis/akraus/HW3-dir/hw/hls_fit/solution1/.autopilot/db/fit_Pipeline_VITIS_LOOP_148_1.bind.adb -f 
INFO-FLOW: Finish binding fit_Pipeline_VITIS_LOOP_148_1.
INFO: [HLS 200-10] ----------------------------------------------------------------
INFO: [HLS 200-42] -- Implementing module 'fit' 
INFO: [HLS 200-10] ----------------------------------------------------------------
Execute       set_default_model fit 
Execute       schedule -model fit 
INFO: [SCHED 204-11] Starting scheduling ...
INFO: [SCHED 204-11] Finished scheduling.
Command       schedule done; 0.59 sec.
INFO: [HLS 200-111] Finished Scheduling: CPU user time: 0.64 seconds. CPU system time: 0 seconds. Elapsed time: 0.65 seconds; current allocated memory: 3.552 GB.
Execute       syn_report -verbosereport -o /nfs/ihfs/home_metis/akraus/HW3-dir/hw/hls_fit/solution1/.autopilot/db/fit.verbose.sched.rpt 
Execute         list_part -family xcvu11p-flga2577-1-e 
Execute           ap_family_info -name xcvu11p-flga2577-1-e -data names 
Execute           ap_part_info -quiet -name xcvu11p-flga2577-1-e -data family 
Command       syn_report done; 0.34 sec.
Execute       db_write -o /nfs/ihfs/home_metis/akraus/HW3-dir/hw/hls_fit/solution1/.autopilot/db/fit.sched.adb -f 
INFO-FLOW: Finish scheduling fit.
Execute       set_default_model fit 
Execute       bind -model fit 
INFO: [BIND 205-100] Starting micro-architecture generation ...
INFO: [BIND 205-101] Performing variable lifetime analysis.
INFO: [BIND 205-101] Exploring resource sharing.
INFO: [BIND 205-101] Binding ...
INFO: [BIND 205-100] Finished micro-architecture generation.
Command       bind done; 0.22 sec.
INFO: [HLS 200-111] Finished Binding: CPU user time: 0.55 seconds. CPU system time: 0 seconds. Elapsed time: 0.56 seconds; current allocated memory: 3.552 GB.
Execute       syn_report -verbosereport -o /nfs/ihfs/home_metis/akraus/HW3-dir/hw/hls_fit/solution1/.autopilot/db/fit.verbose.bind.rpt 
Execute         list_part -family xcvu11p-flga2577-1-e 
Execute           ap_family_info -name xcvu11p-flga2577-1-e -data names 
Execute           ap_part_info -quiet -name xcvu11p-flga2577-1-e -data family 
Execute       db_write -o /nfs/ihfs/home_metis/akraus/HW3-dir/hw/hls_fit/solution1/.autopilot/db/fit.bind.adb -f 
INFO-FLOW: Finish binding fit.
INFO: [HLS 200-10] ----------------------------------------------------------------
INFO: [HLS 200-42] -- Implementing module 'main' 
INFO: [HLS 200-10] ----------------------------------------------------------------
Execute       set_default_model main 
Execute       schedule -model main 
INFO: [SCHED 204-11] Starting scheduling ...
INFO: [SCHED 204-11] Finished scheduling.
Command       schedule done; 8.22 sec.
INFO: [HLS 200-111] Finished Scheduling: CPU user time: 8.28 seconds. CPU system time: 0 seconds. Elapsed time: 8.32 seconds; current allocated memory: 3.552 GB.
Execute       syn_report -verbosereport -o /nfs/ihfs/home_metis/akraus/HW3-dir/hw/hls_fit/solution1/.autopilot/db/main.verbose.sched.rpt 
Execute         list_part -family xcvu11p-flga2577-1-e 
Execute           ap_family_info -name xcvu11p-flga2577-1-e -data names 
Execute           ap_part_info -quiet -name xcvu11p-flga2577-1-e -data family 
Command       syn_report done; 3.96 sec.
Execute       db_write -o /nfs/ihfs/home_metis/akraus/HW3-dir/hw/hls_fit/solution1/.autopilot/db/main.sched.adb -f 
Command       db_write done; 0.2 sec.
INFO-FLOW: Finish scheduling main.
Execute       set_default_model main 
Execute       bind -model main 
INFO: [BIND 205-100] Starting micro-architecture generation ...
INFO: [BIND 205-101] Performing variable lifetime analysis.
INFO: [BIND 205-101] Exploring resource sharing.
INFO: [BIND 205-101] Binding ...
INFO: [BIND 205-100] Finished micro-architecture generation.
Command       bind done; 2.96 sec.
INFO: [HLS 200-111] Finished Binding: CPU user time: 7.06 seconds. CPU system time: 0.01 seconds. Elapsed time: 7.12 seconds; current allocated memory: 3.552 GB.
Execute       syn_report -verbosereport -o /nfs/ihfs/home_metis/akraus/HW3-dir/hw/hls_fit/solution1/.autopilot/db/main.verbose.bind.rpt 
Execute         list_part -family xcvu11p-flga2577-1-e 
Execute           ap_family_info -name xcvu11p-flga2577-1-e -data names 
Execute           ap_part_info -quiet -name xcvu11p-flga2577-1-e -data family 
Command       syn_report done; 0.91 sec.
Execute       db_write -o /nfs/ihfs/home_metis/akraus/HW3-dir/hw/hls_fit/solution1/.autopilot/db/main.bind.adb -f 
Command       db_write done; 0.23 sec.
INFO-FLOW: Finish binding main.
Execute       get_model_list main -filter all-wo-channel 
INFO-FLOW: Preprocessing for RTLGen ...
Execute       rtl_gen_preprocess fit_Pipeline_VITIS_LOOP_28_1 
Execute       rtl_gen_preprocess fit_Pipeline_VITIS_LOOP_204_1 
Execute       rtl_gen_preprocess fit_Pipeline_VITIS_LOOP_100_1 
Execute       rtl_gen_preprocess fit_Pipeline_VITIS_LOOP_53_1 
Execute       rtl_gen_preprocess fit_Pipeline_VITIS_LOOP_148_1 
Execute       rtl_gen_preprocess fit 
Execute       rtl_gen_preprocess main 
INFO-FLOW: Model list for RTL generation: fit_Pipeline_VITIS_LOOP_28_1 fit_Pipeline_VITIS_LOOP_204_1 fit_Pipeline_VITIS_LOOP_100_1 fit_Pipeline_VITIS_LOOP_53_1 fit_Pipeline_VITIS_LOOP_148_1 fit main
INFO: [HLS 200-10] ----------------------------------------------------------------
INFO: [HLS 200-10] -- Generating RTL for module 'fit_Pipeline_VITIS_LOOP_28_1' 
INFO: [HLS 200-10] ----------------------------------------------------------------
Execute       create_rtl_model fit_Pipeline_VITIS_LOOP_28_1 -top_prefix main_ -sub_prefix main_ -mg_file /nfs/ihfs/home_metis/akraus/HW3-dir/hw/hls_fit/solution1/.autopilot/db/fit_Pipeline_VITIS_LOOP_28_1.compgen.tcl 
INFO: [HLS 200-1030] Apply Unified Pipeline Control on module 'fit_Pipeline_VITIS_LOOP_28_1' pipeline 'VITIS_LOOP_28_1' pipeline type 'loop pipeline'
INFO: [RTGEN 206-100] Generating core module 'mul_12s_7ns_19_1_1': 1 instance(s).
INFO: [RTGEN 206-100] Generating core module 'mul_7ns_7ns_14_1_1': 1 instance(s).
INFO: [RTGEN 206-100] Finished creating RTL model for 'fit_Pipeline_VITIS_LOOP_28_1'.
INFO: [HLS 200-111] Finished Creating RTL model: CPU user time: 1.12 seconds. CPU system time: 0.02 seconds. Elapsed time: 1.19 seconds; current allocated memory: 3.552 GB.
Execute       source /nfs/ihfs/home_metis/akraus/HW3-dir/hw/hls_fit/solution1/.autopilot/db/main.rtl_wrap.cfg.tcl 
Execute       gen_rtl fit_Pipeline_VITIS_LOOP_28_1 -style xilinx -f -lang vhdl -o /nfs/ihfs/home_metis/akraus/HW3-dir/hw/hls_fit/solution1/syn/vhdl/main_fit_Pipeline_VITIS_LOOP_28_1 
Execute       gen_rtl fit_Pipeline_VITIS_LOOP_28_1 -style xilinx -f -lang vlog -o /nfs/ihfs/home_metis/akraus/HW3-dir/hw/hls_fit/solution1/syn/verilog/main_fit_Pipeline_VITIS_LOOP_28_1 
Execute       syn_report -csynth -model fit_Pipeline_VITIS_LOOP_28_1 -o /nfs/ihfs/home_metis/akraus/HW3-dir/hw/hls_fit/solution1/syn/report/fit_Pipeline_VITIS_LOOP_28_1_csynth.rpt 
Execute         list_part -family xcvu11p-flga2577-1-e 
Execute           ap_family_info -name xcvu11p-flga2577-1-e -data names 
Execute           ap_part_info -quiet -name xcvu11p-flga2577-1-e -data family 
Execute       syn_report -rtlxml -model fit_Pipeline_VITIS_LOOP_28_1 -o /nfs/ihfs/home_metis/akraus/HW3-dir/hw/hls_fit/solution1/syn/report/fit_Pipeline_VITIS_LOOP_28_1_csynth.xml 
Execute         list_part -family xcvu11p-flga2577-1-e 
Execute           ap_family_info -name xcvu11p-flga2577-1-e -data names 
Execute           ap_part_info -quiet -name xcvu11p-flga2577-1-e -data family 
Execute       syn_report -verbosereport -model fit_Pipeline_VITIS_LOOP_28_1 -o /nfs/ihfs/home_metis/akraus/HW3-dir/hw/hls_fit/solution1/.autopilot/db/fit_Pipeline_VITIS_LOOP_28_1.verbose.rpt 
Execute         list_part -family xcvu11p-flga2577-1-e 
Execute           ap_family_info -name xcvu11p-flga2577-1-e -data names 
Execute           ap_part_info -quiet -name xcvu11p-flga2577-1-e -data family 
Execute       db_write -model fit_Pipeline_VITIS_LOOP_28_1 -f -o /nfs/ihfs/home_metis/akraus/HW3-dir/hw/hls_fit/solution1/.autopilot/db/fit_Pipeline_VITIS_LOOP_28_1.adb 
Execute       db_write -model fit_Pipeline_VITIS_LOOP_28_1 -bindview -o /nfs/ihfs/home_metis/akraus/HW3-dir/hw/hls_fit/solution1/.autopilot/db/design.bindinfo.xml 
Execute       gen_tb_info fit_Pipeline_VITIS_LOOP_28_1 -p /nfs/ihfs/home_metis/akraus/HW3-dir/hw/hls_fit/solution1/.autopilot/db -o /nfs/ihfs/home_metis/akraus/HW3-dir/hw/hls_fit/solution1/.autopilot/db/fit_Pipeline_VITIS_LOOP_28_1 
INFO: [HLS 200-10] ----------------------------------------------------------------
INFO: [HLS 200-10] -- Generating RTL for module 'fit_Pipeline_VITIS_LOOP_204_1' 
INFO: [HLS 200-10] ----------------------------------------------------------------
Execute       create_rtl_model fit_Pipeline_VITIS_LOOP_204_1 -top_prefix main_ -sub_prefix main_ -mg_file /nfs/ihfs/home_metis/akraus/HW3-dir/hw/hls_fit/solution1/.autopilot/db/fit_Pipeline_VITIS_LOOP_204_1.compgen.tcl 
INFO: [HLS 200-1030] Apply Unified Pipeline Control on module 'fit_Pipeline_VITIS_LOOP_204_1' pipeline 'VITIS_LOOP_204_1' pipeline type 'loop pipeline'
INFO: [RTGEN 206-100] Generating core module 'dadddsub_64ns_64ns_64_4_full_dsp_1': 1 instance(s).
INFO: [RTGEN 206-100] Generating core module 'dmul_64ns_64ns_64_4_max_dsp_1': 1 instance(s).
INFO: [RTGEN 206-100] Generating core module 'sitodp_64ns_64_2_no_dsp_1': 1 instance(s).
INFO: [RTGEN 206-100] Finished creating RTL model for 'fit_Pipeline_VITIS_LOOP_204_1'.
INFO: [HLS 200-111] Finished Creating RTL model: CPU user time: 0.09 seconds. CPU system time: 0 seconds. Elapsed time: 0.11 seconds; current allocated memory: 3.552 GB.
Execute       source /nfs/ihfs/home_metis/akraus/HW3-dir/hw/hls_fit/solution1/.autopilot/db/main.rtl_wrap.cfg.tcl 
Execute       gen_rtl fit_Pipeline_VITIS_LOOP_204_1 -style xilinx -f -lang vhdl -o /nfs/ihfs/home_metis/akraus/HW3-dir/hw/hls_fit/solution1/syn/vhdl/main_fit_Pipeline_VITIS_LOOP_204_1 
Execute       gen_rtl fit_Pipeline_VITIS_LOOP_204_1 -style xilinx -f -lang vlog -o /nfs/ihfs/home_metis/akraus/HW3-dir/hw/hls_fit/solution1/syn/verilog/main_fit_Pipeline_VITIS_LOOP_204_1 
Execute       syn_report -csynth -model fit_Pipeline_VITIS_LOOP_204_1 -o /nfs/ihfs/home_metis/akraus/HW3-dir/hw/hls_fit/solution1/syn/report/fit_Pipeline_VITIS_LOOP_204_1_csynth.rpt 
Execute         list_part -family xcvu11p-flga2577-1-e 
Execute           ap_family_info -name xcvu11p-flga2577-1-e -data names 
Execute           ap_part_info -quiet -name xcvu11p-flga2577-1-e -data family 
Execute       syn_report -rtlxml -model fit_Pipeline_VITIS_LOOP_204_1 -o /nfs/ihfs/home_metis/akraus/HW3-dir/hw/hls_fit/solution1/syn/report/fit_Pipeline_VITIS_LOOP_204_1_csynth.xml 
Execute         list_part -family xcvu11p-flga2577-1-e 
Execute           ap_family_info -name xcvu11p-flga2577-1-e -data names 
Execute           ap_part_info -quiet -name xcvu11p-flga2577-1-e -data family 
Execute       syn_report -verbosereport -model fit_Pipeline_VITIS_LOOP_204_1 -o /nfs/ihfs/home_metis/akraus/HW3-dir/hw/hls_fit/solution1/.autopilot/db/fit_Pipeline_VITIS_LOOP_204_1.verbose.rpt 
Execute         list_part -family xcvu11p-flga2577-1-e 
Execute           ap_family_info -name xcvu11p-flga2577-1-e -data names 
Execute           ap_part_info -quiet -name xcvu11p-flga2577-1-e -data family 
Execute       db_write -model fit_Pipeline_VITIS_LOOP_204_1 -f -o /nfs/ihfs/home_metis/akraus/HW3-dir/hw/hls_fit/solution1/.autopilot/db/fit_Pipeline_VITIS_LOOP_204_1.adb 
Execute       db_write -model fit_Pipeline_VITIS_LOOP_204_1 -bindview -o /nfs/ihfs/home_metis/akraus/HW3-dir/hw/hls_fit/solution1/.autopilot/db/design.bindinfo.xml 
Execute       gen_tb_info fit_Pipeline_VITIS_LOOP_204_1 -p /nfs/ihfs/home_metis/akraus/HW3-dir/hw/hls_fit/solution1/.autopilot/db -o /nfs/ihfs/home_metis/akraus/HW3-dir/hw/hls_fit/solution1/.autopilot/db/fit_Pipeline_VITIS_LOOP_204_1 
INFO: [HLS 200-10] ----------------------------------------------------------------
INFO: [HLS 200-10] -- Generating RTL for module 'fit_Pipeline_VITIS_LOOP_100_1' 
INFO: [HLS 200-10] ----------------------------------------------------------------
Execute       create_rtl_model fit_Pipeline_VITIS_LOOP_100_1 -top_prefix main_ -sub_prefix main_ -mg_file /nfs/ihfs/home_metis/akraus/HW3-dir/hw/hls_fit/solution1/.autopilot/db/fit_Pipeline_VITIS_LOOP_100_1.compgen.tcl 
INFO: [HLS 200-1030] Apply Unified Pipeline Control on module 'fit_Pipeline_VITIS_LOOP_100_1' pipeline 'VITIS_LOOP_100_1' pipeline type 'loop pipeline'
INFO: [RTGEN 206-100] Generating core module 'dadddsub_64ns_64ns_64_4_full_dsp_1': 1 instance(s).
INFO: [RTGEN 206-100] Generating core module 'ddiv_64ns_64ns_64_13_no_dsp_1': 1 instance(s).
INFO: [RTGEN 206-100] Generating core module 'dmul_64ns_64ns_64_4_max_dsp_1': 1 instance(s).
INFO: [RTGEN 206-100] Generating core module 'sitodp_64ns_64_2_no_dsp_1': 1 instance(s).
INFO: [RTGEN 206-100] Finished creating RTL model for 'fit_Pipeline_VITIS_LOOP_100_1'.
INFO: [HLS 200-111] Finished Creating RTL model: CPU user time: 0.12 seconds. CPU system time: 0.01 seconds. Elapsed time: 0.14 seconds; current allocated memory: 3.552 GB.
Execute       source /nfs/ihfs/home_metis/akraus/HW3-dir/hw/hls_fit/solution1/.autopilot/db/main.rtl_wrap.cfg.tcl 
Execute       gen_rtl fit_Pipeline_VITIS_LOOP_100_1 -style xilinx -f -lang vhdl -o /nfs/ihfs/home_metis/akraus/HW3-dir/hw/hls_fit/solution1/syn/vhdl/main_fit_Pipeline_VITIS_LOOP_100_1 
Execute       gen_rtl fit_Pipeline_VITIS_LOOP_100_1 -style xilinx -f -lang vlog -o /nfs/ihfs/home_metis/akraus/HW3-dir/hw/hls_fit/solution1/syn/verilog/main_fit_Pipeline_VITIS_LOOP_100_1 
Execute       syn_report -csynth -model fit_Pipeline_VITIS_LOOP_100_1 -o /nfs/ihfs/home_metis/akraus/HW3-dir/hw/hls_fit/solution1/syn/report/fit_Pipeline_VITIS_LOOP_100_1_csynth.rpt 
Execute         list_part -family xcvu11p-flga2577-1-e 
Execute           ap_family_info -name xcvu11p-flga2577-1-e -data names 
Execute           ap_part_info -quiet -name xcvu11p-flga2577-1-e -data family 
Execute       syn_report -rtlxml -model fit_Pipeline_VITIS_LOOP_100_1 -o /nfs/ihfs/home_metis/akraus/HW3-dir/hw/hls_fit/solution1/syn/report/fit_Pipeline_VITIS_LOOP_100_1_csynth.xml 
Execute         list_part -family xcvu11p-flga2577-1-e 
Execute           ap_family_info -name xcvu11p-flga2577-1-e -data names 
Execute           ap_part_info -quiet -name xcvu11p-flga2577-1-e -data family 
Execute       syn_report -verbosereport -model fit_Pipeline_VITIS_LOOP_100_1 -o /nfs/ihfs/home_metis/akraus/HW3-dir/hw/hls_fit/solution1/.autopilot/db/fit_Pipeline_VITIS_LOOP_100_1.verbose.rpt 
Execute         list_part -family xcvu11p-flga2577-1-e 
Execute           ap_family_info -name xcvu11p-flga2577-1-e -data names 
Execute           ap_part_info -quiet -name xcvu11p-flga2577-1-e -data family 
Execute       db_write -model fit_Pipeline_VITIS_LOOP_100_1 -f -o /nfs/ihfs/home_metis/akraus/HW3-dir/hw/hls_fit/solution1/.autopilot/db/fit_Pipeline_VITIS_LOOP_100_1.adb 
Execute       db_write -model fit_Pipeline_VITIS_LOOP_100_1 -bindview -o /nfs/ihfs/home_metis/akraus/HW3-dir/hw/hls_fit/solution1/.autopilot/db/design.bindinfo.xml 
Execute       gen_tb_info fit_Pipeline_VITIS_LOOP_100_1 -p /nfs/ihfs/home_metis/akraus/HW3-dir/hw/hls_fit/solution1/.autopilot/db -o /nfs/ihfs/home_metis/akraus/HW3-dir/hw/hls_fit/solution1/.autopilot/db/fit_Pipeline_VITIS_LOOP_100_1 
INFO: [HLS 200-10] ----------------------------------------------------------------
INFO: [HLS 200-10] -- Generating RTL for module 'fit_Pipeline_VITIS_LOOP_53_1' 
INFO: [HLS 200-10] ----------------------------------------------------------------
Execute       create_rtl_model fit_Pipeline_VITIS_LOOP_53_1 -top_prefix main_ -sub_prefix main_ -mg_file /nfs/ihfs/home_metis/akraus/HW3-dir/hw/hls_fit/solution1/.autopilot/db/fit_Pipeline_VITIS_LOOP_53_1.compgen.tcl 
INFO: [HLS 200-1030] Apply Unified Pipeline Control on module 'fit_Pipeline_VITIS_LOOP_53_1' pipeline 'VITIS_LOOP_53_1' pipeline type 'loop pipeline'
INFO: [RTGEN 206-100] Generating core module 'dadddsub_64ns_64ns_64_4_full_dsp_1': 1 instance(s).
INFO: [RTGEN 206-100] Generating core module 'ddiv_64ns_64ns_64_13_no_dsp_1': 1 instance(s).
INFO: [RTGEN 206-100] Generating core module 'dmul_64ns_64ns_64_4_max_dsp_1': 1 instance(s).
INFO: [RTGEN 206-100] Generating core module 'sitodp_64ns_64_2_no_dsp_1': 1 instance(s).
INFO: [RTGEN 206-100] Finished creating RTL model for 'fit_Pipeline_VITIS_LOOP_53_1'.
INFO: [HLS 200-111] Finished Creating RTL model: CPU user time: 0.12 seconds. CPU system time: 0 seconds. Elapsed time: 0.15 seconds; current allocated memory: 3.552 GB.
Execute       source /nfs/ihfs/home_metis/akraus/HW3-dir/hw/hls_fit/solution1/.autopilot/db/main.rtl_wrap.cfg.tcl 
Execute       gen_rtl fit_Pipeline_VITIS_LOOP_53_1 -style xilinx -f -lang vhdl -o /nfs/ihfs/home_metis/akraus/HW3-dir/hw/hls_fit/solution1/syn/vhdl/main_fit_Pipeline_VITIS_LOOP_53_1 
Execute       gen_rtl fit_Pipeline_VITIS_LOOP_53_1 -style xilinx -f -lang vlog -o /nfs/ihfs/home_metis/akraus/HW3-dir/hw/hls_fit/solution1/syn/verilog/main_fit_Pipeline_VITIS_LOOP_53_1 
Execute       syn_report -csynth -model fit_Pipeline_VITIS_LOOP_53_1 -o /nfs/ihfs/home_metis/akraus/HW3-dir/hw/hls_fit/solution1/syn/report/fit_Pipeline_VITIS_LOOP_53_1_csynth.rpt 
Execute         list_part -family xcvu11p-flga2577-1-e 
Execute           ap_family_info -name xcvu11p-flga2577-1-e -data names 
Execute           ap_part_info -quiet -name xcvu11p-flga2577-1-e -data family 
Execute       syn_report -rtlxml -model fit_Pipeline_VITIS_LOOP_53_1 -o /nfs/ihfs/home_metis/akraus/HW3-dir/hw/hls_fit/solution1/syn/report/fit_Pipeline_VITIS_LOOP_53_1_csynth.xml 
Execute         list_part -family xcvu11p-flga2577-1-e 
Execute           ap_family_info -name xcvu11p-flga2577-1-e -data names 
Execute           ap_part_info -quiet -name xcvu11p-flga2577-1-e -data family 
Execute       syn_report -verbosereport -model fit_Pipeline_VITIS_LOOP_53_1 -o /nfs/ihfs/home_metis/akraus/HW3-dir/hw/hls_fit/solution1/.autopilot/db/fit_Pipeline_VITIS_LOOP_53_1.verbose.rpt 
Execute         list_part -family xcvu11p-flga2577-1-e 
Execute           ap_family_info -name xcvu11p-flga2577-1-e -data names 
Execute           ap_part_info -quiet -name xcvu11p-flga2577-1-e -data family 
Execute       db_write -model fit_Pipeline_VITIS_LOOP_53_1 -f -o /nfs/ihfs/home_metis/akraus/HW3-dir/hw/hls_fit/solution1/.autopilot/db/fit_Pipeline_VITIS_LOOP_53_1.adb 
Execute       db_write -model fit_Pipeline_VITIS_LOOP_53_1 -bindview -o /nfs/ihfs/home_metis/akraus/HW3-dir/hw/hls_fit/solution1/.autopilot/db/design.bindinfo.xml 
Execute       gen_tb_info fit_Pipeline_VITIS_LOOP_53_1 -p /nfs/ihfs/home_metis/akraus/HW3-dir/hw/hls_fit/solution1/.autopilot/db -o /nfs/ihfs/home_metis/akraus/HW3-dir/hw/hls_fit/solution1/.autopilot/db/fit_Pipeline_VITIS_LOOP_53_1 
INFO: [HLS 200-10] ----------------------------------------------------------------
INFO: [HLS 200-10] -- Generating RTL for module 'fit_Pipeline_VITIS_LOOP_148_1' 
INFO: [HLS 200-10] ----------------------------------------------------------------
Execute       create_rtl_model fit_Pipeline_VITIS_LOOP_148_1 -top_prefix main_ -sub_prefix main_ -mg_file /nfs/ihfs/home_metis/akraus/HW3-dir/hw/hls_fit/solution1/.autopilot/db/fit_Pipeline_VITIS_LOOP_148_1.compgen.tcl 
INFO: [HLS 200-1030] Apply Unified Pipeline Control on module 'fit_Pipeline_VITIS_LOOP_148_1' pipeline 'VITIS_LOOP_148_1' pipeline type 'loop pipeline'
INFO: [RTGEN 206-100] Generating core module 'dadd_64ns_64ns_64_4_full_dsp_1': 1 instance(s).
INFO: [RTGEN 206-100] Generating core module 'dadddsub_64ns_64ns_64_4_full_dsp_1': 1 instance(s).
INFO: [RTGEN 206-100] Generating core module 'ddiv_64ns_64ns_64_13_no_dsp_1': 1 instance(s).
INFO: [RTGEN 206-100] Generating core module 'dmul_64ns_64ns_64_4_max_dsp_1': 2 instance(s).
INFO: [RTGEN 206-100] Generating core module 'sitodp_64ns_64_2_no_dsp_1': 1 instance(s).
INFO: [RTGEN 206-100] Finished creating RTL model for 'fit_Pipeline_VITIS_LOOP_148_1'.
INFO: [HLS 200-111] Finished Creating RTL model: CPU user time: 0.16 seconds. CPU system time: 0 seconds. Elapsed time: 0.19 seconds; current allocated memory: 3.552 GB.
Execute       source /nfs/ihfs/home_metis/akraus/HW3-dir/hw/hls_fit/solution1/.autopilot/db/main.rtl_wrap.cfg.tcl 
Execute       gen_rtl fit_Pipeline_VITIS_LOOP_148_1 -style xilinx -f -lang vhdl -o /nfs/ihfs/home_metis/akraus/HW3-dir/hw/hls_fit/solution1/syn/vhdl/main_fit_Pipeline_VITIS_LOOP_148_1 
Execute       gen_rtl fit_Pipeline_VITIS_LOOP_148_1 -style xilinx -f -lang vlog -o /nfs/ihfs/home_metis/akraus/HW3-dir/hw/hls_fit/solution1/syn/verilog/main_fit_Pipeline_VITIS_LOOP_148_1 
Execute       syn_report -csynth -model fit_Pipeline_VITIS_LOOP_148_1 -o /nfs/ihfs/home_metis/akraus/HW3-dir/hw/hls_fit/solution1/syn/report/fit_Pipeline_VITIS_LOOP_148_1_csynth.rpt 
Execute         list_part -family xcvu11p-flga2577-1-e 
Execute           ap_family_info -name xcvu11p-flga2577-1-e -data names 
Execute           ap_part_info -quiet -name xcvu11p-flga2577-1-e -data family 
Execute       syn_report -rtlxml -model fit_Pipeline_VITIS_LOOP_148_1 -o /nfs/ihfs/home_metis/akraus/HW3-dir/hw/hls_fit/solution1/syn/report/fit_Pipeline_VITIS_LOOP_148_1_csynth.xml 
Execute         list_part -family xcvu11p-flga2577-1-e 
Execute           ap_family_info -name xcvu11p-flga2577-1-e -data names 
Execute           ap_part_info -quiet -name xcvu11p-flga2577-1-e -data family 
Execute       syn_report -verbosereport -model fit_Pipeline_VITIS_LOOP_148_1 -o /nfs/ihfs/home_metis/akraus/HW3-dir/hw/hls_fit/solution1/.autopilot/db/fit_Pipeline_VITIS_LOOP_148_1.verbose.rpt 
Execute         list_part -family xcvu11p-flga2577-1-e 
Execute           ap_family_info -name xcvu11p-flga2577-1-e -data names 
Execute           ap_part_info -quiet -name xcvu11p-flga2577-1-e -data family 
Execute       db_write -model fit_Pipeline_VITIS_LOOP_148_1 -f -o /nfs/ihfs/home_metis/akraus/HW3-dir/hw/hls_fit/solution1/.autopilot/db/fit_Pipeline_VITIS_LOOP_148_1.adb 
Execute       db_write -model fit_Pipeline_VITIS_LOOP_148_1 -bindview -o /nfs/ihfs/home_metis/akraus/HW3-dir/hw/hls_fit/solution1/.autopilot/db/design.bindinfo.xml 
Execute       gen_tb_info fit_Pipeline_VITIS_LOOP_148_1 -p /nfs/ihfs/home_metis/akraus/HW3-dir/hw/hls_fit/solution1/.autopilot/db -o /nfs/ihfs/home_metis/akraus/HW3-dir/hw/hls_fit/solution1/.autopilot/db/fit_Pipeline_VITIS_LOOP_148_1 
INFO: [HLS 200-10] ----------------------------------------------------------------
INFO: [HLS 200-10] -- Generating RTL for module 'fit' 
INFO: [HLS 200-10] ----------------------------------------------------------------
Execute       create_rtl_model fit -top_prefix main_ -sub_prefix main_ -mg_file /nfs/ihfs/home_metis/akraus/HW3-dir/hw/hls_fit/solution1/.autopilot/db/fit.compgen.tcl 
INFO: [RTGEN 206-100] Generating core module 'dadddsub_64ns_64ns_64_4_full_dsp_1': 1 instance(s).
INFO: [RTGEN 206-100] Generating core module 'ddiv_64ns_64ns_64_13_no_dsp_1': 2 instance(s).
INFO: [RTGEN 206-100] Generating core module 'dmul_64ns_64ns_64_4_max_dsp_1': 3 instance(s).
INFO: [RTGEN 206-100] Generating core module 'mul_64s_64s_64_1_1': 4 instance(s).
INFO: [RTGEN 206-100] Generating core module 'mul_64s_9ns_64_1_1': 2 instance(s).
INFO: [RTGEN 206-100] Generating core module 'printdouble': 6 instance(s).
INFO: [RTGEN 206-100] Generating core module 'printnone': 1 instance(s).
INFO: [RTGEN 206-100] Generating core module 'sitodp_64ns_64_2_no_dsp_1': 4 instance(s).
INFO: [RTGEN 206-100] Finished creating RTL model for 'fit'.
INFO: [HLS 200-111] Finished Creating RTL model: CPU user time: 0.18 seconds. CPU system time: 0 seconds. Elapsed time: 0.22 seconds; current allocated memory: 3.552 GB.
Execute       source /nfs/ihfs/home_metis/akraus/HW3-dir/hw/hls_fit/solution1/.autopilot/db/main.rtl_wrap.cfg.tcl 
Execute       gen_rtl fit -style xilinx -f -lang vhdl -o /nfs/ihfs/home_metis/akraus/HW3-dir/hw/hls_fit/solution1/syn/vhdl/main_fit 
Execute       gen_rtl fit -style xilinx -f -lang vlog -o /nfs/ihfs/home_metis/akraus/HW3-dir/hw/hls_fit/solution1/syn/verilog/main_fit 
Execute       syn_report -csynth -model fit -o /nfs/ihfs/home_metis/akraus/HW3-dir/hw/hls_fit/solution1/syn/report/fit_csynth.rpt 
Execute         list_part -family xcvu11p-flga2577-1-e 
Execute           ap_family_info -name xcvu11p-flga2577-1-e -data names 
Execute           ap_part_info -quiet -name xcvu11p-flga2577-1-e -data family 
Execute       syn_report -rtlxml -model fit -o /nfs/ihfs/home_metis/akraus/HW3-dir/hw/hls_fit/solution1/syn/report/fit_csynth.xml 
Execute         list_part -family xcvu11p-flga2577-1-e 
Execute           ap_family_info -name xcvu11p-flga2577-1-e -data names 
Execute           ap_part_info -quiet -name xcvu11p-flga2577-1-e -data family 
Execute       syn_report -verbosereport -model fit -o /nfs/ihfs/home_metis/akraus/HW3-dir/hw/hls_fit/solution1/.autopilot/db/fit.verbose.rpt 
Execute         list_part -family xcvu11p-flga2577-1-e 
Execute           ap_family_info -name xcvu11p-flga2577-1-e -data names 
Execute           ap_part_info -quiet -name xcvu11p-flga2577-1-e -data family 
Execute       db_write -model fit -f -o /nfs/ihfs/home_metis/akraus/HW3-dir/hw/hls_fit/solution1/.autopilot/db/fit.adb 
Execute       db_write -model fit -bindview -o /nfs/ihfs/home_metis/akraus/HW3-dir/hw/hls_fit/solution1/.autopilot/db/design.bindinfo.xml 
Execute       gen_tb_info fit -p /nfs/ihfs/home_metis/akraus/HW3-dir/hw/hls_fit/solution1/.autopilot/db -o /nfs/ihfs/home_metis/akraus/HW3-dir/hw/hls_fit/solution1/.autopilot/db/fit 
INFO: [HLS 200-10] ----------------------------------------------------------------
INFO: [HLS 200-10] -- Generating RTL for module 'main' 
INFO: [HLS 200-10] ----------------------------------------------------------------
Execute       create_rtl_model main -top_prefix  -sub_prefix main_ -mg_file /nfs/ihfs/home_metis/akraus/HW3-dir/hw/hls_fit/solution1/.autopilot/db/main.compgen.tcl 
WARNING: [RTGEN 206-101] Design contains AXI ports. Reset is fixed to synchronous and active low.
INFO: [RTGEN 206-500] Setting interface mode on function 'main' to 's_axilite & ap_ctrl_chain'.
INFO: [RTGEN 206-100] Bundling port 'return' to AXI-Lite port control.
INFO: [RTGEN 206-100] Generating core module 'printint': 12 instance(s).
INFO: [RTGEN 206-100] Finished creating RTL model for 'main'.
INFO: [RTMG 210-278] Implementing memory 'main_vla3_RAM_AUTO_1R1W' using auto RAMs.
INFO: [RTMG 210-278] Implementing memory 'main_vla14_RAM_AUTO_1R1W' using auto RAMs.
INFO: [RTMG 210-278] Implementing memory 'main_vla25_RAM_AUTO_1R1W' using auto RAMs.
Command       create_rtl_model done; 4.65 sec.
INFO: [HLS 200-111] Finished Creating RTL model: CPU user time: 4.76 seconds. CPU system time: 0.01 seconds. Elapsed time: 4.82 seconds; current allocated memory: 3.552 GB.
Execute       source /nfs/ihfs/home_metis/akraus/HW3-dir/hw/hls_fit/solution1/.autopilot/db/main.rtl_wrap.cfg.tcl 
Execute       gen_rtl main -istop -style xilinx -f -lang vhdl -o /nfs/ihfs/home_metis/akraus/HW3-dir/hw/hls_fit/solution1/syn/vhdl/main 
Execute       gen_rtl main -istop -style xilinx -f -lang vlog -o /nfs/ihfs/home_metis/akraus/HW3-dir/hw/hls_fit/solution1/syn/verilog/main 
Execute       syn_report -csynth -model main -o /nfs/ihfs/home_metis/akraus/HW3-dir/hw/hls_fit/solution1/syn/report/main_csynth.rpt 
Execute         list_part -family xcvu11p-flga2577-1-e 
Execute           ap_family_info -name xcvu11p-flga2577-1-e -data names 
Execute           ap_part_info -quiet -name xcvu11p-flga2577-1-e -data family 
Execute       syn_report -rtlxml -model main -o /nfs/ihfs/home_metis/akraus/HW3-dir/hw/hls_fit/solution1/syn/report/main_csynth.xml 
Execute         list_part -family xcvu11p-flga2577-1-e 
Execute           ap_family_info -name xcvu11p-flga2577-1-e -data names 
Execute           ap_part_info -quiet -name xcvu11p-flga2577-1-e -data family 
Execute       syn_report -verbosereport -model main -o /nfs/ihfs/home_metis/akraus/HW3-dir/hw/hls_fit/solution1/.autopilot/db/main.verbose.rpt 
Execute         list_part -family xcvu11p-flga2577-1-e 
Execute           ap_family_info -name xcvu11p-flga2577-1-e -data names 
Execute           ap_part_info -quiet -name xcvu11p-flga2577-1-e -data family 
Command       syn_report done; 0.92 sec.
Execute       db_write -model main -f -o /nfs/ihfs/home_metis/akraus/HW3-dir/hw/hls_fit/solution1/.autopilot/db/main.adb 
Command       db_write done; 0.24 sec.
Execute       db_write -model main -bindview -o /nfs/ihfs/home_metis/akraus/HW3-dir/hw/hls_fit/solution1/.autopilot/db/design.bindinfo.xml 
Execute       gen_tb_info main -p /nfs/ihfs/home_metis/akraus/HW3-dir/hw/hls_fit/solution1/.autopilot/db -o /nfs/ihfs/home_metis/akraus/HW3-dir/hw/hls_fit/solution1/.autopilot/db/main 
Execute       export_constraint_db -f -tool general -o /nfs/ihfs/home_metis/akraus/HW3-dir/hw/hls_fit/solution1/.autopilot/db/main.constraint.tcl 
Execute       syn_report -designview -model main -o /nfs/ihfs/home_metis/akraus/HW3-dir/hw/hls_fit/solution1/.autopilot/db/main.design.xml 
Execute       syn_report -csynthDesign -model main -o /nfs/ihfs/home_metis/akraus/HW3-dir/hw/hls_fit/solution1/syn/report/csynth.rpt -MHOut /nfs/ihfs/home_metis/akraus/HW3-dir/hw/hls_fit/solution1/.autopilot/db/kernel_module_hierarchy.tcl 
Execute         list_part -family xcvu11p-flga2577-1-e 
Execute           ap_family_info -name xcvu11p-flga2577-1-e -data names 
Execute           ap_part_info -quiet -name xcvu11p-flga2577-1-e -data family 
Execute       syn_report -wcfg -model main -o /nfs/ihfs/home_metis/akraus/HW3-dir/hw/hls_fit/solution1/.autopilot/db/main_dataflow_ana.wcfg 
Execute       syn_report -protoinst -model main -o /nfs/ihfs/home_metis/akraus/HW3-dir/hw/hls_fit/solution1/.autopilot/db/main.protoinst 
Execute       sc_get_clocks main 
Execute       sc_get_portdomain main 
INFO-FLOW: Model list for RTL component generation: fit_Pipeline_VITIS_LOOP_28_1 fit_Pipeline_VITIS_LOOP_204_1 fit_Pipeline_VITIS_LOOP_100_1 fit_Pipeline_VITIS_LOOP_53_1 fit_Pipeline_VITIS_LOOP_148_1 fit main
INFO-FLOW: Handling components in module [fit_Pipeline_VITIS_LOOP_28_1] ... 
Execute       source /nfs/ihfs/home_metis/akraus/HW3-dir/hw/hls_fit/solution1/.autopilot/db/fit_Pipeline_VITIS_LOOP_28_1.compgen.tcl 
INFO-FLOW: Found component main_mul_12s_7ns_19_1_1.
INFO-FLOW: Append model main_mul_12s_7ns_19_1_1
INFO-FLOW: Found component main_mul_7ns_7ns_14_1_1.
INFO-FLOW: Append model main_mul_7ns_7ns_14_1_1
INFO-FLOW: Found component main_flow_control_loop_pipe_sequential_init.
INFO-FLOW: Append model main_flow_control_loop_pipe_sequential_init
INFO-FLOW: Handling components in module [fit_Pipeline_VITIS_LOOP_204_1] ... 
Execute       source /nfs/ihfs/home_metis/akraus/HW3-dir/hw/hls_fit/solution1/.autopilot/db/fit_Pipeline_VITIS_LOOP_204_1.compgen.tcl 
INFO-FLOW: Found component main_flow_control_loop_pipe_sequential_init.
INFO-FLOW: Append model main_flow_control_loop_pipe_sequential_init
INFO-FLOW: Handling components in module [fit_Pipeline_VITIS_LOOP_100_1] ... 
Execute       source /nfs/ihfs/home_metis/akraus/HW3-dir/hw/hls_fit/solution1/.autopilot/db/fit_Pipeline_VITIS_LOOP_100_1.compgen.tcl 
INFO-FLOW: Found component main_flow_control_loop_pipe_sequential_init.
INFO-FLOW: Append model main_flow_control_loop_pipe_sequential_init
INFO-FLOW: Handling components in module [fit_Pipeline_VITIS_LOOP_53_1] ... 
Execute       source /nfs/ihfs/home_metis/akraus/HW3-dir/hw/hls_fit/solution1/.autopilot/db/fit_Pipeline_VITIS_LOOP_53_1.compgen.tcl 
INFO-FLOW: Found component main_flow_control_loop_pipe_sequential_init.
INFO-FLOW: Append model main_flow_control_loop_pipe_sequential_init
INFO-FLOW: Handling components in module [fit_Pipeline_VITIS_LOOP_148_1] ... 
Execute       source /nfs/ihfs/home_metis/akraus/HW3-dir/hw/hls_fit/solution1/.autopilot/db/fit_Pipeline_VITIS_LOOP_148_1.compgen.tcl 
INFO-FLOW: Found component main_dadd_64ns_64ns_64_4_full_dsp_1.
INFO-FLOW: Append model main_dadd_64ns_64ns_64_4_full_dsp_1
INFO-FLOW: Found component main_flow_control_loop_pipe_sequential_init.
INFO-FLOW: Append model main_flow_control_loop_pipe_sequential_init
INFO-FLOW: Handling components in module [fit] ... 
Execute       source /nfs/ihfs/home_metis/akraus/HW3-dir/hw/hls_fit/solution1/.autopilot/db/fit.compgen.tcl 
INFO-FLOW: Found component main_dadddsub_64ns_64ns_64_4_full_dsp_1.
INFO-FLOW: Append model main_dadddsub_64ns_64ns_64_4_full_dsp_1
INFO-FLOW: Found component main_dmul_64ns_64ns_64_4_max_dsp_1.
INFO-FLOW: Append model main_dmul_64ns_64ns_64_4_max_dsp_1
INFO-FLOW: Found component main_ddiv_64ns_64ns_64_13_no_dsp_1.
INFO-FLOW: Append model main_ddiv_64ns_64ns_64_13_no_dsp_1
INFO-FLOW: Found component main_mul_64s_9ns_64_1_1.
INFO-FLOW: Append model main_mul_64s_9ns_64_1_1
INFO-FLOW: Found component main_mul_64s_64s_64_1_1.
INFO-FLOW: Append model main_mul_64s_64s_64_1_1
INFO-FLOW: Found component main_printdouble.
INFO-FLOW: Append model main_printdouble
INFO-FLOW: Found component main_printnone.
INFO-FLOW: Append model main_printnone
INFO-FLOW: Found component main_sitodp_64ns_64_2_no_dsp_1.
INFO-FLOW: Append model main_sitodp_64ns_64_2_no_dsp_1
INFO-FLOW: Handling components in module [main] ... 
Execute       source /nfs/ihfs/home_metis/akraus/HW3-dir/hw/hls_fit/solution1/.autopilot/db/main.compgen.tcl 
INFO-FLOW: Found component main_printint.
INFO-FLOW: Append model main_printint
INFO-FLOW: Found component main_vla3_RAM_AUTO_1R1W.
INFO-FLOW: Append model main_vla3_RAM_AUTO_1R1W
INFO-FLOW: Found component main_vla14_RAM_AUTO_1R1W.
INFO-FLOW: Append model main_vla14_RAM_AUTO_1R1W
INFO-FLOW: Found component main_vla25_RAM_AUTO_1R1W.
INFO-FLOW: Append model main_vla25_RAM_AUTO_1R1W
INFO-FLOW: Found component main_control_s_axi.
INFO-FLOW: Append model main_control_s_axi
INFO-FLOW: Append model fit_Pipeline_VITIS_LOOP_28_1
INFO-FLOW: Append model fit_Pipeline_VITIS_LOOP_204_1
INFO-FLOW: Append model fit_Pipeline_VITIS_LOOP_100_1
INFO-FLOW: Append model fit_Pipeline_VITIS_LOOP_53_1
INFO-FLOW: Append model fit_Pipeline_VITIS_LOOP_148_1
INFO-FLOW: Append model fit
INFO-FLOW: Append model main
INFO-FLOW: Generating RTL model list ...
INFO-FLOW: All models in this session: main_mul_12s_7ns_19_1_1 main_mul_7ns_7ns_14_1_1 main_flow_control_loop_pipe_sequential_init main_flow_control_loop_pipe_sequential_init main_flow_control_loop_pipe_sequential_init main_flow_control_loop_pipe_sequential_init main_dadd_64ns_64ns_64_4_full_dsp_1 main_flow_control_loop_pipe_sequential_init main_dadddsub_64ns_64ns_64_4_full_dsp_1 main_dmul_64ns_64ns_64_4_max_dsp_1 main_ddiv_64ns_64ns_64_13_no_dsp_1 main_mul_64s_9ns_64_1_1 main_mul_64s_64s_64_1_1 main_printdouble main_printnone main_sitodp_64ns_64_2_no_dsp_1 main_printint main_vla3_RAM_AUTO_1R1W main_vla14_RAM_AUTO_1R1W main_vla25_RAM_AUTO_1R1W main_control_s_axi fit_Pipeline_VITIS_LOOP_28_1 fit_Pipeline_VITIS_LOOP_204_1 fit_Pipeline_VITIS_LOOP_100_1 fit_Pipeline_VITIS_LOOP_53_1 fit_Pipeline_VITIS_LOOP_148_1 fit main
INFO-FLOW: Generating /nfs/ihfs/home_metis/akraus/HW3-dir/hw/hls_fit/solution1/.autopilot/db/autopilot.rtl.models.txt file...
INFO-FLOW: To file: write model main_mul_12s_7ns_19_1_1
INFO-FLOW: To file: write model main_mul_7ns_7ns_14_1_1
INFO-FLOW: To file: write model main_flow_control_loop_pipe_sequential_init
INFO-FLOW: To file: write model main_flow_control_loop_pipe_sequential_init
INFO-FLOW: To file: write model main_flow_control_loop_pipe_sequential_init
INFO-FLOW: To file: write model main_flow_control_loop_pipe_sequential_init
INFO-FLOW: To file: write model main_dadd_64ns_64ns_64_4_full_dsp_1
INFO-FLOW: To file: write model main_flow_control_loop_pipe_sequential_init
INFO-FLOW: To file: write model main_dadddsub_64ns_64ns_64_4_full_dsp_1
INFO-FLOW: To file: write model main_dmul_64ns_64ns_64_4_max_dsp_1
INFO-FLOW: To file: write model main_ddiv_64ns_64ns_64_13_no_dsp_1
INFO-FLOW: To file: write model main_mul_64s_9ns_64_1_1
INFO-FLOW: To file: write model main_mul_64s_64s_64_1_1
INFO-FLOW: To file: write model main_printdouble
INFO-FLOW: To file: write model main_printnone
INFO-FLOW: To file: write model main_sitodp_64ns_64_2_no_dsp_1
INFO-FLOW: To file: write model main_printint
INFO-FLOW: To file: write model main_vla3_RAM_AUTO_1R1W
INFO-FLOW: To file: write model main_vla14_RAM_AUTO_1R1W
INFO-FLOW: To file: write model main_vla25_RAM_AUTO_1R1W
INFO-FLOW: To file: write model main_control_s_axi
INFO-FLOW: To file: write model fit_Pipeline_VITIS_LOOP_28_1
INFO-FLOW: To file: write model fit_Pipeline_VITIS_LOOP_204_1
INFO-FLOW: To file: write model fit_Pipeline_VITIS_LOOP_100_1
INFO-FLOW: To file: write model fit_Pipeline_VITIS_LOOP_53_1
INFO-FLOW: To file: write model fit_Pipeline_VITIS_LOOP_148_1
INFO-FLOW: To file: write model fit
INFO-FLOW: To file: write model main
INFO-FLOW: Generating /nfs/ihfs/home_metis/akraus/HW3-dir/hw/hls_fit/solution1/.autopilot/db/autopilot.rtl.models.tcl file...
INFO-FLOW: Finished generating RTL model list.


INFO-FLOW: RTL Generation done.
INFO-FLOW: CAS Generation done.
INFO-FLOW: CBC Generation done.
INFO-FLOW: DBG:PROC: ::AESL_AUTOMG::auto_generate_csynth_design
INFO-FLOW: DBG:PUTS: read_platform_lib /nfs/ihfs/home_metis/akraus/HW3-dir/hw/hls_fit/solution1/.autopilot/db/global.setting.tcl
Execute       source /opt/metis/el8/contrib/amdtools/xilinx-2023.1/Vitis_HLS/2023.1/common/technology/generic/autopilot/common.gen 
Execute         source /opt/metis/el8/contrib/amdtools/xilinx-2023.1/Vitis_HLS/2023.1/common/technology/generic/autopilot/APCoreGen.gen 
Execute       source /opt/metis/el8/contrib/amdtools/xilinx-2023.1/Vitis_HLS/2023.1/common/technology/generic/autopilot/op.gen 
Execute       source /opt/metis/el8/contrib/amdtools/xilinx-2023.1/Vitis_HLS/2023.1/common/technology/generic/autopilot/op_simcore.gen 
Execute       source /opt/metis/el8/contrib/amdtools/xilinx-2023.1/Vitis_HLS/2023.1/common/technology/generic/autopilot/interface.gen 
Execute       source /nfs/ihfs/home_metis/akraus/HW3-dir/hw/hls_fit/solution1/.autopilot/db/global.setting.tcl 
Execute       source /opt/metis/el8/contrib/amdtools/xilinx-2023.1/Vitis_HLS/2023.1/common/technology/xilinx/common/xilinx.gen 
Execute         source /opt/metis/el8/contrib/amdtools/xilinx-2023.1/Vitis_HLS/2023.1/common/technology/xilinx/interface/plb46.gen 
Execute         source /opt/metis/el8/contrib/amdtools/xilinx-2023.1/Vitis_HLS/2023.1/common/technology/xilinx/interface/axi4.gen 
Execute         source /opt/metis/el8/contrib/amdtools/xilinx-2023.1/Vitis_HLS/2023.1/common/technology/xilinx/interface/nativeAXI4.gen 
Execute           source /opt/metis/el8/contrib/amdtools/xilinx-2023.1/Vitis_HLS/2023.1/common/technology/xilinx/interface/saxilite.gen 
Execute         source /opt/metis/el8/contrib/amdtools/xilinx-2023.1/Vitis_HLS/2023.1/common/technology/xilinx/scripts/xilinxcoregen.gen 
Execute         source /opt/metis/el8/contrib/amdtools/xilinx-2023.1/Vitis_HLS/2023.1/common/technology/xilinx/interface/XilEDKCoreGen.gen 
Execute         source /opt/metis/el8/contrib/amdtools/xilinx-2023.1/Vitis_HLS/2023.1/common/technology/xilinx/ip/dds_compiler.gen 
Execute         source /opt/metis/el8/contrib/amdtools/xilinx-2023.1/Vitis_HLS/2023.1/common/technology/xilinx/ip/util.gen 
Execute         source /opt/metis/el8/contrib/amdtools/xilinx-2023.1/Vitis_HLS/2023.1/common/technology/xilinx/ip/xfft.gen 
Execute         source /opt/metis/el8/contrib/amdtools/xilinx-2023.1/Vitis_HLS/2023.1/common/technology/xilinx/ip/xfir.gen 
Execute         source /opt/metis/el8/contrib/amdtools/xilinx-2023.1/Vitis_HLS/2023.1/common/technology/xilinx/DSP48/dsp48.gen 
INFO-FLOW: DBG:PUTS:   using AESL_AUTOCG::g_clock_period=10.000 (was NA)
INFO-FLOW: DBG:PROC: ::AESL_AUTOMG::generate_ip_cores gen_sim_model='1' gen_fp_models='0' gen_for_export='0' dstSCDir='' dstVhdlDir='/nfs/ihfs/home_metis/akraus/HW3-dir/hw/hls_fit/solution1/.autopilot/db/vhdl' dstVlogDir='/nfs/ihfs/home_metis/akraus/HW3-dir/hw/hls_fit/solution1/.autopilot/db/vlog' tclDir='/nfs/ihfs/home_metis/akraus/HW3-dir/hw/hls_fit/solution1/.autopilot/db' modelList='main_mul_12s_7ns_19_1_1
main_mul_7ns_7ns_14_1_1
main_flow_control_loop_pipe_sequential_init
main_flow_control_loop_pipe_sequential_init
main_flow_control_loop_pipe_sequential_init
main_flow_control_loop_pipe_sequential_init
main_dadd_64ns_64ns_64_4_full_dsp_1
main_flow_control_loop_pipe_sequential_init
main_dadddsub_64ns_64ns_64_4_full_dsp_1
main_dmul_64ns_64ns_64_4_max_dsp_1
main_ddiv_64ns_64ns_64_13_no_dsp_1
main_mul_64s_9ns_64_1_1
main_mul_64s_64s_64_1_1
main_printdouble
main_printnone
main_sitodp_64ns_64_2_no_dsp_1
main_printint
main_vla3_RAM_AUTO_1R1W
main_vla14_RAM_AUTO_1R1W
main_vla25_RAM_AUTO_1R1W
main_control_s_axi
fit_Pipeline_VITIS_LOOP_28_1
fit_Pipeline_VITIS_LOOP_204_1
fit_Pipeline_VITIS_LOOP_100_1
fit_Pipeline_VITIS_LOOP_53_1
fit_Pipeline_VITIS_LOOP_148_1
fit
main
' expOnly='0'
Execute       source /nfs/ihfs/home_metis/akraus/HW3-dir/hw/hls_fit/solution1/.autopilot/db/global.setting.tcl 
Execute       ap_part_info -name xcvu11p-flga2577-1-e -data names -quiet 
Execute       ap_part_info -name xcvu11p-flga2577-1-e -data info -quiet 
Execute       source /nfs/ihfs/home_metis/akraus/HW3-dir/hw/hls_fit/solution1/.autopilot/db/global.setting.tcl 
Execute       source /nfs/ihfs/home_metis/akraus/HW3-dir/hw/hls_fit/solution1/.autopilot/db/global.setting.tcl 
Execute       source /nfs/ihfs/home_metis/akraus/HW3-dir/hw/hls_fit/solution1/.autopilot/db/fit_Pipeline_VITIS_LOOP_28_1.compgen.tcl 
Execute       source /nfs/ihfs/home_metis/akraus/HW3-dir/hw/hls_fit/solution1/.autopilot/db/fit_Pipeline_VITIS_LOOP_204_1.compgen.tcl 
Execute       source /nfs/ihfs/home_metis/akraus/HW3-dir/hw/hls_fit/solution1/.autopilot/db/fit_Pipeline_VITIS_LOOP_100_1.compgen.tcl 
Execute       source /nfs/ihfs/home_metis/akraus/HW3-dir/hw/hls_fit/solution1/.autopilot/db/fit_Pipeline_VITIS_LOOP_53_1.compgen.tcl 
Execute       source /nfs/ihfs/home_metis/akraus/HW3-dir/hw/hls_fit/solution1/.autopilot/db/fit_Pipeline_VITIS_LOOP_148_1.compgen.tcl 
Execute       source /nfs/ihfs/home_metis/akraus/HW3-dir/hw/hls_fit/solution1/.autopilot/db/fit.compgen.tcl 
Execute       source /nfs/ihfs/home_metis/akraus/HW3-dir/hw/hls_fit/solution1/.autopilot/db/main.compgen.tcl 
Execute         source ./control.slave.tcl 
INFO: [HLS 200-111] Finished Generating all RTL models: CPU user time: 2.04 seconds. CPU system time: 0.16 seconds. Elapsed time: 2.38 seconds; current allocated memory: 3.552 GB.
INFO-FLOW: DBG:PROC: ::HLSREPORTS::create_csynth_xml bind_info_var='bind_info' RtlSubPrefix='main_' outfile=''
INFO-FLOW: Running: create_csynth_xml read xml data
INFO-FLOW: Done: create_csynth_xml read xml data time: 0 seconds per iteration
INFO-FLOW: Running: create_csynth_xml bind info
INFO-FLOW: Done: create_csynth_xml bind info time: 0 seconds per iteration
INFO-FLOW: Running: create_csynth_xml config info
INFO-FLOW: Done: create_csynth_xml config info time: 0.1 seconds per iteration
INFO-FLOW: Running: create_csynth_xml write xml
INFO-FLOW: Done: create_csynth_xml write xml time: 0 seconds per iteration
INFO-FLOW: DBG:PUTS:      create_csynth_xml wrote csynth_xml=/nfs/ihfs/home_metis/akraus/HW3-dir/hw/hls_fit/solution1/syn/report/csynth.xml
INFO-FLOW: DBG:PROC: ::AP::DESIGN_DATA::generate_json generate_bd_files='0' generate_xo_files='0' modelList='main_mul_12s_7ns_19_1_1
main_mul_7ns_7ns_14_1_1
main_flow_control_loop_pipe_sequential_init
main_flow_control_loop_pipe_sequential_init
main_flow_control_loop_pipe_sequential_init
main_flow_control_loop_pipe_sequential_init
main_dadd_64ns_64ns_64_4_full_dsp_1
main_flow_control_loop_pipe_sequential_init
main_dadddsub_64ns_64ns_64_4_full_dsp_1
main_dmul_64ns_64ns_64_4_max_dsp_1
main_ddiv_64ns_64ns_64_13_no_dsp_1
main_mul_64s_9ns_64_1_1
main_mul_64s_64s_64_1_1
main_printdouble
main_printnone
main_sitodp_64ns_64_2_no_dsp_1
main_printint
main_vla3_RAM_AUTO_1R1W
main_vla14_RAM_AUTO_1R1W
main_vla25_RAM_AUTO_1R1W
main_control_s_axi
fit_Pipeline_VITIS_LOOP_28_1
fit_Pipeline_VITIS_LOOP_204_1
fit_Pipeline_VITIS_LOOP_100_1
fit_Pipeline_VITIS_LOOP_53_1
fit_Pipeline_VITIS_LOOP_148_1
fit
main
' rtl_lang='both' bootstrap_tcl='false' outdir='' outfilename=''
Execute       source /nfs/ihfs/home_metis/akraus/HW3-dir/hw/hls_fit/solution1/.autopilot/db/global.setting.tcl 
Execute       source /nfs/ihfs/home_metis/akraus/HW3-dir/hw/hls_fit/solution1/.autopilot/db/global.setting.tcl 
Execute       source /nfs/ihfs/home_metis/akraus/HW3-dir/hw/hls_fit/solution1/.autopilot/db/top-io-be.tcl 
Execute       source /nfs/ihfs/home_metis/akraus/HW3-dir/hw/hls_fit/solution1/.autopilot/db/main.tbgen.tcl 
Execute       source /nfs/ihfs/home_metis/akraus/HW3-dir/hw/hls_fit/solution1/.autopilot/db/main.compgen.dataonly.tcl 
Execute       source /nfs/ihfs/home_metis/akraus/HW3-dir/hw/hls_fit/solution1/.autopilot/db/main.compgen.dataonly.tcl 
Execute       source /nfs/ihfs/home_metis/akraus/HW3-dir/hw/hls_fit/solution1/.autopilot/db/main.rtl_wrap.cfg.tcl 
Execute       source /nfs/ihfs/home_metis/akraus/HW3-dir/hw/hls_fit/solution1/.autopilot/db/main.compgen.dataonly.tcl 
Execute       source /nfs/ihfs/home_metis/akraus/HW3-dir/hw/hls_fit/solution1/.autopilot/db/fit_Pipeline_VITIS_LOOP_28_1.tbgen.tcl 
Execute       source /nfs/ihfs/home_metis/akraus/HW3-dir/hw/hls_fit/solution1/.autopilot/db/fit_Pipeline_VITIS_LOOP_204_1.tbgen.tcl 
Execute       source /nfs/ihfs/home_metis/akraus/HW3-dir/hw/hls_fit/solution1/.autopilot/db/fit_Pipeline_VITIS_LOOP_100_1.tbgen.tcl 
Execute       source /nfs/ihfs/home_metis/akraus/HW3-dir/hw/hls_fit/solution1/.autopilot/db/fit_Pipeline_VITIS_LOOP_53_1.tbgen.tcl 
Execute       source /nfs/ihfs/home_metis/akraus/HW3-dir/hw/hls_fit/solution1/.autopilot/db/fit_Pipeline_VITIS_LOOP_148_1.tbgen.tcl 
Execute       source /nfs/ihfs/home_metis/akraus/HW3-dir/hw/hls_fit/solution1/.autopilot/db/fit.tbgen.tcl 
Execute       source /nfs/ihfs/home_metis/akraus/HW3-dir/hw/hls_fit/solution1/.autopilot/db/main.tbgen.tcl 
Execute       source /nfs/ihfs/home_metis/akraus/HW3-dir/hw/hls_fit/solution1/.autopilot/db/global.setting.tcl 
Execute       ap_part_info -name xcvu11p-flga2577-1-e -data names -quiet 
Execute       ap_part_info -name xcvu11p-flga2577-1-e -data info -quiet 
Execute       source /nfs/ihfs/home_metis/akraus/HW3-dir/hw/hls_fit/solution1/.autopilot/db/main.constraint.tcl 
Execute       sc_get_clocks main 
Execute       source /nfs/ihfs/home_metis/akraus/HW3-dir/hw/hls_fit/solution1/.autopilot/db/global.setting.tcl 
Execute       source /nfs/ihfs/home_metis/akraus/HW3-dir/hw/hls_fit/solution1/impl/misc/main_dadd_64ns_64ns_64_4_full_dsp_1_ip.tcl 
Execute       source /nfs/ihfs/home_metis/akraus/HW3-dir/hw/hls_fit/solution1/impl/misc/main_dadddsub_64ns_64ns_64_4_full_dsp_1_ip.tcl 
Execute       source /nfs/ihfs/home_metis/akraus/HW3-dir/hw/hls_fit/solution1/impl/misc/main_ddiv_64ns_64ns_64_13_no_dsp_1_ip.tcl 
Execute       source /nfs/ihfs/home_metis/akraus/HW3-dir/hw/hls_fit/solution1/impl/misc/main_dmul_64ns_64ns_64_4_max_dsp_1_ip.tcl 
Execute       source /nfs/ihfs/home_metis/akraus/HW3-dir/hw/hls_fit/solution1/impl/misc/main_sitodp_64ns_64_2_no_dsp_1_ip.tcl 
INFO-FLOW: DBG:PROC: ::HLSREPORTS::add_csynth_report_sections bind_info_dict='adapter_nodes {{BINDTYPE adapter DISPLAY {bind_adapter axilite} ID {} IMPL {} LATENCY {} OPTYPE {} PRAGMA yes RTLNAME control_s_axi_U SOURCE {} VARIABLE {} MODULE main LOOP {} BUNDLEDNAME control DSP 0 BRAM 0 URAM 0}} report_dict {TOPINST main MODULE2INSTS {main main fit grp_fit_fu_14454 fit_Pipeline_VITIS_LOOP_28_1 grp_fit_Pipeline_VITIS_LOOP_28_1_fu_82 fit_Pipeline_VITIS_LOOP_100_1 grp_fit_Pipeline_VITIS_LOOP_100_1_fu_96 fit_Pipeline_VITIS_LOOP_204_1 grp_fit_Pipeline_VITIS_LOOP_204_1_fu_105 fit_Pipeline_VITIS_LOOP_53_1 grp_fit_Pipeline_VITIS_LOOP_53_1_fu_116 fit_Pipeline_VITIS_LOOP_148_1 grp_fit_Pipeline_VITIS_LOOP_148_1_fu_126} INST2MODULE {main main grp_fit_fu_14454 fit grp_fit_Pipeline_VITIS_LOOP_28_1_fu_82 fit_Pipeline_VITIS_LOOP_28_1 grp_fit_Pipeline_VITIS_LOOP_100_1_fu_96 fit_Pipeline_VITIS_LOOP_100_1 grp_fit_Pipeline_VITIS_LOOP_204_1_fu_105 fit_Pipeline_VITIS_LOOP_204_1 grp_fit_Pipeline_VITIS_LOOP_53_1_fu_116 fit_Pipeline_VITIS_LOOP_53_1 grp_fit_Pipeline_VITIS_LOOP_148_1_fu_126 fit_Pipeline_VITIS_LOOP_148_1} INSTDATA {main {DEPTH 1 CHILDREN grp_fit_fu_14454} grp_fit_fu_14454 {DEPTH 2 CHILDREN {grp_fit_Pipeline_VITIS_LOOP_28_1_fu_82 grp_fit_Pipeline_VITIS_LOOP_100_1_fu_96 grp_fit_Pipeline_VITIS_LOOP_204_1_fu_105 grp_fit_Pipeline_VITIS_LOOP_53_1_fu_116 grp_fit_Pipeline_VITIS_LOOP_148_1_fu_126}} grp_fit_Pipeline_VITIS_LOOP_28_1_fu_82 {DEPTH 3 CHILDREN {}} grp_fit_Pipeline_VITIS_LOOP_100_1_fu_96 {DEPTH 3 CHILDREN {}} grp_fit_Pipeline_VITIS_LOOP_204_1_fu_105 {DEPTH 3 CHILDREN {}} grp_fit_Pipeline_VITIS_LOOP_53_1_fu_116 {DEPTH 3 CHILDREN {}} grp_fit_Pipeline_VITIS_LOOP_148_1_fu_126 {DEPTH 3 CHILDREN {}}} MODULEDATA {fit_Pipeline_VITIS_LOOP_28_1 {BINDINFO {{BINDTYPE op ID {} IMPL fabric LATENCY 0 OPTYPE add PRAGMA {} RTLNAME add_ln28_fu_158_p2 SOURCE main.cpp:28 VARIABLE add_ln28 LOOP VITIS_LOOP_28_1 BUNDLEDNAME {} DSP 0 BRAM 0 URAM 0 DISPNAME {bind_op add}} {BINDTYPE op ID {} IMPL fabric LATENCY 0 OPTYPE add PRAGMA {} RTLNAME add_ln29_fu_199_p2 SOURCE main.cpp:29 VARIABLE add_ln29 LOOP VITIS_LOOP_28_1 BUNDLEDNAME {} DSP 0 BRAM 0 URAM 0 DISPNAME {bind_op add}} {BINDTYPE op ID {} IMPL fabric LATENCY 0 OPTYPE add PRAGMA {} RTLNAME add_ln30_fu_213_p2 SOURCE main.cpp:30 VARIABLE add_ln30 LOOP VITIS_LOOP_28_1 BUNDLEDNAME {} DSP 0 BRAM 0 URAM 0 DISPNAME {bind_op add}} {BINDTYPE op ID {} IMPL auto LATENCY 0 OPTYPE mul PRAGMA {} RTLNAME mul_12s_7ns_19_1_1_U1 SOURCE main.cpp:31 VARIABLE mul_ln31 LOOP VITIS_LOOP_28_1 BUNDLEDNAME {} DSP 1 BRAM 0 URAM 0 DISPNAME {bind_op mul}} {BINDTYPE op ID {} IMPL fabric LATENCY 0 OPTYPE add PRAGMA {} RTLNAME add_ln31_fu_229_p2 SOURCE main.cpp:31 VARIABLE add_ln31 LOOP VITIS_LOOP_28_1 BUNDLEDNAME {} DSP 0 BRAM 0 URAM 0 DISPNAME {bind_op add}} {BINDTYPE op ID {} IMPL auto LATENCY 0 OPTYPE mul PRAGMA {} RTLNAME mul_7ns_7ns_14_1_1_U2 SOURCE main.cpp:32 VARIABLE mul_ln32 LOOP VITIS_LOOP_28_1 BUNDLEDNAME {} DSP 0 BRAM 0 URAM 0 DISPNAME {bind_op mul}} {BINDTYPE op ID {} IMPL fabric LATENCY 0 OPTYPE add PRAGMA {} RTLNAME add_ln32_fu_245_p2 SOURCE main.cpp:32 VARIABLE add_ln32 LOOP VITIS_LOOP_28_1 BUNDLEDNAME {} DSP 0 BRAM 0 URAM 0 DISPNAME {bind_op add}}} AREA {DSP 1 BRAM 0 URAM 0}} fit_Pipeline_VITIS_LOOP_204_1 {BINDINFO {{BINDTYPE op ID {} IMPL fabric LATENCY 0 OPTYPE add PRAGMA {} RTLNAME add_ln204_fu_125_p2 SOURCE main.cpp:204 VARIABLE add_ln204 LOOP VITIS_LOOP_204_1 BUNDLEDNAME {} DSP 0 BRAM 0 URAM 0 DISPNAME {bind_op add}}} AREA {DSP 0 BRAM 0 URAM 0}} fit_Pipeline_VITIS_LOOP_100_1 {BINDINFO {{BINDTYPE op ID {} IMPL fabric LATENCY 0 OPTYPE add PRAGMA {} RTLNAME add_ln100_fu_109_p2 SOURCE main.cpp:100 VARIABLE add_ln100 LOOP VITIS_LOOP_100_1 BUNDLEDNAME {} DSP 0 BRAM 0 URAM 0 DISPNAME {bind_op add}}} AREA {DSP 0 BRAM 0 URAM 0}} fit_Pipeline_VITIS_LOOP_53_1 {BINDINFO {{BINDTYPE op ID {} IMPL fabric LATENCY 0 OPTYPE add PRAGMA {} RTLNAME add_ln53_fu_124_p2 SOURCE main.cpp:53 VARIABLE add_ln53 LOOP VITIS_LOOP_53_1 BUNDLEDNAME {} DSP 0 BRAM 0 URAM 0 DISPNAME {bind_op add}}} AREA {DSP 0 BRAM 0 URAM 0}} fit_Pipeline_VITIS_LOOP_148_1 {BINDINFO {{BINDTYPE op ID {} IMPL fabric LATENCY 0 OPTYPE add PRAGMA {} RTLNAME add_ln148_fu_191_p2 SOURCE main.cpp:148 VARIABLE add_ln148 LOOP VITIS_LOOP_148_1 BUNDLEDNAME {} DSP 0 BRAM 0 URAM 0 DISPNAME {bind_op add}} {BINDTYPE op ID {} IMPL fulldsp LATENCY 3 OPTYPE dadd PRAGMA {} RTLNAME dadd_64ns_64ns_64_4_full_dsp_1_U36 SOURCE main.cpp:159 VARIABLE Stt_1 LOOP VITIS_LOOP_148_1 BUNDLEDNAME {} DSP 3 BRAM 0 URAM 0 DISPNAME {bind_op dadd}} {BINDTYPE op ID {} IMPL fulldsp LATENCY 3 OPTYPE dadd PRAGMA {} RTLNAME dadd_64ns_64ns_64_4_full_dsp_1_U36 SOURCE main.cpp:165 VARIABLE term2_1 LOOP VITIS_LOOP_148_1 BUNDLEDNAME {} DSP 3 BRAM 0 URAM 0 DISPNAME {bind_op dadd}}} AREA {DSP 3 BRAM 0 URAM 0}} fit {BINDINFO {{BINDTYPE op ID {} IMPL auto LATENCY 0 OPTYPE mul PRAGMA {} RTLNAME mul_64s_64s_64_1_1_U62 SOURCE main.cpp:251 VARIABLE sx2 LOOP {} BUNDLEDNAME {} DSP 10 BRAM 0 URAM 0 DISPNAME {bind_op mul}} {BINDTYPE op ID {} IMPL auto LATENCY 0 OPTYPE mul PRAGMA {} RTLNAME mul_64s_64s_64_1_1_U63 SOURCE main.cpp:253 VARIABLE mul_ln253 LOOP {} BUNDLEDNAME {} DSP 10 BRAM 0 URAM 0 DISPNAME {bind_op mul}} {BINDTYPE op ID {} IMPL auto LATENCY 0 OPTYPE mul PRAGMA {} RTLNAME mul_64s_64s_64_1_1_U64 SOURCE main.cpp:253 VARIABLE mul_ln253_1 LOOP {} BUNDLEDNAME {} DSP 10 BRAM 0 URAM 0 DISPNAME {bind_op mul}} {BINDTYPE op ID {} IMPL fabric LATENCY 0 OPTYPE sub PRAGMA {} RTLNAME ddiv_64ns_64ns_64_13_no_dsp_1_U56 SOURCE main.cpp:253 VARIABLE a1 LOOP {} BUNDLEDNAME {} DSP 0 BRAM 0 URAM 0 DISPNAME {bind_op sub}} {BINDTYPE op ID {} IMPL auto LATENCY 0 OPTYPE mul PRAGMA {} RTLNAME sitodp_64ns_64_2_no_dsp_1_U73 SOURCE main.cpp:254 VARIABLE mul_ln254 LOOP {} BUNDLEDNAME {} DSP 4 BRAM 0 URAM 0 DISPNAME {bind_op mul}} {BINDTYPE op ID {} IMPL fabric LATENCY 0 OPTYPE sub PRAGMA {} RTLNAME grp_fu_173_p0 SOURCE main.cpp:254 VARIABLE a2 LOOP {} BUNDLEDNAME {} DSP 0 BRAM 0 URAM 0 DISPNAME {bind_op sub}} {BINDTYPE op ID {} IMPL fabric LATENCY 12 OPTYPE ddiv PRAGMA {} RTLNAME sitodp_64ns_64_2_no_dsp_1_U73 SOURCE main.cpp:255 VARIABLE tmp LOOP {} BUNDLEDNAME {} DSP 0 BRAM 0 URAM 0 DISPNAME {bind_op ddiv}} {BINDTYPE op ID {} IMPL auto LATENCY 0 OPTYPE mul PRAGMA {} RTLNAME mul_64s_9ns_64_1_1_U61 SOURCE main.cpp:258 VARIABLE mul_ln258 LOOP {} BUNDLEDNAME {} DSP 4 BRAM 0 URAM 0 DISPNAME {bind_op mul}} {BINDTYPE op ID {} IMPL auto LATENCY 0 OPTYPE mul PRAGMA {} RTLNAME mul_64s_64s_64_1_1_U65 SOURCE main.cpp:258 VARIABLE mul_ln258_1 LOOP {} BUNDLEDNAME {} DSP 10 BRAM 0 URAM 0 DISPNAME {bind_op mul}} {BINDTYPE op ID {} IMPL fabric LATENCY 0 OPTYPE sub PRAGMA {} RTLNAME dadddsub_64ns_64ns_64_4_full_dsp_1_U51 SOURCE main.cpp:258 VARIABLE b1 LOOP {} BUNDLEDNAME {} DSP 0 BRAM 0 URAM 0 DISPNAME {bind_op sub}} {BINDTYPE op ID {} IMPL fabric LATENCY 12 OPTYPE ddiv PRAGMA {} RTLNAME sitodp_64ns_64_2_no_dsp_1_U73 SOURCE main.cpp:260 VARIABLE tmp_1 LOOP {} BUNDLEDNAME {} DSP 0 BRAM 0 URAM 0 DISPNAME {bind_op ddiv}} {BINDTYPE op ID {} IMPL fabric LATENCY 12 OPTYPE ddiv PRAGMA {} RTLNAME ddiv_64ns_64ns_64_13_no_dsp_1_U55 SOURCE main.cpp:143 VARIABLE SxoS LOOP {} BUNDLEDNAME {} DSP 0 BRAM 0 URAM 0 DISPNAME {bind_op ddiv}} {BINDTYPE op ID {} IMPL fabric LATENCY 0 OPTYPE add PRAGMA {} RTLNAME dmul_64ns_64ns_64_4_max_dsp_1_U52 SOURCE main.cpp:127 VARIABLE add_ln127 LOOP {} BUNDLEDNAME {} DSP 0 BRAM 0 URAM 0 DISPNAME {bind_op add}} {BINDTYPE op ID {} IMPL fabric LATENCY 12 OPTYPE ddiv PRAGMA {} RTLNAME ddiv_64ns_64ns_64_13_no_dsp_1_U55 SOURCE main.cpp:127 VARIABLE term1 LOOP {} BUNDLEDNAME {} DSP 0 BRAM 0 URAM 0 DISPNAME {bind_op ddiv}} {BINDTYPE op ID {} IMPL fabric LATENCY 12 OPTYPE ddiv PRAGMA {} RTLNAME ddiv_64ns_64ns_64_13_no_dsp_1_U55 SOURCE main.cpp:135 VARIABLE oneOverS LOOP {} BUNDLEDNAME {} DSP 0 BRAM 0 URAM 0 DISPNAME {bind_op ddiv}} {BINDTYPE op ID {} IMPL maxdsp LATENCY 3 OPTYPE dmul PRAGMA {} RTLNAME dmul_64ns_64ns_64_4_max_dsp_1_U52 SOURCE main.cpp:145 VARIABLE Sx2 LOOP {} BUNDLEDNAME {} DSP 8 BRAM 0 URAM 0 DISPNAME {bind_op dmul}} {BINDTYPE op ID {} IMPL maxdsp LATENCY 3 OPTYPE dmul PRAGMA {} RTLNAME dmul_64ns_64ns_64_4_max_dsp_1_U53 SOURCE main.cpp:173 VARIABLE mul21_i LOOP {} BUNDLEDNAME {} DSP 8 BRAM 0 URAM 0 DISPNAME {bind_op dmul}} {BINDTYPE op ID {} IMPL fabric LATENCY 12 OPTYPE ddiv PRAGMA {} RTLNAME ddiv_64ns_64ns_64_13_no_dsp_1_U55 SOURCE main.cpp:173 VARIABLE div22_i LOOP {} BUNDLEDNAME {} DSP 0 BRAM 0 URAM 0 DISPNAME {bind_op ddiv}} {BINDTYPE op ID {} IMPL fulldsp LATENCY 3 OPTYPE dadd PRAGMA {} RTLNAME dadddsub_64ns_64ns_64_4_full_dsp_1_U51 SOURCE main.cpp:173 VARIABLE add23_i LOOP {} BUNDLEDNAME {} DSP 3 BRAM 0 URAM 0 DISPNAME {bind_op dadd}} {BINDTYPE op ID {} IMPL maxdsp LATENCY 3 OPTYPE dmul PRAGMA {} RTLNAME dmul_64ns_64ns_64_4_max_dsp_1_U52 SOURCE main.cpp:173 VARIABLE oa2 LOOP {} BUNDLEDNAME {} DSP 8 BRAM 0 URAM 0 DISPNAME {bind_op dmul}} {BINDTYPE op ID {} IMPL fabric LATENCY 12 OPTYPE ddiv PRAGMA {} RTLNAME ddiv_64ns_64ns_64_13_no_dsp_1_U55 SOURCE main.cpp:174 VARIABLE ob2 LOOP {} BUNDLEDNAME {} DSP 0 BRAM 0 URAM 0 DISPNAME {bind_op ddiv}} {BINDTYPE op ID {} IMPL maxdsp LATENCY 3 OPTYPE dmul PRAGMA {} RTLNAME dmul_64ns_64ns_64_4_max_dsp_1_U54 SOURCE main.cpp:179 VARIABLE gof LOOP {} BUNDLEDNAME {} DSP 8 BRAM 0 URAM 0 DISPNAME {bind_op dmul}}} AREA {DSP 79 BRAM 0 URAM 0}} main {BINDINFO {{BINDTYPE storage ID {} IMPL auto LATENCY 1 OPTYPE ram_t2p PRAGMA {} RTLNAME vla3_U SOURCE main.cpp:292 VARIABLE vla3 LOOP {} BUNDLEDNAME {} DSP 0 BRAM 1 URAM 0 DISPNAME {bind_storage ram_t2p}} {BINDTYPE storage ID {} IMPL auto LATENCY 1 OPTYPE ram_t2p PRAGMA {} RTLNAME vla14_U SOURCE main.cpp:293 VARIABLE vla14 LOOP {} BUNDLEDNAME {} DSP 0 BRAM 1 URAM 0 DISPNAME {bind_storage ram_t2p}} {BINDTYPE storage ID {} IMPL auto LATENCY 1 OPTYPE ram_t2p PRAGMA {} RTLNAME vla25_U SOURCE main.cpp:294 VARIABLE vla25 LOOP {} BUNDLEDNAME {} DSP 0 BRAM 1 URAM 0 DISPNAME {bind_storage ram_t2p}}} AREA {DSP 79 BRAM 3 URAM 0}}}}'
INFO-FLOW: DBG:PUTS:      update_csynth_reports json2rpt_hw_sw_interfaces
INFO-FLOW: Running: gen_csynth_sec_pragma
INFO-FLOW: Done: gen_csynth_sec_pragma time: 0 seconds per iteration
INFO-FLOW: DBG:PUTS:      update_csynth_reports wrote xml
INFO-FLOW: DBG:PUTS:      update_csynth_reports appended to csynth rpt file
INFO: [HLS 200-111] Finished Updating report files: CPU user time: 0.4 seconds. CPU system time: 0.02 seconds. Elapsed time: 0.44 seconds; current allocated memory: 3.552 GB.
INFO: [VHDL 208-304] Generating VHDL RTL for main.
INFO: [VLOG 209-307] Generating Verilog RTL for main.
Execute       syn_report -model main -printsummary 
INFO: [HLS 200-789] **** Estimated Fmax: 132.71 MHz
Command     autosyn done; 30.89 sec.
Command   csynth_design done; 96.71 sec.
INFO: [HLS 200-111] Finished Command csynth_design CPU user time: 90.93 seconds. CPU system time: 1.5 seconds. Elapsed time: 96.71 seconds; current allocated memory: 1.264 GB.
Command ap_source done; 99.49 sec.
Execute cleanup_all 
